,USDINR,NIFTY,INDIAVIX,GOLD,CRUDE,DXY,US_CPI,US_FEDFUNDS,US_10Y,RBI_REPO,USDINR_ret,NIFTY_ret,GOLD_ret,CRUDE_ret,DXY_ret,INR_vol_30d,Rate_Spread,Geo_Tension,Month,Year
2015-01-01,63.02799987792969,,15.029999732971191,,,,234.747,0.11,1.88,7.75,,,,,,,-7.64,0,1,2015
2015-01-02,63.02799987792969,8395.4501953125,13.800000190734863,1186.0,52.68999862670898,91.08000183105467,234.747,0.11,1.88,7.75,0.0,,,,,,-7.64,0,1,2015
2015-01-05,63.27799987792969,8378.400390625,14.149999618530272,1203.9000244140625,50.040000915527344,91.37999725341795,234.747,0.11,1.88,7.75,0.3966491091010216,-0.20308386436523884,1.5092769320457444,-5.029413133896588,0.3293757315900647,,-7.64,0,1,2015
2015-01-06,63.3380012512207,8127.35009765625,17.420000076293945,1219.300048828125,47.93000030517578,91.5,234.747,0.11,1.88,7.75,0.09482185499978257,-2.9963988501869876,1.2791780132704655,-4.216627841221388,0.13132277324243713,,-7.64,0,1,2015
2015-01-07,63.56800079345703,8102.10009765625,18.13999938964844,1210.5999755859375,48.650001525878906,91.88999938964844,234.747,0.11,1.88,7.75,0.363130407800627,-0.31067936900222026,-0.7135301315331799,1.5021932320442133,0.42622884114582593,,-7.64,0,1,2015
2015-01-08,63.27299880981445,8234.599609375,16.469999313354492,1208.4000244140625,48.790000915527344,92.37000274658205,234.747,0.11,1.88,7.75,-0.464073087025485,1.6353724358093125,-0.18172403900885703,0.28776852057026403,0.5223673524016537,,-7.64,0,1,2015
2015-01-09,62.667999267578125,8284.5,15.960000038146973,1216.0,48.36000061035156,91.94000244140624,234.747,0.11,1.88,7.75,-0.9561733339916945,0.6059844193054609,0.6289287845407499,-0.8813287499630618,-0.46551942447757844,,-7.64,0,1,2015
2015-01-12,62.34799957275391,8323.0,16.110000610351562,1232.699951171875,46.06999969482422,91.9800033569336,234.747,0.11,1.88,7.75,-0.5106269524544516,0.4647232784114941,1.3733512476870935,-4.735320278381394,0.043507629394334835,,-7.64,0,1,2015
2015-01-13,62.06800079345703,8299.400390625,16.479999542236328,1234.300048828125,45.88999938964844,92.30999755859376,234.747,0.11,1.88,7.75,-0.44909023740232756,-0.2835469106692301,0.12980430920994657,-0.3907104544565554,0.3587673294374705,,-7.64,0,1,2015
2015-01-14,61.97299957275391,8277.5498046875,17.25,1234.4000244140625,48.47999954223633,92.16000366210938,234.747,0.11,1.88,7.75,-0.15305990121907698,-0.26327909136885097,0.00809977979279175,5.643931547255865,-0.16248932992245502,,-7.64,0,1,2015
2015-01-15,62.0880012512207,8494.150390625,16.15999984741211,1264.699951171875,46.25,92.3499984741211,234.747,0.11,1.88,7.75,0.18556739105677345,2.6167234392820093,2.4546278482289408,-4.599834082699461,0.2061575569249241,,-7.64,0,1,2015
2015-01-16,62.05799865722656,8513.7998046875,17.270000457763672,1276.9000244140625,48.68999862670898,92.5199966430664,234.747,0.11,1.88,7.75,-0.048322692612934315,0.23132877520259942,0.9646614780749241,5.275672706397794,0.1840803159222082,,-7.64,0,1,2015
2015-01-19,61.86299896240234,8550.7001953125,17.649999618530273,1276.9000244140625,48.68999862670898,92.5199966430664,234.747,0.11,1.88,7.75,-0.3142216942916498,0.43341858478611606,0.0,0.0,0.0,,-7.64,0,1,2015
2015-01-20,61.63800048828125,8695.599609375,17.270000457763672,1294.199951171875,46.38999938964844,93.0500030517578,234.747,0.11,1.88,7.75,-0.3637044402872047,1.6945912118627948,1.3548380003948202,-4.723761145885252,0.5728560613075917,,-7.64,0,1,2015
2015-01-21,61.64799880981445,8729.5,17.709999084472656,1293.699951171875,47.77999877929688,92.9000015258789,234.747,0.11,1.88,7.75,0.01622103483889248,0.38985684884169647,-0.03863390657272703,2.9963341408420385,-0.16120528851080174,,-7.64,0,1,2015
2015-01-22,61.553001403808594,8761.400390625,18.56999969482422,1300.699951171875,46.310001373291016,94.23999786376952,234.747,0.11,1.88,7.75,-0.15409649597698527,0.36543204794088346,0.54108373380235,-3.0765957378860787,1.4424072291509438,,-7.64,0,1,2015
2015-01-23,61.59799957275391,8835.599609375,17.889999389648438,1292.5999755859375,45.59000015258789,95.0,234.747,0.11,1.88,7.75,0.07310475187085608,0.8468876599840858,-0.6227397470600193,-1.5547423868537802,0.8064538979819513,,-7.64,0,1,2015
2015-01-26,61.43299865722656,8835.599609375,17.889999389648438,1279.4000244140625,45.150001525878906,94.8000030517578,234.747,0.11,1.88,7.75,-0.2678673279518873,0.0,-1.021193828035738,-0.965120915192641,-0.21052310341284075,,-7.64,0,1,2015
2015-01-27,61.47299957275391,8910.5,18.09000015258789,1291.699951171875,46.22999954223633,94.0199966430664,234.747,0.11,1.88,7.75,0.0651130766878838,0.8477114619988679,0.9613824076207589,2.392022103783087,-0.8227915438626443,,-7.64,0,1,2015
2015-01-28,61.40299987792969,8914.2998046875,19.770000457763672,1285.9000244140625,44.45000076293945,94.47000122070312,234.747,0.11,1.88,7.75,-0.11387063476767656,0.04264412420740271,-0.44901501719115666,-3.8503110467709267,0.47862645575822427,,-7.64,0,1,2015
2015-01-29,61.35100173950195,8952.349609375,19.43000030517578,1254.5999755859375,44.52999877929688,94.77999877929688,234.747,0.11,1.88,7.75,-0.08468338441298684,0.42684008302582566,-2.434096604235414,0.179973037085146,0.3281439129756425,,-7.64,0,1,2015
2015-01-30,61.79600143432617,8808.900390625,20.170000076293945,1278.5,48.2400016784668,94.8000030517578,234.747,0.11,1.88,7.75,0.7253340323825519,-1.602363904552817,1.9049916211659745,8.331468674763997,0.02110600624452008,,-7.64,0,1,2015
2015-02-02,62.01300048828125,8797.400390625,20.40999984741211,1276.199951171875,49.56999969482422,94.5,235.342,0.11,1.98,7.75,0.35115387552331345,-0.13054977908750764,-0.17990213751466477,2.757043884911603,-0.31645890516902586,,-7.64,0,2,2015
2015-02-03,61.72800064086914,8756.5498046875,19.809999465942383,1259.699951171875,53.04999923706055,93.5999984741211,235.342,0.11,1.98,7.75,-0.4595808059085438,-0.4643483770618517,-1.292900848714873,7.020374346703262,-0.9523825670676223,,-7.64,0,2,2015
2015-02-04,61.61399841308594,8723.7001953125,20.049999237060547,1263.800048828125,48.45000076293945,93.98999786376952,235.342,0.11,1.98,7.75,-0.18468478907402996,-0.3751432939651078,0.325482084240436,-8.671062281387465,0.4166660213742013,,-7.64,0,2,2015
2015-02-05,61.86000061035156,8711.7001953125,20.6200008392334,1262.0,50.47999954223633,94.6999969482422,235.342,0.11,1.98,7.75,0.39926348492485,-0.13755630903555804,-0.1424314573966079,4.189883895419189,0.7553985536862928,,-7.64,0,2,2015
2015-02-06,61.733001708984375,8661.0498046875,20.690000534057617,1233.9000244140625,51.68999862670898,94.6999969482422,235.342,0.11,1.98,7.75,-0.20530051748162137,-0.5814064934449137,-2.22662247115194,2.39698711459031,0.0,,-7.64,0,2,2015
2015-02-09,61.9630012512207,8526.349609375,22.020000457763672,1240.800048828125,52.86000061035156,94.4499969482422,235.342,0.11,1.98,7.75,0.3725714542775149,-1.555240973670402,0.559204496112975,2.263497803689307,-0.2639915607775989,,-7.64,0,2,2015
2015-02-10,62.130001068115234,8565.5498046875,21.190000534057617,1231.5999755859375,50.02000045776367,94.76000213623048,235.342,0.11,1.98,7.75,0.269515377761409,0.45975355349490155,-0.7414629980774468,-5.372682784327731,0.3282214907409209,,-7.64,0,2,2015
2015-02-11,62.34199905395508,8627.400390625,20.5,1219.0,48.84000015258789,94.98999786376952,235.342,0.11,1.98,7.75,0.34121677481933066,0.7220854159723844,-1.0230574728570474,-2.3590569659673655,0.24271393241253048,,-7.64,0,2,2015
2015-02-12,62.38199996948242,8711.5498046875,20.15999984741211,1220.0999755859375,51.209999084472656,94.08999633789062,235.342,0.11,1.98,7.75,0.06416367157673353,0.9753739278629103,0.09023589712366942,4.8525776504511065,-0.9474697822076328,0.3572463950179929,-7.64,0,2,2015
2015-02-13,62.16999816894531,8805.5,20.100000381469727,1226.5,52.77999877929688,94.1999969482422,235.342,0.11,1.98,7.75,-0.3398445074553891,1.07845558389561,0.5245491797497115,3.065806918360714,0.11690999535864943,0.361503162950538,-7.64,0,2,2015
2015-02-16,62.06900024414063,8809.349609375,20.82999992370605,1226.5,52.77999877929688,94.1999969482422,235.342,0.11,1.98,7.75,-0.16245444391074226,0.04371823718130052,0.0,0.0,0.0,0.3522402223618,-7.64,0,2,2015
2015-02-17,62.18600082397461,8809.349609375,20.82999992370605,1208.0999755859375,53.52999877929688,94.05999755859376,235.342,0.11,1.98,7.75,0.18850082871284535,0.0,-1.5002058225896842,1.4209928331680555,-0.1486193144203174,0.3541041317745448,-7.64,0,2,2015
2015-02-18,62.11199951171875,8869.099609375,20.90999984741211,1199.699951171875,52.13999938964844,94.1999969482422,235.342,0.11,1.98,7.75,-0.11899995380846295,0.6782566551384539,-0.695308714826226,-2.596673680825934,0.1488405201809817,0.34503651586776024,-7.64,0,2,2015
2015-02-19,62.07400131225586,8895.2998046875,20.399999618530277,1207.0999755859375,51.15999984741211,94.4000015258789,235.342,0.11,1.98,7.75,-0.06117690585009106,0.2954098664627258,0.616822932003469,-1.8795541881630573,0.21231909141843364,0.33718777742462364,-7.64,0,2,2015
2015-02-20,62.165000915527344,8833.599609375,21.270000457763672,1204.4000244140625,50.34000015258789,94.25,235.342,0.11,1.98,7.75,0.14659857806447185,-0.6936269340802492,-0.22367253968044176,-1.6028141072516044,-0.15889991891343547,0.2938010099961135,-7.64,0,2,2015
2015-02-23,62.10100173950195,8754.9501953125,21.6299991607666,1200.300048828125,49.45000076293945,94.56999969482422,235.342,0.11,1.98,7.75,-0.10295049478460383,-0.8903438863023694,-0.34041643165294566,-1.767976533473814,0.33952222262516596,0.27972464822883125,-7.64,0,2,2015
2015-02-24,62.17100143432617,8762.099609375,21.549999237060547,1196.9000244140625,49.27999877929688,94.48999786376952,235.342,0.11,1.98,7.75,0.11271910736294632,0.08166139044774035,-0.2832645401774303,-0.3437856036798692,-0.08459535932416884,0.26807582112504413,-7.64,0,2,2015
2015-02-25,62.233001708984375,8767.25,20.780000686645508,1201.0,50.9900016784668,94.20999908447266,235.342,0.11,1.98,7.75,0.09972539162601546,0.05878032497472763,0.3425495448498017,3.4699735014772415,-0.2963263685332618,0.26687803882256056,-7.64,0,2,2015
2015-02-26,61.87699890136719,8683.849609375,20.57999992370605,1209.5999755859375,48.16999816894531,95.29000091552734,235.342,0.11,1.98,7.75,-0.5720482667410764,-0.9512719567139061,0.7160679089040389,-5.530502876434262,1.1463770741429569,0.2853208893548996,-7.64,0,2,2015
2015-02-27,61.75400161743164,8844.599609375,19.56999969482422,1212.5999755859375,49.7599983215332,95.25,235.342,0.11,1.98,7.75,-0.19877706760085267,1.8511375395821705,0.24801587802172342,3.3008100747924596,-0.04197808284502891,0.2873156958485574,-7.64,0,2,2015
2015-03-02,61.6510009765625,8956.75,15.850000381469728,1207.699951171875,49.59000015258789,95.45999908447266,235.976,0.11,2.04,7.75,-0.1667918485788733,1.268009809128312,-0.40409240579893924,-0.34163620313416576,0.22047147976131942,0.283270749689757,-7.64,0,3,2015
2015-03-03,61.9010009765625,8996.25,15.489999771118164,1204.0,50.52000045776367,95.37999725341795,235.976,0.11,2.04,7.75,0.4055084200417891,0.4410081781896391,-0.3063634446854757,1.875378710050768,-0.0838066539094684,0.28505696442948286,-7.64,0,3,2015
2015-03-04,61.8129997253418,8922.650390625,15.199999809265137,1200.5999755859375,51.52999877929688,95.97000122070312,235.976,0.11,2.04,7.5,-0.14216450434141326,-0.8181143184660233,-0.282394054324131,1.999204893866935,0.6185824955704078,0.2864887666815554,-7.39,0,3,2015
2015-03-05,62.30500030517578,8937.75,14.4399995803833,1195.9000244140625,50.7599983215332,96.37999725341795,235.976,0.11,2.04,7.5,0.7959500137837194,0.16922784950608172,-0.391466872184576,-1.4942761032492813,0.4272126992808545,0.3185213504664027,-7.39,0,3,2015
2015-03-06,62.44300079345703,8937.75,14.4399995803833,1164.0999755859375,49.61000061035156,97.62000274658205,235.976,0.11,2.04,7.5,0.22149183469273304,0.0,-2.6590892364690477,-2.2655590015923877,1.2865797141534019,0.3201852796005696,-7.39,0,3,2015
2015-03-09,62.45299911499024,8756.75,15.8100004196167,1166.4000244140625,50.0,97.58999633789062,235.976,0.11,2.04,7.5,0.016011917118263774,-2.025118178512486,0.19758172634332105,0.7861305882892022,-0.03073797157056024,0.314740449554163,-7.39,0,3,2015
2015-03-10,62.67300033569336,8712.0498046875,15.529999732971191,1160.0999755859375,48.290000915527344,98.62000274658205,235.976,0.11,2.04,7.5,0.3522668627939707,-0.5104655872612551,-0.5401276317093529,-3.419998168945315,1.0554426143486895,0.31937878098739597,-7.39,0,3,2015
2015-03-11,62.7130012512207,8699.9501953125,15.130000114440918,1150.699951171875,48.16999816894531,99.8000030517578,235.976,0.11,2.04,7.5,0.06382479746156466,-0.13888361116221049,-0.8102770978263951,-0.24850433693706098,1.1965121398423983,0.3175906796467836,-7.39,0,3,2015
2015-03-12,62.755001068115234,8776.0,14.75,1152.0999755859375,47.04999923706055,99.1500015258789,235.976,0.11,2.04,7.5,0.06697146693122047,0.8741406902360804,0.12166720026682842,-2.32509648008834,-0.6513041142311327,0.3162332421412827,-7.39,0,3,2015
2015-03-13,62.53499984741211,8647.75,14.970000267028809,1152.5999755859375,44.84000015258789,100.33000183105467,235.976,0.11,2.04,7.5,-0.3505716149448057,-1.4613719234275346,0.04339901142222935,-4.697128842314358,1.1901162753565675,0.3006717115640424,-7.39,0,3,2015
2015-03-16,63.07600021362305,8633.150390625,15.18000030517578,1153.300048828125,43.880001068115234,99.5999984741211,235.976,0.11,2.04,7.5,0.8651161230207149,-0.16882552542568652,0.06073861331044039,-2.1409435352494066,-0.7276022561654383,0.33201699555979525,-7.39,0,3,2015
2015-03-17,62.78900146484375,8723.2998046875,15.130000114440918,1148.300048828125,43.459999084472656,99.58999633789062,235.976,0.11,2.04,7.5,-0.455004673421433,1.0442238346779709,-0.4335385232212996,-0.9571603769804038,-0.010042305606128288,0.33177234516591175,-7.39,0,3,2015
2015-03-18,62.61600112915039,8685.900390625,15.510000228881836,1151.4000244140625,44.65999984741211,98.5500030517578,235.976,0.11,2.04,7.5,-0.2755264961336046,-0.42873012391942966,0.2699621574606015,2.761161500733178,-1.0442748512655031,0.3344612506555048,-7.39,0,3,2015
2015-03-19,62.69300079345703,8634.650390625,15.199999809265137,1169.0999755859375,43.959999084472656,99.0999984741211,235.976,0.11,2.04,7.5,0.12297122607338729,-0.590036699653107,1.5372547156998984,-1.5673998328059047,0.5580876766431375,0.328384325544885,-7.39,0,3,2015
2015-03-20,62.483001708984375,8570.900390625,14.260000228881836,1184.800048828125,45.720001220703125,97.91000366210938,235.976,0.11,2.04,7.5,-0.33496416157283715,-0.7383043564707203,1.3429196450302605,4.00364461529783,-1.2008020487734639,0.33261990573255423,-7.39,0,3,2015
2015-03-23,62.40299987792969,8550.900390625,14.270000457763672,1188.0,47.45000076293945,97.02999877929688,235.976,0.11,2.04,7.5,-0.1280377524551346,-0.2333477124745964,0.2700836461848599,3.78390090998717,-0.8987895515247146,0.32792551943532944,-7.39,0,3,2015
2015-03-24,62.22299957275391,8542.9501953125,13.670000076293944,1191.699951171875,47.5099983215332,97.19000244140624,235.976,0.11,2.04,7.5,-0.2884481603895428,-0.0929749494125387,0.3114437013362892,0.1264437463204704,0.16490123067331997,0.32934670758602597,-7.39,0,3,2015
2015-03-25,62.27799987792969,8530.7998046875,13.140000343322754,1197.300048828125,49.209999084472656,96.9800033569336,235.976,0.11,2.04,7.5,0.08839224330783324,-0.14222710360253243,0.46992513935602,3.578195796670758,-0.21607066488062987,0.3236455975266292,-7.39,0,3,2015
2015-03-26,62.46200180053711,8342.150390625,15.15999984741211,1205.0999755859375,51.43000030517578,97.44000244140624,235.976,0.11,2.04,7.5,0.2954525241145811,-2.2113918786236364,0.6514596541983497,4.511280760018566,0.47432364255508563,0.32802384838088394,-7.39,0,3,2015
2015-03-27,62.82899856567383,8341.400390625,14.5,1199.800048828125,48.869998931884766,97.29000091552734,235.976,0.11,2.04,7.5,0.5875520389318822,-0.008990487642646094,-0.4397914584004181,-4.977642150691153,-0.1539424488100738,0.3379735270007939,-7.39,0,3,2015
2015-03-30,62.51499938964844,8492.2998046875,14.260000228881836,1184.800048828125,48.68000030517578,97.9800033569336,235.976,0.11,2.04,7.5,-0.4997679148063705,1.8090417315550278,-1.2502083171817557,-0.38878377503916983,0.7092223608933246,0.35018360455120523,-7.39,0,3,2015
2015-03-31,62.50899887084961,8491.0,14.489999771118164,1183.0999755859375,47.59999847412109,98.36000061035156,235.976,0.11,2.04,7.5,-0.009598526525489426,-0.01530568535489385,-0.1434903082481287,-2.2185740022270806,0.3878314353936707,0.34884889224782717,-7.39,0,3,2015
2015-04-01,62.305999755859375,8586.25,13.670000076293944,1208.0999755859375,50.09000015258789,98.19000244140624,236.222,0.12,1.94,7.5,-0.3247518255885873,1.1217759981156483,2.1130927661137555,5.23109613085504,-0.17283262290610502,0.35362219210307044,-7.38,0,4,2015
2015-04-02,62.16899871826172,8586.25,13.670000076293944,1200.9000244140625,49.13999938964844,97.44000244140624,236.222,0.12,1.94,7.5,-0.21988418151459577,0.0,-0.5959731245241517,-1.8965876622988431,-0.7638252177939897,0.3559188736746798,-7.38,0,4,2015
2015-04-03,62.060001373291016,8586.25,13.670000076293944,1200.9000244140625,49.13999938964844,97.44000244140624,236.222,0.12,1.94,7.5,-0.1753242728979143,0.0,0.0,0.0,0.0,0.356377254763982,-7.38,0,4,2015
2015-04-06,62.060001373291016,8659.900390625,14.56999969482422,1218.5999755859375,52.13999938964844,97.11000061035156,236.222,0.12,1.94,7.5,0.0,0.857771327704171,1.4738904831408384,6.10500618083436,-0.3386718214145268,0.35589709891468524,-7.38,0,4,2015
2015-04-07,62.060001373291016,8660.2998046875,14.25,1210.5999755859375,53.97999954223633,97.83000183105467,236.222,0.12,1.94,7.5,0.0,0.004612224673294918,-0.6564910684618508,3.5289608249462256,0.7414284998226606,0.35524309242577773,-7.38,0,4,2015
2015-04-08,62.30899810791016,8714.400390625,14.350000381469728,1203.0999755859375,50.41999816894531,98.06999969482422,236.222,0.12,1.94,7.5,0.40121935080443816,0.6246964557533818,-0.6195275195152727,-6.595037798222869,0.24532133218602148,0.3625084233552057,-7.38,0,4,2015
2015-04-09,62.18199920654297,8778.2998046875,14.420000076293944,1193.5999755859375,50.790000915527344,99.16000366210938,236.222,0.12,1.94,7.5,-0.20382112571807331,0.7332623152276119,-0.7896268134635509,0.7338412535086603,1.1114550532038914,0.3482606774319399,-7.38,0,4,2015
2015-04-10,62.31399917602539,8780.349609375,14.260000228881836,1204.5999755859375,51.63999938964844,99.38999938964844,236.222,0.12,1.94,7.5,0.2122800346832987,0.02335081659441407,0.9215817882871624,1.6735547525088545,0.23194404905708677,0.3475649825798185,-7.38,0,4,2015
2015-04-13,62.26900100708008,8834.0,14.489999771118164,1199.300048828125,51.90999984741211,99.48999786376952,236.222,0.12,1.94,7.5,-0.07221197409943425,0.6110279546012176,-0.4399740050828549,0.5228513961171632,0.10061220921135927,0.3461380454751632,-7.38,0,4,2015
2015-04-14,62.39099884033203,8834.0,14.489999771118164,1192.800048828125,53.290000915527344,98.76000213623048,236.222,0.12,1.94,7.5,0.19592065277886928,0.0,-0.5419828012473871,2.658449378100003,-0.7337378060240929,0.3404459341917693,-7.38,0,4,2015
2015-04-15,62.31399917602539,8834.0,14.619999885559082,1201.5,56.38999938964844,98.33000183105467,236.222,0.12,1.94,7.5,-0.12341470041807856,0.0,0.7293721341160575,5.817223533238547,-0.43539924653167583,0.34014204148859756,-7.38,0,4,2015
2015-04-16,62.38999938964844,8706.7001953125,14.949999809265137,1198.0,56.709999084472656,97.41999816894533,236.222,0.12,1.94,7.5,0.12196330620404261,-1.4410211080767454,-0.29130253849355414,0.5674759678805152,-0.9254588072446723,0.308412334703152,-7.38,0,4,2015
2015-04-17,62.32600021362305,8606.0,15.039999961853027,1202.9000244140625,55.7400016784668,97.5199966430664,236.222,0.12,1.94,7.5,-0.10257922207322911,-1.156582781691673,0.40901706294345086,-1.7104521630497582,0.10264676247238036,0.3062359372662153,-7.38,0,4,2015
2015-04-20,62.542999267578125,8448.099609375,16.299999237060547,1193.5,56.380001068115234,97.94000244140624,236.222,0.12,1.94,7.5,0.3481677842494424,-1.8347709810016322,-0.7814468553728138,1.1481868862154743,0.4306868465932201,0.31298188124265997,-7.38,0,4,2015
2015-04-21,63.14500045776367,8377.75,17.030000686645508,1202.9000244140625,55.2599983215332,97.9800033569336,236.222,0.12,1.94,7.5,0.9625396882711135,-0.8327270348106652,0.7876015428623706,-1.9865248764875054,0.04084226519320833,0.35351985502200983,-7.38,0,4,2015
2015-04-22,62.87799835205078,8429.7001953125,17.209999084472656,1186.9000244140625,56.15999984741211,98.0199966430664,236.222,0.12,1.94,7.5,-0.4228396607447671,0.6200972255378856,-1.3301188523787477,1.628667305855136,0.04081780441169691,0.3627514431020681,-7.38,0,4,2015
2015-04-23,62.935001373291016,8398.2998046875,18.5,1194.4000244140625,57.7400016784668,97.27999877929688,236.222,0.12,1.94,7.5,0.09065654558702008,-0.37249712205020824,0.631898209261772,2.813393581459378,-0.7549458162747991,0.36290682014827397,-7.38,0,4,2015
2015-04-24,63.2869987487793,8305.25,19.11000061035156,1175.199951171875,57.150001525878906,96.91999816894533,236.222,0.12,1.94,7.5,0.5593030393380882,-1.107960025856236,-1.6075077737549903,-1.0218221950761053,-0.37006642153470937,0.36967520352250666,-7.38,0,4,2015
2015-04-27,63.65499877929688,8213.7998046875,18.739999771118164,1203.300048828125,56.9900016784668,96.7699966430664,236.222,0.12,1.94,7.5,0.5814780883801829,-1.1011130948797465,2.3910907780611668,-0.27996472990409194,-0.1547683952876744,0.3510144701677348,-7.38,0,4,2015
2015-04-28,63.13999938964844,8285.599609375,17.40999984741211,1214.0,57.060001373291016,96.08999633789062,236.222,0.12,1.94,7.5,-0.8090478352439145,0.8741362876475867,0.8892172141350407,0.12282802730758657,-0.702697456613488,0.37317213533693794,-7.38,0,4,2015
2015-04-29,63.03300094604492,8239.75,17.239999771118164,1209.800048828125,58.58000183105469,95.12000274658205,236.222,0.12,1.94,7.5,-0.16946221830508312,-0.5533650132347967,-0.34595973409184966,2.66386333890829,-1.009463657275722,0.37077778001636064,-7.38,0,4,2015
2015-04-30,63.44200134277344,8181.5,17.229999542236328,1182.4000244140625,59.630001068115234,94.5999984741211,236.222,0.12,1.94,7.5,0.6488670864308155,-0.7069389241178392,-2.2648390897821113,1.7924192629572788,-0.5466823564401535,0.38772210780148847,-7.38,0,4,2015
2015-05-01,63.52299880981445,8181.5,17.229999542236328,1174.5,59.150001525878906,95.3000030517578,237.001,0.12,2.2,7.5,0.12767167700682425,0.0,-0.6681346626305595,-0.8049631622310871,0.7399625675767796,0.3814302065438039,-7.38,0,5,2015
2015-05-04,63.52299880981445,8331.9501953125,17.309999465942383,1186.800048828125,58.93000030517578,95.4800033569336,237.001,0.12,2.2,7.5,0.0,1.838907233545184,1.047258308056609,-0.37193781069789766,0.18887754397871603,0.3800166359193388,-7.38,0,5,2015
2015-05-05,63.59299850463867,8324.7998046875,17.360000610351562,1193.199951171875,60.400001525878906,95.12999725341795,237.001,0.12,2.2,7.5,0.11019582849638443,-0.08581893143123631,0.5392570003741826,2.494487040710247,-0.36657529452236437,0.374339170683998,-7.38,0,5,2015
2015-05-06,63.34400177001953,8097.0,19.670000076293945,1190.300048828125,60.93000030517578,94.12999725341795,237.001,0.12,2.2,7.5,-0.39154740376171615,-2.736399793773192,-0.24303574106769865,0.877481400509228,-1.051193134523165,0.38380762497356,-7.38,0,5,2015
2015-05-07,63.65999984741211,8057.2998046875,19.649999618530277,1182.4000244140625,58.93999862670898,94.62000274658205,237.001,0.12,2.2,7.5,0.4988603002062497,-0.4903074634123761,-0.6637002511963419,-3.266045738551815,0.5205625278463577,0.38990803449654143,-7.38,0,5,2015
2015-05-08,64.08200073242188,8191.5,19.11000061035156,1189.0999755859375,59.38999938964844,94.79000091552734,237.001,0.12,2.2,7.5,0.6628980301936371,1.6655728167695338,0.5666399723896376,0.7634896054027784,0.17966409216938484,0.39362115017176363,-7.38,0,5,2015
2015-05-11,63.70399856567383,8325.25,18.6299991607666,1183.199951171875,59.25,95.01000213623048,237.001,0.12,2.2,7.5,-0.5898726045187264,1.6327900872856072,-0.49617563999656555,-0.23572889558378662,0.2320932783819618,0.39840640941284383,-7.38,0,5,2015
2015-05-12,64.0199966430664,8126.9501953125,20.549999237060547,1192.5999755859375,60.75,94.52999877929688,237.001,0.12,2.2,7.5,0.49604119758166476,-2.381908107113906,0.7944578094980947,2.5316455696202445,-0.5052134997801105,0.4058298687658342,-7.38,0,5,2015
2015-05-13,64.21099853515625,8235.4501953125,20.690000534057617,1218.4000244140625,60.5,93.62000274658205,237.001,0.12,2.2,7.5,0.2983472385272856,1.335064167891442,2.163344738913753,-0.4115226337448541,-0.9626531730307475,0.4002841923209821,-7.38,0,5,2015
2015-05-14,64.04399871826172,8224.2001953125,20.700000762939453,1225.4000244140625,59.880001068115234,93.36000061035156,237.001,0.12,2.2,7.5,-0.26007976936084365,-0.13660455388829762,0.5745239543446523,-1.0247916229500276,-0.27772070989388054,0.4014615905678041,-7.38,0,5,2015
2015-05-15,63.40800094604492,8262.349609375,19.81999969482422,1225.5,59.68999862670898,93.13999938964844,237.001,0.12,2.2,7.5,-0.9930638076092624,0.4638677701966021,0.008158608123531863,-0.3173053407098725,-0.23564826399404826,0.44607326158608984,-7.38,0,5,2015
2015-05-18,63.43299865722656,8373.650390625,17.899999618530273,1227.800048828125,59.43000030517578,94.19000244140624,237.001,0.12,2.2,7.5,0.03942359135862272,1.3470838987944989,0.18768248291514134,-0.4355810479393374,1.1273384782462204,0.445910001709107,-7.38,0,5,2015
2015-05-19,63.729000091552734,8365.650390625,18.270000457763672,1206.9000244140625,57.2599983215332,95.2699966430664,237.001,0.12,2.2,7.5,0.46663635740393783,-0.095537783724009,-1.702233554560495,-3.6513578537767377,1.146612351275822,0.45134781660610435,-7.38,0,5,2015
2015-05-20,63.78499984741211,8423.25,17.719999313354492,1208.9000244140625,58.97999954223633,95.4499969482422,237.001,0.12,2.2,7.5,0.08787170013482282,0.6885251795789804,0.1657138088940746,3.0038443435586037,0.18893703318807464,0.447494236986188,-7.38,0,5,2015
2015-05-21,63.625,8421.0,17.40999984741211,1204.4000244140625,60.720001220703125,95.26000213623048,237.001,0.12,2.2,7.5,-0.2508424359878747,-0.026711779894939003,-0.37223921822493455,2.950155462820514,-0.1990516690270283,0.44860011837499003,-7.38,0,5,2015
2015-05-22,63.6259994506836,8458.9501953125,16.950000762939453,1204.300048828125,59.720001220703125,96.01000213623048,237.001,0.12,2.2,7.5,0.0015708458681373827,0.4506613859696085,-0.008300862164645206,-1.6469037877078319,0.7873188989933277,0.4480658726502421,-7.38,0,5,2015
2015-05-25,63.483001708984375,8370.25,16.93000030517578,1204.300048828125,59.720001220703125,96.01000213623048,237.001,0.12,2.2,7.5,-0.22474734060572432,-1.0485957862909845,0.0,0.0,0.0,0.45059886315898545,-7.38,0,5,2015
2015-05-26,63.57099914550781,8339.349609375,17.06999969482422,1187.199951171875,58.02999877929688,97.3000030517578,237.001,0.12,2.2,7.5,0.1386157461911397,-0.36916926764433144,-1.419920033457578,-2.8298767696949945,1.343610964300268,0.4501475631803778,-7.38,0,5,2015
2015-05-27,63.97600173950195,8334.599609375,17.280000686645508,1185.9000244140625,57.5099983215332,97.37000274658205,237.001,0.12,2.2,7.5,0.6370870356577685,-0.05695887835976965,-0.10949518289057325,-0.8960890379153263,0.07194213014258821,0.46055471311821583,-7.38,0,5,2015
2015-05-28,63.874000549316406,8319.0,17.1299991607666,1188.0999755859375,57.68000030517578,96.97000122070312,237.001,0.12,2.2,7.5,-0.15943664407299662,-0.187166871908917,0.1855089911952712,0.29560422292504995,-0.41080570462750376,0.4627165990822342,-7.38,0,5,2015
2015-05-29,63.82500076293945,8433.650390625,16.65999984741211,1189.4000244140625,60.29999923706055,96.91000366210938,237.001,0.12,2.2,7.5,-0.07671319465754056,1.3781751487558669,0.1094225111387459,4.542300482008943,-0.06187228817002843,0.46238975358038664,-7.38,0,5,2015
2015-06-01,63.73600006103516,8433.400390625,16.90999984741211,1188.300048828125,60.20000076293945,97.38999938964844,237.657,0.13,2.36,7.5,-0.1394448896833711,-0.002964315431874809,-0.09248155064394137,-0.1658349508894097,0.4953004946864237,0.4612172680331582,-7.37,0,6,2015
2015-06-02,63.61000061035156,8236.4501953125,16.81999969482422,1194.0999755859375,61.2599983215332,95.83999633789062,237.657,0.13,2.36,7.25,-0.19768961115058659,-2.335359240519874,0.4880860489345551,1.7607932643853186,-1.5915423159172604,0.43092647700212905,-7.12,0,6,2015
2015-06-03,63.6619987487793,8135.10009765625,17.510000228881836,1184.699951171875,59.63999938964844,95.47000122070312,237.657,0.13,2.36,7.25,0.08174522548152208,-1.2305070176218624,-0.7872058124320791,-2.6444645384773535,-0.3860550201640778,0.42259636101336717,-7.12,0,6,2015
2015-06-04,64.05899810791016,8130.64990234375,18.1200008392334,1174.9000244140625,58.0,95.45999908447266,237.657,0.13,2.36,7.25,0.6236049243403263,-0.05470363313393456,-0.8272074923375006,-2.749831332045738,-0.010476732065134442,0.4357032679403489,-7.12,0,6,2015
2015-06-05,64.0009994506836,8114.7001953125,18.09000015258789,1167.800048828125,59.130001068115234,96.30999755859376,237.657,0.13,2.36,7.25,-0.09053943854828717,-0.1961676769116849,-0.604304658983934,1.9482777036469612,0.8904237191212916,0.42606822914505815,-7.12,0,6,2015
2015-06-08,63.762001037597656,8044.14990234375,18.88999938964844,1173.199951171875,58.13999938964844,95.3000030517578,237.657,0.13,2.36,7.25,-0.37342918882087295,-0.8694134258897646,0.4623995648200818,-1.6742798251032642,-1.0486912391639236,0.4197099600132408,-7.12,0,6,2015
2015-06-09,63.97600173950195,8022.39990234375,18.010000228881836,1177.300048828125,60.13999938964844,95.16999816894533,237.657,0.13,2.36,7.25,0.3356241937547022,-0.27038282806817193,0.3494798693227441,3.4399725163328565,-0.13641645188811058,0.3942771053063518,-7.12,0,6,2015
2015-06-10,64.03800201416016,8124.4501953125,17.079999923706055,1186.0999755859375,61.43000030517578,94.6500015258789,237.657,0.13,2.36,7.25,0.09691176843256155,1.2720668903445809,0.7474667793118561,2.1449965557355677,-0.5463871525386854,0.39228437687329143,-7.12,0,6,2015
2015-06-11,63.79899978637695,7965.35009765625,17.809999465942383,1179.9000244140625,60.77000045776367,94.9800033569336,237.657,0.13,2.36,7.25,-0.37321937016453477,-1.9582875620068996,-0.5227174183872862,-1.0743933650224968,0.3486548607867235,0.3830683662341971,-7.12,0,6,2015
2015-06-12,63.999000549316406,7982.89990234375,17.479999542236328,1178.800048828125,59.959999084472656,94.97000122070312,237.657,0.13,2.36,7.25,0.3134857342734776,0.22032684655837187,-0.09322616858862265,-1.3328967700995564,-0.01053078108754768,0.3863671045599068,-7.12,0,6,2015
2015-06-15,64.09200286865234,8013.89990234375,17.520000457763672,1185.300048828125,59.52000045776367,94.80999755859376,237.657,0.13,2.36,7.25,0.14531839331501928,0.3883300602441242,0.5514081889003819,-0.733820269224994,-0.1684781089320242,0.386945465989869,-7.12,0,6,2015
2015-06-16,64.052001953125,8047.2998046875,17.170000076293945,1180.5,59.970001220703125,95.0,237.657,0.13,2.36,7.25,-0.06241171087962849,0.41677463845015694,-0.4049648722170174,0.756049663102365,0.2004033818151063,0.3870021428033464,-7.12,0,6,2015
2015-06-17,64.18199920654297,8091.5498046875,16.729999542236328,1176.4000244140625,59.91999816894531,94.3000030517578,237.657,0.13,2.36,7.25,0.2029558006837906,0.5498738840850059,-0.3473083935567556,-0.08338010795395645,-0.7368388928865266,0.3801125513159327,-7.12,0,6,2015
2015-06-18,64.00299835205078,8174.60009765625,16.020000457763672,1201.5,60.45000076293945,94.04000091552734,237.657,0.13,2.36,7.25,-0.27889572887274117,1.0263830165222254,2.133625898081659,0.8845170397031588,-0.275718057069152,0.374538123655703,-7.12,0,6,2015
2015-06-19,63.64500045776367,8224.9501953125,15.09000015258789,1201.5,59.61000061035156,94.08999633789062,237.657,0.13,2.36,7.25,-0.5593455049057727,0.6159334653041526,0.0,-1.3895783986538457,0.053163996040561656,0.368462333819789,-7.12,0,6,2015
2015-06-22,63.492000579833984,8353.099609375,15.489999771118164,1183.699951171875,59.68000030517578,94.33000183105467,237.657,0.13,2.36,7.25,-0.24039575273665514,1.5580570218593381,-1.4814855454119868,0.11742944825949841,0.25508077639002646,0.3551794675435898,-7.12,0,6,2015
2015-06-23,63.50699996948242,8381.5498046875,15.039999961853027,1176.199951171875,61.0099983215332,95.43000030517578,237.657,0.13,2.36,7.25,0.02362406210461021,0.3405944696333929,-0.6336065142669711,2.228548943626718,1.166117303899994,0.34218173794048967,-7.12,0,6,2015
2015-06-24,63.59999847412109,8360.849609375,15.920000076293944,1172.5999755859375,60.27000045776367,95.26000213623048,237.657,0.13,2.36,7.25,0.14643819529083224,-0.2469733616678238,-0.306068333224363,-1.2129124473493902,-0.1781391264818799,0.33831485214204166,-7.12,0,6,2015
2015-06-25,63.5620002746582,8398.0,15.93000030517578,1171.5,59.70000076293945,95.19000244140624,237.657,0.13,2.36,7.25,-0.0597455980731576,0.444337505883885,-0.09380655030184482,-0.9457436377881989,-0.07348277687853066,0.3356099421332161,-7.12,0,6,2015
2015-06-26,63.51100158691406,8381.099609375,15.760000228881836,1172.9000244140625,59.630001068115234,95.47000122070312,237.657,0.13,2.36,7.25,-0.08023455448816774,-0.20124304149797823,0.11950699223750583,-0.1172524186426327,0.29414725508516426,0.28185628763528836,-7.12,0,6,2015
2015-06-29,63.44400024414063,8318.400390625,17.299999237060547,1178.5,58.33000183105469,94.79000091552734,237.657,0.13,2.36,7.25,-0.1054956481543412,-0.748102536329065,0.47744696643987616,-2.180109364035665,-0.7122659437321932,0.2825011716932884,-7.12,0,6,2015
2015-06-30,63.7239990234375,8368.5,16.93000030517578,1171.5,59.470001220703125,95.48999786376952,237.657,0.13,2.36,7.25,0.44133216414381504,0.6022745602803914,-0.5939753924480318,1.9543962864090103,0.7384712960030182,0.2810971394447758,-7.12,0,6,2015
2015-07-01,63.59000015258789,8453.0498046875,15.850000381469728,1169.0,56.959999084472656,96.30999755859376,238.034,0.13,2.32,7.25,-0.21028007172042562,1.010334046573469,-0.21340162185232714,-4.220618941834942,0.8587283623087805,0.2831508137186902,-7.12,0,7,2015
2015-07-02,63.57400131225586,8444.900390625,15.5600004196167,1163.0,56.93000030517578,96.11000061035156,238.034,0.13,2.32,7.25,-0.025159365141758094,-0.09640797405430224,-0.5132591958939225,-0.05266639708401133,-0.20765959226665132,0.2795009174364071,-7.12,0,7,2015
2015-07-03,63.369998931884766,8484.900390625,16.309999465942383,1163.0,56.93000030517578,96.11000061035156,238.034,0.13,2.32,7.25,-0.3208896343791512,0.47365863597876867,0.0,0.0,0.0,0.28548345406511366,-7.12,0,7,2015
2015-07-06,63.40399932861328,8522.150390625,16.020000457763672,1172.9000244140625,52.52999877929688,96.3000030517578,238.034,0.13,2.32,7.25,0.05365377513271152,0.4390151714822377,0.8512488748119162,-7.728792380629712,0.19769268567226828,0.2828774668043027,-7.12,0,7,2015
2015-07-07,63.3650016784668,8510.7998046875,16.309999465942383,1152.4000244140625,52.33000183105469,96.87000274658205,238.034,0.13,2.32,7.25,-0.06150660929820084,-0.13318922357890006,-1.7478045505405326,-0.380729017494319,0.5918999758680155,0.28176153456992187,-7.12,0,7,2015
2015-07-08,63.51800155639648,8363.0498046875,17.790000915527344,1163.300048828125,51.650001525878906,96.29000091552734,238.034,0.13,2.32,7.25,0.24145801921706678,-1.7360295552789728,0.9458542331778119,-1.299446362282075,-0.598742453401202,0.25872666788630067,-7.12,0,7,2015
2015-07-09,63.5620002746582,8328.5498046875,17.440000534057617,1159.0,52.77999877929688,96.61000061035156,238.034,0.13,2.32,7.25,0.06926968289873159,-0.41252893149892333,-0.3696422803778576,2.187797134627001,0.3323291014452723,0.25795516684090514,-7.12,0,7,2015
2015-07-10,63.36399841308594,8360.5498046875,17.06999969482422,1157.699951171875,52.7400016784668,96.02999877929688,238.034,0.13,2.32,7.25,-0.3115098025812224,0.38422055160178825,-0.11216987300474157,-0.07578079150273309,-0.60035382195468,0.26336600244769,-7.12,0,7,2015
2015-07-13,63.35200119018555,8459.650390625,16.270000457763672,1155.199951171875,52.20000076293945,96.86000061035156,238.034,0.13,2.32,7.25,-0.018933816048316565,1.1853357524637564,-0.21594541810849854,-1.023892488323186,0.8643151531869231,0.26245918688511927,-7.12,0,7,2015
2015-07-14,63.51399993896485,8454.099609375,16.010000228881836,1153.300048828125,53.040000915527344,96.63999938964844,238.034,0.13,2.32,7.25,0.25571212548278766,-0.06561478304294432,-0.1644652375394129,1.6091956710932998,-0.22713320185506758,0.264905808972091,-7.12,0,7,2015
2015-07-15,63.32400131225586,8523.7998046875,15.56999969482422,1147.199951171875,51.40999984741211,97.12999725341795,238.034,0.13,2.32,7.25,-0.2991444829353762,0.8244543893853207,-0.5289254658792708,-3.073154298604197,0.5070342165399477,0.26970418222091563,-7.12,0,7,2015
2015-07-16,63.52399826049805,8608.0498046875,14.779999732971191,1143.800048828125,50.90999984741211,97.66000366210938,238.034,0.13,2.32,7.25,0.3158311921193757,0.9884089482447456,-0.2963652796774463,-0.9725734321805679,0.5456670685458853,0.24958402902572846,-7.12,0,7,2015
2015-07-17,63.48199844360352,8609.849609375,14.800000190734863,1131.800048828125,50.88999938964844,97.86000061035156,238.034,0.13,2.32,7.25,-0.06611645684249101,0.020908390731189108,-1.0491344192802399,-0.03928591204795939,0.20478900342268958,0.24941159565401466,-7.12,0,7,2015
2015-07-20,63.48400115966797,8603.4501953125,14.960000038146973,1106.699951171875,50.150001525878906,98.02999877929688,238.034,0.13,2.32,7.25,0.0031547779111296137,-0.07432666484129546,-2.2177148412600656,-1.4541125420411305,0.1737156835121878,0.24069039058129027,-7.12,0,7,2015
2015-07-21,63.625,8529.4501953125,15.100000381469728,1103.4000244140625,50.36000061035156,97.33000183105467,238.034,0.13,2.32,7.25,0.2221013763411106,-0.860120048586066,-0.29817718472999744,0.41874193037518825,-0.7140640181156788,0.23584308227420644,-7.12,0,7,2015
2015-07-22,63.58300018310547,8633.5,15.130000114440918,1091.4000244140625,49.18999862670898,97.5999984741211,238.034,0.13,2.32,7.25,-0.06601150003069378,1.2198887654526924,-1.0875475561433312,-2.3232763492105457,0.2774033062642678,0.2349783767546843,-7.12,0,7,2015
2015-07-23,63.66400146484375,8589.7998046875,15.520000457763672,1094.0,48.45000076293945,97.12000274658205,238.034,0.13,2.32,7.25,0.1273945575154034,-0.5061700968610694,0.2382238892960853,-1.5043665062591027,-0.491798908855845,0.22692401002981955,-7.12,0,7,2015
2015-07-24,63.84799957275391,8521.5498046875,15.460000038146973,1085.5999755859375,48.13999938964844,97.23999786376952,238.034,0.13,2.32,7.25,0.2890143623972108,-0.794547038951432,-0.7678267288905416,-0.6398377056954452,0.12355345324750466,0.22577402054498613,-7.12,0,7,2015
2015-07-27,64.0999984741211,8361.0,16.3700008392334,1096.5,47.38999938964844,96.5,238.034,0.13,2.32,7.25,0.3946856644741592,-1.8840446675461031,1.0040553296972288,-1.5579559815309674,-0.7610015220344102,0.2359598049188403,-7.12,0,7,2015
2015-07-28,64.21700286865234,8337.0,15.920000076293944,1096.300048828125,47.97999954223633,96.7699966430664,238.034,0.13,2.32,7.25,0.18253416118019228,-0.2870470039468942,-0.018235400991795103,1.244988732193919,0.2797892674263336,0.2379308677920682,-7.12,0,7,2015
2015-07-29,63.8390007019043,8375.0498046875,15.880000114440918,1092.699951171875,48.790000915527344,96.9800033569336,238.034,0.13,2.32,7.25,-0.5886325269978787,0.4563968416396724,-0.32838616217323313,1.6882062964131084,0.21701634923250168,0.25865319833193906,-7.12,0,7,2015
2015-07-30,63.882999420166016,8421.7998046875,15.329999923706056,1088.4000244140625,48.52000045776367,97.55999755859376,238.034,0.13,2.32,7.25,0.06892137686673738,0.5582056356707721,-0.39351395167548375,-0.5533930163910794,0.5980554563661089,0.25429256469824846,-7.12,0,7,2015
2015-07-31,64.11799621582031,8532.849609375,14.56999969482422,1094.9000244140625,47.119998931884766,97.37000274658205,238.034,0.13,2.32,7.25,0.3678549814305043,1.3185994355469077,0.597206895828517,-2.8854111967653417,-0.19474663465177677,0.2406950837310096,-7.12,0,7,2015
2015-08-03,63.97999954223633,8543.0498046875,15.390000343322754,1089.4000244140625,45.16999816894531,97.48999786376952,238.033,0.14,2.17,7.25,-0.21522299779844767,0.11954031512864116,-0.5023289686145849,-4.138371831795484,0.12323622656125188,0.23978024724590485,-7.11,0,8,2015
2015-08-04,64.1240005493164,8516.900390625,14.829999923706056,1090.699951171875,45.7400016784668,97.93000030517578,238.033,0.14,2.17,7.25,0.225071910144381,-0.306089917070973,0.11932501640172788,1.261907311551247,0.4513308555213147,0.24252216290652392,-7.11,0,8,2015
2015-08-05,63.81900024414063,8567.9501953125,14.670000076293944,1085.699951171875,45.150001525878906,97.95999908447266,238.033,0.14,2.17,7.25,-0.4756414175082657,0.5993941733038577,-0.45842121791862533,-1.2898997178341753,0.030632879815573055,0.25851311922102355,-7.11,0,8,2015
2015-08-06,63.69599914550781,8588.650390625,14.729999542236328,1090.199951171875,44.65999984741211,97.83000183105467,238.033,0.14,2.17,7.25,-0.1927342925496789,0.24160032260487352,0.4144791565241279,-1.085274998686192,-0.13270442490090906,0.2609110817659016,-7.11,0,8,2015
2015-08-07,63.733001708984375,8564.599609375,14.90999984741211,1094.0999755859375,43.869998931884766,97.55999755859376,238.033,0.14,2.17,7.25,0.05809244532302138,-0.2800298085977815,0.357734781575636,-1.7689227904758353,-0.2759933225056965,0.2605319046730557,-7.11,0,8,2015
2015-08-10,63.733001708984375,8525.599609375,15.470000267028809,1104.199951171875,44.959999084472656,97.16000366210938,238.033,0.14,2.17,7.25,0.0,-0.45536279311072514,0.9231309579847524,2.4846140394949368,-0.40999785413499135,0.2596021846535852,-7.11,0,8,2015
2015-08-11,63.8380012512207,8462.349609375,15.890000343322754,1107.5999755859375,43.08000183105469,97.29000091552734,238.033,0.14,2.17,7.25,0.16474909296722018,-0.7418833032042493,0.30791745738207865,-4.181488638124198,0.13379708575358418,0.24863662304878073,-7.11,0,8,2015
2015-08-12,64.32599639892578,8349.4501953125,17.450000762939453,1123.199951171875,43.29999923706055,96.26000213623048,238.033,0.14,2.17,7.25,0.7644273600996287,-1.334137908193067,1.4084485310398076,0.5106717656805371,-1.058689248231337,0.28094974521347976,-7.11,0,8,2015
2015-08-13,64.79900360107422,8355.849609375,17.020000457763672,1115.699951171875,42.22999954223633,96.4499969482422,238.033,0.14,2.17,7.25,0.7353282166280284,0.07664473603414823,-0.6677350717630426,-2.471130978469871,0.19737669623447474,0.3079919745625396,-7.11,0,8,2015
2015-08-14,65.26899719238281,8518.5498046875,16.020000457763672,1112.9000244140625,42.5,96.56999969482422,238.033,0.14,2.17,7.25,0.7253099047664913,1.947141259339502,-0.25095696695797143,0.6393569990301051,0.12441964787870408,0.3218168185073291,-7.11,0,8,2015
2015-08-17,65.12200164794922,8477.2998046875,16.459999084472656,1118.5999755859375,41.869998931884766,96.81999969482422,238.033,0.14,2.17,7.25,-0.22521495772382938,-0.48423735196454487,0.5121709989067469,-1.482355454388784,0.25887957004249174,0.3271541948547424,-7.11,0,8,2015
2015-08-18,65.44300079345703,8466.5498046875,16.360000610351562,1117.0999755859375,42.619998931884766,96.97000122070312,238.033,0.14,2.17,7.25,0.49291965447122443,-0.12680924643075908,-0.13409619459487931,1.791258703445675,0.1549282445276967,0.3339094716055997,-7.11,0,8,2015
2015-08-19,65.44599914550781,8495.150390625,16.68000030517578,1128.0999755859375,40.79999923706055,96.45999908447266,238.033,0.14,2.17,7.25,0.004581623725119499,0.33780685872379923,0.9846925289055175,-4.2702950268322155,-0.5259380528104818,0.33344896819383324,-7.11,0,8,2015
2015-08-20,65.05400085449219,8372.75,16.979999542236328,1153.0,41.13999938964844,95.75,238.033,0.14,2.17,7.25,-0.5989644839008212,-1.4408266481082843,2.2072533421631624,0.8333337229061932,-0.7360554542934272,0.3570727630985569,-7.11,0,8,2015
2015-08-21,65.46099853515625,8299.9501953125,17.110000610351562,1159.5999755859375,40.45000076293945,94.83000183105467,238.033,0.14,2.17,7.25,0.6256305151383534,-0.8694849922367243,0.5724176570631068,-1.6771964923329552,-0.9608335968097403,0.36277010356788214,-7.11,0,8,2015
2015-08-24,66.0260009765625,7809.0,28.1299991607666,1153.4000244140625,38.2400016784668,93.30999755859376,238.033,0.14,2.17,7.25,0.8631130811467935,-5.915098088055637,-0.5346629270789882,-5.463532862272458,-1.6028727650653107,0.3869622777915644,-7.11,1,8,2015
2015-08-25,66.80699920654297,7880.7001953125,26.850000381469727,1138.199951171875,39.310001373291016,94.52999877929688,238.033,0.14,2.17,7.25,1.182864656997329,0.9181738418811536,-1.3178492214710347,2.7981162339402843,1.307471067006527,0.4311383472809032,-7.11,1,8,2015
2015-08-26,66.28299713134766,7791.85009765625,25.520000457763672,1124.5999755859375,38.59999847412109,95.0999984741211,238.033,0.14,2.17,7.25,-0.7843520610397281,-1.1274391291918318,-1.1948669978359416,-1.8061635064005266,0.6029828648945745,0.45761433687263814,-7.11,1,8,2015
2015-08-27,66.05599975585938,7948.9501953125,22.040000915527344,1122.4000244140625,42.560001373291016,95.61000061035156,238.033,0.14,2.17,7.25,-0.3424669754122034,2.016210472317792,-0.19562077357584418,10.259075273862672,0.5362798574273908,0.46527385430184276,-7.11,1,8,2015
2015-08-28,66.05500030517578,8001.9501953125,23.32999992370605,1133.0999755859375,45.220001220703125,96.11000061035156,238.033,0.14,2.17,7.25,-0.001513035435518617,0.6667547122292117,0.9533099553753921,6.249999439805998,0.5229578462588869,0.4644769153199701,-7.11,1,8,2015
2015-08-31,66.14299774169922,7971.2998046875,24.600000381469727,1131.5999755859375,49.20000076293945,95.9499969482422,238.033,0.14,2.17,7.25,0.13321843330087457,-0.3830365083121179,-0.13238019877498397,8.801414053067646,-0.1664797222903469,0.4638242218975879,-7.11,1,8,2015
2015-09-01,66.3499984741211,7785.85009765625,28.71999931335449,1138.699951171875,45.40999984741211,95.4499969482422,237.498,0.14,2.17,7.25,0.3129594053632889,-2.326467597194082,0.6274280434003243,-7.70325377389468,-0.5211047586272555,0.46468880014852315,-7.11,0,9,2015
2015-09-02,66.4229965209961,7717.0,26.649999618530277,1132.5,46.25,95.83000183105467,237.498,0.14,2.17,7.25,0.11001966624530901,-0.88429775544967,-0.544476283282036,1.8498131587986855,0.39811932421383034,0.4630942524323823,-7.11,0,9,2015
2015-09-03,66.22599792480469,7823.0,24.1200008392334,1123.699951171875,46.75,96.41000366210938,237.498,0.14,2.17,7.25,-0.29658191666968037,1.3735907736166952,-0.7770462541390688,1.08108108108107,0.6052403422439845,0.4701228722816667,-7.11,0,9,2015
2015-09-04,66.16000366210938,7655.0498046875,26.420000076293945,1120.5999755859375,46.04999923706055,96.2300033569336,237.498,0.14,2.17,7.25,-0.09965008420144139,-2.1468770971813878,-0.2758721830240063,-1.497327835164608,-0.18670293365679047,0.47102018195573786,-7.11,0,9,2015
2015-09-07,66.6780014038086,7558.7998046875,26.350000381469727,1120.5999755859375,46.04999923706055,96.2300033569336,237.498,0.14,2.17,7.25,0.7829469664855537,-1.257339958011272,0.0,0.0,0.0,0.4839915542846967,-7.11,0,9,2015
2015-09-08,66.8030014038086,7688.25,24.56999969482422,1120.4000244140625,45.93999862670898,95.87999725341795,237.498,0.14,2.17,7.25,0.18746812647096878,1.7125760525132927,-0.017843224721691975,-0.23887212198484553,-0.3637182700881869,0.48400992713302027,-7.11,0,9,2015
2015-09-09,66.40599822998047,7818.60009765625,24.299999237060547,1102.199951171875,44.150001525878906,96.01000213623048,237.498,0.14,2.17,7.25,-0.5942894263512688,1.695445617094271,-1.6244263518028434,-3.896380396906207,0.13559124586635107,0.48430169932570644,-7.11,0,9,2015
2015-09-10,66.59700012207031,7788.10009765625,24.75,1109.5,45.91999816894531,95.45999908447266,237.498,0.14,2.17,7.25,0.28762746917583293,-0.39009540862875447,0.662316199557389,4.00905228061863,-0.5728601599002348,0.4849553036210662,-7.11,0,9,2015
2015-09-11,66.31900024414062,7789.2998046875,24.979999542236328,1103.5,44.630001068115234,95.19000244140624,237.498,0.14,2.17,7.25,-0.41743603678863206,0.015404360706794407,-0.540784136998651,-2.809227247971613,-0.28283746664139464,0.49334888538044896,-7.11,0,9,2015
2015-09-14,66.23400115966797,7872.25,24.31999969482422,1107.699951171875,44.0,95.25,237.498,0.14,2.17,7.25,-0.12816701723450397,1.0649249276883932,0.38060273419799895,-1.4116089021681044,0.06302926468637615,0.4916001294729199,-7.11,0,9,2015
2015-09-15,66.31500244140625,7829.10009765625,23.739999771118164,1102.800048828125,44.59000015258789,95.61000061035156,237.498,0.14,2.17,7.25,0.12229561904770758,-0.5481266771729776,-0.4423492425513098,1.3409094376997555,0.3779533966945525,0.4911763901191819,-7.11,0,9,2015
2015-09-16,66.43000030517578,7899.14990234375,22.0,1119.199951171875,47.150001525878906,95.41999816894533,237.498,0.14,2.17,7.25,0.17341153515171293,0.8947363530129149,1.4871147640206583,5.741200638104149,-0.19872653508347105,0.47847453867458395,-7.11,0,9,2015
2015-09-17,66.19599914550781,7899.14990234375,22.0,1117.300048828125,46.900001525878906,94.5500030517578,237.498,0.14,2.17,7.25,-0.35225223331775135,0.0,-0.16975539909206416,-0.5302226763720941,-0.9117534415030715,0.4831044918980649,-7.11,0,9,2015
2015-09-18,66.12200164794922,7981.89990234375,18.290000915527344,1138.0999755859375,44.68000030517578,94.86000061035156,237.498,0.14,2.17,7.25,-0.11178545306935739,1.0475810818002973,1.8616240802663997,-4.733477928520225,0.3278662597441251,0.48496279325485137,-7.11,0,9,2015
2015-09-21,65.86100006103516,7977.10009765625,18.18000030517578,1133.0999755859375,46.68000030517578,95.88999938964844,237.498,0.14,2.17,7.25,-0.39472729259423245,-0.06013361162410247,-0.43932871516193517,4.47627570801139,1.0858093745199415,0.4937152154292454,-7.11,0,9,2015
2015-09-22,65.73899841308594,7812.0,20.350000381469727,1125.0,45.83000183105469,96.27999877929688,237.498,0.14,2.17,7.25,-0.18524111057554027,-2.069675641963653,-0.7148509187593022,-1.8209050311999375,0.4067153948595692,0.49652150041220694,-7.11,0,9,2015
2015-09-23,65.875,7845.9501953125,20.690000534057617,1131.5999755859375,44.47999954223633,96.06999969482422,237.498,0.14,2.17,7.25,0.2068811363073575,0.43459031378008106,0.5866644965277779,-2.9456736523706395,-0.21811288651346628,0.48094778084844264,-7.11,0,9,2015
2015-09-24,66.16200256347656,7868.5,20.8799991607666,1153.800048828125,44.90999984741211,95.98999786376952,237.498,0.14,2.17,7.25,0.4356775157139392,0.2874069312977845,1.961830480836868,0.9667273147506927,-0.08327451994257773,0.4698623800289202,-7.11,0,9,2015
2015-09-25,66.22100067138672,7868.5,20.8799991607666,1146.0,45.70000076293945,96.2699966430664,237.498,0.14,2.17,7.25,0.0891721919292765,0.0,-0.6760312444125116,1.7590757475205443,0.29169578656962347,0.4533553919429671,-7.11,0,9,2015
2015-09-28,66.16300201416016,7795.7001953125,21.670000076293945,1132.0,44.43000030517578,96.02999877929688,237.498,0.14,2.17,7.25,-0.08758348052512188,-0.9252056260723118,-1.221640488656195,-2.7789943907256642,-0.2492966366866689,0.4511730794928027,-7.11,0,9,2015
2015-09-29,66.26000213623047,7843.2998046875,21.56999969482422,1127.0999755859375,45.22999954223633,95.88999938964844,237.498,0.14,2.17,6.75,0.14660780060971046,0.6105879931557867,-0.43286434753202485,1.8005834606473092,-0.14578714092269296,0.4439240302818314,-6.61,0,9,2015
2015-09-30,65.91999816894531,7948.89990234375,19.6299991607666,1115.5,45.09000015258789,96.3499984741211,237.498,0.14,2.17,6.75,-0.5131360644784033,1.3463733413981993,-1.0291878127232756,-0.3095277273166941,0.4797153899265938,0.4553572302887802,-6.61,0,9,2015
2015-10-01,65.5270004272461,7950.89990234375,19.239999771118164,1114.199951171875,44.7400016784668,96.19000244140624,237.733,0.12,2.07,6.75,-0.5961737752055329,0.025160714370175974,-0.11654404555132558,-0.7762219404228721,-0.166057120133567,0.45522562065176114,-6.63,0,10,2015
2015-10-02,65.61799621582031,7950.89990234375,19.239999771118164,1137.0999755859375,45.540000915527344,95.83000183105467,237.733,0.12,2.07,6.75,0.13886762400370234,0.0,2.0552885853187375,1.7881073022971927,-0.374259903539198,0.44155441556767494,-6.63,0,10,2015
2015-10-05,65.35700225830078,8119.2998046875,19.1299991607666,1138.0999755859375,46.2599983215332,96.11000061035156,237.733,0.12,2.07,6.75,-0.39774752746352116,2.117998017986733,0.08794301481580558,1.5810219401211523,0.29218279656355595,0.41675651660439417,-6.63,0,10,2015
2015-10-06,65.12300109863281,8152.89990234375,19.309999465942383,1146.800048828125,48.52999877929688,95.45999908447266,237.733,0.12,2.07,6.75,-0.3580353314602158,0.41382999106465146,0.7644383998610005,4.907048292535365,-0.6763099799719452,0.35158518986266324,-6.63,0,10,2015
2015-10-07,65.18399810791016,8177.39990234375,19.34000015258789,1149.0,47.810001373291016,95.5,237.733,0.12,2.07,6.75,0.09366430945798587,0.30050657181448504,0.1918338924141949,-1.4836130725662033,0.04190332695472865,0.3270002296448936,-6.63,0,10,2015
2015-10-08,64.93900299072266,8129.35009765625,19.559999465942383,1144.699951171875,49.43000030517578,95.31999969482422,237.733,0.12,2.07,6.75,-0.37585162662455707,-0.5875926976951273,-0.37424271785247987,3.3884101345995177,-0.18848199494846396,0.32806661559953804,-6.63,0,10,2015
2015-10-09,64.99500274658203,8189.7001953125,18.93000030517578,1156.300048828125,49.630001068115234,94.80999755859376,237.733,0.12,2.07,6.75,0.08623439424744195,0.742372968703231,1.0133745218015022,0.40461412442780453,-0.5350421085430934,0.32896196618928225,-6.63,0,10,2015
2015-10-12,64.77200317382812,8143.60009765625,19.1200008392334,1164.9000244140625,47.09999847412109,94.83999633789062,237.733,0.12,2.07,6.75,-0.3431026437884621,-0.5629033610123568,0.7437494787493337,-5.097728268274304,0.031640945121136355,0.3311325520029229,-6.63,0,10,2015
2015-10-13,64.78199768066406,8131.7001953125,18.020000457763672,1165.800048828125,46.65999984741211,94.76000213623048,237.733,0.12,2.07,6.75,0.015430288313167395,-0.14612581906097155,0.07726194481927351,-0.9341797048055822,-0.08434648328659033,0.32366125884793434,-6.63,0,10,2015
2015-10-14,65.08499908447266,8107.89990234375,17.719999313354492,1180.0999755859375,46.63999938964844,93.93000030517578,237.733,0.12,2.07,6.75,0.4677246992323525,-0.2926853228365389,1.2266191592792408,-0.04286424738336736,-0.8758989155165486,0.3371782598372675,-6.63,0,10,2015
2015-10-15,64.8489990234375,8179.5,17.170000076293945,1187.9000244140625,46.380001068115234,94.37000274658205,237.733,0.12,2.07,6.75,-0.362602849127891,0.8830905477206663,0.6609650868141248,-0.5574578150421394,0.46843653782253636,0.3389374862206519,-6.63,0,10,2015
2015-10-16,64.78399658203125,8238.150390625,16.270000457763672,1183.5999755859375,47.2599983215332,94.54000091552734,237.733,0.12,2.07,6.75,-0.10023661488245406,0.7170412693318751,-0.3619874349481522,1.8973635902370445,0.18014004874176148,0.3389393047006561,-6.63,0,10,2015
2015-10-19,64.69499969482422,8275.0498046875,16.8799991607666,1173.300048828125,45.88999938964844,94.95999908447266,237.733,0.12,2.07,6.75,-0.13737480226978516,0.44790896394040214,-0.8702202577111073,-2.898855227552022,0.4442544583012964,0.29834388525909994,-6.63,0,10,2015
2015-10-20,64.95099639892578,8261.650390625,17.0,1178.0,45.54999923706055,94.8499984741211,237.733,0.12,2.07,6.75,0.39569782102037987,-0.16192547934769097,0.40057538364284273,-0.7409024996949287,-0.11583889154601623,0.3075465315942139,-6.63,0,10,2015
2015-10-21,64.99400329589844,8251.7001953125,16.6200008392334,1167.5999755859375,45.20000076293945,95.0500030517578,237.733,0.12,2.07,6.75,0.06621437600204949,-0.1204383487806604,-0.8828543645214348,-0.7683830515551993,0.21086408102712895,0.2937722089632925,-6.63,0,10,2015
2015-10-22,65.15899658203125,8251.7001953125,16.6200008392334,1166.5999755859375,45.380001068115234,96.33999633789062,237.733,0.12,2.07,6.75,0.2538592451085897,0.0,-0.08564577088983061,0.39823075694140897,1.3571733242663697,0.2924114768245267,-6.63,0,10,2015
2015-10-23,65.05000305175781,8295.4501953125,16.190000534057617,1163.300048828125,44.59999847412109,97.06999969482422,237.733,0.12,2.07,6.75,-0.16727318711272643,0.5301937657024025,-0.28286703470528085,-1.7188245386406398,0.7577365421244986,0.2857209022244531,-6.63,0,10,2015
2015-10-26,64.88500213623047,8260.5498046875,17.229999542236328,1167.0,43.97999954223633,96.86000061035156,237.733,0.12,2.07,6.75,-0.2536524331844481,-0.4207172582956553,0.3180564786877005,-1.3901321818307055,-0.21633778214985577,0.2876052180536368,-6.63,0,10,2015
2015-10-27,64.9010009765625,8232.900390625,16.540000915527344,1166.800048828125,43.20000076293945,96.91000366210938,237.733,0.12,2.07,6.75,0.024657224019875024,-0.33471638954116756,-0.017133776510280807,-1.7735306671565532,0.0516240465029183,0.28592309387942366,-6.63,0,10,2015
2015-10-28,65.06700134277344,8171.2001953125,17.040000915527344,1177.0999755859375,45.93999862670898,97.77999877929688,237.733,0.12,2.07,6.75,0.25577473954658814,-0.7494344931314734,0.8827499423022189,6.342587535600508,0.8977350988664368,0.2887366456256688,-6.63,0,10,2015
2015-10-29,64.94599914550781,8111.75,17.579999923706055,1147.199951171875,46.060001373291016,97.27999877929688,237.733,0.12,2.07,6.75,-0.1859655351691747,-0.727557689096936,-2.5401431513222827,0.261216260708097,-0.5113520211107447,0.2846726297586191,-6.63,0,10,2015
2015-10-30,65.44400024414062,8065.7998046875,17.8799991607666,1141.5,46.59000015258789,96.9499969482422,237.733,0.12,2.07,6.75,0.7667925741154047,-0.5664646384873739,-0.49685768954683684,1.1506703506183769,-0.3392288601928972,0.3222120862221387,-6.63,0,10,2015
2015-11-02,65.41500091552734,8050.7998046875,19.479999542236328,1135.800048828125,46.13999938964844,96.93000030517578,238.017,0.12,2.26,6.75,-0.044311668762753165,-0.18597039801661053,-0.4993386922360954,-0.9658741392265413,-0.020625728412448918,0.3149483268504642,-6.63,0,11,2015
2015-11-03,65.54100036621094,8060.7001953125,19.559999465942383,1114.199951171875,47.900001525878906,97.16000366210938,238.017,0.12,2.26,6.75,0.19261552995513131,0.12297400090901522,-1.9017517809174378,3.814482356983584,0.2372881009073069,0.3157563859456886,-6.63,0,11,2015
2015-11-04,65.53099822998047,8040.2001953125,19.36000061035156,1106.5,46.31999969482422,97.9499969482422,238.017,0.12,2.26,6.75,-0.015260884293166743,-0.2543203382247228,-0.6910744488703768,-3.298542339713828,0.8130848665672818,0.31309886206215354,-6.63,0,11,2015
2015-11-05,65.58499908447266,7955.4501953125,19.290000915527344,1104.4000244140625,45.20000076293945,97.94000244140624,238.017,0.12,2.26,6.75,0.08240505402141718,-1.0540782311541208,-0.18978541219498712,-2.4179597134365127,-0.010203682641507505,0.30193151022196557,-6.63,0,11,2015
2015-11-06,65.86000061035156,7954.2998046875,19.46999931335449,1087.5999755859375,44.290000915527344,99.16000366210938,238.017,0.12,2.26,6.75,0.41930552674813715,-0.014460408861305396,-1.521192362979007,-2.0132739647169218,1.2456618238630535,0.31221862586588545,-6.63,0,11,2015
2015-11-09,66.13300323486328,7915.2001953125,17.040000915527344,1087.9000244140625,43.869998931884766,98.9800033569336,238.017,0.12,2.26,6.75,0.41451962037912793,-0.4915531264230055,0.027588160616076607,-0.9482997854157516,-0.181525109447489,0.32166104098249293,-6.63,0,11,2015
2015-11-10,66.46800231933594,7783.35009765625,16.829999923706055,1088.199951171875,44.209999084472656,99.29000091552734,238.017,0.12,2.26,6.75,0.5065535634045659,-1.665783484975325,0.027569330920274027,0.7750174626532269,0.3131921075773869,0.33383979687452925,-6.63,0,11,2015
2015-11-11,66.19300079345703,7783.35009765625,16.829999923706055,1084.699951171875,42.93000030517578,99.01000213623048,238.017,0.12,2.26,6.75,-0.4137352053363963,0.0,-0.32163206736325334,-2.89526986157852,-0.28200098369932647,0.32891546052134496,-6.63,0,11,2015
2015-11-12,66.06300354003906,7783.35009765625,16.829999923706055,1080.800048828125,41.75,98.6500015258789,238.017,0.12,2.26,6.75,-0.19639123753220078,0.0,-0.3595374314838584,-2.7486613016248107,-0.3636002450098319,0.3109363642698241,-6.63,0,11,2015
2015-11-13,66.0479965209961,7762.25,17.649999618530273,1080.800048828125,40.7400016784668,98.98999786376952,238.017,0.12,2.26,6.75,-0.022716222755259086,-0.2710927478722036,0.0,-2.419157656366955,0.3446490954198467,0.31034188777335814,-6.63,0,11,2015
2015-11-16,66.0510025024414,7806.60009765625,17.8799991607666,1083.699951171875,41.7400016784668,99.44000244140624,238.017,0.12,2.26,6.75,0.004551207612113473,0.5713562131630656,0.26831071546435936,2.454589982328237,0.45459600701882596,0.30009075231355287,-6.63,0,11,2015
2015-11-17,65.89700317382812,7837.5498046875,16.969999313354492,1068.699951171875,40.66999816894531,99.62999725341795,238.017,0.12,2.26,6.75,-0.23315214422005015,0.39645564834993596,-1.3841469664900852,-2.5634965656301967,0.19106477005939038,0.2952687849209444,-6.63,0,11,2015
2015-11-18,66.03700256347656,7731.7998046875,17.420000076293945,1068.800048828125,40.75,99.6500015258789,238.017,0.12,2.26,6.75,0.21245183074432017,-1.349273722468125,0.00936630119054982,0.19670969918010872,0.02007856369810046,0.2968083087401867,-6.63,0,11,2015
2015-11-19,66.07499694824219,7842.75,15.84000015258789,1078.0,40.540000915527344,98.98999786376952,238.017,0.12,2.26,6.75,0.05753499294445241,1.4349853606560714,0.8607738352895966,-0.5153351766200132,-0.6623217782269597,0.28603138281664914,-6.63,0,11,2015
2015-11-20,66.08499908447266,7856.5498046875,15.899999618530272,1076.4000244140625,40.38999938964844,99.56999969482422,238.017,0.12,2.26,6.75,0.015137550802002409,0.17595619760288894,-0.1484207408105287,-0.37000868892791416,0.5859196318530158,0.2860857814355675,-6.63,0,11,2015
2015-11-23,66.05000305175781,7849.25,17.079999923706055,1066.800048828125,41.75,99.8000030517578,238.017,0.12,2.26,6.75,-0.05295609169958526,-0.09291361817810317,-0.8918594730767726,3.367171653634937,0.23099664320429536,0.27689021235122685,-6.63,0,11,2015
2015-11-24,66.37100219726562,7831.60009765625,16.25,1074.300048828125,42.869998931884766,99.52999877929688,238.017,0.12,2.26,6.75,0.4859941418265734,-0.2248610038379506,0.7030370881814907,2.682632172179078,-0.2705453549143644,0.28709520886816303,-6.63,0,11,2015
2015-11-25,66.30000305175781,7831.60009765625,16.25,1070.5,43.040000915527344,99.8000030517578,238.017,0.12,2.26,6.75,-0.10697314061461904,0.0,-0.3537232295828474,0.3965523393473669,0.27127928842805016,0.279487881757438,-6.63,0,11,2015
2015-11-26,66.38200378417969,7883.7998046875,16.690000534057617,1070.5,43.040000915527344,99.8000030517578,238.017,0.12,2.26,6.75,0.12368134034301814,0.6665267171503286,0.0,0.0,0.0,0.26787014191421726,-6.63,0,11,2015
2015-11-27,66.55799865722656,7942.7001953125,16.729999542236328,1056.199951171875,41.709999084472656,100.0199966430664,238.017,0.12,2.26,6.75,0.2651243756049748,0.747106624777305,-1.3358289423750613,-3.09015288746165,0.22043445348844948,0.26778059040261104,-6.63,0,11,2015
2015-11-30,66.9000015258789,7935.25,16.43000030517578,1065.800048828125,41.650001525878906,100.16999816894533,238.017,0.12,2.26,6.75,0.5138418755853191,-0.09379927643368147,0.9089280534049005,-0.14384454545837144,0.14997153660605278,0.27497487905043594,-6.63,0,11,2015
2015-12-01,66.50800323486328,7954.89990234375,15.640000343322754,1063.800048828125,41.84999847412109,99.8000030517578,237.761,0.24,2.24,6.75,-0.5859466099772614,0.24762801857218797,-0.1876524590329165,0.4801847320891728,-0.3693671997113346,0.2975492730296319,-6.51,0,12,2015
2015-12-02,66.46099853515625,7931.35009765625,15.489999771118164,1054.199951171875,39.93999862670898,99.98999786376952,237.761,0.24,2.24,6.75,-0.07067525323387613,-0.296041496142041,-0.9024344064305523,-4.563918559263991,0.19037555731655775,0.2988057742591419,-6.51,0,12,2015
2015-12-03,66.55699920654297,7864.14990234375,16.059999465942383,1061.699951171875,41.08000183105469,97.62000274658205,237.761,0.24,2.24,6.75,0.14444662810164655,-0.8472730932953976,0.7114399874201149,2.854289543173283,-2.3702321910402,0.29720910412271956,-6.51,0,12,2015
2015-12-04,66.8030014038086,7781.89990234375,16.09000015258789,1084.5,39.970001220703125,98.3499984741211,237.761,0.24,2.24,6.75,0.36961131090393895,-1.0458854551524621,2.1475039914016225,-2.7020461559776554,0.7477931847984953,0.2985148551941919,-6.51,0,12,2015
2015-12-07,66.63600158691406,7765.39990234375,15.869999885559082,1076.4000244140625,37.650001525878906,98.66000366210938,237.761,0.24,2.24,6.75,-0.24998849360833297,-0.21203048364873966,-0.7468857156235575,-5.804352324168893,0.3152060933380163,0.298370500343438,-6.51,0,12,2015
2015-12-08,66.76799774169922,7701.7001953125,15.970000267028809,1076.300048828125,37.5099983215332,98.47000122070312,237.761,0.24,2.24,6.75,0.19808534672205447,-0.820301695113268,-0.009287958349124548,-0.371854445343045,-0.19258304718593466,0.29875608014176047,-6.51,0,12,2015
2015-12-09,66.83300018310547,7612.5,16.729999542236328,1077.5999755859375,37.15999984741211,97.3499984741211,237.761,0.24,2.24,6.75,0.09735568476640921,-1.1581883616657795,0.12077735750619656,-0.9330804846242047,-1.1374050296513616,0.2972126193942701,-6.51,0,12,2015
2015-12-10,66.88999938964844,7683.2998046875,16.290000915527344,1073.0999755859375,36.7599983215332,97.94000244140624,237.761,0.24,2.24,6.75,0.08528602095791982,0.930046695402309,-0.41759466424943215,-1.076430375461268,0.6060646908402134,0.2926268300515321,-6.51,0,12,2015
2015-12-11,66.78600311279297,7610.4501953125,17.18000030517578,1076.9000244140625,35.619998931884766,97.56999969482422,237.761,0.24,2.24,6.75,-0.1554735802128948,-0.9481552357302969,0.35411880668900775,-3.101195434442261,-0.3777851106378849,0.26738335480894665,-6.51,0,12,2015
2015-12-14,67.14099884033203,7650.0498046875,17.799999237060547,1064.699951171875,36.310001373291016,97.5999984741211,237.761,0.24,2.24,6.75,0.5315421061199421,0.5203320218742258,-1.1328881944101976,1.9371208930290207,0.030745904879281305,0.2794384962185622,-6.51,0,12,2015
2015-12-15,67.07099914550781,7700.89990234375,17.34000015258789,1062.9000244140625,37.34999847412109,98.22000122070312,237.761,0.24,2.24,6.75,-0.10425775015752148,0.6647028314128445,-0.16905483613777195,2.864216638656125,0.6352487256917616,0.28083075661222906,-6.51,0,12,2015
2015-12-16,66.90299987792969,7750.89990234375,16.729999542236328,1078.0,35.52000045776367,97.87000274658205,237.761,0.24,2.24,6.75,-0.25047974492471425,0.6492747683265243,1.4206393112335736,-4.899593282782533,-0.35634134572511966,0.28672667627322435,-6.51,0,12,2015
2015-12-17,66.4280014038086,7844.35009765625,14.220000267028809,1050.800048828125,34.95000076293945,99.2699966430664,237.761,0.24,2.24,6.75,-0.7099808304377508,1.2056689737954374,-2.5231865651090035,-1.6047288498827528,1.430462712982039,0.3200555610829768,-6.51,0,12,2015
2015-12-18,66.45899963378906,7761.9501953125,14.489999771118164,1066.199951171875,34.72999954223633,98.6999969482422,237.761,0.24,2.24,6.75,0.04666440254921245,-1.0504363180879661,1.4655406954847683,-0.6294741513608537,-0.5741913106672936,0.31208239558039697,-6.51,0,12,2015
2015-12-21,66.24800109863281,7834.4501953125,14.229999542236328,1081.9000244140625,34.7400016784668,98.45999908447266,237.761,0.24,2.24,6.75,-0.31748677578494755,0.9340436124388285,1.4725261640587517,0.02879970159028744,-0.24315893737605343,0.3096414524029583,-6.51,0,12,2015
2015-12-22,66.26899719238281,7786.10009765625,14.479999542236328,1074.800048828125,36.13999938964844,98.23999786376952,237.761,0.24,2.24,6.75,0.03169317323059584,-0.6171472975241898,-0.6562506170367022,4.029929889293626,-0.22344223313915945,0.294974519953946,-6.51,0,12,2015
2015-12-23,66.24299621582031,7865.9501953125,13.649999618530272,1069.4000244140625,37.5,98.33999633789062,237.761,0.24,2.24,6.75,-0.03923550629114647,1.025546764808305,-0.5024213033810621,3.7631450838959024,0.10178997994256811,0.2850376476686534,-6.51,0,12,2015
2015-12-24,66.15399932861328,7861.0498046875,13.75,1077.199951171875,38.09999847412109,97.9800033569336,237.761,0.24,2.24,6.75,-0.1343491271395325,-0.06229877514251081,0.7293740957305728,1.5999959309895617,-0.3660697522502643,0.2837639974636496,-6.51,0,12,2015
2015-12-25,65.94000244140625,7861.0498046875,13.75,1077.199951171875,38.09999847412109,97.9800033569336,237.761,0.24,2.24,6.75,-0.32348291770543103,0.0,0.0,0.0,0.0,0.2900203468672788,-6.51,0,12,2015
2015-12-28,65.94000244140625,7925.14990234375,14.399999618530272,1070.5,36.810001373291016,97.91999816894533,237.761,0.24,2.24,6.75,0.0,0.8154139618607559,-0.6219784139969708,-3.3858192978833968,-0.061242279988160675,0.2900163428570754,-6.51,0,12,2015
2015-12-29,66.13400268554688,7928.9501953125,14.239999771118164,1077.5,37.869998931884766,98.0999984741211,237.761,0.24,2.24,6.75,0.29420721407011907,0.04795231655652099,0.6539000467071565,2.8796455285189815,0.18382384450743583,0.2917005243185762,-6.51,0,12,2015
2015-12-30,66.26000213623047,7896.25,14.350000381469728,1060.0999755859375,36.59999847412109,98.2699966430664,237.761,0.24,2.24,6.75,0.19052143461313342,-0.4124151937772491,-1.614851453741295,-3.3535793334665165,0.17329069479052883,0.2912089096022747,-6.51,0,12,2015
2015-12-31,66.45500183105469,7946.35009765625,13.869999885559082,1060.300048828125,37.040000915527344,98.62999725341795,237.761,0.24,2.24,6.75,0.29429473066315825,0.6344796283837217,0.018873054126511413,1.2021925129788391,0.36633827480336834,0.2956693905256133,-6.51,0,12,2015
2016-01-01,66.19300079345703,7946.35009765625,14.260000228881836,1060.300048828125,37.040000915527344,98.62999725341795,237.652,0.34,2.09,6.75,-0.39425329979484447,0.0,0.0,0.0,0.0,0.3051743495710927,-6.41,0,1,2016
2016-01-04,66.19300079345703,7791.2998046875,16.84000015258789,1075.0999755859375,36.7599983215332,98.87000274658205,237.652,0.34,2.09,6.75,0.0,-1.951213966956744,1.3958243965158657,-0.7559465093770035,0.24333924753887626,0.30497530064457684,-6.41,0,1,2016
2016-01-05,66.60099792480469,7784.64990234375,16.700000762939453,1078.4000244140625,35.970001220703125,99.4000015258789,237.652,0.34,2.09,6.75,0.6163750343042063,-0.08535035886758635,0.30695273956511393,-2.1490672929854737,0.5360561996294422,0.31285405750181494,-6.41,0,1,2016
2016-01-06,66.52400207519531,7741.0,16.549999237060547,1091.9000244140625,33.970001220703125,99.18000030517578,237.652,0.34,2.09,6.75,-0.11560765154946528,-0.5607176031205752,1.2518545710656026,-5.560188857733117,-0.2213291924807903,0.31297123818186906,-6.41,0,1,2016
2016-01-07,66.7239990234375,7568.2998046875,18.959999084472656,1107.699951171875,33.27000045776367,98.22000122070312,237.652,0.34,2.09,6.75,0.3006387799942001,-2.230980432922103,1.447012217651622,-2.060643914586724,-0.9679361580144707,0.31679836013409013,-6.41,0,1,2016
2016-01-08,66.9209976196289,7601.35009765625,17.799999237060547,1097.800048828125,33.15999984741211,98.54000091552734,237.652,0.34,2.09,6.75,0.29524398878162383,0.4366937597831466,-0.893735016714281,-0.3306300235589421,0.3257989114713755,0.31765636995970126,-6.41,0,1,2016
2016-01-11,66.83999633789062,7563.85009765625,18.690000534057617,1096.5,31.40999984741211,98.7300033569336,237.652,0.34,2.09,6.75,-0.12104015872369533,-0.493333414699082,-0.11842309804165341,-5.277442726335158,0.1928175762542672,0.3043979649368808,-6.41,0,1,2016
2016-01-12,66.79299926757812,7510.2998046875,18.709999084472656,1085.5999755859375,30.440000534057617,98.97000122070312,237.652,0.34,2.09,6.75,-0.07031279606138918,-0.7079766557687717,-0.994074273968304,-3.088186303937246,0.24308503556094152,0.28420827352789035,-6.41,0,1,2016
2016-01-13,66.91999816894531,7562.39990234375,18.350000381469727,1087.5,30.479999542236328,98.93000030517578,237.652,0.34,2.09,6.75,0.19013804254905953,0.6937152844914696,0.17502067582830794,0.13140278408982908,-0.040417212320875695,0.2854945430356848,-6.41,0,1,2016
2016-01-14,66.93599700927734,7536.7998046875,18.61000061035156,1073.9000244140625,31.200000762939453,99.08999633789062,237.652,0.34,2.09,6.75,0.02390741298534671,-0.3385181686611949,-1.2505724676724173,2.362208764817786,0.16172650583370363,0.2845780732027273,-6.41,0,1,2016
2016-01-15,67.30400085449219,7437.7998046875,19.420000076293945,1091.5,29.420000076293945,98.95999908447266,237.652,0.34,2.09,6.75,0.5497846624497704,-1.3135548583687595,1.6388839916025022,-5.705130266406466,-0.13119109720691746,0.2939717435566935,-6.41,0,1,2016
2016-01-18,67.76699829101562,7351.0,20.229999542236328,1091.5,29.420000076293945,99.12000274658205,237.652,0.34,2.09,6.75,0.6879196342642668,-1.167009155487031,0.0,0.0,0.16168518956110045,0.3129432840325844,-6.41,0,1,2016
2016-01-19,67.71099853515625,7435.10009765625,18.43000030517578,1089.9000244140625,28.459999084472656,98.98999786376952,237.652,0.34,2.09,6.75,-0.08263573313206374,1.1440633608522655,-0.14658502848717836,-3.2630896986123314,-0.1311590791062689,0.31276340546757647,-6.41,0,1,2016
2016-01-20,67.76699829101562,7309.2998046875,20.96999931335449,1107.0999755859375,26.549999237060547,99.08999633789062,237.652,0.34,2.09,6.75,0.08270407625181608,-1.6919784712569719,1.5781219182118944,-6.711173256692671,0.10101876581383173,0.31269386985067577,-6.41,0,1,2016
2016-01-21,67.9489974975586,7276.7998046875,20.809999465942383,1099.0999755859375,29.530000686645508,99.05999755859376,237.652,0.34,2.09,6.75,0.2685661326792044,-0.44463903340177247,-0.7226086330429204,11.22411124375946,-0.03027427632005253,0.31525282809586236,-6.41,0,1,2016
2016-01-22,67.80799865722656,7422.4501953125,18.81999969482422,1097.199951171875,32.189998626708984,99.56999969482422,237.652,0.34,2.09,6.75,-0.20750687357395936,2.001572044501976,-0.17287093588093105,9.00778150427346,0.5148416604076722,0.31657886340449776,-6.41,0,1,2016
2016-01-25,67.54100036621094,7436.14990234375,18.270000457763672,1106.199951171875,30.34000015258789,99.36000061035156,237.652,0.34,2.09,6.75,-0.3937563359822982,0.18457122204607046,0.8202698141198006,-5.7471219417390635,-0.21090598083387535,0.3132153435562864,-6.41,0,1,2016
2016-01-26,67.74099731445312,7436.14990234375,18.270000457763672,1121.699951171875,31.450000762939453,99.36000061035156,237.652,0.34,2.09,6.75,0.29611191299772077,0.0,1.4011933361215423,3.658538578671977,0.0,0.3162411494276853,-6.41,0,1,2016
2016-01-27,67.7699966430664,7437.75,19.059999465942383,1116.0999755859375,32.29999923706055,98.9000015258789,237.652,0.34,2.09,6.75,0.04280912558560779,0.021517824106065397,-0.49924006683668143,2.7026977853772616,-0.4629620386946032,0.3116557080781266,-6.41,0,1,2016
2016-01-28,68.19599914550781,7424.64990234375,17.899999618530273,1115.5999755859375,33.220001220703125,98.51000213623048,237.652,0.34,2.09,6.75,0.6286004479018725,-0.1761298464757477,-0.04479885412931317,2.848303422208698,-0.3943370916393518,0.2954777223996641,-6.41,0,1,2016
2016-01-29,68.09300231933594,7563.5498046875,17.239999771118164,1116.4000244140625,33.619998931884766,99.61000061035156,237.652,0.34,2.09,6.75,-0.1510305992469041,1.8707939656508632,0.07171466884487998,1.204086985199626,1.116636331608123,0.29861960745851807,-6.41,0,1,2016
2016-02-01,67.87000274658203,7555.9501953125,17.889999389648438,1127.9000244140625,31.6200008392334,99.0,237.336,0.38,1.78,6.75,-0.32749264264791966,-0.10047675458274563,1.0300967169931452,-5.948834491944599,-0.6123889234151525,0.2990857431287628,-6.37,0,2,2016
2016-02-02,67.88200378417969,7455.5498046875,18.040000915527344,1127.300048828125,29.8799991607666,98.87000274658205,237.336,0.38,1.78,6.75,0.017682388554574047,-1.3287592960483763,-0.05319403962680269,-5.50285146200199,-0.1313103569878349,0.29917646796865255,-6.37,0,2,2016
2016-02-03,67.98600006103516,7361.7998046875,18.59000015258789,1141.300048828125,32.279998779296875,97.29000091552734,237.336,0.38,1.78,6.75,0.15320154246787343,-1.257452534768888,1.2419053839795025,8.032127462980498,-1.5980598636216037,0.29858031695045856,-6.37,0,2,2016
2016-02-04,67.927001953125,7404.0,18.209999084472656,1157.5999755859375,31.71999931335449,96.47000122070312,237.336,0.38,1.78,6.75,-0.08677978974669376,0.5732320415128722,1.4281894383995741,-1.7348187333313891,-0.8428406692443047,0.297488370575846,-6.37,0,2,2016
2016-02-05,67.56400299072266,7489.10009765625,18.11000061035156,1157.800048828125,30.88999938964844,97.02999877929688,237.336,0.38,1.78,6.75,-0.5343956776612035,1.1493800331746407,0.017283452523075837,-2.616645465552103,0.5804888063726699,0.3098008494318399,-6.37,0,2,2016
2016-02-08,67.802001953125,7387.25,20.26000022888184,1197.9000244140625,29.690000534057617,96.56999969482422,237.336,0.38,1.78,6.75,0.35225704793575563,-1.3599777854234385,3.463462937881623,-3.8847487190076024,-0.47407924380064026,0.31325782037101235,-6.37,0,2,2016
2016-02-09,68.07599639892578,7298.2001953125,21.729999542236328,1198.699951171875,27.940000534057617,96.06999969482422,237.336,0.38,1.78,6.75,0.4041096691956181,-1.2054527014450533,0.0667774222814499,-5.894240378987403,-0.5177591400849946,0.31631560414164256,-6.37,0,2,2016
2016-02-10,67.9280014038086,7215.7001953125,22.46999931335449,1194.699951171875,27.450000762939453,95.88999938964844,237.336,0.38,1.78,6.75,-0.2173967373902741,-1.1304156886925099,-0.33369484966521146,-1.7537572002580215,-0.1873636991231109,0.32089128241651105,-6.37,0,2,2016
2016-02-11,67.89299774169922,6976.35009765625,25.96999931335449,1247.9000244140625,26.209999084472656,95.55999755859376,237.336,0.38,1.78,6.75,-0.05153053436872668,-3.317073758299127,4.4530070659167365,-4.517310178515322,-0.3441462437743015,0.3192616233331466,-6.37,0,2,2016
2016-02-12,68.4739990234375,6980.9501953125,24.670000076293945,1239.0999755859375,29.440000534057617,95.9800033569336,237.336,0.38,1.78,6.75,0.8557602419452914,0.06593845767279838,-0.7051886093404791,12.323546594469281,0.43952052016567045,0.33738458918560854,-6.37,0,2,2016
2016-02-15,68.11100006103516,7162.9501953125,22.3799991607666,1239.0999755859375,29.440000534057617,95.9800033569336,237.336,0.38,1.78,6.75,-0.5301267160956913,2.607094949942601,0.0,0.0,0.0,0.35685767336685204,-6.37,0,2,2016
2016-02-16,68.13700103759766,7048.25,23.040000915527344,1207.9000244140625,29.040000915527344,96.87000274658205,237.336,0.38,1.78,6.75,0.03817441608433558,-1.6012982386441998,-2.517952690388958,-1.3586943317733136,0.9272758475936893,0.343126485686324,-6.37,0,2,2016
2016-02-17,68.50599670410156,7108.4501953125,21.82999992370605,1211.0999755859375,30.65999984741211,96.79000091552734,237.336,0.38,1.78,6.75,0.5415496145776855,0.8541154940942874,0.2649185451773839,5.578508542741023,-0.08258679548507342,0.35131168317023853,-6.37,0,2,2016
2016-02-18,68.35600280761719,7191.75,21.489999771118164,1226.0999755859375,30.770000457763672,96.9499969482422,237.336,0.38,1.78,6.75,-0.21895002437851696,1.1718419964794835,1.2385434978431809,0.3587756389400232,0.16530223287680723,0.353801900731591,-6.37,0,2,2016
2016-02-19,68.56600189208984,7210.75,20.920000076293945,1230.4000244140625,29.63999938964844,96.5999984741211,237.336,0.38,1.78,6.75,0.3072138156815285,0.26419160844022294,0.3507094783253839,-3.6724116064487,-0.3610092678063337,0.3540582822793117,-6.37,0,2,2016
2016-02-22,68.53800201416016,7234.5498046875,21.020000457763672,1209.5,31.479999542236328,97.37999725341795,237.336,0.38,1.78,6.75,-0.04083638706797732,0.33006004489823937,-1.6986365409099702,6.207827903095353,0.8074521652356115,0.35277600820630217,-6.37,0,2,2016
2016-02-23,68.5739974975586,7109.5498046875,23.84000015258789,1222.300048828125,31.8700008392334,97.4800033569336,237.336,0.38,1.78,6.75,0.05251901476643894,-1.7278200216274464,1.0582925860376236,1.2388859678152508,0.10269676148726425,0.3516311136659777,-6.37,0,2,2016
2016-02-24,68.60299682617188,7018.7001953125,22.959999084472656,1238.699951171875,32.150001525878906,97.45999908447266,237.336,0.38,1.78,6.75,0.042289103262960204,-1.2778531956425754,1.3417247556746226,0.8785713187080102,-0.02052141133775942,0.351191156371267,-6.37,0,2,2016
2016-02-25,68.3759994506836,6970.60009765625,22.75,1238.199951171875,33.06999969482422,97.29000091552734,237.336,0.38,1.78,6.75,-0.3308855093655083,-0.6853134671341854,-0.040364900275247084,2.861580482989301,-0.17442865846732936,0.35914822052186085,-6.37,0,2,2016
2016-02-26,68.7969970703125,7029.75,21.8700008392334,1219.800048828125,32.779998779296875,98.1500015258789,237.336,0.38,1.78,6.75,0.615709639363371,0.8485625558068977,-1.4860202769621855,-0.8769305056048449,0.883955804562353,0.36236227127980086,-6.37,0,2,2016
2016-02-29,68.7300033569336,6987.0498046875,20.15999984741211,1233.9000244140625,33.75,98.20999908447266,237.336,0.38,1.78,6.75,-0.09737883371629952,-0.6074212498666354,1.1559251534285053,2.9591252496194542,0.06112843368415444,0.3443875741556132,-6.37,0,2,2016
2016-03-01,68.21800231933594,7222.2998046875,18.670000076293945,1230.300048828125,34.400001525878906,98.3499984741211,238.08,0.36,1.89,6.75,-0.7449454569916081,3.366943224623564,-0.29175585660977665,1.9259304470486072,0.1425510548350717,0.37306054449202686,-6.39,0,3,2016
2016-03-02,67.74600219726562,7368.85009765625,18.989999771118164,1241.0999755859375,34.65999984741211,98.20999908447266,238.08,0.36,1.89,6.75,-0.6918996540837274,2.0291361052837242,0.877828686433002,0.7558090406990514,-0.14234813606558427,0.3951213199095915,-6.39,0,3,2016
2016-03-03,67.38800048828125,7475.60009765625,18.040000915527344,1257.4000244140625,34.56999969482422,97.56999969482422,238.08,0.36,1.89,6.75,-0.5284469893026777,1.4486656477644022,1.3133550196413157,-0.25966576163909405,-0.6516641845174642,0.40313490985128264,-6.39,0,3,2016
2016-03-04,67.14299774169922,7485.35009765625,17.8799991607666,1269.9000244140625,35.91999816894531,97.33999633789062,238.08,0.36,1.89,6.75,-0.36357028670799263,0.13042431206367056,0.9941148208443051,3.9051156668746367,-0.23573163641794626,0.40653913757322124,-6.39,0,3,2016
2016-03-07,66.93000030517578,7485.35009765625,17.8799991607666,1263.199951171875,37.900001525878906,97.06999969482422,238.08,0.36,1.89,6.75,-0.3172295603226516,0.0,-0.5276063558845023,5.512259069783054,-0.27737482353007437,0.4044258766668622,-6.39,0,3,2016
2016-03-08,67.0459976196289,7485.2998046875,18.46999931335449,1262.0999755859375,36.5,97.20999908447266,238.08,0.36,1.89,6.75,0.17331139089231673,-0.000671885323921817,-0.08707850130275085,-3.693935275762339,0.14422518809991125,0.401628402473622,-6.39,0,3,2016
2016-03-09,67.35700225830078,7531.7998046875,17.510000228881836,1256.5999755859375,38.290000915527344,97.16999816894533,238.08,0.36,1.89,6.75,0.46386756810792296,0.6212176026787919,-0.4357816422147165,4.904112097335189,-0.04114897222925462,0.41162309473178005,-6.39,0,3,2016
2016-03-10,67.1449966430664,7486.14990234375,17.899999618530273,1272.0,37.84000015258789,96.06999969482422,238.08,0.36,1.89,6.75,-0.31474918438527677,-0.6060955352974129,1.2255311724705065,-1.175243541864135,-1.132035087835015,0.39614278717768636,-6.39,0,3,2016
2016-03-11,67.30899810791016,7510.2001953125,17.100000381469727,1258.699951171875,38.5,96.16999816894533,238.08,0.36,1.89,6.75,0.24424971783907345,0.32126384433233124,-1.0456013229658057,1.7441856362333308,0.10408917918056648,0.39926234404113736,-6.39,0,3,2016
2016-03-14,66.91300201416016,7538.75,17.100000381469727,1244.4000244140625,37.18000030517578,96.62000274658205,238.08,0.36,1.89,6.75,-0.5883256397831604,0.38014705260878134,-1.1360870193487305,-3.428570635907058,0.4679261580583294,0.40852039665995515,-6.39,0,3,2016
2016-03-15,67.17400360107422,7460.60009765625,17.600000381469727,1230.4000244140625,36.34000015258789,96.62999725341795,238.08,0.36,1.89,6.75,0.39006109284833723,-1.0366427105786724,-1.1250401579341096,-2.259279574214945,0.010344138430751215,0.4161248250683612,-6.39,0,3,2016
2016-03-16,67.35900115966797,7498.75,17.110000610351562,1229.300048828125,38.459999084472656,95.88999938964844,238.08,0.36,1.89,6.75,0.2754005250191538,0.5113516586384925,-0.08939983453440936,5.833789001054246,-0.7658055312045886,0.41861218145723555,-6.39,0,3,2016
2016-03-17,66.83000183105469,7512.5498046875,16.84000015258789,1264.5,40.20000076293945,94.76000213623048,238.08,0.36,1.89,6.75,-0.7853431902283381,0.18402806717785491,2.8634141197204643,4.524185439123629,-1.1784307650542503,0.4407226142775517,-6.39,0,3,2016
2016-03-18,66.61199951171875,7604.35009765625,16.3799991607666,1253.800048828125,39.43999862670898,94.98999786376952,238.08,0.36,1.89,6.75,-0.32620426958396287,1.221959193022193,-0.846180401097274,-1.8905525418077218,0.24271393241253048,0.4344811658316176,-6.39,0,3,2016
2016-03-21,66.3759994506836,7704.25,16.329999923706055,1243.800048828125,39.90999984741211,95.29000091552734,238.08,0.36,1.89,6.75,-0.35429061244984794,1.3137204502793765,-0.7975753398116847,1.1916867065630221,0.31582593799830416,0.4312652711098366,-6.39,0,3,2016
2016-03-22,66.5199966430664,7714.89990234375,16.43000030517578,1248.199951171875,41.45000076293945,95.6500015258789,238.08,0.36,1.89,6.75,0.21694165598185045,0.1382341219943628,0.3537467575994713,3.8586843433105145,0.3777947391045755,0.4254861874555261,-6.39,0,3,2016
2016-03-23,66.76399993896484,7716.5,16.350000381469727,1223.699951171875,39.790000915527344,96.0500030517578,238.08,0.36,1.89,6.75,0.3668119486050392,0.020740355370829633,-1.9628265469004536,-4.004824648631411,0.4181929111320093,0.43211693194675876,-6.39,0,3,2016
2016-03-24,66.9020004272461,7716.5,16.350000381469727,1221.4000244140625,39.459999084472656,96.13999938964844,238.08,0.36,1.89,6.75,0.20669895214098233,0.0,-0.18794858622083188,-0.8293586917860862,0.09369738160460717,0.43478703666106855,-6.39,0,3,2016
2016-03-25,66.90699768066406,7716.5,16.350000381469727,1221.4000244140625,39.459999084472656,96.13999938964844,238.08,0.36,1.89,6.75,0.0074695126992541105,0.0,0.0,0.0,0.0,0.4001858446460015,-6.39,0,3,2016
2016-03-28,66.90699768066406,7615.10009765625,17.489999771118164,1219.9000244140625,39.38999938964844,95.94000244140624,238.08,0.36,1.89,6.75,0.0,-1.3140659929210097,-0.12280988783504032,-0.1773940609435143,-0.20802678334918,0.39105848598657916,-6.39,0,3,2016
2016-03-29,66.90699768066406,7597.0,17.639999389648438,1235.5999755859375,38.27999877929688,95.16000366210938,238.08,0.36,1.89,6.75,0.0,-0.23768693023248355,1.2869867085555597,-2.817975698276498,-0.813006837031538,0.39079443604994935,-6.39,0,3,2016
2016-03-30,66.36799621582031,7735.2001953125,16.809999465942383,1226.9000244140625,38.31999969482422,94.83999633789062,238.08,0.36,1.89,6.75,-0.8055980443425592,1.819141704784788,-0.7041074250385471,0.10449560293344096,-0.33628342991139926,0.396647268343477,-6.39,0,3,2016
2016-03-31,66.36799621582031,7738.39990234375,16.579999923706055,1234.199951171875,38.34000015258789,94.58999633789062,238.08,0.36,1.89,6.75,0.0,0.041365536126503066,0.5949895356224033,0.052193261803124,-0.2636018659356698,0.39649012881622675,-6.39,0,3,2016
2016-04-01,66.24800109863281,7713.0498046875,17.280000686645508,1222.199951171875,36.790000915527344,94.62000274658205,238.992,0.37,1.81,6.75,-0.18080268205972194,-0.3275883642117283,-0.9722897808094988,-4.042773163515301,0.03172260265686955,0.38925505225065965,-6.38,0,4,2016
2016-04-04,66.35800170898438,7758.7998046875,17.450000762939453,1218.0,35.70000076293945,94.51000213623048,238.992,0.37,1.81,6.75,0.16604366701991058,0.5931505845093277,-0.34363863031151576,-2.962761961030158,-0.11625513333176629,0.3924126848266735,-6.38,0,4,2016
2016-04-05,66.13300323486328,7603.2001953125,17.829999923706055,1228.4000244140625,35.88999938964844,94.62999725341795,238.992,0.37,1.81,6.5,-0.3390675854101688,-2.005459778469787,0.853860789331895,0.5322090270267532,0.12696552161166608,0.39343693070196534,-6.13,0,4,2016
2016-04-06,66.46800231933594,7614.35009765625,17.350000381469727,1222.5,37.75,94.43000030517578,238.992,0.37,1.81,6.5,0.5065535634045659,0.14664749128432408,-0.4803015546077316,5.182503878470479,-0.21134624753985642,0.40886846394562,-6.13,0,4,2016
2016-04-07,66.53299713134766,7546.4501953125,16.93000030517578,1236.199951171875,37.2599983215332,94.4800033569336,238.992,0.37,1.81,6.5,0.09778360977279466,-0.8917360178204881,1.1206504026073594,-1.2980176913027774,0.05295250619106184,0.40817465378062356,-6.13,0,4,2016
2016-04-08,66.77899932861328,7555.2001953125,16.43000030517578,1242.5,39.720001220703125,94.23999786376952,238.992,0.37,1.81,6.5,0.3697446498313717,0.11594855559287076,0.509630244051773,6.602262506673928,-0.25402782031809235,0.39578809917457675,-6.13,0,4,2016
2016-04-11,66.54399871826172,7671.39990234375,16.010000228881836,1256.699951171875,40.36000061035156,93.9499969482422,238.992,0.37,1.81,6.5,-0.35190795416856213,1.5380096361092388,1.142853213028161,1.6112773665144076,-0.307725936015546,0.3984837032104052,-6.13,0,4,2016
2016-04-12,66.29000091552734,7708.9501953125,16.020000457763672,1259.4000244140625,42.16999816894531,93.95999908447266,238.992,0.37,1.81,6.5,-0.38169903766944735,0.48948423295307464,0.21485424899314598,4.484632138805078,0.010646233693822893,0.38367162524911014,-6.13,0,4,2016
2016-04-13,66.31500244140625,7850.4501953125,16.040000915527344,1246.800048828125,41.7599983215332,94.73999786376952,238.992,0.37,1.81,6.5,0.037715380198544146,1.8355287868643932,-1.0004744593997916,-0.972254838071207,0.8301391942284075,0.3672925576731947,-6.13,0,4,2016
2016-04-14,66.5250015258789,7850.4501953125,16.040000915527344,1225.0,41.5,94.9000015258789,238.992,0.37,1.81,6.5,0.3166690443210163,0.0,-1.748479946613335,-0.6226013696919552,0.16888712868610156,0.36334482323356054,-6.13,0,4,2016
2016-04-15,66.63700103759766,7850.4501953125,16.040000915527344,1233.0999755859375,40.36000061035156,94.6999969482422,238.992,0.37,1.81,6.5,0.1683570223973252,0.0,0.6612224968112201,-2.746986481080571,-0.21075297620745115,0.3600915162462331,-6.13,0,4,2016
2016-04-18,66.65299987792969,7914.7001953125,16.950000762939453,1233.5999755859375,39.77999877929688,94.48999786376952,238.992,0.37,1.81,6.5,0.02400894410450327,0.8184244011682829,0.040548212626667635,-1.4370709174516771,-0.22175194428724065,0.3558937227575383,-6.13,0,4,2016
2016-04-19,66.40899658203125,7914.7001953125,16.950000762939453,1253.0,41.08000183105469,93.9800033569336,238.992,0.37,1.81,6.5,-0.36607999091610166,0.0,1.5726349544428198,3.2679816280798413,-0.5397338537050267,0.35974985638043955,-6.13,0,4,2016
2016-04-20,66.22200012207031,7914.75,17.079999923706055,1253.199951171875,42.630001068115234,94.48999786376952,238.992,0.37,1.81,6.5,-0.28158302276101166,0.0006292681500319475,0.01595779504190986,3.773123583185467,0.542662788485937,0.34998870410356864,-6.13,0,4,2016
2016-04-21,66.2040023803711,7912.0498046875,16.510000228881836,1249.0,43.18000030517578,94.5999984741211,238.992,0.37,1.81,6.5,-0.02717788901881457,-0.03411598992387743,-0.33513815316922324,1.2901694189069834,0.11641508396493805,0.3465801190171157,-6.13,0,4,2016
2016-04-22,66.51200103759766,7899.2998046875,16.3799991607666,1228.699951171875,43.72999954223633,95.12000274658205,238.992,0.37,1.81,6.5,0.4652266421250051,-0.16114660947212922,-1.6253041495696507,1.2737360657096186,0.5496874004741192,0.3552122044421323,-6.13,0,4,2016
2016-04-25,66.65299987792969,7855.0498046875,16.56999969482422,1238.9000244140625,42.63999938964844,94.83999633789062,238.992,0.37,1.81,6.5,0.21199007417072036,-0.5601762319964343,0.8301516763681072,-2.492568406123863,-0.29437174159615553,0.34236102970254867,-6.13,0,4,2016
2016-04-26,66.70500183105469,7962.64990234375,16.579999923706055,1242.199951171875,44.040000915527344,94.56999969482422,238.992,0.37,1.81,6.5,0.07801892370971064,1.3698206928241197,0.2663594069564512,3.2833056893025736,-0.28468647563468785,0.33435838481493046,-6.13,0,4,2016
2016-04-27,66.45700073242188,7979.89990234375,16.350000381469727,1249.199951171875,45.33000183105469,94.38999938964844,238.992,0.37,1.81,6.5,-0.3717878597184199,0.21663642394880167,0.5635163641245056,2.929157331312693,-0.19033552475059556,0.3353312183803817,-6.13,0,4,2016
2016-04-28,66.3550033569336,7847.25,16.600000381469727,1265.5,46.02999877929688,93.76000213623048,238.992,0.37,1.81,6.5,-0.1534787522219916,-1.6623003291656557,1.304839054214968,1.5442243987791704,-0.6674406796182697,0.3057233363506034,-6.13,0,4,2016
2016-04-29,66.43800354003906,7849.7998046875,16.540000915527344,1289.199951171875,45.91999816894531,93.08000183105467,238.992,0.37,1.81,6.5,0.12508504092600958,0.03249297126382,1.8727736998715994,-0.23897591411852215,-0.7252562816581265,0.30137808543665,-6.13,0,4,2016
2016-05-02,66.41799926757812,7805.89990234375,17.09000015258789,1294.699951171875,44.77999877929688,92.62999725341795,239.557,0.37,1.81,6.5,-0.030109683306300816,-0.5592486870497626,0.4266211765677319,-2.482577167042199,-0.483460000842606,0.29427191660489876,-6.13,0,5,2016
2016-05-03,66.37100219726562,7747.0,17.459999084472656,1290.699951171875,43.650001525878906,92.94000244140624,239.557,0.37,1.81,6.5,-0.07075953932782486,-0.75455620851691,-0.30895189239633636,-2.523441903130219,0.3346704061106376,0.2917203066329818,-6.13,0,5,2016
2016-05-04,66.59200286865234,7706.5498046875,17.450000762939453,1273.300048828125,43.77999877929688,93.18000030517578,239.557,0.37,1.81,6.5,0.33297775243752437,-0.5221401227894718,-1.3480981639421241,0.29781729409770197,0.25822881156136734,0.2902869266148779,-6.13,0,5,2016
2016-05-05,66.62000274658203,7735.5,17.170000076293945,1271.4000244140625,44.31999969482422,93.77999877929688,239.557,0.37,1.81,6.5,0.042046907621795526,0.3756570196288278,-0.1492204775937256,1.2334420524988676,0.6439133635501415,0.2876283042093516,-6.13,0,5,2016
2016-05-06,66.60199737548828,7733.4501953125,16.950000762939453,1292.9000244140625,44.65999984741211,93.88999938964844,239.557,0.37,1.81,6.5,-0.027026974409238846,-0.026498670900398924,1.6910492045891345,0.7671483640095733,0.1172964510379737,0.28760979684482346,-6.13,0,5,2016
2016-05-09,66.59400177001953,7866.0498046875,16.610000610351562,1265.5999755859375,43.43999862670898,94.1500015258789,239.557,0.37,1.81,6.5,-0.012005053577701652,1.7146242107484388,-2.1115359511650778,-2.731753750271959,0.2769220768140013,0.2875968048807376,-6.13,0,5,2016
2016-05-10,66.72100067138672,7887.7998046875,16.420000076293945,1263.9000244140625,44.65999984741211,94.29000091552734,239.557,0.37,1.81,6.5,0.19070621676375854,0.2765047328716186,-0.1343197854510092,2.8084743537561296,0.14869823407273053,0.2900422530395599,-6.13,0,5,2016
2016-05-11,66.66600036621094,7848.85009765625,16.959999084472656,1274.5999755859375,46.22999954223633,93.81999969482422,239.557,0.37,1.81,6.5,-0.08243327381534105,-0.493796850778383,0.8465820844362648,3.5154493958539312,-0.4984634808988808,0.24863886107481306,-6.13,0,5,2016
2016-05-12,66.59100341796875,7900.39990234375,16.329999923706055,1270.300048828125,46.70000076293945,94.13999938964844,239.557,0.37,1.81,6.5,-0.11249654671078302,0.6567816182767139,-0.3373550007982562,1.0166585017456597,0.3410783370977555,0.24972248691249269,-6.13,0,5,2016
2016-05-13,66.7509994506836,7814.89990234375,17.0,1271.9000244140625,46.209999084472656,94.61000061035156,239.557,0.37,1.81,6.5,0.24026673950323651,-1.0822236982540034,0.12595257218273037,-1.0492541123375276,0.49925772652470446,0.25037461046982784,-6.13,0,5,2016
2016-05-16,66.9000015258789,7860.75,17.030000686645508,1273.4000244140625,47.720001220703125,94.56999969482422,239.557,0.37,1.81,6.5,0.22322074039564654,0.5867010227795566,0.11793379756328548,3.267695663594705,-0.04227979628927958,0.2516953345554184,-6.13,0,5,2016
2016-05-17,66.875,7890.75,16.3700008392334,1276.199951171875,48.310001373291016,94.5500030517578,239.557,0.37,1.81,6.5,-0.03737148775584398,0.3816429729987636,0.21987801979985733,1.2363791649106615,-0.021144806102302294,0.24240272068039798,-6.13,0,5,2016
2016-05-18,66.86799621582031,7870.14990234375,16.450000762939453,1273.699951171875,48.18999862670898,95.08000183105467,239.557,0.37,1.81,6.5,-0.010472948306072816,-0.2610664088489645,-0.1958940679871013,-0.24840145553873816,0.5605486644000957,0.22570762967874805,-6.13,0,5,2016
2016-05-19,67.16000366210938,7783.39990234375,17.059999465942383,1254.199951171875,48.15999984741211,95.29000091552734,239.557,0.37,1.81,6.5,0.4366923832241021,-1.1022661712474568,-1.5309728152269275,-0.06225104825017258,0.22086567146455405,0.23787564718730547,-6.13,0,5,2016
2016-05-20,67.47699737548828,7749.7001953125,16.43000030517578,1252.4000244140625,47.75,95.30999755859376,239.557,0.37,1.81,6.5,0.47199776071147337,-0.43296897826234915,-0.14351194609206752,-0.8513285895164757,0.020985038172205428,0.24355351196919736,-6.13,0,5,2016
2016-05-23,67.4229965209961,7731.0498046875,16.15999984741211,1251.0999755859375,48.08000183105469,95.2300033569336,239.557,0.37,1.81,6.5,-0.08002853800931353,-0.24065951139995434,-0.10380459939173248,0.6911033111092868,-0.08393054633223374,0.23351338288235576,-6.13,0,5,2016
2016-05-24,67.447998046875,7748.85009765625,16.219999313354492,1228.9000244140625,48.619998931884766,95.56999969482422,239.557,0.37,1.81,6.5,0.037081600001442894,0.2302441895789764,-1.7744346259361055,1.123122047140379,0.35702648945235005,0.21926960986972532,-6.13,0,5,2016
2016-05-25,67.6510009765625,7934.89990234375,15.520000457763672,1223.5,49.560001373291016,95.3499984741211,239.557,0.37,1.81,6.5,0.3009769534544571,2.40099888812888,-0.43941934305332664,1.9333658207668192,-0.230199038825607,0.22365498172637385,-6.13,0,5,2016
2016-05-26,67.30400085449219,8069.64990234375,15.329999923706056,1220.0999755859375,49.47999954223633,95.16999816894533,239.557,0.37,1.81,6.5,-0.512926811224168,1.6981940750153468,-0.2778932908919063,-0.16142419055259483,-0.18877850871137358,0.2422061172649614,-6.13,0,5,2016
2016-05-27,66.9540023803711,8156.64990234375,15.260000228881836,1213.800048828125,49.33000183105469,95.5199966430664,239.557,0.37,1.81,6.5,-0.5200262535324907,1.0781136858828422,-0.5163451261268159,-0.3031481660657698,0.3677613542660385,0.2613865864718481,-6.13,0,5,2016
2016-05-30,67.02400207519531,8178.5,15.979999542236328,1213.800048828125,49.33000183105469,95.5199966430664,239.557,0.37,1.81,6.5,0.1045489326038318,0.26788078338353394,0.0,0.0,0.0,0.26188321253452845,-6.13,0,5,2016
2016-05-31,67.13300323486328,8160.10009765625,16.049999237060547,1214.800048828125,49.09999847412109,95.88999938964844,239.557,0.37,1.81,6.5,0.16263003743894888,-0.22497893677019265,0.08238589222051562,-0.46625450718877914,0.38735632284896404,0.252716316969332,-6.13,0,5,2016
2016-06-01,67.23100280761719,8179.9501953125,15.84000015258789,1211.9000244140625,49.0099983215332,95.45999908447266,240.222,0.38,1.64,6.5,0.1459782342986493,0.24325801667495206,-0.23872442356748236,-0.18329970546805407,-0.44843081438397103,0.24613217211966298,-6.12,0,6,2016
2016-06-02,67.4260025024414,8218.9501953125,15.09000015258789,1209.800048828125,49.16999816894531,95.55999755859376,240.222,0.38,1.64,6.5,0.29004430497967526,0.476775519028827,-0.17327960587778524,0.32646368678166393,0.10475432126562101,0.24946214402237565,-6.12,0,6,2016
2016-06-03,67.29199981689453,8220.7998046875,15.0,1240.0999755859375,48.619998931884766,94.02999877929688,240.222,0.38,1.64,6.5,-0.19874036806797335,0.022504204686080165,2.504540050825965,-1.118566722680736,-1.6010870849580638,0.241722228271483,-6.12,0,6,2016
2016-06-06,66.99199676513672,8201.0498046875,15.359999656677246,1244.5999755859375,49.68999862670898,93.9000015258789,240.222,0.38,1.64,6.5,-0.4458227613596488,-0.2402442641741276,0.36287396892122903,2.2007398567063907,-0.13825082963480062,0.2549756389683618,-6.12,0,6,2016
2016-06-07,66.8010025024414,8266.4501953125,14.869999885559082,1244.4000244140625,50.36000061035156,93.83000183105467,240.222,0.38,1.64,6.5,-0.28510011929471224,0.7974636440766236,-0.016065497010864238,1.3483638602526549,-0.07454706462911576,0.26054816064807773,-6.12,0,6,2016
2016-06-08,66.76300048828125,8273.0498046875,15.140000343322754,1259.800048828125,51.22999954223633,93.58999633789062,240.222,0.38,1.64,6.5,-0.056888389000997464,0.07983607496653278,1.2375461356418427,1.727559414893931,-0.2557875823088973,0.2510085651788524,-6.12,0,6,2016
2016-06-09,66.51000213623047,8203.599609375,15.670000076293944,1270.199951171875,50.560001373291016,94.0999984741211,240.222,0.38,1.64,6.5,-0.3789499426335552,-0.83947512649023,0.8255200778428451,-1.3078238823581056,0.5449323177545429,0.2594788982765166,-6.12,0,6,2016
2016-06-10,66.74099731445312,8170.0498046875,15.970000267028809,1273.4000244140625,49.06999969482422,94.5999984741211,240.222,0.38,1.64,6.5,0.34730893219565573,-0.4089644337244347,0.2519346059834948,-2.946996910593258,0.5313496366713633,0.2660230311100181,-6.12,0,6,2016
2016-06-13,66.94499969482422,8110.60009765625,16.579999923706055,1284.4000244140625,48.880001068115234,94.37000274658205,240.222,0.38,1.64,6.5,0.30566276888241983,-0.7276541569812833,0.8638291023326694,-0.38719916016022315,-0.2431244516372444,0.27105339132563383,-6.12,0,6,2016
2016-06-14,67.15399932861328,8108.85009765625,17.190000534057617,1285.5999755859375,48.4900016784668,94.93000030517578,240.222,0.38,1.64,6.5,0.31219603367214077,-0.021576701833758705,0.09342503496310162,-0.7978710743172135,0.5934063179986682,0.27528963318870303,-6.12,0,6,2016
2016-06-15,67.2979965209961,8206.599609375,17.059999465942383,1285.800048828125,48.0099983215332,94.61000061035156,240.222,0.38,1.64,6.5,0.21442831971656418,1.2054669964487674,0.015562635811061654,-0.9899017123498055,-0.33709016516959567,0.2717593895961661,-6.12,0,6,2016
2016-06-16,67.072998046875,8140.75,17.700000762939453,1296.0999755859375,46.209999084472656,94.56999969482422,240.222,0.38,1.64,6.5,-0.3343316082981662,-0.8023982222768011,0.8010519806092686,-3.749217454675935,-0.04227979628927958,0.2800101488362543,-6.12,0,6,2016
2016-06-17,67.30699920654297,8170.2001953125,17.350000381469727,1292.5,47.97999954223633,94.20999908447266,240.222,0.38,1.64,6.5,0.34887535443761664,0.3617626792678852,-0.27775446753712796,3.8303408198041344,-0.3806710495011911,0.2860412837424414,-6.12,0,6,2016
2016-06-20,67.06600189208984,8238.5,17.520000457763672,1290.0,49.369998931884766,93.61000061035156,240.222,0.38,1.64,6.5,-0.3580568399930928,0.8359624373303065,-0.19342359767892114,2.897039189058015,-0.636873452873199,0.29486454410318075,-6.12,0,6,2016
2016-06-21,67.12999725341797,8219.900390625,17.260000228881836,1270.5,48.84999847412109,94.0199966430664,240.222,0.38,1.64,6.5,0.09542146471037682,-0.2257645126540031,-1.5116279069767424,-1.0532721673361167,0.43798315355367823,0.29351665397211113,-6.12,0,6,2016
2016-06-22,67.60600280761719,8203.7001953125,18.18000030517578,1268.0,49.130001068115234,93.72000122070312,240.222,0.38,1.64,6.5,0.7090802527553786,-0.19708505629796313,-0.19677292404565172,0.5731885419453686,-0.3190761891878946,0.3184344718554232,-6.12,0,6,2016
2016-06-23,67.4219970703125,8270.4501953125,18.020000457763672,1261.199951171875,50.11000061035156,93.52999877929688,240.222,0.38,1.64,6.5,-0.27217366751929317,0.8136572328440339,-0.5362814533221627,1.99470694266346,-0.20273414311936522,0.3225038357180049,-6.12,0,6,2016
2016-06-24,67.24199676513672,8088.60009765625,18.6299991607666,1320.0,47.63999938964844,95.4499969482422,240.222,0.38,1.64,6.5,-0.2669756355452746,-2.1987932139331257,4.66223050306096,-4.929158233122988,2.0528153469518973,0.3250295098925365,-6.12,0,6,2016
2016-06-27,67.87699890136719,8094.7001953125,18.530000686645508,1322.5,46.33000183105469,96.54000091552734,240.222,0.38,1.64,6.5,0.9443534796392372,0.07541598771854119,0.18939393939394478,-2.749785002890648,1.141963333824103,0.36447170001869467,-6.12,0,6,2016
2016-06-28,67.9209976196289,8127.85009765625,17.729999542236328,1315.300048828125,47.84999847412109,96.25,240.222,0.38,1.64,6.5,0.06482124869082728,0.4095260052119798,-0.5444197483459368,3.280804193811959,-0.3003945647163331,0.36411419008628293,-6.12,0,6,2016
2016-06-29,67.70500183105469,8204.0,16.15999984741211,1323.9000244140625,49.880001068115234,95.7699966430664,240.222,0.38,1.64,6.5,-0.3180103298597525,0.9369009200318468,0.6538413492495287,4.242429798805625,-0.49870478642450866,0.3702229154865109,-6.12,0,6,2016
2016-06-30,67.41600036621094,8287.75,16.290000915527344,1318.4000244140625,48.33000183105469,96.13999938964844,240.222,0.38,1.64,6.5,-0.42685393549637407,1.0208434909800168,-0.4154392249093086,-3.107456302865541,0.3863451598113965,0.37205413920716096,-6.12,0,6,2016
2016-07-01,67.5009994506836,8328.349609375,15.739999771118164,1336.699951171875,48.9900016784668,95.6500015258789,240.101,0.39,1.5,6.5,0.12608147029034011,0.48987492835812496,1.3880405354168346,1.3656110540182675,-0.5096711742046178,0.362589664445084,-6.11,0,7,2016
2016-07-04,67.18199920654297,8370.7001953125,15.579999923706056,1336.699951171875,48.9900016784668,95.6500015258789,240.101,0.39,1.5,6.5,-0.47258595685488736,0.5085111447510116,0.0,0.0,0.0,0.37259073903070433,-6.11,0,7,2016
2016-07-05,67.23699951171875,8335.9501953125,15.359999656677246,1356.4000244140625,46.59999847412109,96.16999816894533,240.101,0.39,1.5,6.5,0.08186762201982667,-0.41513850919495665,1.4737842419247915,-4.878553015841636,0.5436452010152193,0.37288074025493173,-6.11,0,7,2016
2016-07-06,67.4260025024414,8335.9501953125,15.359999656677246,1364.9000244140625,47.43000030517578,96.05999755859376,240.101,0.39,1.5,6.5,0.2810996803771948,0.0,0.6266587914337318,1.7811198674515527,-0.11438142086508396,0.37232677480013054,-6.11,0,7,2016
2016-07-07,67.4010009765625,8337.900390625,15.3100004196167,1360.0999755859375,45.13999938964844,96.33000183105467,240.101,0.39,1.5,6.5,-0.03707994683208593,0.023394997172565546,-0.351677686443419,-4.828169725475306,0.2810787833886996,0.36011749389860115,-6.11,0,7,2016
2016-07-08,67.49700164794922,8323.2001953125,15.079999923706056,1356.5999755859375,45.40999984741211,96.3000030517578,240.101,0.39,1.5,6.5,0.14243211524425092,-0.17630571995113087,-0.2573340241765809,0.5981401449145496,-0.031141678321033872,0.34685259313853645,-6.11,0,7,2016
2016-07-11,67.13200378417969,8467.900390625,14.850000381469728,1355.0,44.7599983215332,96.56999969482422,240.101,0.39,1.5,6.5,-0.5407615966014134,1.7385163388715874,-0.11794011607927368,-1.4314061397556865,0.2803703369784083,0.36160609095833746,-6.11,0,7,2016
2016-07-12,67.1449966430664,8521.0498046875,14.779999732971191,1334.0999755859375,46.79999923706055,96.44000244140624,240.101,0.39,1.5,6.5,0.019354194950715886,0.6276575256050743,-1.5424372261300778,4.557642966992548,-0.13461453228621467,0.3604102361049624,-6.11,0,7,2016
2016-07-13,66.87000274658203,8519.5,15.329999923706056,1342.4000244140625,44.75,96.22000122070312,240.101,0.39,1.5,6.5,-0.40955232740006453,-0.018187954806314632,0.6221459395859386,-4.380340321538235,-0.22812237156130122,0.3669287811877857,-6.11,0,7,2016
2016-07-14,67.00599670410156,8565.0,15.609999656677246,1331.300048828125,45.68000030517578,96.08000183105467,240.101,0.39,1.5,6.5,0.20337064742603772,0.5340689007570898,-0.8268754010774426,2.0782129724598475,-0.14549925989641999,0.3647602243390905,-6.11,0,7,2016
2016-07-15,66.83799743652344,8541.400390625,15.640000343322754,1326.5,45.95000076293945,96.58000183105467,240.101,0.39,1.5,6.5,-0.2507227350411756,-0.27553542761237226,-0.3605534929823073,0.5910692993867483,0.5203996570266378,0.3657597780529301,-6.11,0,7,2016
2016-07-18,67.13300323486328,8508.7001953125,15.989999771118164,1328.4000244140625,45.2400016784668,96.55999755859376,240.101,0.39,1.5,6.5,0.44137438231899306,-0.3828434895569499,0.14323591511966605,-1.5451557620980494,-0.02071264452437882,0.36616991959847134,-6.11,0,7,2016
2016-07-19,67.13899993896484,8528.5498046875,15.800000190734863,1331.5,44.650001525878906,97.0500030517578,240.101,0.39,1.5,6.5,0.008932572375153214,0.23328603569714446,0.23336160260196692,-1.3041559033997951,0.5074622054196842,0.3619747294108099,-6.11,0,7,2016
2016-07-20,67.20600128173828,8565.849609375,15.989999771118164,1318.800048828125,44.93999862670898,97.1999969482422,240.101,0.39,1.5,6.5,0.0997949669109488,0.43735225263032973,-0.9538078236481451,0.6494895653295529,0.15455321150728007,0.36199539618931803,-6.11,0,7,2016
2016-07-21,67.16400146484375,8510.099609375,15.710000038146973,1330.5,44.75,97.0,240.101,0.39,1.5,6.5,-0.062494146495128966,-0.6508402848794281,0.8871664193727868,-0.42278289389189316,-0.20575818366403986,0.3544198367746834,-6.11,0,7,2016
2016-07-22,67.15399932861328,8541.2001953125,15.5,1323.0999755859375,44.18999862670898,97.47000122070312,240.101,0.39,1.5,6.5,-0.014892108886188637,0.3654550165692383,-0.5561837214627996,-1.2513997168514424,0.48453734093105716,0.34948658560016005,-6.11,0,7,2016
2016-07-25,67.14600372314453,8635.650390625,15.720000267028809,1319.300048828125,43.130001068115234,97.29000091552734,240.101,0.39,1.5,6.5,-0.011906372738312854,1.1058187743255843,-0.2871987625976402,-2.3987272947165628,-0.1846725176171904,0.34535699496949335,-6.11,0,7,2016
2016-07-26,67.40499877929688,8590.650390625,15.619999885559082,1320.699951171875,42.91999816894531,97.16000366210938,240.101,0.39,1.5,6.5,0.3857192413419419,-0.5210956669673972,0.10610947411042737,-0.48690677943240557,-0.133618308350969,0.34782331678608747,-6.11,0,7,2016
2016-07-27,67.28399658203125,8615.7998046875,15.43000030517578,1326.5999755859375,41.91999816894531,97.0500030517578,240.101,0.39,1.5,6.5,-0.1795151686921903,0.2927533180717701,0.446734658302006,-2.329916222418549,-0.11321593886937098,0.3473933683925454,-6.11,0,7,2016
2016-07-28,67.06300354003906,8666.2998046875,15.149999618530272,1332.300048828125,41.13999938964844,96.73999786376952,240.101,0.39,1.5,6.5,-0.3284481499590486,0.5861324676151858,0.429675361607762,-1.860684192192319,-0.3194283134880016,0.34719979025949604,-6.11,0,7,2016
2016-07-29,67.00700378417969,8638.5,14.920000076293944,1349.0,41.59999847412109,95.52999877929688,240.101,0.39,1.5,6.5,-0.08350320281426127,-0.3207805558776422,1.2534677294776086,1.118130994888622,-1.2507743551706252,0.34114329575591784,-6.11,0,7,2016
2016-08-01,66.64800262451172,8636.5498046875,15.18000030517578,1351.4000244140625,40.060001373291016,95.70999908447266,240.545,0.4,1.56,6.5,-0.5357666204927836,-0.022575624385023918,0.17791137242864075,-3.701916243550074,0.1884228069463756,0.34877518987706513,-6.1,0,8,2016
2016-08-02,66.7509994506836,8622.900390625,15.6899995803833,1364.4000244140625,39.5099983215332,95.05999755859376,240.545,0.4,1.56,6.5,0.15453850395510393,-0.1580424402241265,0.9619653518680771,-1.3729481600180726,-0.6791364874063066,0.3496172611901429,-6.1,0,8,2016
2016-08-03,66.6760025024414,8544.849609375,16.239999771118164,1356.0999755859375,40.83000183105469,95.55999755859376,240.545,0.4,1.56,6.5,-0.11235329636913871,-0.9051569392458547,-0.6083295719442328,3.3409353723056867,0.5259836028207454,0.32174301966067426,-6.1,0,8,2016
2016-08-04,66.76000213623047,8551.099609375,15.140000343322754,1358.800048828125,41.93000030517578,95.76000213623048,240.545,0.4,1.56,6.5,0.1259818085014741,0.07314347572768831,0.19910576585777662,2.6940936193748932,0.2092973867167336,0.32028587562079525,-6.1,0,8,2016
2016-08-05,66.84100341796875,8683.150390625,14.350000381469728,1336.4000244140625,41.79999923706055,96.19000244140624,240.545,0.4,1.56,6.5,0.12133205384414758,1.5442549763450941,-1.6485151316693702,-0.31004308888399335,0.4490395734996211,0.3183189771462514,-6.1,0,8,2016
2016-08-08,66.83499908447266,8711.349609375,14.59000015258789,1333.4000244140625,43.02000045776367,96.4000015258789,240.545,0.4,1.56,6.5,-0.008983009214491577,0.32475792173825013,-0.22448368341771996,2.9186632606955865,0.21831695513323535,0.26125601331161646,-6.1,0,8,2016
2016-08-09,66.79399871826172,8678.25,14.539999961853027,1339.0,42.77000045776367,96.18000030517578,240.545,0.4,1.56,6.5,-0.06134565238657963,-0.3799596028080332,0.4199771623971893,-0.5811250519289213,-0.228217030312039,0.26033742725368897,-6.1,0,8,2016
2016-08-10,66.78299713134766,8575.2998046875,14.920000076293944,1344.300048828125,41.709999084472656,95.6500015258789,240.545,0.4,1.56,6.5,-0.016470921228217694,-1.1863013316336768,0.39582142106981966,-2.478375875487282,-0.5510488434343985,0.2556283754226926,-6.1,0,8,2016
2016-08-11,66.75800323486328,8592.150390625,14.210000038146973,1342.5,43.4900016784668,95.86000061035156,240.545,0.4,1.56,6.5,-0.03742553877181809,0.196501420606765,-0.13390231070021796,4.267568048585213,0.21954948366189608,0.24526655020737467,-6.1,0,8,2016
2016-08-12,66.73999786376953,8592.150390625,13.770000457763672,1335.800048828125,44.4900016784668,95.72000122070312,240.545,0.4,1.56,6.5,-0.026971104918172006,0.0,-0.4990652641992499,2.2993790788817803,-0.14604567990511574,0.24344139979065785,-6.1,0,8,2016
2016-08-15,66.89959716796875,8592.150390625,13.770000457763672,1340.300048828125,45.7400016784668,95.62999725341795,240.545,0.4,1.56,6.5,0.23913591445567928,0.0,0.3368767656467542,2.809620033359095,-0.09402838083719667,0.23407849392758895,-6.1,0,8,2016
2016-08-16,66.86489868164062,8642.5498046875,14.18000030517578,1350.5,46.58000183105469,94.79000091552734,240.545,0.4,1.56,6.5,-0.05186651010917753,0.5865750920455381,0.7610199806224793,1.8364672535273296,-0.8783816396696453,0.23346687844470462,-6.1,0,8,2016
2016-08-17,66.85769653320312,8624.0498046875,14.779999732971191,1342.699951171875,46.790000915527344,94.72000122070312,240.545,0.4,1.56,6.5,-0.010771194721748145,-0.21405719860551065,-0.57756748079415,0.45083528599745293,-0.07384712960030182,0.22654166671981002,-6.1,0,8,2016
2016-08-18,66.90550231933594,8673.25,14.550000190734863,1351.199951171875,48.220001220703125,94.16000366210938,240.545,0.4,1.56,6.5,0.07150378881071173,0.5704998976902687,0.6330528270729108,3.056209184003733,-0.5912136310988081,0.22725725899118823,-6.1,0,8,2016
2016-08-19,66.81999969482422,8666.900390625,14.539999961853027,1340.4000244140625,48.52000045776367,94.51000213623048,240.545,0.4,1.56,6.5,-0.12779610278332854,-0.07320911278931863,-0.7992841287809305,0.6221468881500991,0.37170609654717524,0.22576954046649964,-6.1,0,8,2016
2016-08-22,67.12750244140625,8629.150390625,14.239999771118164,1337.699951171875,47.04999923706055,94.5199966430664,240.545,0.4,1.56,6.5,0.46019567193420485,-0.43556517669032235,-0.20143786877113712,-3.029680970392301,0.010575078414998274,0.22212987887761534,-6.1,0,8,2016
2016-08-23,67.1874008178711,8632.599609375,13.899999618530272,1340.5999755859375,48.09999847412109,94.54000091552734,240.545,0.4,1.56,6.5,0.08923075384359436,0.03997170745508871,0.21679184569918242,2.231666852469294,0.021164063871559335,0.22270527145209174,-6.1,0,8,2016
2016-08-24,67.12999725341797,8650.2998046875,13.489999771118164,1324.4000244140625,46.77000045776367,94.79000091552734,240.545,0.4,1.56,6.5,-0.08543798949557369,0.20503899304304962,-1.2084105226687347,-2.7650687287921305,0.2644383304199138,0.2095048999784572,-6.1,0,8,2016
2016-08-25,67.16000366210938,8592.2001953125,13.289999961853027,1320.0999755859375,47.33000183105469,94.7699966430664,240.545,0.4,1.56,6.5,0.044698957126620975,-0.6716485056797228,-0.3246790055011828,1.197351652362566,-0.021103779162068292,0.20651862896768833,-6.1,0,8,2016
2016-08-26,67.00559997558594,8572.5498046875,13.56999969482422,1321.5,47.63999938964844,95.56999969482422,240.545,0.4,1.56,6.5,-0.2299042258845918,-0.22870033493540554,0.10605442314632896,0.654970518911635,0.8441522423714654,0.20565293594024378,-6.1,0,8,2016
2016-08-29,67.12899780273438,8607.4501953125,13.170000076293944,1322.9000244140625,46.97999954223633,95.58000183105467,240.545,0.4,1.56,6.5,0.18416046896587712,0.40711796863421856,0.10594206689840124,-1.3853901256672074,0.010465769867518127,0.19188709501030138,-6.1,0,8,2016
2016-08-30,67.08999633789062,8744.349609375,13.020000457763672,1311.699951171875,46.34999847412109,96.0500030517578,240.545,0.4,1.56,6.5,-0.05809928066907721,1.5904758198549196,-0.8466303602306047,-1.3409984552018805,0.49173594025859746,0.1921693056896647,-6.1,0,8,2016
2016-08-31,67.12660217285156,8786.2001953125,13.239999771118164,1306.9000244140625,44.70000076293945,96.0199966430664,240.545,0.4,1.56,6.5,0.054562284929304816,0.47860147188798496,-0.3659317630929415,-3.559865729235978,-0.03124040368350789,0.19151735332966546,-6.1,0,8,2016
2016-09-01,66.97470092773438,8774.650390625,13.34000015258789,1312.199951171875,43.15999984741211,95.6500015258789,241.176,0.4,1.63,6.5,-0.22629068089285997,-0.13145392127147382,0.4055342152272656,-3.4451921459566326,-0.38533131652032093,0.19554194370223055,-6.1,0,9,2016
2016-09-02,66.79299926757812,8809.650390625,12.9399995803833,1322.0999755859375,44.43999862670898,95.87999725341795,241.176,0.4,1.63,6.5,-0.2712989496620577,0.39887629069979,0.7544600504840071,2.9657061719698286,0.24045553985361234,0.20131662508977313,-6.1,0,9,2016
2016-09-05,66.57279968261719,8809.650390625,12.9399995803833,1322.0999755859375,44.43999862670898,95.87999725341795,241.176,0.4,1.63,6.5,-0.3296746476061041,0.0,0.0,0.0,0.0,0.20920271281699326,-6.1,0,9,2016
2016-09-06,66.45999908447266,8943.0,12.75,1349.4000244140625,44.83000183105469,94.81999969482422,241.176,0.4,1.63,6.5,-0.16943946879551808,1.5136765190694401,2.064900486517751,0.8775949963943264,-1.1055460877747891,0.19541058255977886,-6.1,0,9,2016
2016-09-07,66.25520324707031,8917.9501953125,13.149999618530272,1344.300048828125,45.5,94.95999908447266,241.176,0.4,1.63,6.5,-0.3081490223044381,-0.2801051625573092,-0.37794393757715206,1.4945307641749617,0.14764753227063387,0.19978390754712555,-6.1,0,9,2016
2016-09-08,66.47160339355469,8952.5,13.119999885559082,1336.800048828125,47.619998931884766,95.02999877929688,241.176,0.4,1.63,6.5,0.32661607825337224,0.38741867728371293,-0.557911160275415,4.659338311834649,0.07371492786341083,0.20418135738227702,-6.1,0,9,2016
2016-09-09,66.44999694824219,8866.7001953125,13.229999542236328,1330.0999755859375,45.880001068115234,95.33999633789062,241.176,0.4,1.63,6.5,-0.03250477528663476,-0.9583893290980194,-0.5012023487028561,-3.653922517424679,0.32621021001348893,0.20392682704770326,-6.1,0,9,2016
2016-09-12,66.77799987792969,8715.599609375,15.239999771118164,1321.0,46.290000915527344,95.0999984741211,241.176,0.4,1.63,6.5,0.49360864522383086,-1.7041355026008564,-0.6841572628349835,0.893635217670119,-0.2517284172310674,0.2020706378011668,-6.1,0,9,2016
2016-09-13,66.7229995727539,8715.599609375,15.239999771118164,1319.0,44.900001525878906,95.62999725341795,241.176,0.4,1.63,6.5,-0.08236291185168554,0.0,-0.15140045420136694,-3.0028070040114874,0.5573068220827482,0.2007181536864046,-6.1,0,9,2016
2016-09-14,66.99500274658203,8726.599609375,14.760000228881836,1321.5,43.58000183105469,95.33000183105467,241.176,0.4,1.63,6.5,0.4076602904093507,0.12621047883116798,0.18953752843062777,-2.939865590123447,-0.3137043092956482,0.21287421713278626,-6.1,0,9,2016
2016-09-15,66.75810241699219,8742.5498046875,14.68000030517578,1313.5,43.90999984741211,95.29000091552734,241.176,0.4,1.63,6.5,-0.35360895570965,0.1827767518446155,-0.6053726825577033,0.757223502735771,-0.04196046864471947,0.22214626544415011,-6.1,0,9,2016
2016-09-16,66.85030364990234,8779.849609375,14.579999923706056,1305.800048828125,43.02999877929688,96.11000061035156,241.176,0.4,1.63,6.5,0.1381124231696118,0.4266467508998506,-0.5862163054339509,-2.004101733484953,0.860530682071392,0.2224828011625756,-6.1,0,9,2016
2016-09-19,67.06529998779297,8808.400390625,14.9399995803833,1313.5,43.29999923706055,95.83999633789062,241.176,0.4,1.63,6.5,0.3216086182892486,0.3251853109136782,0.5896730650902571,0.6274702891545747,-0.2809325468174584,0.23004519811077875,-6.1,0,9,2016
2016-09-20,66.9552001953125,8775.900390625,14.779999732971191,1313.699951171875,43.43999862670898,96.0199966430664,241.176,0.4,1.63,6.5,-0.16416804592018774,-0.3689659706499149,0.015222776693946116,0.3233242312129292,0.1878133473014465,0.2319296209441892,-6.1,0,9,2016
2016-09-21,66.9749984741211,8777.150390625,14.8100004196167,1326.9000244140625,45.34000015258789,95.66000366210938,241.176,0.4,1.63,6.5,0.029569441583099376,0.014243552733739229,1.004801228043939,4.373852637994102,-0.3749145943997778,0.23191241702624413,-6.1,0,9,2016
2016-09-22,66.76119995117188,8867.4501953125,13.34000015258789,1340.4000244140625,46.31999969482422,95.4499969482422,241.176,0.4,1.63,6.5,-0.3192213927885823,1.0288054854791007,1.0174089796977315,2.161445829153563,-0.21953450326946955,0.2394758904905752,-6.1,0,9,2016
2016-09-23,66.62259674072266,8831.5498046875,13.25,1337.199951171875,44.47999954223633,95.4800033569336,241.176,0.4,1.63,6.5,-0.20761042424430887,-0.404855847332275,-0.23874016591325375,-3.972366504124769,0.031436783290472725,0.24244139420853883,-6.1,0,9,2016
2016-09-26,66.69650268554688,8723.0498046875,14.56999969482422,1339.699951171875,45.93000030517578,95.30999755859376,241.176,0.4,1.63,6.5,0.11093224887621655,-1.2285499419638857,0.18695782914208703,3.2598938351215523,-0.17805382526464575,0.23908570131715506,-6.1,0,9,2016
2016-09-27,66.60649871826172,8706.400390625,14.25,1325.9000244140625,44.66999816894531,95.44000244140624,241.176,0.4,1.63,6.5,-0.13494555735478198,-0.19086689214536934,-1.030075931983221,-2.743309662221971,0.13640214682888452,0.240068186335533,-6.1,0,9,2016
2016-09-28,66.44129943847656,8745.150390625,13.850000381469728,1319.4000244140625,47.04999923706055,95.43000030517578,241.176,0.4,1.63,6.5,-0.24802276499164,0.44507486747020764,-0.49023304022280945,5.327963209476505,-0.010480025120074288,0.2438824273793892,-6.1,0,9,2016
2016-09-29,66.33280181884766,8591.25,18.450000762939453,1321.699951171875,47.83000183105469,95.54000091552734,241.176,0.4,1.63,6.5,-0.163298461267114,-1.75983698107679,0.17431610696185817,1.657816379686028,0.11526837472470852,0.24459344482359335,-6.1,1,9,2016
2016-09-30,66.81629943847656,8611.150390625,17.18000030517578,1313.300048828125,48.2400016784668,95.45999908447266,241.176,0.4,1.63,6.5,0.7288967243526345,0.23163556671030872,-0.6355377660642536,0.8572022406779567,-0.0837364771698268,0.2800272897777557,-6.1,1,9,2016
2016-10-03,66.54650115966797,8738.099609375,15.619999885559082,1309.0,48.810001373291016,95.75,241.741,0.4,1.76,6.5,-0.40379111246203747,1.4742422671912614,-0.3274231834501151,1.1815913660688127,0.30379312623993737,0.27547845004411725,-6.1,1,10,2016
2016-10-04,66.38030242919922,8769.150390625,14.989999771118164,1266.300048828125,48.68999862670898,96.12000274658205,241.741,0.4,1.76,6.25,-0.2497482626020897,0.3553493624252724,-3.2620283553762452,-0.24585688015920093,0.3864258449943092,0.2774235699363178,-5.85,1,10,2016
2016-10-05,66.5780029296875,8743.9501953125,14.93000030517578,1265.199951171875,49.83000183105469,96.12999725341795,241.741,0.4,1.76,6.25,0.29783006894124053,-0.28737328235858284,-0.0868749596328322,2.341349838774409,0.010397946889639798,0.2840013683893946,-5.85,1,10,2016
2016-10-06,66.56320190429688,8709.5498046875,14.84000015258789,1249.800048828125,50.43999862670898,96.66000366210938,241.741,0.4,1.76,6.25,-0.022231104477943298,-0.3934193340149772,-1.2171911901740162,1.224155675776295,0.5513434139545526,0.2836803626468188,-5.85,1,10,2016
2016-10-07,66.68710327148438,8697.599609375,14.489999771118164,1248.9000244140625,49.810001373291016,96.5199966430664,241.741,0.4,1.76,6.25,0.18614093619722105,-0.13720795655899343,-0.07201347246756917,-1.249003311995267,-0.144844831097235,0.2837079077787099,-5.85,0,10,2016
2016-10-10,66.59120178222656,8708.7998046875,14.289999961853027,1248.9000244140625,49.810001373291016,96.5199966430664,241.741,0.4,1.76,6.25,-0.14380814963186328,0.12877340663539627,0.0,0.0,0.0,0.28206342182005,-5.85,0,10,2016
2016-10-11,66.48509979248047,8708.7998046875,14.289999961853027,1253.0,50.790000915527344,97.6999969482422,241.741,0.4,1.76,6.25,-0.1593333457069579,0.0,0.32828693296416134,1.9674754370953007,1.2225449090507823,0.2830592294617423,-5.85,0,10,2016
2016-10-12,66.79850006103516,8708.7998046875,14.289999961853027,1251.0999755859375,50.18000030517578,97.97000122070312,241.741,0.4,1.76,6.25,0.4713842192203943,0.0,-0.1516380218725022,-1.201025003653966,0.2763605740990549,0.29721870176684756,-5.85,0,10,2016
2016-10-13,66.81809997558594,8573.349609375,15.43000030517578,1255.0,50.43999862670898,97.5199966430664,241.741,0.4,1.76,6.25,0.029341848294306416,-1.555325628677262,0.3117276388912016,0.5181313669828214,-0.45932894970875937,0.2946322425198489,-5.85,0,10,2016
2016-10-14,66.78399658203125,8583.400390625,14.890000343322754,1253.0999755859375,50.34999847412109,98.0199966430664,241.741,0.4,1.76,6.25,-0.05103915491034838,0.11723284023095193,-0.15139636765437725,-0.17843012497671396,0.5127153580922084,0.29054491350213324,-5.85,0,10,2016
2016-10-17,66.7052993774414,8520.400390625,15.65999984741211,1254.4000244140625,49.93999862670898,97.88999938964844,241.741,0.4,1.76,6.25,-0.11783841731182187,-0.7339748483457642,0.1037466166669665,-0.8142996223184373,-0.13262319717408655,0.2847743507052732,-5.85,0,10,2016
2016-10-18,66.78359985351562,8677.900390625,14.539999961853027,1260.800048828125,50.290000915527344,97.9000015258789,241.741,0.4,1.76,6.25,0.1173826919375065,1.8485046802882321,0.5102060179767554,0.7008456116199824,0.010217730404371572,0.2834575088267619,-5.85,0,10,2016
2016-10-19,66.73799896240234,8659.099609375,14.609999656677246,1267.9000244140625,51.59999847412109,97.87000274658205,241.741,0.4,1.76,6.25,-0.06828157094451726,-0.21665126820665792,0.5631325595630177,2.6048867264770292,-0.030642266424207865,0.2772980004462458,-5.85,0,10,2016
2016-10-20,66.63639831542969,8699.400390625,14.170000076293944,1265.5999755859375,50.43000030517578,98.31999969482422,241.741,0.4,1.76,6.25,-0.15223807808486534,0.4654153788272275,-0.18140616640400786,-2.2674383789605956,0.45979047268176476,0.2730619835099307,-5.85,0,10,2016
2016-10-21,66.84130096435547,8693.0498046875,13.829999923706056,1265.9000244140625,50.84999847412109,98.6999969482422,241.741,0.4,1.76,6.25,0.30749358324537734,-0.07300027188475999,0.02370803049249748,0.8328339607449831,0.3864902914945567,0.2783019702007347,-5.85,0,10,2016
2016-10-24,66.91120147705078,8708.9501953125,14.329999923706056,1262.0,50.52000045776367,98.66999816894533,241.741,0.4,1.76,6.25,0.10457682852789141,0.18290923188344355,-0.3080831296979891,-0.648963670127467,-0.030393900936598328,0.26417534091359113,-5.85,0,10,2016
2016-10-25,66.83399963378906,8691.2998046875,14.479999542236328,1271.9000244140625,49.959999084472656,98.72000122070312,241.741,0.4,1.76,6.25,-0.11537955014632173,-0.20266955521803798,0.7844710312252312,-1.108474600587528,0.050677057551151705,0.2646287601010753,-5.85,0,10,2016
2016-10-26,66.78130340576172,8615.25,14.449999809265137,1264.800048828125,49.18000030517578,98.62999725341795,241.741,0.4,1.76,6.25,-0.07884643791497004,-0.8750107164233856,-0.5582180556375382,-1.5612465844485834,-0.09117095438841982,0.25384515127305307,-5.85,0,10,2016
2016-10-27,66.86399841308594,8615.25,14.09000015258789,1267.9000244140625,49.720001220703125,98.88999938964844,241.741,0.4,1.76,6.25,0.12382957969803154,0.0,0.24509609948304423,1.0980091748200138,0.26361365048246377,0.24644025919548765,-5.85,0,10,2016
2016-10-28,66.90299987792969,8638.0,14.649999618530272,1275.5,48.70000076293945,98.3499984741211,241.741,0.4,1.76,6.25,0.05832954320619255,0.26406662604103737,0.5994144206637797,-2.051489204990098,-0.5460622093844125,0.24538893741688153,-5.85,0,10,2016
2016-10-31,66.78140258789062,8638.0,14.649999618530272,1271.5,46.86000061035156,98.4499969482422,241.741,0.4,1.76,6.25,-0.18175162587765747,0.0,-0.3136025088200656,-3.7782343403742313,0.10167613184806079,0.23999631998772497,-5.85,0,10,2016
2016-11-01,66.66549682617188,8626.25,15.739999771118164,1286.4000244140625,46.66999816894531,97.6999969482422,242.026,0.41,2.14,6.25,-0.17355993918547474,-0.13602685806899384,1.1718461985106066,-0.40546828623873044,-0.7618080479924183,0.24020518295489515,-5.84,0,11,2016
2016-11-02,66.67849731445312,8514.0,16.799999237060547,1306.800048828125,45.34000015258789,97.4000015258789,242.026,0.41,2.14,6.25,0.01950107461907713,-1.3012606868569754,1.5858227632850497,-2.8497923045611273,-0.30705776021898723,0.24014898383681602,-5.84,0,11,2016
2016-11-03,66.77749633789062,8484.9501953125,16.469999313354492,1302.0999755859375,44.65999984741211,97.16000366210938,242.026,0.41,2.14,6.25,0.14847218732394474,-0.3412004309079175,-0.3596627690978682,-1.499780112234883,-0.24640437372659418,0.23480715517519665,-5.84,0,11,2016
2016-11-04,66.68450164794922,8433.75,16.850000381469727,1303.300048828125,44.06999969482422,97.06999969482422,242.026,0.41,2.14,6.25,-0.13926052194418448,-0.603423639902867,0.09216444702315751,-1.3210930465824444,-0.09263479198514668,0.23303734386386651,-5.84,0,11,2016
2016-11-07,66.7853012084961,8497.0498046875,16.510000228881836,1278.300048828125,44.88999938964844,97.77999877929688,242.026,0.41,2.14,6.25,0.15115890207746396,0.7505534867348507,-1.9182075549278865,1.8606755173645295,0.731429985273313,0.23379217564243748,-5.84,0,11,2016
2016-11-08,66.73500061035156,8543.5498046875,16.770000457763672,1273.4000244140625,44.97999954223633,97.86000061035156,242.026,0.41,2.14,6.25,-0.07531686948225591,0.5472487636161372,-0.383323494241794,0.2004904295201282,0.08181819600474594,0.23281545905713155,-5.84,0,11,2016
2016-11-09,66.22949981689453,8432.0,16.6200008392334,1272.5999755859375,45.27000045776367,98.5,242.026,0.41,2.14,6.25,-0.7574747716097563,-1.3056610804363489,-0.06282776918377087,0.644733033523126,0.6539948760032388,0.26796180173015427,-5.84,0,11,2016
2016-11-10,66.50749969482422,8525.75,15.460000038146973,1265.5,44.65999984741211,98.79000091552734,242.026,0.41,2.14,6.25,0.41975234404347805,1.1118358633776193,-0.5579110264141374,-1.3474720657904227,0.29441717312421734,0.2774577753753864,-5.84,0,11,2016
2016-11-11,67.2145004272461,8296.2998046875,17.360000610351562,1265.5,44.65999984741211,98.79000091552734,242.026,0.41,2.14,6.25,1.0630391093726432,-2.6912611243878892,0.0,0.0,0.0,0.3119147633953853,-5.84,0,11,2016
2016-11-14,67.54679870605469,8296.2998046875,17.360000610351562,1221.199951171875,43.31999969482422,100.11000061035156,242.026,0.41,2.14,6.25,0.49438480788572825,0.0,-3.500596509531806,-3.0004481799512095,1.3361673070060087,0.31291103258625436,-5.84,0,11,2016
2016-11-15,67.77549743652344,8108.4501953125,20.149999618530277,1224.0,45.810001373291016,100.19000244140624,242.026,0.41,2.14,6.25,0.33857819297105074,-2.2642577269069153,0.22928668032111688,5.7479263527425495,0.0799139252491532,0.3118975039587683,-5.84,0,11,2016
2016-11-16,67.74800109863281,8111.60009765625,19.5,1223.4000244140625,45.56999969482422,100.41000366210938,242.026,0.41,2.14,6.25,-0.04056973232307026,0.03884715658204474,-0.0490176132301845,-0.5239067261995967,0.21958400573132142,0.30947714655639724,-5.84,0,11,2016
2016-11-17,67.98149871826172,8079.9501953125,18.709999084472656,1216.5,45.41999816894531,100.88999938964844,242.026,0.41,2.14,6.25,0.3446561017925287,-0.3901807530291679,-0.5640039460819257,-0.32916727426693937,0.47803576340292864,0.3133992064099556,-5.84,0,11,2016
2016-11-18,67.97480010986328,8074.10009765625,17.809999465942383,1208.5,45.68999862670898,101.20999908447266,242.026,0.41,2.14,6.25,-0.009853575641516343,-0.0724026450019899,-0.6576243321002928,0.5944528151660577,0.3171768230350924,0.3129539453408492,-5.84,0,11,2016
2016-11-21,68.16999816894531,7929.10009765625,19.100000381469727,1209.5999755859375,47.4900016784668,101.0500030517578,242.026,0.41,2.14,6.25,0.28716238777686254,-1.7958657713704862,0.09101990781443803,3.9395997064127553,-0.15808322711406975,0.3129658151777385,-5.84,0,11,2016
2016-11-22,68.21549987792969,8002.2998046875,18.46999931335449,1211.0,48.02999877929688,101.04000091552734,242.026,0.41,2.14,6.25,0.06674741118755101,0.9231779915716665,0.11574276143517803,1.1370753458510352,-0.009898204778213682,0.30974407569605483,-5.84,0,11,2016
2016-11-23,68.385498046875,8033.2998046875,18.040000915527344,1189.0999755859375,47.959999084472656,101.6999969482422,242.026,0.41,2.14,6.25,0.24920753970800735,0.38738863522509437,-1.8084248071067344,-0.1457416127489064,0.6532027184625866,0.30279363366946654,-5.84,0,11,2016
2016-11-24,68.79850006103516,7965.5,17.15999984741211,1189.0999755859375,47.959999084472656,101.6999969482422,242.026,0.41,2.14,6.25,0.6039321580681767,-0.8439844937436325,0.0,0.0,0.0,0.3173824460932133,-5.84,0,11,2016
2016-11-25,68.74549865722656,8114.2998046875,17.610000610351562,1178.199951171875,46.060001373291016,101.48999786376952,242.026,0.41,2.14,6.25,-0.07703860369276949,1.8680535394827613,-0.9166617305404801,-3.961629998856231,-0.2064887814889116,0.31783831552504305,-5.84,0,11,2016
2016-11-28,68.50849914550781,8126.89990234375,18.059999465942383,1190.5999755859375,47.08000183105469,101.33000183105467,242.026,0.41,2.14,6.25,-0.34474913463128365,0.1552826240037497,1.0524550100115881,2.2145037502216525,-0.15764709437634528,0.32572979822362935,-5.84,0,11,2016
2016-11-29,68.55549621582031,8142.14990234375,17.709999084472656,1187.9000244140625,45.22999954223633,100.93000030517578,242.026,0.41,2.14,6.25,0.06860035017359767,0.18764842908427504,-0.22677231876695458,-3.9294864419441633,-0.39475132601478613,0.3257073755281005,-5.84,0,11,2016
2016-11-30,68.60800170898438,8224.5,16.850000381469727,1170.800048828125,49.43999862670898,101.5,242.026,0.41,2.14,6.25,0.07658830591608101,1.011404833415619,-1.4395130258855082,9.307979498300245,0.5647475409697345,0.324384168204434,-5.84,0,11,2016
2016-12-01,68.58799743652344,8192.900390625,16.690000534057617,1166.9000244140625,51.060001373291016,101.04000091552734,242.637,0.54,2.49,6.25,-0.02915734602764175,-0.384213136056899,-0.3331076401957844,3.2767046755273643,-0.4532010684459631,0.3219491069236394,-5.71,0,12,2016
2016-12-02,68.21649932861328,8086.7998046875,17.93000030517578,1175.0999755859375,51.68000030517578,100.7699966430664,242.637,0.54,2.49,6.25,-0.5416371986278978,-1.2950308300941793,0.7027124004040042,1.2142556114561387,-0.2672251286761851,0.3396249511381965,-5.71,0,12,2016
2016-12-05,68.0114974975586,8128.75,17.290000915527344,1174.0,51.790000915527344,100.13999938964844,242.637,0.54,2.49,6.25,-0.30051649245023127,0.518749027126697,-0.09360697887760283,0.2128494769775502,-0.6251833625136038,0.34613036233008343,-5.71,0,12,2016
2016-12-06,68.01249694824219,8143.14990234375,17.110000610351562,1167.5999755859375,50.93000030517578,100.48999786376952,242.637,0.54,2.49,6.25,0.0014695319473512214,0.17714780678148578,-0.5451468836509821,-1.6605533793179084,0.34950916342550986,0.3448023386120393,-5.71,0,12,2016
2016-12-07,67.72200012207031,8102.0498046875,16.850000381469727,1175.0,49.77000045776367,100.2300033569336,242.637,0.54,2.49,6.25,-0.42712271892170195,-0.5047198952388254,0.633780795545924,-2.277635657689603,-0.258726751281646,0.35530176620768605,-5.71,0,12,2016
2016-12-08,67.43150329589844,8246.849609375,15.529999732971191,1169.800048828125,50.84000015258789,101.06999969482422,242.637,0.54,2.49,6.25,-0.4289548826795553,1.7871996368588716,-0.44254903590426053,2.1498888587156983,0.8380687516284624,0.36538398923535076,-5.71,0,12,2016
2016-12-09,67.40599822998047,8261.75,15.06999969482422,1159.4000244140625,51.5,101.56999969482422,242.637,0.54,2.49,6.25,-0.03782366501018375,0.18067979083868924,-0.8890429116053644,1.2981900972290017,0.4947066404568323,0.36553790396035185,-5.71,0,12,2016
2016-12-12,67.46050262451172,8170.7998046875,16.190000534057617,1163.5,52.83000183105469,100.95999908447266,242.637,0.54,2.49,6.25,0.08085985811721041,-1.1008587201561393,0.35362907534950416,2.5825278272906482,-0.6005716374759884,0.3635397258015009,-5.71,0,12,2016
2016-12-13,67.41799926757812,8221.7998046875,15.920000076293944,1156.699951171875,52.97999954223633,101.02999877929688,242.637,0.54,2.49,6.25,-0.06300480322563029,0.6241739024219095,-0.5844476861302073,0.28392524320048906,0.06933408821214737,0.361916002761124,-5.71,0,12,2016
2016-12-14,67.3864974975586,8182.4501953125,16.59000015258789,1161.300048828125,51.040000915527344,102.0,242.637,0.54,2.49,6.25,-0.04672605292617149,-0.47860091840919994,0.3976915233366851,-3.6617565939433327,0.9601120780196482,0.3622349155733472,-5.71,0,12,2016
2016-12-15,67.81999969482422,8153.60009765625,15.65999984741211,1127.800048828125,50.900001525878906,103.12999725341795,242.637,0.54,2.49,6.25,0.6433072104412796,-0.3525850688682164,-2.884698061780422,-0.2742934700964095,1.1078404445274082,0.37844379815149,-5.71,0,12,2016
2016-12-16,67.84500122070312,8139.4501953125,15.25,1135.300048828125,51.900001525878906,102.9499969482422,242.637,0.54,2.49,6.25,0.03686453257358835,-0.1735417750965862,0.6650114980747857,1.9646364833438623,-0.17453729270781038,0.37673121430000023,-5.71,0,12,2016
2016-12-19,67.83499908447266,8104.35009765625,14.84000015258789,1140.5,52.119998931884766,103.13999938964844,242.637,0.54,2.49,6.25,-0.014742628123676216,-0.4312342580149231,0.4580243942773121,0.4238870896683178,0.18455798643857158,0.37653738497746336,-5.71,0,12,2016
2016-12-20,67.84020233154297,8082.39990234375,14.539999961853027,1131.5,52.22999954223633,103.29000091552734,242.637,0.54,2.49,6.25,0.007670446142160614,-0.27084460873485483,-0.7891275756247262,0.21105259517621988,0.14543487179228265,0.37586885208043996,-5.71,0,12,2016
2016-12-21,67.89700317382812,8061.2998046875,14.710000038146973,1131.0999755859375,52.4900016784668,103.0199966430664,242.637,0.54,2.49,6.25,0.08372740695490322,-0.26106228238139684,-0.03535346125165262,0.49780229467590864,-0.26140407596835225,0.3430800077666224,-5.71,0,12,2016
2016-12-22,67.82550048828125,7979.10009765625,15.550000190734863,1128.800048828125,52.95000076293945,103.08999633789062,242.637,0.54,2.49,6.25,-0.1053105177025504,-1.0196830414798908,-0.20333540866899202,0.8763556291928376,0.06794767725215589,0.33869906850799286,-5.71,0,12,2016
2016-12-23,67.83799743652344,7985.75,15.130000114440918,1131.9000244140625,53.02000045776367,103.01000213623048,242.637,0.54,2.49,6.25,0.018425147108724893,0.08334150796909245,0.2746257487458381,0.1321996106055101,-0.07759647347154175,0.281533268431486,-5.71,0,12,2016
2016-12-26,67.83080291748047,7908.25,16.600000381469727,1131.9000244140625,53.02000045776367,103.01000213623048,242.637,0.54,2.49,6.25,-0.010605441367428359,-0.9704786651222541,0.0,0.0,0.0,0.26763594285272757,-5.71,0,12,2016
2016-12-27,67.77200317382812,8032.85009765625,15.079999923706056,1137.300048828125,53.900001525878906,103.0199966430664,242.637,0.54,2.49,6.25,-0.08668590245626273,1.5755710511965448,0.47707609308145216,1.6597530375659808,0.009702462507199527,0.26105107957630047,-5.71,0,12,2016
2016-12-28,67.96800231933594,8034.85009765625,15.539999961853027,1139.4000244140625,54.060001373291016,103.26000213623048,242.637,0.54,2.49,6.25,0.28920370703089393,0.024897763255693484,0.18464569557534727,0.29684571963377593,0.2329698126429136,0.2661699236845993,-5.71,0,12,2016
2016-12-29,68.20500183105469,8103.60009765625,15.279999732971191,1156.4000244140625,53.77000045776367,102.68000030517578,242.637,0.54,2.49,6.25,0.3486927725273592,0.8556475748073389,1.4920133083850207,-0.5364426714029369,-0.5616907021651074,0.2663452958484717,-5.71,0,12,2016
2016-12-30,67.93299865722656,8185.7998046875,15.470000267028809,1150.0,53.720001220703125,102.38999938964844,242.637,0.54,2.49,6.25,-0.3988023847604105,1.014360358861044,-0.5534438151975407,-0.09298723569812761,-0.2824317439281576,0.27667585142925794,-5.71,0,12,2016
2017-01-02,67.9448013305664,8179.5,15.829999923706056,1150.0,53.720001220703125,102.38999938964844,243.618,0.65,2.43,6.25,0.01737399139318807,-0.07696016073948098,0.0,0.0,0.0,0.27129592389164175,-5.6,0,1,2017
2017-01-03,68.13390350341797,8192.25,15.960000038146973,1160.4000244140625,52.33000183105469,103.20999908447266,243.618,0.65,2.43,6.25,0.278317353422719,0.15587749862460143,0.9043499490489104,-2.587489497510931,0.8008591656531561,0.27608547899896746,-5.6,0,1,2017
2017-01-04,68.2697982788086,8190.5,15.890000343322754,1163.800048828125,53.2599983215332,102.6999969482422,243.618,0.65,2.43,6.25,0.199452502209585,-0.021361652781592966,0.29300451073148714,1.7771764913767196,-0.4941402390799765,0.27466007787539826,-5.6,0,1,2017
2017-01-05,67.885498046875,8273.7998046875,15.050000190734863,1179.699951171875,53.7599983215332,101.5199966430664,243.618,0.65,2.43,6.25,-0.5629139701924135,1.017029542610337,1.3662056776643228,0.9387908669870271,-1.1489779359686647,0.2679512975637901,-5.6,0,1,2017
2017-01-06,67.73300170898438,8243.7998046875,14.90999984741211,1171.9000244140625,53.9900016784668,102.22000122070312,243.618,0.65,2.43,6.25,-0.2246375769171305,-0.36259035398709116,-0.6611788658687612,0.427833638606101,0.6895238384392988,0.2699233411833506,-5.6,0,1,2017
2017-01-09,68.1426010131836,8236.0498046875,15.479999542236328,1183.5,51.959999084472656,101.93000030517578,243.618,0.65,2.43,6.25,0.604726342941464,-0.09401004613908137,0.9898434460514194,-3.7599602350147365,-0.28370271186086704,0.28904836529233086,-5.6,0,1,2017
2017-01-10,68.09700012207031,8288.599609375,15.199999809265137,1184.199951171875,50.81999969482422,102.01000213623048,243.618,0.65,2.43,6.25,-0.06691979823966188,0.6380462228092743,0.05914247333123068,-2.193994245063613,0.07848703111466016,0.28871602922214595,-5.6,0,1,2017
2017-01-11,68.31800079345703,8380.650390625,14.8100004196167,1195.5999755859375,52.25,101.77999877929688,243.618,0.65,2.43,6.25,0.3245380427780331,1.110570972035907,0.9626773251241172,2.813853431253399,-0.2254713774306638,0.29511263793213294,-5.6,0,1,2017
2017-01-12,68.13999938964844,8407.2001953125,14.609999656677246,1198.9000244140625,53.0099983215332,101.3499984741211,243.618,0.65,2.43,6.25,-0.26054832070794287,0.3167988574872327,0.2760161337831857,1.4545422421688103,-0.422480163424066,0.29853458654068693,-5.6,0,1,2017
2017-01-13,68.12950134277344,8400.349609375,14.380000114440918,1195.300048828125,52.369998931884766,101.18000030517578,243.618,0.65,2.43,6.25,-0.015406584926669353,-0.08148474852923693,-0.3002732098280614,-1.207318260541168,-0.16773376566820986,0.2819105988786756,-5.6,0,1,2017
2017-01-16,68.15779876708984,8412.7998046875,15.06999969482422,1195.300048828125,52.369998931884766,101.18000030517578,243.618,0.65,2.43,6.25,0.0415347591846249,0.14821044232022906,0.0,0.0,0.0,0.2763616013970046,-5.6,0,1,2017
2017-01-17,68.09459686279297,8398.0,15.390000343322754,1212.0,52.47999954223633,100.33000183105467,243.618,0.65,2.43,6.25,-0.09272879324176975,-0.17592008642893786,1.3971346515251781,0.21004508801811816,-0.8400854630928767,0.2769673198956262,-5.6,0,1,2017
2017-01-18,67.89949798583984,8417.0,15.18000030517578,1211.300048828125,51.08000183105469,100.93000030517578,243.618,0.65,2.43,6.25,-0.28651153827408127,0.2262443438914019,-0.05775174685437312,-2.6676785887829735,0.5980249807345128,0.2705280186851128,-5.6,0,1,2017
2017-01-19,68.197998046875,8435.099609375,15.020000457763672,1200.9000244140625,51.369998931884766,101.1500015258789,243.618,0.65,2.43,6.25,0.439620424141296,0.21503634757038537,-0.8585836700100824,0.5677311872251511,0.21797406126813357,0.26850297550552094,-5.6,0,1,2017
2017-01-20,68.09030151367188,8349.349609375,15.789999961853027,1204.300048828125,52.41999816894531,100.73999786376952,243.618,0.65,2.43,6.25,-0.15791744081563586,-1.0165855054597661,0.28312301981352483,2.0439931066629224,-0.40534222038987044,0.2705602635919464,-5.6,0,1,2017
2017-01-23,68.07720184326172,8391.5,15.90999984741211,1215.0,52.75,100.16000366210938,243.618,0.65,2.43,6.25,-0.019238672937182955,0.5048344194100052,0.8884788456404058,0.6295342285040029,-0.5757337839578547,0.27058003091898475,-5.6,0,1,2017
2017-01-24,68.05139923095703,8475.7998046875,15.289999961853027,1210.300048828125,53.18000030517578,100.3499984741211,243.618,0.65,2.43,6.25,-0.03790198716465687,1.0045856484240057,-0.3868272569444442,0.8151664553095461,0.1896912989866273,0.2703189743944506,-5.6,0,1,2017
2017-01-25,68.16449737548828,8602.75,15.170000076293944,1197.300048828125,52.75,100.02999877929688,243.618,0.65,2.43,6.25,0.16619517865814615,1.4977960574563243,-1.0741138127348893,-0.8085752213392361,-0.31888360706526786,0.27098786195083596,-5.6,0,1,2017
2017-01-26,67.9729995727539,8602.75,15.170000076293944,1189.5,53.77999877929688,100.37999725341795,243.618,0.65,2.43,6.25,-0.2809348122667088,0.0,-0.6514698496637883,1.952604320941953,0.34989351033913874,0.2517253393125565,-5.6,0,1,2017
2017-01-27,68.14900207519531,8641.25,16.010000228881836,1188.0999755859375,53.16999816894531,100.52999877929688,243.618,0.65,2.43,6.25,0.25893002154926403,0.44753131266164203,-0.1176985636034078,-1.1342518114492717,0.14943368199167306,0.2558403044297208,-5.6,0,1,2017
2017-01-30,68.11000061035156,8632.75,16.670000076293945,1193.199951171875,52.630001068115234,100.43000030517578,243.618,0.65,2.43,6.25,-0.05722969325466787,-0.09836539852451365,0.429254750503838,-1.0156048888966707,-0.09947127756425589,0.25612931889408413,-5.6,0,1,2017
2017-01-31,67.82099914550781,8561.2998046875,16.829999923706055,1208.5999755859375,52.810001373291016,99.51000213623048,243.618,0.65,2.43,6.25,-0.4243157572367262,-0.8276643631809133,1.2906490985804764,0.34201083321814263,-0.9160591119682482,0.2683381395314184,-5.6,0,1,2017
2017-02-01,67.50160217285156,8716.400390625,13.970000267028809,1205.5999755859375,53.880001068115234,99.63999938964844,244.006,0.66,2.42,6.25,-0.4709411195358393,1.811647640847469,-0.24822108725806036,2.026130783941582,0.13063737375864637,0.28113161261873365,-5.59,0,2,2017
2017-02-02,67.39540100097656,8734.25,13.520000457763672,1216.699951171875,53.540000915527344,99.8499984741211,244.006,0.66,2.42,6.25,-0.15733133504454155,0.2047818890261066,0.9207013777967843,-0.631032193481329,0.2107578138890176,0.2818413324091852,-5.59,0,2,2017
2017-02-03,67.2656021118164,8740.9501953125,13.130000114440918,1218.5,53.83000183105469,99.87000274658205,244.006,0.66,2.42,6.25,-0.1925930957192068,0.07671174184962215,0.14794517139506969,0.5416528027051948,0.02003432425303764,0.2834567191981112,-5.59,0,2,2017
2017-02-06,67.15730285644531,8801.0498046875,13.399999618530272,1230.0,53.0099983215332,99.91000366210938,244.006,0.66,2.42,6.25,-0.1610024321064829,0.6875638006406781,0.9437833401723328,-1.5233206049203973,0.040052983305538525,0.2844693223217908,-5.59,0,2,2017
2017-02-07,67.19529724121094,8768.2998046875,13.510000228881836,1234.199951171875,52.16999816894531,100.26000213623048,244.006,0.66,2.42,6.25,0.05657520947028871,-0.37211469911869743,0.3414594448678754,-1.5846070160064007,0.35031374366152335,0.2847370263488265,-5.59,0,2,2017
2017-02-08,67.34049987792969,8769.0498046875,13.350000381469728,1237.5999755859375,52.34000015258789,100.27999877929688,244.006,0.66,2.42,6.25,0.21609047460198205,0.00855353964515082,0.27548408269131297,0.3258615863700909,0.019944786196224307,0.28222946159189255,-5.59,0,2,2017
2017-02-09,66.96430206298828,8778.400390625,13.239999771118164,1235.0999755859375,53.0,100.6500015258789,244.006,0.66,2.42,6.25,-0.5586501668733534,0.10663168924529565,-0.2020038824593895,1.2609855664654113,0.36896963610495437,0.288731683534456,-5.59,0,2,2017
2017-02-10,66.74530029296875,8793.5498046875,13.18000030517578,1234.4000244140625,53.86000061035156,100.8000030517578,244.006,0.66,2.42,6.25,-0.327042563384794,0.17257602055471555,-0.05667162057411135,1.6226426610406852,0.14903281033764593,0.2861201485960085,-5.59,0,2,2017
2017-02-13,66.84369659423828,8805.0498046875,13.6899995803833,1224.4000244140625,52.93000030517578,100.95999908447266,244.006,0.66,2.42,6.25,0.14742056869567755,0.1307776751758416,-0.8101101589613746,-1.7266993959094812,0.15872621812591525,0.2882844029060973,-5.59,0,2,2017
2017-02-14,66.91539764404297,8792.2998046875,13.800000190734863,1223.9000244140625,53.20000076293945,101.25,244.006,0.66,2.42,6.25,0.10726673337642101,-0.14480326951941125,-0.04083632718312469,0.5101085513072867,0.287243381692881,0.2831296953604232,-5.59,0,2,2017
2017-02-15,66.7759017944336,8724.7001953125,14.210000038146973,1231.699951171875,53.11000061035156,101.18000030517578,244.006,0.66,2.42,6.25,-0.2084659951531953,-0.7688501401983627,0.6373009724831569,-0.16917321672406116,-0.06913550106095734,0.28003057313329593,-5.59,0,2,2017
2017-02-16,66.8655014038086,8778.0,13.729999542236328,1240.0,53.36000061035156,100.44000244140624,244.006,0.66,2.42,6.25,0.1341795572463056,0.6109070053333943,0.673869380300629,0.47072113938420035,-0.7313677224131121,0.2666061587270305,-5.59,0,2,2017
2017-02-17,67.16480255126953,8821.7001953125,13.43000030517578,1237.5999755859375,53.400001525878906,100.9499969482422,244.006,0.66,2.42,6.25,0.4476166949731297,0.4978377228582742,-0.19355035597278247,0.07496423363906324,0.5077603489042959,0.27937686783328747,-5.59,0,2,2017
2017-02-20,67.06520080566406,8879.2001953125,13.609999656677246,1237.5999755859375,53.400001525878906,100.9499969482422,244.006,0.66,2.42,6.25,-0.1482945558120896,0.6518017924770803,0.0,0.0,0.0,0.2531982261799289,-5.59,0,2,2017
2017-02-21,66.96499633789062,8907.849609375,13.529999732971191,1237.5,54.060001373291016,101.37000274658205,244.006,0.66,2.42,6.25,-0.14941350591612945,0.3226575978951818,-0.008078182604209783,1.2359547351178612,0.41605330464267176,0.25380408086326617,-5.59,0,2,2017
2017-02-22,66.96510314941406,8926.900390625,13.699999809265137,1232.0,53.59000015258789,101.33000183105467,244.006,0.66,2.42,6.25,0.00015950351568427834,0.21386509747480797,-0.4444444444444473,-0.8694066014865776,-0.03946030822093993,0.24376416418307928,-5.59,0,2,2017
2017-02-23,66.91429901123047,8939.5,13.399999618530272,1250.199951171875,54.45000076293945,101.0500030517578,244.006,0.66,2.42,6.25,-0.075866586915041,0.14114204061503877,1.4772687639508897,1.6047781449950893,-0.2763236694337645,0.2410074687638166,-5.59,0,2,2017
2017-02-24,66.68280029296875,8939.5,13.399999618530272,1256.9000244140625,53.9900016784668,101.08999633789062,244.006,0.66,2.42,6.25,-0.34596300294928994,0.0,0.5359201330880969,-0.8448100606561426,0.03957771887679318,0.24638495529880397,-5.59,0,2,2017
2017-02-27,66.63500213623047,8896.7001953125,13.68000030517578,1257.4000244140625,54.04999923706055,101.12999725341795,244.006,0.66,2.42,6.25,-0.07167988825946825,-0.47877179582190843,0.039780411352374756,0.11112716563903557,0.039569608246514676,0.24546360091328615,-5.59,0,2,2017
2017-02-28,66.69319915771484,8879.599609375,13.789999961853027,1252.5999755859375,54.0099983215332,101.12000274658205,244.006,0.66,2.42,6.25,0.08733701450986953,-0.19221268068030373,-0.3817439744652318,-0.07400724531354541,-0.00988283111573729,0.24721042488206194,-5.59,0,2,2017
2017-03-01,66.7051010131836,8945.7998046875,13.579999923706056,1248.9000244140625,53.83000183105469,101.77999877929688,243.892,0.79,2.48,6.25,0.01784568084761684,0.7455313102474381,-0.2953817055715846,-0.33326512881366455,0.6526859323459977,0.24420299525446615,-5.46,0,3,2017
2017-03-02,66.85800170898438,8899.75,13.359999656677246,1231.9000244140625,52.61000061035156,102.1999969482422,243.892,0.79,2.48,6.25,0.22921889552429686,-0.5147645341154417,-1.361197827502303,-2.266396394583259,0.41265295144683467,0.23211565510356605,-5.46,0,3,2017
2017-03-03,66.84510040283203,8897.5498046875,13.350000381469728,1225.5,53.33000183105469,101.54000091552734,243.892,0.79,2.48,6.25,-0.019296577556260353,-0.02472199008398679,-0.5195246600556369,1.3685634144650738,-0.645788701000749,0.2315991675062804,-5.46,0,3,2017
2017-03-06,66.77300262451172,8963.4501953125,13.640000343322754,1224.5,53.20000076293945,101.63999938964844,243.892,0.79,2.48,6.25,-0.10785798493206933,0.740657732427441,-0.081599347205219,-0.24376722979884136,0.09848185268805931,0.23161008086974072,-5.46,0,3,2017
2017-03-07,66.66470336914062,8946.900390625,13.880000114440918,1215.0999755859375,53.13999938964844,101.80999755859376,243.892,0.79,2.48,6.25,-0.16219018332918056,-0.18463654426456033,-0.7676622632962427,-0.11278453464387272,0.16725518493325708,0.23223425158263256,-5.46,0,3,2017
2017-03-08,66.61620330810547,8924.2998046875,14.079999923706056,1208.5,50.27999877929688,102.06999969482422,243.892,0.79,2.48,6.25,-0.07275223406695286,-0.25260799775062015,-0.54316317328168,-5.382010995861397,0.2553797686527082,0.22797146416077077,-5.46,0,3,2017
2017-03-09,66.76499938964844,8927.0,14.390000343322754,1202.4000244140625,49.27999877929688,101.8499984741211,243.892,0.79,2.48,6.25,0.223363197171067,0.030256662949423863,-0.5047559442232119,-1.9888624190097515,-0.21553955262163527,0.2309358893506294,-5.46,0,3,2017
2017-03-10,66.68049621582031,8934.5498046875,13.960000038146973,1200.699951171875,48.4900016784668,101.25,243.892,0.79,2.48,6.25,-0.12656807399181735,0.08457269729471584,-0.14138998733104202,-1.6030785722380592,-0.5891001306922439,0.22320239695728716,-5.46,0,3,2017
2017-03-13,66.48500061035156,8934.5498046875,13.960000038146973,1202.4000244140625,48.400001525878906,101.37999725341795,243.892,0.79,2.48,6.25,-0.2931825894576412,0.0,0.1415901816709697,-0.18560558769347146,0.12839234905477337,0.22677989292362252,-5.46,0,3,2017
2017-03-14,66.17009735107422,9087.0,12.399999618530272,1201.9000244140625,47.720001220703125,101.6999969482422,243.892,0.79,2.48,6.25,-0.4736455687545216,1.7062996865551794,-0.041583498823005716,-1.4049592639210795,0.3156438187942978,0.22952319567627072,-5.46,0,3,2017
2017-03-15,65.77510070800781,9084.7998046875,12.420000076293944,1200.0999755859375,48.86000061035156,100.73999786376952,243.892,0.79,2.48,6.25,-0.5969413056334139,-0.02421255983823256,-0.14976693498300886,2.3889341166945632,-0.9439519304619615,0.23788889021265683,-5.46,0,3,2017
2017-03-16,65.62049865722656,9153.7001953125,11.90999984741211,1226.5,48.75,100.2699966430664,243.892,0.79,2.48,6.25,-0.23504646761024484,0.7584139673551205,2.1998187610305475,-0.22513427952814968,-0.46654876977334503,0.23911181524232422,-5.46,0,3,2017
2017-03-17,65.40450286865234,9160.0498046875,11.850000381469728,1229.800048828125,48.77999877929688,100.3000030517578,243.892,0.79,2.48,6.25,-0.32915901737121667,0.06936658662091144,0.2690622770586959,0.0615359575320662,0.029925610547487658,0.242435856436197,-5.46,0,3,2017
2017-03-20,65.46810150146484,9126.849609375,12.020000457763672,1233.5999755859375,48.220001220703125,100.41000366210938,243.892,0.79,2.48,6.25,0.09723892090460762,-0.36244557639315556,0.308987364363289,-1.148006503910426,0.10967159222798895,0.24452100295652437,-5.46,0,3,2017
2017-03-21,65.33529663085938,9121.5,11.9399995803833,1246.0999755859375,47.34000015258789,99.80999755859376,243.892,0.79,2.48,6.25,-0.20285431769011542,-0.05861397529225432,1.0132944428815183,-1.8249710614636205,-0.597556101615826,0.2439432110418719,-5.46,0,3,2017
2017-03-22,65.49500274658203,9030.4501953125,12.270000457763672,1249.300048828125,48.040000915527344,99.68000030517578,243.892,0.79,2.48,6.25,0.24444079074896763,-0.9981889457600146,0.2568071025507157,1.478666583614685,-0.13024472156876188,0.24523433359110314,-5.46,0,3,2017
2017-03-23,65.36499786376953,9086.2998046875,11.84000015258789,1246.9000244140625,47.70000076293945,99.76000213623048,243.892,0.79,2.48,6.25,-0.1984958811522275,0.6184587497530369,-0.1921095269558193,-0.7077438511829737,0.08025865851701841,0.22995671606271856,-5.46,0,3,2017
2017-03-24,65.44439697265625,9108.0,11.979999542236328,1248.199951171875,47.970001220703125,99.62999725341795,243.892,0.79,2.48,6.25,0.1214703763200653,0.2388232369495924,0.1042526852482295,0.5660386864678069,-0.13031764237033672,0.22793189212313814,-5.46,0,3,2017
2017-03-27,65.39309692382812,9045.2001953125,12.4399995803833,1255.4000244140625,47.72999954223633,99.16999816894533,243.892,0.79,2.48,6.25,-0.07838722824439204,-0.6895015885759803,0.5768365265058417,-0.5003161816956925,-0.4617074145877753,0.22436425704333074,-5.46,0,3,2017
2017-03-28,65.04499816894531,9100.7998046875,12.119999885559082,1255.300048828125,48.369998931884766,99.70999908447266,243.892,0.79,2.48,6.25,-0.5323172800460685,0.6146863328001739,-0.007963643778341467,1.3408744935815564,0.5445204451929087,0.23670545984783892,-5.46,0,3,2017
2017-03-29,65.11000061035156,9143.7998046875,12.09000015258789,1253.4000244140625,49.5099983215332,100.0,243.892,0.79,2.48,6.25,0.09993457335091271,0.4724859454424246,-0.15136018004908713,2.3568315377757276,0.29084436685398174,0.2382628072811344,-5.46,0,3,2017
2017-03-30,64.77999877929688,9173.75,12.149999618530272,1245.0,50.34999847412109,100.41000366210938,243.892,0.79,2.48,6.25,-0.5068373951177985,0.3275464899958447,-0.6701790530113771,1.6966273097661189,0.41000366210937056,0.2466270260454703,-5.46,0,3,2017
2017-03-31,64.79000091552734,9173.75,12.420000076293944,1247.300048828125,50.59999847412109,100.3499984741211,243.892,0.79,2.48,6.25,0.015440161190105606,0.0,0.18474287776104603,0.4965243447395462,-0.05976016910645976,0.2248817680344842,-5.46,0,3,2017
2017-04-03,64.79669952392578,9237.849609375,11.489999771118164,1250.800048828125,50.2400016784668,100.54000091552734,244.193,0.9,2.3,6.25,0.01033895401107987,0.6987285393105225,0.28060609821096705,-0.711456139348321,0.18933975515231793,0.2260476561142493,-5.35,0,4,2017
2017-04-04,64.87750244140625,9237.849609375,11.489999771118164,1255.0,51.02999877929688,100.54000091552734,244.193,0.9,2.3,6.25,0.12470221180114205,0.0,0.33578118067791873,1.5724464061247945,0.0,0.23008708484454982,-5.35,0,4,2017
2017-04-05,65.05000305175781,9265.150390625,11.550000190734863,1245.4000244140625,51.150001525878906,100.55999755859376,244.193,0.9,2.3,6.25,0.2658866384496861,0.2955317785461098,-0.7649382937002014,0.23516117862560915,0.019889240983017586,0.23921858310348337,-5.35,0,4,2017
2017-04-06,65.04000091552734,9261.9501953125,11.289999961853027,1250.300048828125,51.70000076293945,100.66999816894533,244.193,0.9,2.3,6.25,-0.015376073422335157,-0.034540133484917135,0.39344984085478707,1.0752672935547825,0.1093880399981817,0.23965211575814485,-5.35,0,4,2017
2017-04-07,64.58000183105469,9198.2998046875,11.6899995803833,1254.300048828125,52.2400016784668,101.18000030517578,244.193,0.9,2.3,6.25,-0.7072556549777675,-0.6872244968150865,0.31992320593356993,1.0444891828985003,0.5066078727592238,0.2608695036947918,-5.35,0,4,2017
2017-04-10,64.26000213623047,9181.4501953125,11.619999885559082,1251.0999755859375,53.08000183105469,101.0199966430664,244.193,0.9,2.3,6.25,-0.4955089590448769,-0.18318178068531532,-0.25512820837225725,1.607963486980779,-0.15813763750422982,0.27023163355590574,-5.35,0,4,2017
2017-04-11,64.57499694824219,9237.0,11.399999618530272,1271.199951171875,53.400001525878906,100.70999908447266,244.193,0.9,2.3,6.25,0.4901879887024174,0.6050221207523521,1.6065842840836009,0.6028630063780405,-0.30686752018915797,0.29019030550345,-5.35,0,4,2017
2017-04-12,64.62999725341797,9203.4501953125,11.630000114440918,1275.300048828125,53.11000061035156,100.77999877929688,244.193,0.9,2.3,6.25,0.0851727569106453,-0.3632110499891761,0.32253758761320306,-0.5430728600013257,0.06950620143040265,0.2914476941143964,-5.35,0,4,2017
2017-04-13,64.5,9150.7998046875,11.579999923706056,1285.9000244140625,53.18000030517578,100.55999755859376,244.193,0.9,2.3,6.25,-0.20114073795832743,-0.5720723153564311,0.8311750317643085,0.13180134441681535,-0.2182984951060618,0.28495522478498203,-5.35,0,4,2017
2017-04-14,64.44999694824219,9150.7998046875,11.579999923706056,1285.9000244140625,53.18000030517578,100.55999755859376,244.193,0.9,2.3,6.25,-0.07752411125242498,0.0,0.0,0.0,0.0,0.2844489907783215,-5.35,0,4,2017
2017-04-17,64.45369720458984,9139.2998046875,11.890000343322754,1289.4000244140625,52.650001525878906,100.3000030517578,244.193,0.9,2.3,6.25,0.005741282424920335,-0.12567207506942735,0.27218290174579884,-0.99661296776129,-0.2585466518975177,0.285386787917364,-5.35,0,4,2017
2017-04-18,64.4083023071289,9105.150390625,12.380000114440918,1291.699951171875,52.40999984741211,99.5,244.193,0.9,2.3,6.25,-0.07043024594359792,-0.3736545992832463,0.17837185623272855,-0.45584363060052757,-0.7976101968261928,0.2853816429813686,-5.35,0,4,2017
2017-04-19,64.56999969482422,9103.5,12.220000267028809,1281.4000244140625,50.43999862670898,99.73999786376952,244.193,0.9,2.3,6.25,0.25105053526215393,-0.018125901870869043,-0.7973931367317943,-3.758826991869202,0.24120388318544794,0.29302868787616904,-5.35,0,4,2017
2017-04-20,64.64669799804688,9136.400390625,11.5600004196167,1281.9000244140625,50.27000045776367,99.77999877929688,244.193,0.9,2.3,6.25,0.11878318659617193,0.3614037526775471,0.039019821326169435,-0.33703047893282045,0.040105189877781555,0.28960790062846076,-5.35,0,4,2017
2017-04-21,64.66000366210938,9119.400390625,11.420000076293944,1287.4000244140625,49.619998931884766,99.9800033569336,244.193,0.9,2.3,6.25,0.02058212480227084,-0.18606890321317682,0.42905061980273995,-1.293020727988714,0.2004455603162647,0.2905099342516631,-5.35,0,4,2017
2017-04-24,64.63999938964844,9217.9501953125,11.630000114440918,1275.800048828125,49.22999954223633,99.08999633789062,244.193,0.9,2.3,6.25,-0.0309376296442454,1.080661013511497,-0.9010389440700095,-0.7859721846906975,-0.89018502616528,0.2885006461253559,-5.35,0,4,2017
2017-04-25,64.38999938964844,9306.599609375,11.15999984741211,1265.5999755859375,49.560001373291016,98.81999969482422,244.193,0.9,2.3,6.25,-0.38675742939445756,0.961704198701141,-0.7995040642580831,0.6703266994174228,-0.27247618634047566,0.2849658088312687,-5.35,0,4,2017
2017-04-26,64.3499984741211,9351.849609375,11.739999771118164,1262.0999755859375,49.619998931884766,98.95999908447266,244.193,0.9,2.3,6.25,-0.06212286986567728,0.48621410503593143,-0.2765486779011339,0.12106044578539255,0.14167110916898373,0.26843815693083223,-5.35,0,4,2017
2017-04-27,64.0199966430664,9342.150390625,11.06999969482422,1263.699951171875,48.970001220703125,99.08000183105467,244.193,0.9,2.3,6.25,-0.5128233704425056,-0.1037144431864756,0.12677090697150728,-1.3099510785437918,0.12126389217079758,0.27882302958833177,-5.35,0,4,2017
2017-04-28,64.05999755859375,9304.0498046875,10.859999656677246,1266.0999755859375,49.33000183105469,99.0500030517578,244.193,0.9,2.3,6.25,0.062481908192468794,-0.40783528785550693,0.18992043260244174,0.7351451937464226,-0.03027733018013956,0.2760010887368193,-5.35,0,4,2017
2017-05-01,64.25830078125,9304.0498046875,10.859999656677246,1253.300048828125,48.84000015258789,99.13999938964844,244.004,0.91,2.3,6.25,0.3095585860346972,0.0,-1.0109728303160925,-0.9933137244651946,0.09085950037135415,0.2830391534208262,-5.34,0,5,2017
2017-05-02,64.18000030517578,9313.7998046875,11.449999809265137,1255.0999755859375,47.65999984741211,98.9800033569336,244.004,0.91,2.3,6.25,-0.12185270248706859,0.10479307618374012,0.1436149914376461,-2.416053033352128,-0.16138393554554487,0.28203139901031304,-5.34,0,5,2017
2017-05-03,64.06999969482422,9311.9501953125,11.529999732971191,1246.4000244140625,47.81999969482422,99.20999908447266,244.004,0.91,2.3,6.25,-0.17139390749222327,-0.019858805361794296,-0.6931679819221936,0.33571096920763654,0.23236585142321076,0.27676994045000175,-5.34,0,5,2017
2017-05-04,64.20999908447266,9359.900390625,11.329999923706056,1226.5,45.52000045776367,98.76000213623048,244.004,0.91,2.3,6.25,0.21851005199824414,0.5149318274558334,-1.5966001303167165,-4.809701488370122,-0.4535802362612862,0.28068994465871233,-5.34,0,5,2017
2017-05-05,64.16999816894531,9285.2998046875,11.989999771118164,1224.800048828125,46.220001220703125,98.6500015258789,244.004,0.91,2.3,6.25,-0.062297019308033,-0.7970232889681239,-0.13860180773542785,1.5377872493409939,-0.11138174156763991,0.2786125748802903,-5.34,0,5,2017
2017-05-08,64.30799865722656,9314.0498046875,11.670000076293944,1225.300048828125,46.43000030517578,99.1500015258789,244.004,0.91,2.3,6.25,0.2150545304955731,0.30962920535411165,0.04082298988135058,0.4543467739645868,0.506842364182658,0.2832444368036446,-5.34,0,5,2017
2017-05-09,64.41179656982422,9316.849609375,11.109999656677246,1214.300048828125,45.880001068115234,99.58999633789062,244.004,0.91,2.3,6.25,0.1614074683787381,0.030060014131461088,-0.8977392933690265,-1.184577285043087,0.44376682323790106,0.2710178253463034,-5.34,0,5,2017
2017-05-10,64.63999938964844,9407.2998046875,10.949999809265137,1217.300048828125,47.33000183105469,99.66999816894533,244.004,0.91,2.3,6.25,0.3542873075692565,0.9708238203339103,0.24705590705487168,3.160420072324599,0.08033119188324278,0.27915202489050245,-5.34,0,5,2017
2017-05-11,64.55000305175781,9422.400390625,10.84000015258789,1222.699951171875,47.83000183105469,99.62000274658205,244.004,0.91,2.3,6.25,-0.13922700918997943,0.16051987553300506,0.4435966587652995,1.0564123825407057,-0.05016095443137747,0.264921634074857,-5.34,0,5,2017
2017-05-12,64.36000061035156,9400.900390625,10.630000114440918,1226.199951171875,47.84000015258789,99.25,244.004,0.91,2.3,6.25,-0.29434923690693227,-0.2281796475279485,0.2862517493883443,0.020903870270627678,-0.3714141099988466,0.2698268977609577,-5.34,0,5,2017
2017-05-15,64.16549682617188,9445.400390625,10.68000030517578,1228.5999755859375,48.84999847412109,98.91000366210938,244.004,0.91,2.3,6.25,-0.30221221618261795,0.4733589140501593,0.19572863396126738,2.1112004981433063,-0.34256557973866286,0.27453445461922327,-5.34,0,5,2017
2017-05-16,64.03829956054688,9512.25,10.5600004196167,1235.0,48.65999984741211,98.11000061035156,244.004,0.91,2.3,6.25,-0.19823311891371542,0.7077477566896029,0.5209201156796572,-0.38894295321141303,-0.8088191508825893,0.27449888385383653,-5.34,0,5,2017
2017-05-17,63.900001525878906,9525.75,10.640000343322754,1257.5,49.06999969482422,97.41999816894533,244.004,0.91,2.3,6.25,-0.21596144122660865,0.14192225814082526,1.8218623481781382,0.8425808645659449,-0.7032947070774287,0.2698582787474308,-5.34,0,5,2017
2017-05-18,64.2300033569336,9429.4501953125,11.789999961853027,1251.699951171875,49.34999847412109,97.87999725341795,244.004,0.91,2.3,6.25,0.5164347780508782,-1.0109419697924005,-0.4612364873260444,0.5706109252868075,0.47218137252980075,0.28957564807735375,-5.34,0,5,2017
2017-05-19,64.87110137939453,9427.900390625,11.300000190734863,1252.699951171875,50.33000183105469,97.1500015258789,244.004,0.91,2.3,6.25,0.9981285831456077,-0.01643579058586697,0.07989135088355415,1.985822466534648,-0.745806853313491,0.3201260406932186,-5.34,0,5,2017
2017-05-22,64.44850158691406,9438.25,11.199999809265137,1260.699951171875,50.72999954223633,96.9800033569336,244.004,0.91,2.3,6.25,-0.6514453793668773,0.10977639714238041,0.6386206044405318,0.7947500429750232,-0.17498524577997943,0.3298281243115595,-5.34,0,5,2017
2017-05-23,64.50019836425781,9386.150390625,12.199999809265137,1254.800048828125,51.470001220703125,97.3499984741211,244.004,0.91,2.3,6.25,0.08021408732681312,-0.552004973114717,-0.4679862435360449,1.4587062589083821,0.3815169152198816,0.31752247204153816,-5.34,0,5,2017
2017-05-24,64.88520050048828,9360.5498046875,11.829999923706056,1252.4000244140625,51.36000061035156,97.23999786376952,244.004,0.91,2.3,6.25,0.5969007010741434,-0.27274851639997877,-0.1912674785360391,-0.213717908961919,-0.11299497901976485,0.335670106817514,-5.34,0,5,2017
2017-05-25,64.76010131835938,9509.75,10.449999809265137,1255.800048828125,48.900001525878906,97.25,244.004,0.91,2.3,6.25,-0.1928007945786736,1.5939255537936958,0.2714807048692869,-4.789717786679393,0.010286030903139398,0.3354894640131766,-5.34,0,5,2017
2017-05-26,64.54540252685547,9595.099609375,10.859999656677246,1267.5999755859375,49.79999923706055,97.4000015258789,244.004,0.91,2.3,6.25,-0.3315294249594425,0.8974958266515953,0.9396342012268466,1.8404860595052197,0.15424321427137677,0.3410371931143921,-5.34,0,5,2017
2017-05-29,64.51319885253906,9604.900390625,11.789999961853027,1267.5999755859375,49.79999923706055,97.4000015258789,244.004,0.91,2.3,6.25,-0.049893056756455945,0.102143611312,0.0,0.0,0.0,0.34118702122906575,-5.34,0,5,2017
2017-05-30,64.50859832763672,9624.5498046875,11.770000457763672,1262.0999755859375,49.65999984741211,97.27999877929688,244.004,0.91,2.3,6.25,-0.007131137479110539,0.20457696866569286,-0.4338908256492857,-0.28112327669325143,-0.12320610339020543,0.3409087897584135,-5.34,0,5,2017
2017-05-31,64.61859893798828,9621.25,11.760000228881836,1272.0,48.31999969482422,96.91999816894533,244.004,0.91,2.3,6.25,0.17052085024833463,-0.03428528870922376,0.7844088903865343,-2.6983490872034777,-0.37006642153470937,0.33922354551919104,-5.34,0,5,2017
2017-06-01,64.5000991821289,9616.099609375,11.3100004196167,1267.0,48.36000061035156,97.1999969482422,244.163,1.04,2.19,6.25,-0.18338335681510332,-0.05353140834091219,-0.39308176100628645,0.08278335219367161,0.28889680621826397,0.3401537951136925,-5.21,0,6,2017
2017-06-02,64.37229919433594,9653.5,10.8100004196167,1276.800048828125,47.65999984741211,96.72000122070312,244.163,1.04,2.19,6.25,-0.19813921127795897,0.388935141525959,0.7734845168212212,-1.4474788132852412,-0.4938227804622941,0.34188162789004417,-5.21,0,6,2017
2017-06-05,64.40499877929688,9675.099609375,11.020000457763672,1279.300048828125,47.400001525878906,96.8000030517578,244.163,1.04,2.19,6.25,0.05079760295996216,0.2237489964779682,0.1958019975245584,-0.5455273234695968,0.08271487804483169,0.3420700941253986,-5.21,0,6,2017
2017-06-06,64.34400177001953,9637.150390625,11.130000114440918,1294.4000244140625,48.18999862670898,96.63999938964844,244.163,1.04,2.19,6.25,-0.09470850156579891,-0.3922359487981697,1.1803310411634405,1.6666604966220522,-0.16529303415807606,0.33510949773416804,-5.21,0,6,2017
2017-06-07,64.42050170898438,9663.900390625,10.890000343322754,1290.0999755859375,45.720001220703125,96.75,244.163,1.04,2.19,6.25,0.11889210627320512,0.2775716774745085,-0.33220401321233384,-5.125539482038654,0.11382513560254104,0.33561590216510245,-5.21,0,6,2017
2017-06-08,64.41829681396484,9647.25,11.06999969482422,1276.300048828125,45.63999938964844,96.91999816894533,244.163,1.04,2.19,6.25,-0.003422660428031854,-0.17229472523487832,-1.0696788635737198,-0.1749821279936059,0.17570870175227515,0.32112973070610834,-5.21,0,6,2017
2017-06-09,64.243896484375,9668.25,10.859999656677246,1268.5,45.83000183105469,97.2699966430664,244.163,1.04,2.19,6.25,-0.27073104725742203,0.21767861307626646,-0.6111453835081271,0.41630684475719715,0.3611210077728133,0.32538601694055846,-5.21,0,6,2017
2017-06-12,64.37699890136719,9616.400390625,11.420000076293944,1266.0999755859375,46.08000183105469,97.13999938964844,244.163,1.04,2.19,6.25,0.20718297655646367,-0.5362874292141773,-0.18920176697379,0.5454941959670556,-0.13364578791443815,0.3226621901928998,-5.21,0,6,2017
2017-06-13,64.46910095214844,9606.900390625,11.34000015258789,1265.800048828125,46.459999084472656,96.9800033569336,244.163,1.04,2.19,6.25,0.14306670449544256,-0.09878956380873216,-0.0236890264272982,0.8246467845447913,-0.16470664373083865,0.32264910090833904,-5.21,0,6,2017
2017-06-14,64.35749816894531,9618.150390625,11.18000030517578,1272.800048828125,44.72999954223633,96.94000244140624,244.163,1.04,2.19,6.25,-0.17311050030922592,0.11710332721861505,0.5530099328468596,-3.723632320979764,-0.04124656026267548,0.32268353582095827,-5.21,0,6,2017
2017-06-15,64.16580200195312,9578.0498046875,11.329999923706056,1252.199951171875,44.459999084472656,97.43000030517578,244.163,1.04,2.19,6.25,-0.2978614340926722,-0.41692616884621003,-1.6184865545233573,-0.6036227599526933,0.5054650829679153,0.32523914981538316,-5.21,0,6,2017
2017-06-16,64.55999755859375,9588.0498046875,10.920000076293944,1254.0,44.7400016784668,97.16000366210938,244.163,1.04,2.19,6.25,0.6143390160207485,0.10440538735876359,0.1437509102631962,0.6297854245614021,-0.27711858998328287,0.34382836880004874,-5.21,0,6,2017
2017-06-19,64.3949966430664,9657.5498046875,10.630000114440918,1244.199951171875,44.20000076293945,97.52999877929688,244.163,1.04,2.19,6.25,-0.2555776359464579,0.7248606485755094,-0.7815030963417069,-1.2069756264386666,0.38081011037651713,0.34539125485897443,-5.21,0,6,2017
2017-06-20,64.48760223388672,9653.5,10.65999984741211,1241.0,43.22999954223633,97.75,244.163,1.04,2.19,6.25,0.14380867403971376,-0.04193408027297618,-0.2571894629043392,-2.1945728596377,0.2255728734304352,0.34513143709777316,-5.21,0,6,2017
2017-06-21,64.53050231933594,9633.599609375,10.920000076293944,1243.4000244140625,42.52999877929688,97.55999755859376,244.163,1.04,2.19,6.25,0.06652454729767499,-0.20614689620345183,0.19339439275281034,-1.6192476760392593,-0.19437589913681164,0.33901929739420605,-5.21,0,6,2017
2017-06-22,64.5416030883789,9630.0,11.210000038146973,1247.5999755859375,42.7400016784668,97.54000091552734,244.163,1.04,2.19,6.25,0.017202359572587866,-0.037365154469337636,0.33777956324667624,0.49377593509865036,-0.020496764623645358,0.33808686552263145,-5.21,0,6,2017
2017-06-23,64.59100341796875,9574.9501953125,11.5600004196167,1256.199951171875,43.0099983215332,97.3000030517578,244.163,1.04,2.19,6.25,0.07654028909414023,-0.5716490621754944,0.6893215577291611,0.6317188405784213,-0.24605070895723502,0.3337004472478083,-5.21,0,6,2017
2017-06-26,64.49800109863281,9574.9501953125,11.5600004196167,1246.300048828125,43.380001068115234,97.43000030517578,244.163,1.04,2.19,6.25,-0.14398649101968752,0.0,-0.788083324992539,0.8602714741255513,0.1336045728064672,0.329782561340084,-5.21,0,6,2017
2017-06-27,64.42130279541016,9511.400390625,12.510000228881836,1246.4000244140625,44.2400016784668,96.47000122070312,244.163,1.04,2.19,6.25,-0.118915783305229,-0.6637089842891464,0.00802179106320633,1.9824817638920633,-0.9853218530901042,0.3283058910933857,-5.21,0,6,2017
2017-06-28,64.5248031616211,9491.25,11.989999771118164,1248.0,44.7400016784668,96.0500030517578,244.163,1.04,2.19,6.25,0.1606617092790419,-0.21185514012070916,0.12836774346900448,1.1301988721292622,-0.43536660477950795,0.3261498256624487,-5.21,0,6,2017
2017-06-29,64.51190185546875,9504.099609375,11.380000114440918,1244.199951171875,44.93000030517578,95.62999725341795,244.163,1.04,2.19,6.25,-0.019994336317508132,0.13538374160411148,-0.3044910919971944,0.4246728198055161,-0.43727827693406107,0.3131758382045441,-5.21,0,6,2017
2017-06-30,64.78510284423828,9520.900390625,11.729999542236328,1240.699951171875,46.040000915527344,95.66000366210938,244.163,1.04,2.19,6.25,0.4234892801356249,0.17677404426008625,-0.2813052674293548,2.4705110233967487,0.03137761116096538,0.26481555569328424,-5.21,0,6,2017
2017-07-03,64.60679626464844,9615.0,11.199999809265137,1217.9000244140625,47.06999969482422,96.1999969482422,244.243,1.15,2.32,6.25,-0.27522774798790506,0.9883477981521338,-1.8376664508028218,2.237182360588319,0.5644922281627718,0.2409331362159542,-5.1,0,7,2017
2017-07-04,64.84269714355469,9613.2998046875,11.279999732971191,1217.9000244140625,47.06999969482422,96.1999969482422,244.243,1.15,2.32,6.25,0.36513322521043445,-0.0176827385595435,0.0,0.0,0.0,0.24932855045476862,-5.1,0,7,2017
2017-07-05,64.7688980102539,9637.599609375,11.149999618530272,1220.4000244140625,45.130001068115234,96.29000091552734,244.243,1.15,2.32,6.25,-0.11381255955068559,0.25277277502206985,0.20527136463461826,-4.121518247900702,0.0935592205201008,0.22499995125801103,-5.1,0,7,2017
2017-07-06,64.79139709472656,9674.5498046875,10.979999542236328,1222.199951171875,45.52000045776367,95.81999969482422,244.243,1.15,2.32,6.25,0.03473748228524087,0.3833962481337938,0.14748662092798348,0.864168802167331,-0.48811010098073204,0.22229548781351538,-5.1,0,7,2017
2017-07-07,64.71330261230469,9665.7998046875,10.869999885559082,1208.5999755859375,44.22999954223633,96.01000213623048,244.243,1.15,2.32,6.25,-0.12053217853552622,-0.09044348498532528,-1.11274555140487,-2.8339211391798846,0.19829100606492123,0.21458823359539006,-5.1,0,7,2017
2017-07-10,64.61170196533203,9771.0498046875,10.90999984741211,1212.0999755859375,44.400001525878906,96.0500030517578,244.243,1.15,2.32,6.25,-0.15700117730251817,1.0888907501369838,0.289591268467726,0.38435899932631745,0.04166327948889048,0.21648250480773287,-5.1,0,7,2017
2017-07-11,64.61170196533203,9786.0498046875,10.890000343322754,1213.5999755859375,45.040000915527344,95.73999786376952,244.243,1.15,2.32,6.25,0.0,0.1535147225716127,0.12375216815549983,1.4414400172383157,-0.32275395954045605,0.21647228554082001,-5.1,0,7,2017
2017-07-12,64.52559661865234,9816.099609375,11.050000190734863,1218.0999755859375,45.4900016784668,95.79000091552734,244.243,1.15,2.32,6.25,-0.1332658698975142,0.3070677677637246,0.37079763435454716,0.9991135741391988,0.052227964146167594,0.21559263596622216,-5.1,0,7,2017
2017-07-13,64.36499786376953,9891.7001953125,11.25,1216.300048828125,46.08000183105469,95.7300033569336,244.243,1.15,2.32,6.25,-0.24889154583406237,0.7701693029408263,-0.14776510909514373,1.2969886366638095,-0.0626344691724734,0.21778669281003724,-5.1,0,7,2017
2017-07-14,64.42579650878906,9886.349609375,11.170000076293944,1226.5999755859375,46.540000915527344,95.11000061035156,244.243,1.15,2.32,6.25,0.09445917352193245,-0.05409167111671831,0.8468244959569216,0.9982618624000406,-0.6476577090155589,0.215459880332497,-5.1,0,7,2017
2017-07-17,64.26730346679688,9915.9501953125,11.460000038146973,1232.800048828125,46.02000045776367,95.12999725341795,244.243,1.15,2.32,6.25,-0.24600866513240227,0.29940865038224906,0.5054682345991157,-1.1173193973663675,0.021024753378262595,0.21995658169583746,-5.1,0,7,2017
2017-07-18,64.33000183105469,9827.150390625,11.489999771118164,1241.0999755859375,46.400001525878906,94.66000366210938,244.243,1.15,2.32,6.25,0.09755872874019911,-0.8955249163058343,0.6732581464206078,0.8257302571389458,-0.4940540364534618,0.22011088451617716,-5.1,0,7,2017
2017-07-19,64.3062973022461,9899.599609375,11.260000228881836,1241.199951171875,47.119998931884766,94.8000030517578,244.243,1.15,2.32,6.25,-0.03684832602810495,0.7372352703497453,0.008055401490958403,1.5517184963976582,0.14789708877274155,0.21903205013674884,-5.1,0,7,2017
2017-07-20,64.26329803466797,9873.2998046875,11.31999969482422,1244.800048828125,46.790000915527344,94.2699966430664,244.243,1.15,2.32,6.25,-0.06686634028394423,-0.2656653372384299,0.2900497742407193,-0.7003353646812593,-0.5590784721831943,0.2193155716326866,-5.1,0,7,2017
2017-07-21,64.32499694824219,9915.25,11.09000015258789,1254.300048828125,45.77000045776367,93.94000244140624,244.243,1.15,2.32,6.25,0.0960095660526683,0.42488525763781926,0.763174777261888,-2.179953917088262,-0.3500522047429677,0.21431839887143533,-5.1,0,7,2017
2017-07-24,64.46109771728516,9966.400390625,11.3100004196167,1253.9000244140625,46.34000015258789,93.9800033569336,244.243,1.15,2.32,6.25,0.21158301671195812,0.5158759549683589,-0.03189224256479051,1.2453565416723267,0.04258134392993718,0.21446339529431832,-5.1,0,7,2017
2017-07-25,64.36509704589844,9964.5498046875,10.90999984741211,1251.699951171875,47.88999938964844,94.0500030517578,244.243,1.15,2.32,6.25,-0.14892807411961417,-0.018568247962835738,-0.17545842566001335,3.3448408113006645,0.07448360536692622,0.21458720459014924,-5.1,0,7,2017
2017-07-26,64.4469985961914,10020.650390625,11.170000076293944,1249.0,48.75,93.66999816894533,244.243,1.15,2.32,6.25,0.12724528362719756,0.5630017114381713,-0.21570274644072684,1.795783297791087,-0.40404558264963697,0.21348493309012065,-5.1,0,7,2017
2017-07-27,64.3447036743164,10020.5498046875,11.220000267028809,1259.5999755859375,49.040000915527344,93.86000061035156,244.243,1.15,2.32,6.25,-0.15872720856398015,-0.0010037865166290239,0.8486769884657797,0.5948736728766058,0.20284236694820823,0.20812595721965826,-5.1,0,7,2017
2017-07-28,64.18499755859375,10014.5,11.140000343322754,1268.4000244140625,49.709999084472656,93.26000213623048,244.243,1.15,2.32,6.25,-0.24820398044105296,-0.06037397952625145,0.6986383771587112,1.3662278883301848,-0.6392483168755736,0.17926487815963013,-5.1,0,7,2017
2017-07-31,64.12349700927734,10077.099609375,11.899999618530272,1266.5999755859375,50.16999816894531,92.86000061035156,244.243,1.15,2.32,6.25,-0.0958176390990162,0.6250897136651945,-0.14191491591594163,0.925365304656256,-0.4289100543817481,0.17430706554629397,-5.1,0,7,2017
2017-08-01,64.18949890136719,10114.650390625,11.90999984741211,1272.5999755859375,49.15999984741211,93.02999877929688,245.183,1.16,2.21,6.25,0.10292933973998775,0.37263481265050746,0.4737091517173164,-2.0131519999902703,0.18306931706648655,0.1731875678500512,-5.09,0,8,2017
2017-08-02,64.05580139160156,10081.5,11.9399995803833,1271.800048828125,49.59000015258789,92.83000183105467,245.183,1.16,2.21,6.25,-0.20828564181668563,-0.32774628232060676,-0.06285767508711348,0.8746954973768428,-0.2149811360491083,0.17595608454786726,-5.09,0,8,2017
2017-08-03,63.64059829711914,10013.650390625,11.640000343322754,1267.800048828125,49.02999877929688,92.80999755859376,245.183,1.16,2.21,6.25,-0.6481896806568743,-0.6730110536626532,-0.3145148487520233,-1.1292626972532527,-0.021549361269335154,0.20930114440424039,-5.09,0,8,2017
2017-08-04,63.696998596191406,10066.400390625,11.390000343322754,1258.300048828125,49.58000183105469,93.54000091552734,245.183,1.16,2.21,6.25,0.0886231440014873,0.5267809234621001,-0.749329518387476,1.1217684386116034,0.7865568108357035,0.20955782142479656,-5.09,0,8,2017
2017-08-07,63.66510009765625,10057.400390625,11.899999618530272,1258.199951171875,49.38999938964844,93.43000030517578,245.183,1.16,2.21,6.25,-0.05007849543645637,-0.0894063384204502,-0.007954991048697568,-0.38322394995806697,-0.11759740140573349,0.208747128193673,-5.09,0,8,2017
2017-08-08,63.8301010131836,9978.5498046875,12.770000457763672,1256.4000244140625,49.16999816894531,93.63999938964844,245.183,1.16,2.21,6.25,0.2591701187530715,-0.7840056363968673,-0.14305570081576402,-0.4454367755048705,0.22476622475300356,0.21532204714309996,-5.09,0,8,2017
2017-08-09,63.70289993286133,9908.0498046875,13.449999809265137,1273.0,49.560001373291016,93.5199966430664,245.183,1.16,2.21,6.25,-0.19928071286617888,-0.7065154895241621,1.3212333065401705,0.7931731113873131,-0.12815329705704315,0.21432874700748833,-5.09,0,8,2017
2017-08-10,63.88769912719727,9820.25,13.800000190734863,1283.699951171875,48.59000015258789,93.4000015258789,245.183,1.16,2.21,6.25,0.2900954187811111,-0.8861461782919355,0.8405303355754068,-1.957225976240351,-0.1283095824366587,0.22276290258508186,-5.09,0,8,2017
2017-08-11,64.13860321044922,9710.7998046875,15.199999809265137,1287.699951171875,48.81999969482422,93.06999969482422,245.183,1.16,2.21,6.25,0.392726748152894,-1.1145357329243155,0.3115992951739477,0.47334748202110255,-0.3533210124876174,0.22065394026285612,-5.09,0,8,2017
2017-08-14,64.08100128173828,9794.150390625,14.380000114440918,1284.199951171875,47.59000015258789,93.45999908447266,245.183,1.16,2.21,6.25,-0.08980851753496166,0.8583287433983067,-0.2718024487626036,-2.5194583161104123,0.41903877826070524,0.2161922825389241,-5.09,0,8,2017
2017-08-15,64.17430114746094,9794.150390625,14.380000114440918,1273.699951171875,47.54999923706055,93.8499984741211,245.183,1.16,2.21,6.25,0.14559676636831664,0.0,-0.8176296837901553,-0.08405319478690387,0.4172901706279042,0.20593308196605548,-5.09,0,8,2017
2017-08-16,64.26300048828125,9897.2998046875,14.239999771118164,1276.9000244140625,46.77999877929688,93.48999786376952,245.183,1.16,2.21,6.25,0.13821629411514547,1.0531736796816515,0.2512423148986809,-1.61934904336134,-0.3835914930258033,0.20771171777060168,-5.09,0,8,2017
2017-08-17,64.1604995727539,9904.150390625,14.34000015258789,1286.4000244140625,47.09000015258789,93.62000274658205,245.183,1.16,2.21,6.25,-0.1595022248393696,0.06921671640436333,0.7439893349801885,0.6626793103470696,0.13905753105478702,0.20878015570594696,-5.09,0,8,2017
2017-08-18,64.18890380859375,9837.400390625,14.56999969482422,1285.699951171875,48.5099983215332,93.43000030517578,245.183,1.16,2.21,6.25,0.04427059644016573,-0.6739598791147605,-0.054421115430747236,3.015498331586386,-0.2029506898441058,0.20854929673613662,-5.09,0,8,2017
2017-08-21,64.07589721679688,9754.349609375,14.81999969482422,1290.800048828125,47.369998931884766,93.0999984741211,245.183,1.16,2.21,6.25,-0.17605315730869764,-0.8442350412935062,0.3966786847585668,-2.3500297445741225,-0.3532075671377366,0.2089876613526385,-5.09,0,8,2017
2017-08-22,64.15750122070312,9765.5498046875,14.109999656677246,1285.0999755859375,47.63999938964844,93.5500030517578,245.183,1.16,2.21,6.25,0.12735522630318297,0.11482257414410224,-0.44159227041883353,0.5699819798432371,0.48335616005599213,0.21085159677941526,-5.09,0,8,2017
2017-08-23,64.05750274658203,9852.5,13.18000030517578,1288.9000244140625,48.40999984741211,93.1500015258789,245.183,1.16,2.21,6.25,-0.1558640411775003,0.8903768559017866,0.2957006381073546,1.6162898145019255,-0.42758045198307837,0.21129790340514493,-5.09,0,8,2017
2017-08-24,64.00499725341797,9857.0498046875,12.56999969482422,1286.5,47.43000030517578,93.27999877929688,245.183,1.16,2.21,6.25,-0.08196618805416112,0.04617918992642078,-0.1862071819847766,-2.024374189889022,0.13955689886044897,0.207333584463987,-5.09,0,8,2017
2017-08-25,64.03500366210938,9857.0498046875,12.56999969482422,1292.5,47.869998931884766,92.73999786376952,245.183,1.16,2.21,6.25,0.046881352986538616,0.0,0.46638165565486833,0.9276799997426366,-0.5789032189044252,0.20662059480733558,-5.09,0,8,2017
2017-08-28,63.99549865722656,9912.7998046875,12.640000343322754,1309.699951171875,46.56999969482422,92.20999908447266,245.183,1.16,2.21,6.25,-0.06169282833380363,0.5655850493267112,1.3307505742263137,-2.7156867893612047,-0.5714888845214317,0.20236725160508864,-5.09,0,8,2017
2017-08-29,63.78929901123047,9796.0498046875,13.539999961853027,1313.0999755859375,46.43999862670898,92.3499984741211,245.183,1.16,2.21,6.25,-0.32220960899225215,-1.1777701789638884,0.2596033092175265,-0.27915196256633745,0.1518266902054588,0.2088025841324158,-5.09,0,8,2017
2017-08-30,63.98680114746094,9884.400390625,12.890000343322754,1308.0999755859375,45.959999084472656,92.87999725341795,245.183,1.16,2.21,6.25,0.3096164079114505,0.9019001301445284,-0.3807783179471058,-1.033590776120863,0.5739023151639655,0.21768431457275186,-5.09,0,8,2017
2017-08-31,63.976200103759766,9917.900390625,11.949999809265137,1316.199951171875,47.22999954223633,92.66999816894533,245.183,1.16,2.21,6.25,-0.016567547542722938,0.33891787742403867,0.6192168593466496,2.7632734618411536,-0.2260972121905347,0.21747559312173523,-5.09,0,8,2017
2017-09-01,63.91189956665039,9974.400390625,11.68000030517578,1324.5,47.290000915527344,92.80999755859376,246.435,1.15,2.2,6.25,-0.10050696509810164,0.569677026131532,0.6306069849596252,0.12704080853813693,0.15107304674075728,0.21698515706787036,-5.1,0,9,2017
2017-09-04,64.0155029296875,9912.849609375,13.170000076293944,1324.5,47.290000915527344,92.80999755859376,246.435,1.15,2.2,6.25,0.16210340130646816,-0.6170875324781666,0.0,0.0,0.0,0.21533616551591478,-5.1,0,9,2017
2017-09-05,64.02629852294922,9952.2001953125,12.890000343322754,1339.199951171875,48.65999984741211,92.30999755859376,246.435,1.15,2.2,6.25,0.01686402944232057,0.39696542859164463,1.1098490880992795,2.897016082389081,-0.5387350642740096,0.2141140928913041,-5.1,0,9,2017
2017-09-06,64.0999984741211,9916.2001953125,13.119999885559082,1333.9000244140625,49.15999984741211,92.29000091552734,246.435,1.15,2.2,6.25,0.1151088738098105,-0.36172905783141696,-0.3957532072170977,1.0275380221288488,-0.02166248899934109,0.2138427308494712,-5.1,0,9,2017
2017-09-07,64.0154037475586,9929.900390625,13.010000228881836,1345.0999755859375,49.09000015258789,91.52999877929688,246.435,1.15,2.2,6.25,-0.13197305550116667,0.13815972895521167,0.8396394757391734,-0.14239156843265377,-0.823493475664927,0.21328970171214565,-5.1,0,9,2017
2017-09-08,63.95009994506836,9934.7998046875,12.960000038146973,1346.0,47.47999954223633,91.33000183105467,246.435,1.15,2.2,6.25,-0.10201263862641419,0.049340012183063386,0.06691133970695429,-3.2796915977737817,-0.21850426189171657,0.20945802056407625,-5.1,0,9,2017
2017-09-11,63.930999755859375,10006.0498046875,12.359999656677246,1331.0,48.06999969482422,91.86000061035156,246.435,1.15,2.2,6.25,-0.029867332850752604,0.7171760015373785,-1.1144130757800852,1.2426288085008341,0.5803118018953946,0.20889340435156273,-5.1,0,9,2017
2017-09-12,63.97999954223633,10093.0498046875,11.760000228881836,1328.0,48.22999954223633,91.91000366210938,246.435,1.15,2.2,6.25,0.07664479918048084,0.8694739852208588,-0.22539444027047661,0.33284761478651337,0.05443397716695664,0.20845891183644671,-5.1,0,9,2017
2017-09-13,63.98759841918945,10079.2998046875,11.760000228881836,1323.4000244140625,49.29999923706055,92.5199966430664,246.435,1.15,2.2,6.25,0.011876956873235756,-0.13623236054590704,-0.34638370376035565,2.218535569106095,0.6636850795910698,0.20511109264915264,-5.1,0,9,2017
2017-09-14,64.11509704589844,10086.599609375,11.470000267028809,1324.699951171875,49.88999938964844,92.12000274658205,246.435,1.15,2.2,6.25,0.1992552148523119,0.07242372812548137,0.09822629090459056,1.1967548919237458,-0.43233237245727807,0.16829098251068958,-5.1,0,9,2017
2017-09-15,64.15499877929688,10085.400390625,11.68000030517578,1320.4000244140625,49.88999938964844,91.87000274658205,246.435,1.15,2.2,6.25,0.062234536383631855,-0.011889227256378643,-0.3245962796336377,0.0,-0.2713851417131874,0.16801517217766931,-5.1,0,9,2017
2017-09-18,64.12020111083984,10153.099609375,11.4399995803833,1306.300048828125,49.90999984741211,92.0500030517578,246.435,1.15,2.2,6.25,-0.054239995509530736,0.6712596042585561,-1.0678563560459264,0.04008911206325738,0.19592935647587684,0.16808016521789207,-5.1,0,9,2017
2017-09-19,64.2146987915039,10147.5498046875,11.470000267028809,1306.199951171875,49.47999954223633,91.79000091552734,246.435,1.15,2.2,6.25,0.14737583324280212,-0.05466118624873895,-0.007662684873954717,-0.8615514055107298,-0.2824574987621231,0.16387032661741882,-5.1,0,9,2017
2017-09-20,64.29869842529297,10141.150390625,11.630000114440918,1312.0,50.40999984741211,92.51000213623048,246.435,1.15,2.2,6.25,0.13081060157549285,-0.06306363787978997,0.4440398901348397,1.879547925989633,0.7844004940862126,0.1596559930102071,-5.1,0,9,2017
2017-09-21,64.28369903564453,10121.900390625,11.630000114440918,1290.5999755859375,50.54999923706055,92.26000213623048,246.435,1.15,2.2,6.25,-0.02332767227919419,-0.18982067377479872,-1.631099421803539,0.27772146413846954,-0.2702410487807061,0.15220871399857733,-5.1,0,9,2017
2017-09-22,64.80229949951172,9964.400390625,12.8100004196167,1293.300048828125,50.65999984741211,92.16999816894533,246.435,1.15,2.2,6.25,0.8067371225473963,-1.556031910231781,0.20921069992749786,0.2176075410717626,-0.09755469889568547,0.19875341767775445,-5.1,0,9,2017
2017-09-25,64.89099884033203,9872.599609375,13.34000015258789,1306.800048828125,52.220001220703125,92.6500015258789,246.435,1.15,2.2,6.25,0.13687684157099866,-0.9212875602266135,1.0438412967070265,3.0793552664621693,0.5207804778879943,0.19817223974736484,-5.1,0,9,2017
2017-09-26,65.26509857177734,9871.5,12.93000030517578,1297.0,51.880001068115234,92.97000122070312,246.435,1.15,2.2,6.25,0.576504812887535,-0.011137992205778602,-0.7499271856404643,-0.6510918127920151,0.3453855256924543,0.22031403336880195,-5.1,0,9,2017
2017-09-27,65.3499984741211,9735.75,13.859999656677246,1283.4000244140625,52.13999938964844,93.36000061035156,246.435,1.15,2.2,6.25,0.13008469182096416,-1.375170946664639,-1.0485717491085178,0.5011532694300547,0.4194894961038198,0.22021492356131397,-5.1,0,9,2017
2017-09-28,65.5250015258789,9768.9501953125,13.170000076293944,1285.5,51.560001373291016,93.08999633789062,246.435,1.15,2.2,6.25,0.2677935054996361,0.3410132276660871,0.16362595807930536,-1.1123859285517623,-0.28920765927137326,0.21960275585198574,-5.1,0,9,2017
2017-09-29,65.36000061035156,9788.599609375,12.489999771118164,1281.5,51.66999816894531,93.08000183105467,246.435,1.15,2.2,6.25,-0.25181367674166344,0.2011415113154058,-0.3111629716063824,0.21333745679703586,-0.01073639191011555,0.22733498736376379,-5.1,0,9,2017
2017-10-02,65.29329681396484,9788.599609375,12.489999771118164,1272.699951171875,50.58000183105469,93.55999755859376,246.626,1.15,2.36,6.25,-0.10205599107071528,0.0,-0.686699089202103,-2.109534307175054,0.5156808316466366,0.2250696561821283,-5.1,0,10,2017
2017-10-03,65.57170104980469,9859.5,12.460000038146973,1271.5,50.41999816894531,93.56999969482422,246.626,1.15,2.36,6.25,0.4263902259876273,0.7243159742390093,-0.09428390177670387,-0.3163377942211443,0.010690611897667956,0.23444459329465417,-5.1,0,10,2017
2017-10-04,65.44309997558594,9914.900390625,11.800000190734863,1273.699951171875,49.97999954223633,93.45999908447266,246.626,1.15,2.36,6.25,-0.19612282762204725,0.5618985813175215,0.17302014721785053,-0.8726668835541296,-0.11755969938048727,0.23591023682718018,-5.1,0,10,2017
2017-10-05,65.01950073242188,9888.7001953125,11.710000038146973,1269.9000244140625,50.790000915527344,93.95999908447266,246.626,1.15,2.36,6.25,-0.6472786945026843,-0.26425071639926134,-0.29833767005458256,1.6206510218282677,0.5349882354996449,0.2688761546418538,-5.1,0,10,2017
2017-10-06,65.20999908447266,9979.7001953125,11.119999885559082,1271.5999755859375,49.290000915527344,93.8000030517578,246.626,1.15,2.36,6.25,0.2929864885224953,0.9202422785872022,0.13386496095701972,-2.9533372178802697,-0.1702810071028349,0.27242089426050836,-5.1,0,10,2017
2017-10-09,65.41419982910156,9988.75,11.390000343322754,1281.800048828125,49.58000183105469,93.73999786376952,246.626,1.15,2.36,6.25,0.3131433024011976,0.09068212982741297,0.8021448126787956,0.5883564823306431,-0.06397141368446047,0.2751821079652282,-5.1,0,10,2017
2017-10-10,65.41459655761719,10016.9501953125,11.109999656677246,1290.5999755859375,50.91999816894531,93.29000091552734,246.626,1.15,2.36,6.25,0.0006064868433242054,0.28231956263296,0.686528820611132,2.7026952166252505,-0.48004796084606394,0.2653102614916468,-5.1,0,10,2017
2017-10-11,65.23889923095703,9984.7998046875,11.729999542236328,1285.800048828125,51.29999923706055,92.95999908447266,246.626,1.15,2.36,6.25,-0.26859040016459224,-0.32095987299651796,-0.3719143691780502,0.7462707811858982,-0.3537376222704669,0.26934460769026414,-5.1,0,10,2017
2017-10-12,65.20539855957031,10096.400390625,11.039999961853027,1293.300048828125,50.59999847412109,93.12000274658205,246.626,1.15,2.36,6.25,-0.051350761250767984,1.1177047924897598,0.5832944248863159,-1.3645239246587781,0.17212098072849624,0.2697822042937105,-5.1,0,10,2017
2017-10-13,65.0459976196289,10167.4501953125,11.260000228881836,1301.5,51.45000076293945,93.08999633789062,246.626,1.15,2.36,6.25,-0.24445972797142446,0.7037142143597297,0.6340331603099436,1.6798464712466155,-0.032223376080731114,0.2740519521980462,-5.1,0,10,2017
2017-10-16,64.6729965209961,10230.849609375,11.3100004196167,1299.9000244140625,51.869998931884766,93.27999877929688,246.626,1.15,2.36,6.25,-0.5734420445267396,0.6235527378509298,-0.12293319907318301,0.8163229596059418,0.20410618635819944,0.29649463842542606,-5.1,0,10,2017
2017-10-17,64.6946029663086,10234.4501953125,11.609999656677246,1283.0,51.880001068115234,93.48999786376952,246.626,1.15,2.36,6.25,0.03340875863928616,0.035193420634405115,-1.3001018614243298,0.019283085476073936,0.2251276664030577,0.2964761054614995,-5.1,0,10,2017
2017-10-18,64.92870330810547,10210.849609375,11.539999961853027,1279.9000244140625,52.040000915527344,93.36000061035156,246.626,1.15,2.36,6.25,0.361854515003035,-0.23059945074831445,-0.24161929742303467,0.30840370878566503,-0.13904937040151166,0.3021423444609724,-5.1,0,10,2017
2017-10-19,65.04010009765625,10146.5498046875,12.399999618530272,1286.9000244140625,51.290000915527344,93.2699966430664,246.626,1.15,2.36,6.25,0.17156786424976644,-0.6297204164917303,0.5469177175150497,-1.4411990522779194,-0.09640527709591229,0.30115237778038545,-5.1,0,10,2017
2017-10-20,64.90460205078125,10146.5498046875,12.399999618530272,1277.4000244140625,51.470001220703125,93.6999969482422,246.626,1.15,2.36,6.25,-0.20833000975022387,0.0,-0.7382080829725246,0.3509461921676227,0.46102746933867067,0.30365927562837414,-5.1,0,10,2017
2017-10-23,65.1041030883789,10184.849609375,12.329999923706056,1277.699951171875,51.900001525878906,93.94000244140624,246.626,1.15,2.36,6.25,0.30737579662158954,0.377466285828576,0.023479470180065576,0.8354386923985935,0.25614247703402704,0.30683244859532344,-5.1,0,10,2017
2017-10-24,65.03489685058594,10207.7001953125,11.59000015258789,1275.0,52.470001220703125,93.95999908447266,246.626,1.15,2.36,6.25,-0.10630088505946267,0.22435859942857572,-0.21131339712415764,1.0982652756570621,0.021286611184501147,0.3083268684037994,-5.1,0,10,2017
2017-10-25,65.07949829101562,10295.349609375,11.760000228881836,1275.4000244140625,52.18000030517578,93.70999908447266,246.626,1.15,2.36,6.25,0.06858078137981227,0.8586597606260904,0.03137446384804399,-0.5526985111121374,-0.2660706709620597,0.30822727626355745,-5.1,0,10,2017
2017-10-26,64.83999633789062,10343.7998046875,11.619999885559082,1266.300048828125,52.63999938964844,94.61000061035156,246.626,1.15,2.36,6.25,-0.3680144429725307,0.4706027201677676,-0.713499718656363,0.881562057842733,0.9604114125191909,0.3164812416237947,-5.1,0,10,2017
2017-10-27,64.5999984741211,10323.0498046875,11.479999542236328,1268.5,53.900001525878906,94.91999816894533,246.626,1.15,2.36,6.25,-0.37013861401050674,-0.2006032637116295,0.17373063942554,2.3936211072187907,0.32765834118368975,0.3250665977967099,-5.1,0,10,2017
2017-10-30,64.87339782714844,10363.650390625,12.109999656677246,1274.0999755859375,54.150001525878906,94.48999786376952,246.626,1.15,2.36,6.25,0.4232188227324407,0.393300300838062,0.44146437413776773,0.4638218792627935,-0.45301339387983086,0.3327244529496084,-5.1,0,10,2017
2017-10-31,64.84239959716797,10335.2998046875,12.4399995803833,1267.0,54.380001068115234,94.5500030517578,246.626,1.15,2.36,6.25,-0.04778265208654764,-0.2735579151063039,-0.5572541968437261,0.4247452183845368,0.06350427489139054,0.3324496830207989,-5.1,0,10,2017
2017-11-01,64.67009735107422,10440.5,12.140000343322754,1274.0999755859375,54.29999923706055,94.81999969482422,247.284,1.16,2.35,6.25,-0.26572466035214015,1.0178727013297362,0.5603769207527698,-0.14711627341543743,0.28555963442815635,0.33628604928638456,-5.09,0,11,2017
2017-11-02,64.55509948730469,10423.7998046875,12.010000228881836,1274.9000244140625,54.540000915527344,94.69000244140624,247.284,1.16,2.35,6.25,-0.17782231429966933,-0.15995589591015769,0.06279325354803245,0.44199204758550437,-0.13709898105502827,0.33814623207845484,-5.09,0,11,2017
2017-11-03,64.50050354003906,10452.5,11.90999984741211,1266.5,55.63999938964844,94.94000244140624,247.284,1.16,2.35,6.25,-0.08457263283493388,0.27533333189682097,-0.65887710825977,2.0168655219217735,0.2640194250229211,0.30353153768812824,-5.09,0,11,2017
2017-11-06,64.69339752197266,10451.7998046875,13.020000457763672,1279.4000244140625,57.34999847412109,94.72000122070312,247.284,1.16,2.35,6.25,0.2990581024128858,-0.006698831021290097,1.0185570007155587,3.0733269288834464,-0.23172657999338542,0.307746897588257,-5.09,0,11,2017
2017-11-07,64.59089660644531,10350.150390625,13.239999771118164,1273.699951171875,57.20000076293945,94.91000366210938,247.284,1.16,2.35,6.25,-0.15844107660681894,-0.9725541625559164,-0.44552705435487727,-0.26154789044906535,0.20059379112922215,0.28809770437995025,-5.09,0,11,2017
2017-11-08,65.16449737548828,10303.150390625,13.609999656677246,1281.5999755859375,56.810001373291016,94.87000274658205,247.284,1.16,2.35,6.25,0.8880520308270912,-0.45409968189999983,0.6202421855158402,-0.6818171056758526,-0.04214615318078874,0.3327744338644432,-5.09,0,11,2017
2017-11-09,64.9104995727539,10308.9501953125,13.270000457763672,1285.5999755859375,57.16999816894531,94.44000244140624,247.284,1.16,2.35,6.25,-0.38977942432487644,0.05629156585715833,0.31210986861724965,0.6336855957612242,-0.45325212683342553,0.3355628063202835,-5.09,0,11,2017
2017-11-10,64.96800231933594,10321.75,13.479999542236328,1272.4000244140625,56.7400016784668,94.38999938964844,247.284,1.16,2.35,6.25,0.08858774306239603,0.12416205767800115,-1.0267541554563886,-0.7521366175451294,-0.05294689799358876,0.3335831491302058,-5.09,0,11,2017
2017-11-13,65.1603012084961,10224.9501953125,14.050000190734863,1277.300048828125,56.7599983215332,94.48999786376952,247.284,1.16,2.35,6.25,0.2959901525291686,-0.9378235734008311,0.3851009368157632,0.035242584552119816,0.10594181032703709,0.33807268016459263,-5.09,0,11,2017
2017-11-14,65.43840026855469,10186.599609375,14.170000076293944,1281.5,55.70000076293945,93.83000183105467,247.284,1.16,2.35,6.25,0.42679216470891124,-0.37506868204679744,0.3288147664073371,-1.8675080865737326,-0.698482429501579,0.3380904243700937,-5.09,0,11,2017
2017-11-15,65.41339874267578,10118.0498046875,14.270000457763672,1276.5,55.33000183105469,93.80999755859376,247.284,1.16,2.35,6.25,-0.038206199687496056,-0.672940994209803,-0.3901677721420249,-0.6642709637644129,-0.02131969740012396,0.33625632407343387,-5.09,0,11,2017
2017-11-16,65.41339874267578,10214.75,13.460000038146973,1277.4000244140625,55.13999938964844,93.93000030517578,247.284,1.16,2.35,6.25,0.0,0.9557197007243445,0.07050720047492298,-0.3433985814538798,0.12792106353809451,0.3133411540949676,-5.09,0,11,2017
2017-11-17,65.20999908447266,10283.599609375,13.710000038146973,1295.800048828125,56.54999923706055,93.66000366210938,247.284,1.16,2.35,6.25,-0.31094494723208355,0.6740214824151325,1.4404277487392703,2.5571270638730104,-0.28744452484743555,0.3146359869091444,-5.09,0,11,2017
2017-11-20,64.90499877929688,10298.75,13.43000030517578,1274.5999755859375,56.09000015258789,94.08000183105467,247.284,1.16,2.35,6.25,-0.4677201494523664,0.14732575363192169,-1.6360605373768933,-0.813437826133856,0.4484285207381644,0.32012945078795235,-5.09,0,11,2017
2017-11-21,65.0250015258789,10326.900390625,13.720000267028809,1281.0999755859375,56.83000183105469,93.9499969482422,247.284,1.16,2.35,6.25,0.18488983720665875,0.27333793542905216,0.5099639200143447,1.3193112434546128,-0.1381854594836529,0.32240861761698486,-5.09,0,11,2017
2017-11-22,64.76129913330078,10342.2998046875,14.039999961853027,1291.5999755859375,58.02000045776367,93.22000122070312,247.284,1.16,2.35,6.25,-0.40554000213776087,0.149119420929833,0.8196081648661036,2.0939619714365643,-0.7770045250147684,0.3269953614654124,-5.09,0,11,2017
2017-11-23,64.7699966430664,10348.75,13.869999885559082,1291.5999755859375,58.02000045776367,93.22000122070312,247.284,1.16,2.35,6.25,0.013430103907774438,0.06236712756650942,0.0,0.0,0.0,0.32702222893789906,-5.09,0,11,2017
2017-11-24,64.57939910888672,10389.7001953125,13.510000228881836,1286.699951171875,58.95000076293945,92.76000213623048,247.284,1.16,2.35,6.25,-0.29426824773518545,0.3957018510689636,-0.3793763167144415,1.6028960665948055,-0.493455351264771,0.328315456581616,-5.09,0,11,2017
2017-11-27,64.54499816894531,10399.5498046875,13.029999732971191,1293.800048828125,58.11000061035156,92.9000015258789,247.284,1.16,2.35,6.25,-0.053269216524298724,0.0948016707878141,0.5518067867946508,-1.424936627169615,0.15092646229439843,0.3115779510384917,-5.09,0,11,2017
2017-11-28,64.43389892578125,10370.25,13.149999618530272,1294.699951171875,57.9900016784668,93.26000213623048,247.284,1.16,2.35,6.25,-0.17212680504422595,-0.28174108723719726,0.06955497834191249,-0.20650306423054543,0.3875141059618725,0.31293522477669966,-5.09,0,11,2017
2017-11-29,64.47000122070312,10361.2998046875,13.0600004196167,1282.0999755859375,57.29999923706055,93.26000213623048,247.284,1.16,2.35,6.25,0.05602997106144425,-0.08630645657047298,-0.9731965753557725,-1.1898644963524219,0.0,0.30518876431853703,-5.09,0,11,2017
2017-11-30,64.41480255126953,10226.5498046875,13.550000190734863,1273.199951171875,57.400001525878906,93.01000213623048,247.284,1.16,2.35,6.25,-0.08561915369696971,-1.3005125084696312,-0.694175538845565,0.17452406657918473,-0.2680677613912219,0.3031348965626573,-5.09,0,11,2017
2017-12-01,64.49939727783203,10121.7998046875,14.800000190734863,1278.800048828125,58.36000061035156,92.9000015258789,247.805,1.3,2.4,6.25,0.13132808486864267,-1.0242946252702612,0.43984431911858746,1.6724722281406867,-0.11826750653167739,0.3026550754754698,-4.95,0,12,2017
2017-12-04,64.50900268554688,10127.75,14.859999656677246,1274.300048828125,57.470001220703125,93.19000244140624,247.805,1.3,2.4,6.25,0.014892244145281452,0.058785941505634653,-0.35189238568795744,-1.5250160732359075,0.3121645971626119,0.2963770591937841,-4.95,0,12,2017
2017-12-05,64.35140228271484,10118.25,15.010000228881836,1261.5999755859375,57.619998931884766,93.37999725341795,247.805,1.3,2.4,6.25,-0.24430761021103642,-0.09380168349337747,-0.9966313078200728,0.26100175395089575,0.20387896451787846,0.2986615349302734,-4.95,0,12,2017
2017-12-06,64.35690307617188,10044.099609375,15.09000015258789,1262.800048828125,55.959999084472656,93.61000061035156,247.805,1.3,2.4,6.25,0.008548055305568347,-0.7328380957675518,0.09512311869142032,-2.880943905213307,0.24630902088100814,0.2981457805172302,-4.95,0,12,2017
2017-12-07,64.51519775390625,10166.7001953125,14.270000457763672,1249.800048828125,56.68999862670898,93.8000030517578,247.805,1.3,2.4,6.25,0.24596378969170551,1.2206229598028528,-1.0294583067259166,1.3045024199060062,0.20297237492510334,0.29568744734327357,-4.95,0,12,2017
2017-12-08,64.54239654541016,10265.650390625,13.670000076293944,1245.199951171875,57.36000061035156,93.9000015258789,247.805,1.3,2.4,6.25,0.042158735384578705,0.9732773998600175,-0.36806668879260096,1.1818698180862564,0.10660817789731603,0.2881608476575933,-4.95,0,12,2017
2017-12-11,64.4729995727539,10322.25,14.149999618530272,1243.699951171875,57.9900016784668,93.87000274658205,247.805,1.3,2.4,6.25,-0.10752153060729075,0.5513494734507018,-0.12046258101667817,1.0983282102712266,-0.031947581266644764,0.2772021374057797,-4.95,0,12,2017
2017-12-12,64.3499984741211,10240.150390625,15.260000228881836,1238.5,57.13999938964844,94.0999984741211,247.805,1.3,2.4,6.25,-0.19077924006624114,-0.7953654423696332,-0.4181033509710552,-1.4657738648315766,0.24501514947214975,0.2789157727952417,-4.95,0,12,2017
2017-12-13,64.55000305175781,10192.9501953125,15.949999809265137,1245.4000244140625,56.59999847412109,93.43000030517578,247.805,1.3,2.4,6.25,0.3108074318248111,-0.4609326378225087,0.5571275263675846,-0.9450488647103072,-0.7120065672791442,0.2816086985286479,-4.95,0,12,2017
2017-12-14,64.31999969482422,10252.099609375,16.40999984741211,1253.800048828125,57.040000915527344,93.48999786376952,247.805,1.3,2.4,6.25,-0.35631811937975044,0.5802972930222028,0.674484041223189,0.7773894934068437,0.06421658824549148,0.2871984128351344,-4.95,0,12,2017
2017-12-15,64.2750015258789,10333.25,14.9399995803833,1254.300048828125,57.29999923706055,93.93000030517578,247.805,1.3,2.4,6.25,-0.06995984011008982,0.7915489872025061,0.039878766990586456,0.45581752692858135,0.4706411931332255,0.2870830367383622,-4.95,0,12,2017
2017-12-18,64.07230377197266,10388.75,13.119999885559082,1262.199951171875,57.15999984741211,93.6999969482422,247.805,1.3,2.4,6.25,-0.3153601697304276,0.5371011056540809,0.6298255629608507,-0.24432703579844173,-0.24486676906878557,0.2860949913510611,-4.95,0,12,2017
2017-12-19,64.20010375976562,10463.2001953125,12.1899995803833,1260.699951171875,57.459999084472656,93.47000122070312,247.805,1.3,2.4,6.25,0.19946213928532242,0.7166424768379365,-0.11884012502197949,0.5248412138932679,-0.24545969586969862,0.28808542468113424,-4.95,0,12,2017
2017-12-20,64.04759979248047,10444.2001953125,12.1899995803833,1266.0999755859375,58.09000015258789,93.3499984741211,247.805,1.3,2.4,6.25,-0.23754473646308005,-0.1815888030940238,0.4283354186730204,1.0964167736742692,-0.12838637532343045,0.2339856459046776,-4.95,0,12,2017
2017-12-21,63.96500015258789,10440.2998046875,12.09000015258789,1267.300048828125,58.36000061035156,93.27999877929688,247.805,1.3,2.4,6.25,-0.12896601927349094,-0.03734503889297747,0.09478503003936822,0.4647967930012875,-0.07498628384404737,0.2259141787937679,-4.95,0,12,2017
2017-12-22,64.00969696044922,10493.0,11.59000015258789,1275.4000244140625,58.470001220703125,93.3499984741211,247.805,1.3,2.4,6.25,0.06987697608802357,0.5047766472073834,0.6391521560681346,0.18848630774697117,0.0750425554676859,0.22554775900480797,-4.95,0,12,2017
2017-12-25,64.00779724121094,10493.0,11.59000015258789,1275.4000244140625,58.470001220703125,93.3499984741211,247.805,1.3,2.4,6.25,-0.002967861634239899,0.0,0.0,0.0,0.0,0.2161766871084067,-4.95,0,12,2017
2017-12-26,64.010498046875,10531.5,12.050000190734863,1284.0999755859375,59.970001220703125,93.26000213623048,247.805,1.3,2.4,6.25,0.004219494781065869,0.3669112741827796,0.6821350952907368,2.5654181096012696,-0.09640743370291638,0.19626555661111755,-4.95,0,12,2017
2017-12-27,64.0281982421875,10490.75,12.489999771118164,1287.0,59.63999938964844,93.02999877929688,247.805,1.3,2.4,6.25,0.02765201936023587,-0.3869344347908643,0.22584101465614737,-0.5502781796521972,-0.24662594002263782,0.19703873421535334,-4.95,0,12,2017
2017-12-28,64.11499786376953,10477.900390625,12.300000190734863,1294.0999755859375,59.84000015258789,92.5999984741211,247.805,1.3,2.4,6.25,0.13556467925852633,-0.12248513571480046,0.5516686546960026,0.33534668844106275,-0.46221682340973347,0.200254556657904,-4.95,0,12,2017
2017-12-29,64.06199645996094,10530.7001953125,12.670000076293944,1306.300048828125,60.41999816894531,92.12000274658205,247.805,1.3,2.4,6.25,-0.08266615546210776,0.5039158869532878,0.9427458057607696,0.9692480195161446,-0.5183539259703052,0.1949161889622689,-4.95,0,12,2017
2018-01-01,63.84080123901367,10530.7001953125,13.350000381469728,1306.300048828125,60.41999816894531,92.12000274658205,248.859,1.41,2.58,6.25,-0.3452830588655087,0.0,0.0,0.0,0.0,0.187191985518923,-4.84,0,1,2018
2018-01-02,63.86759948730469,10442.2001953125,13.6899995803833,1313.699951171875,60.369998931884766,91.8499984741211,248.859,1.41,2.58,6.25,0.04197667913139469,-0.8403999578242116,0.5664779964134947,-0.08275279472987895,-0.29310059097992225,0.182641823925453,-4.84,0,1,2018
2018-01-03,63.459999084472656,10443.2001953125,13.619999885559082,1316.199951171875,61.630001068115234,92.16000366210938,248.859,1.41,2.58,6.25,-0.6381959023104566,0.009576525840304662,0.19030220696665268,2.087132944382075,0.3375124585065947,0.20177123862662233,-4.84,0,1,2018
2018-01-04,63.41910171508789,10504.7998046875,13.420000076293944,1319.4000244140625,62.0099983215332,91.8499984741211,248.859,1.41,2.58,6.25,-0.06444590289125252,0.5898537634340117,0.2431297189563253,0.6165783657832158,-0.3363771437389085,0.20119504689216275,-4.84,0,1,2018
2018-01-05,63.36959838867188,10558.849609375,13.109999656677246,1320.300048828125,61.43999862670898,91.9499969482422,248.859,1.41,2.58,6.25,-0.0780574386537447,0.5145248428569005,0.06821467313995466,-0.9192061123250994,0.10887150330141093,0.1967083024546505,-4.84,0,1,2018
2018-01-08,63.26499938964844,10623.599609375,13.739999771118164,1318.5999755859375,61.72999954223633,92.33000183105467,248.859,1.41,2.58,6.25,-0.16506179884855365,0.6132296831134809,-0.12876415809394137,0.47200670899962827,0.41327340448567007,0.1975779038316705,-4.84,0,1,2018
2018-01-09,63.45199966430664,10637.0,13.850000381469728,1311.699951171875,62.959999084472656,92.52999877929688,248.859,1.41,2.58,6.25,0.29558251238803734,0.12613794869653638,-0.5232841302758584,1.9925474669649779,0.2166110086385009,0.20717990219107774,-4.84,0,1,2018
2018-01-10,63.63610076904297,10632.2001953125,14.039999961853027,1317.4000244140625,63.56999969482422,92.33000183105467,248.859,1.41,2.58,6.25,0.29014232129849216,-0.04512366915013777,0.43455618314958144,0.9688701067691152,-0.21614281949710046,0.2155875550790669,-4.84,0,1,2018
2018-01-11,63.7599983215332,10651.2001953125,14.010000228881836,1320.5999755859375,63.79999923706055,91.8499984741211,248.859,1.41,2.58,6.25,0.1946969581620106,0.17870242895141608,0.24289897620870526,0.36180516492130277,-0.5198779891848027,0.21971903861643474,-4.84,0,1,2018
2018-01-12,63.67210006713867,10681.25,13.729999542236328,1333.4000244140625,64.30000305175781,90.97000122070312,248.859,1.41,2.58,6.25,-0.13785799358285722,0.282125996474325,0.969260113945225,0.7837050480822283,-0.9580808579609412,0.21823370294464106,-4.84,0,1,2018
2018-01-15,63.5885009765625,10741.5498046875,14.3100004196167,1333.4000244140625,64.30000305175781,90.97000122070312,248.859,1.41,2.58,6.25,-0.13129626710602915,0.5645388385020489,0.0,0.0,0.0,0.2185331815499181,-4.84,0,1,2018
2018-01-16,63.52119827270508,10700.4501953125,14.09000015258789,1335.4000244140625,63.72999954223633,90.38999938964844,248.859,1.41,2.58,6.25,-0.10584099770213351,-0.3826227138756466,0.1499924976286815,-0.8864750893754492,-0.6375748304625617,0.2156803757518124,-4.84,0,1,2018
2018-01-17,63.99430084228516,10788.5498046875,13.859999656677246,1338.0,63.970001220703125,90.54000091552734,248.859,1.41,2.58,6.25,0.7447947810256927,0.8233261943837888,0.19469638598204053,0.3765913701407442,0.16594924979729253,0.2592422443731458,-4.84,0,1,2018
2018-01-18,63.82500076293945,10817.0,13.960000038146973,1326.0,63.95000076293945,90.5,248.859,1.41,2.58,6.25,-0.2645549324196139,0.2637073177355065,-0.8968609865470878,-0.03126537030172516,-0.044180378973779355,0.2580361070481182,-4.84,0,1,2018
2018-01-19,63.86759948730469,10894.7001953125,13.979999542236328,1331.9000244140625,63.369998931884766,90.56999969482422,248.859,1.41,2.58,6.25,0.06674300643325637,0.7183155709762357,0.4449490508342757,-0.9069614138156656,0.07734772908754017,0.2583301929284877,-4.84,0,1,2018
2018-01-22,63.83209991455078,10966.2001953125,15.390000343322754,1330.9000244140625,63.4900016784668,90.4000015258789,248.859,1.41,2.58,6.25,-0.055583070350029296,0.6562824007838586,-0.0750807103888973,0.1893683897817633,-0.1876981003843703,0.25799919315506514,-4.84,0,1,2018
2018-01-23,63.88010025024414,11083.7001953125,16.229999542236328,1335.699951171875,64.47000122070312,90.12000274658205,248.859,1.41,2.58,6.25,0.07519780135325504,1.0714741469905364,0.36065269139398115,1.543549403572797,-0.30973315771095633,0.25695729243680426,-4.84,0,1,2018
2018-01-24,63.7504997253418,11086.0,18.040000915527344,1355.9000244140625,65.61000061035156,89.20999908447266,248.859,1.41,2.58,6.25,-0.20288090406033188,0.020749430668232094,1.5123211784551671,1.7682633287780192,-1.0097687909179531,0.25091418255340575,-4.84,0,1,2018
2018-01-25,63.57789993286133,11069.650390625,17.510000228881836,1362.4000244140625,65.51000213623047,89.38999938964844,248.859,1.41,2.58,6.25,-0.27074265021307387,-0.1474797886974577,0.47938637679492135,-0.15241346317761417,0.2017714460520681,0.2476741110242492,-4.84,0,1,2018
2018-01-26,63.57310104370117,11069.650390625,17.510000228881836,1351.5999755859375,66.13999938964844,89.06999969482422,248.859,1.41,2.58,6.25,-0.007548046043082124,0.0,-0.7927223014231655,0.9616810149202459,-0.35798153821363643,0.2476618100943069,-4.84,0,1,2018
2018-01-29,63.56999969482422,11130.400390625,17.889999389648438,1351.5999755859375,65.55999755859375,89.30999755859375,248.859,1.41,2.58,6.25,-0.0048783979797017984,0.5487978197707966,0.0,-0.8769305056048449,0.269448596151145,0.24202116509312124,-4.84,0,1,2018
2018-01-30,63.66939926147461,11049.650390625,16.420000076293945,1335.4000244140625,64.5,89.19000244140625,248.859,1.41,2.58,6.25,0.15636238340031028,-0.7254905229466369,-1.1985758704125549,-1.6168358725858534,-0.134357989550693,0.24076161097056037,-4.84,0,1,2018
2018-01-31,63.769901275634766,11027.7001953125,15.93000030517578,1339.0,64.7300033569336,89.12999725341797,248.859,1.41,2.58,6.25,0.157849791777398,-0.1986505865481769,0.26958031452164466,0.35659435183503785,-0.06727793064890131,0.23968027278740653,-4.84,0,1,2018
2018-02-01,63.665000915527344,11016.900390625,14.109999656677246,1344.300048828125,65.80000305175781,88.66999816894531,249.529,1.42,2.86,6.25,-0.16449823193861457,-0.0979334267002474,0.39582142106981966,1.6530196807252429,-0.5160990672587684,0.24035377650564893,-4.83,0,2,2018
2018-02-02,63.97499847412109,10760.599609375,15.25,1333.699951171875,65.44999694824219,89.19999694824219,249.529,1.42,2.86,6.25,0.4869198996872104,-2.326432772943132,-0.7885217043241521,-0.5319241448063616,0.5977205258164808,0.25694327087744306,-4.83,0,2,2018
2018-02-05,64.13249969482422,10666.5498046875,16.049999237060547,1333.0,64.1500015258789,89.55000305175781,249.529,1.42,2.86,6.25,0.24619183190264238,-0.8740201113473289,-0.05248190728807112,-1.986242143588357,0.3923835375450935,0.2608903543947361,-4.83,0,2,2018
2018-02-06,64.314697265625,10498.25,20.020000457763672,1326.0999755859375,63.38999938964844,89.58999633789062,249.529,1.42,2.86,6.25,0.28409553918491426,-1.5778279553294694,-0.5176312388644022,-1.184726606629738,0.04466028450016424,0.26575301576841776,-4.83,0,2,2018
2018-02-07,63.97999954223633,10476.7001953125,19.46999931335449,1311.5999755859375,61.790000915527344,90.26000213623048,249.529,1.42,2.86,6.25,-0.5204062797751208,-0.20527044686019513,-1.0934318880138072,-2.5240550394805217,0.7478578253457213,0.28319963331826864,-4.83,0,2,2018
2018-02-08,64.19999694824219,10576.849609375,17.770000457763672,1316.9000244140625,61.150001525878906,90.2300033569336,249.529,1.42,2.86,6.25,0.3438534035321794,0.9559251691416026,0.40409034208446215,-1.0357653020969804,-0.03323596120861083,0.28918162953923915,-4.83,0,2,2018
2018-02-09,64.44049835205078,10454.9501953125,19.229999542236328,1313.0999755859375,59.20000076293945,90.44000244140624,249.529,1.42,2.86,6.25,0.3746127963253354,-1.1525115565078292,-0.28856016080763824,-3.188880971841357,0.2327375337025428,0.29637330318847216,-4.83,0,2,2018
2018-02-12,64.2113037109375,10539.75,17.8799991607666,1324.199951171875,59.290000915527344,90.20999908447266,249.529,1.42,2.86,6.25,-0.3556686353683114,0.8110971654893273,0.8453260065734547,0.1520272828176017,-0.2543159561308017,0.29682049798454935,-4.83,0,2,2018
2018-02-13,64.28350067138672,10539.75,17.8799991607666,1328.0999755859375,59.18999862670898,89.69999694824219,249.529,1.42,2.86,6.25,0.1124365279581152,0.0,0.2945192990387202,-0.16866636409880176,-0.565349896249201,0.29728111624909814,-4.83,0,2,2018
2018-02-14,64.2500991821289,10500.900390625,17.18000030517578,1355.5,60.59999847412109,89.12000274658203,249.529,1.42,2.86,6.25,-0.051959661357836584,-0.3686008622120984,2.063099534504098,2.3821589459808834,-0.6465933348858588,0.27043928212677937,-4.83,0,2,2018
2018-02-15,64.02519989013672,10545.5,16.31999969482422,1352.0999755859375,61.34000015258789,88.58999633789062,249.529,1.42,2.86,6.25,-0.35003726819886616,0.4247217640005241,-0.2508317531584314,1.2211249127057622,-0.5947109429501607,0.27918624356738775,-4.83,0,2,2018
2018-02-16,63.890899658203125,10452.2998046875,16.3799991607666,1353.199951171875,61.68000030517578,89.0999984741211,249.529,1.42,2.86,6.25,-0.209761519158147,-0.883791146104973,0.0813531251977695,0.5542878248159688,0.5756881784770185,0.2819992958438827,-4.83,0,2,2018
2018-02-19,64.37999725341797,10378.400390625,16.670000076293945,1353.199951171875,61.68000030517578,89.0999984741211,249.529,1.42,2.86,6.25,0.7655199689335479,-0.7070158285103822,0.0,0.0,0.0,0.30986902802580923,-4.83,0,2,2018
2018-02-20,64.50499725341797,10360.400390625,16.8700008392334,1328.800048828125,61.900001525878906,89.72000122070312,249.529,1.42,2.86,6.25,0.1941596852015559,-0.1734371321447492,-1.8031261619999017,0.3566816141611806,0.6958504570144353,0.30774160756447244,-4.83,0,2,2018
2018-02-21,64.86499786376953,10397.4501953125,15.920000076293944,1330.0,61.68000030517578,90.08000183105467,249.529,1.42,2.86,6.25,0.5580972415784258,0.3576097765586983,0.09030336602811051,-0.35541391806128697,0.40124900295752663,0.3184923464509557,-4.83,0,2,2018
2018-02-22,64.8949966430664,10382.7001953125,14.829999923706056,1330.5999755859375,62.77000045776367,89.75,249.529,1.42,2.86,6.25,0.04624802325574606,-0.1418617038112857,0.04511094631109991,1.7671857120539425,-0.36634305544708257,0.3175478283060293,-4.83,0,2,2018
2018-02-23,64.95140075683594,10491.0498046875,14.199999809265137,1328.199951171875,63.54999923706055,89.87999725341797,249.529,1.42,2.86,6.25,0.08691596684990976,1.0435590678416817,-0.1803715961294583,1.242629876706336,0.1448437363988475,0.3153794005167325,-4.83,0,2,2018
2018-02-26,64.7030029296875,10582.599609375,13.699999809265137,1330.699951171875,63.90999984741211,89.81999969482422,249.529,1.42,2.86,6.25,-0.3824364436394334,0.8726467454819975,0.18822467187973313,0.5664840514138403,-0.06675295997683461,0.324033598508427,-4.83,0,2,2018
2018-02-27,64.78040313720703,10554.2998046875,13.920000076293944,1315.5,63.0099983215332,90.36000061035156,249.529,1.42,2.86,6.25,0.11962382581167663,-0.26741826897078713,-1.1422523280690933,-1.408232714798463,0.6012034261434707,0.3227038851098462,-4.83,0,2,2018
2018-02-28,64.91000366210938,10492.849609375,13.8100004196167,1315.5,61.63999938964844,90.61000061035156,249.529,1.42,2.86,6.25,0.2000613127211448,-0.5822290104475547,0.0,-2.17425641704323,0.27667109153532987,0.297533923094979,-4.83,0,2,2018
2018-03-01,65.23999786376953,10458.349609375,14.06999969482422,1302.9000244140625,60.9900016784668,90.31999969482422,249.577,1.51,2.84,6.25,0.5083872793752331,-0.32879533476946055,-0.9578088624809911,-1.0545063556421708,-0.3200539825338189,0.30296980976965043,-4.74,0,3,2018
2018-03-02,65.1500015258789,10458.349609375,14.06999969482422,1321.0999755859375,61.25,89.94000244140625,249.577,1.51,2.84,6.25,-0.13794656780730108,0.0,1.3968801006093878,0.4262966295752735,-0.42072326694189144,0.30542358669356334,-4.74,0,3,2018
2018-03-05,65.18669891357422,10358.849609375,15.399999618530272,1318.0999755859375,62.56999969482422,90.08000183105467,249.577,1.51,2.84,6.25,0.05632753159758863,-0.9513929416818057,-0.227083495226732,2.155101542570148,0.15565864559501374,0.30456025841849416,-4.74,0,3,2018
2018-03-06,65.00370025634766,10249.25,16.25,1333.5999755859375,62.59999847412109,89.62000274658203,249.577,1.51,2.84,6.25,-0.28073005732225376,-1.0580287725753812,1.175935079818946,0.047944349437711864,-0.5106561668763887,0.3112293641398018,-4.74,0,3,2018
2018-03-07,64.88999938964844,10154.2001953125,15.699999809265137,1326.0,61.150001525878906,89.63999938964844,249.577,1.51,2.84,6.25,-0.17491445294780528,-0.9273830249774351,-0.5698842025396944,-2.316289111159664,0.02231270079622316,0.31046006728137737,-4.74,0,3,2018
2018-03-08,64.89119720458984,10242.650390625,14.59000015258789,1319.9000244140625,60.119998931884766,90.12000274658205,249.577,1.51,2.84,6.25,0.0018459160928907536,0.8710700361544088,-0.46002832473133193,-1.6843868655640803,0.5354789828223128,0.30438997749320074,-4.74,0,3,2018
2018-03-09,65.09040069580078,10226.849609375,14.529999732971191,1322.4000244140625,62.040000915527344,90.08999633789062,249.577,1.51,2.84,6.25,0.3069807613240494,-0.1542645765246653,0.18940828500324525,3.193616130662136,-0.033296058341003576,0.3070807248543486,-4.74,0,3,2018
2018-03-12,64.96489715576172,10421.400390625,14.489999771118164,1319.4000244140625,61.36000061035156,89.9000015258789,249.577,1.51,2.84,6.25,-0.19281420716028563,1.9023530088059015,-0.22686024989519993,-1.096067529240785,-0.2108944608002039,0.31074822777989314,-4.74,0,3,2018
2018-03-13,64.94550323486328,10426.849609375,14.460000038146973,1325.9000244140625,60.709999084472656,89.66000366210938,249.577,1.51,2.84,6.25,-0.029852923267070786,0.052288738036598836,0.4926481642962388,-1.0593245101259807,-0.2669609117864624,0.31088221475905403,-4.74,0,3,2018
2018-03-14,64.8281021118164,10410.900390625,14.359999656677246,1324.4000244140625,60.959999084472656,89.69999694824219,249.577,1.51,2.84,6.25,-0.18076867096142868,-0.1529629691374823,-0.11313070158988081,0.4117937798881366,0.044605492415028536,0.3135916684301564,-4.74,0,3,2018
2018-03-15,64.83679962158203,10360.150390625,14.329999923706056,1316.800048828125,61.18999862670898,90.13999938964844,249.577,1.51,2.84,6.25,0.013416264678900447,-0.4874698450260895,-0.5738429059075179,0.3772958426682571,0.4905267072195407,0.310961943639002,-4.74,0,3,2018
2018-03-16,65.01439666748047,10195.150390625,15.220000267028809,1311.300048828125,62.34000015258789,90.2300033569336,249.577,1.51,2.84,6.25,0.2739139607984553,-1.592640973139836,-0.4176792068693147,1.8793945933787803,0.0998490879682512,0.30324418479625725,-4.74,0,3,2018
2018-03-19,65.06500244140625,10094.25,15.81999969482422,1316.800048828125,62.060001373291016,89.9000015258789,249.577,1.51,2.84,6.25,0.07783779673387059,-0.9896900659531527,0.41943108329136614,-0.44914786431108356,-0.3657340338881099,0.3011186220507381,-4.74,0,3,2018
2018-03-20,65.21009826660156,10124.349609375,15.609999656677246,1311.0999755859375,63.400001525878906,90.37000274658205,249.577,1.51,2.84,6.25,0.22300133674162392,0.2981856935879268,-0.4328731037988809,2.1592009715368565,0.5228044635436913,0.2996739406599406,-4.74,0,3,2018
2018-03-21,65.2323989868164,10155.25,15.109999656677246,1320.699951171875,65.16999816894531,89.77999877929688,249.577,1.51,2.84,6.25,0.0341982619374015,0.3052086486265315,0.7322077465257593,2.791792745216126,-0.6528758983660454,0.2799513823036689,-4.74,0,3,2018
2018-03-22,65.06559753417969,10114.75,15.25,1326.5999755859375,64.30000305175781,89.86000061035156,249.577,1.51,2.84,6.25,-0.25570338547633575,-0.3988084980675044,0.446734658302006,-1.334962623341096,0.08910874598178076,0.2807589198901801,-4.74,0,3,2018
2018-03-23,65.16000366210938,9998.0498046875,15.550000190734863,1349.300048828125,65.87999725341797,89.44000244140625,249.577,1.51,2.84,6.25,0.14509376922280381,-1.1537625281148767,1.7111468159164644,2.457222592024366,-0.4673916827204305,0.27452623273202903,-4.74,0,3,2018
2018-03-26,65.01499938964844,10130.650390625,15.199999809265137,1354.4000244140625,65.55000305175781,89.02999877929688,249.577,1.51,2.84,6.25,-0.2225357033631581,1.3262645068574441,0.37797194110877896,-0.5009019663294478,-0.45841195317271044,0.26897329799279146,-4.74,0,3,2018
2018-03-27,64.69499969482422,10184.150390625,15.550000190734863,1341.300048828125,65.25,89.37000274658203,249.577,1.51,2.84,6.25,-0.49219364427952605,0.5281003483202706,-0.967216136281801,-0.4576705382010937,0.3818982050398656,0.28563604506235907,-4.74,0,3,2018
2018-03-28,64.89550018310547,10113.7001953125,15.760000228881836,1324.199951171875,64.37999725341797,90.05999755859375,249.577,1.51,2.84,6.25,0.3099165147647298,-0.6917631084606968,-1.2748898109106954,-1.3333375426544558,0.7720653360258511,0.29002694094646086,-4.74,0,3,2018
2018-03-29,65.14920043945312,10113.7001953125,15.760000228881836,1322.800048828125,64.94000244140625,90.1500015258789,249.577,1.51,2.84,6.25,0.3909365913381313,0.0,-0.10571684000676429,0.8698434480882922,0.09993778561518951,0.28776028298203754,-4.74,0,3,2018
2018-03-30,65.02999877929688,10113.7001953125,15.760000228881836,1322.800048828125,64.94000244140625,90.1500015258789,249.577,1.51,2.84,6.25,-0.1829671881653061,0.0,0.0,0.0,0.0,0.28693959166483013,-4.74,0,3,2018
2018-04-02,65.10549926757812,10211.7998046875,15.350000381469728,1342.0999755859375,63.0099983215332,90.05000305175781,250.227,1.69,2.87,6.25,0.11610101445256316,0.9699675438319622,1.4590207170698477,-2.9719803623574514,-0.1109245395768399,0.2544868997790591,-4.5600000000000005,0,4,2018
2018-04-03,65.13999938964844,10245.0,15.1899995803833,1332.800048828125,63.5099983215332,90.1999969482422,250.227,1.69,2.87,6.25,0.05299110283836228,0.32511600254110373,-0.6929384492203927,0.7935248584653998,0.16656734192244116,0.2527931041009124,-4.5600000000000005,0,4,2018
2018-04-04,64.90499877929688,10128.400390625,16.34000015258789,1335.800048828125,63.369998931884766,90.13999938964844,250.227,1.69,2.87,6.25,-0.3607623772696966,-1.138112341386044,0.2250900277680712,-0.220436771135879,-0.06651614259830518,0.24242632509702786,-4.5600000000000005,0,4,2018
2018-04-05,64.99500274658203,10325.150390625,14.800000190734863,1324.300048828125,63.540000915527344,90.45999908447266,250.227,1.69,2.87,6.25,0.13867031658256757,1.9425574859986305,-0.860907289986157,0.2682688756635576,0.3550029920024178,0.2435880253131464,-4.5600000000000005,0,4,2018
2018-04-06,64.86150360107422,10331.599609375,14.75,1331.9000244140625,62.060001373291016,90.11000061035156,250.227,1.69,2.87,6.25,-0.2053990920322435,0.06246125727966678,0.5738862271176925,-2.3292406687307143,-0.38690965914587316,0.24604971214378188,-4.5600000000000005,0,4,2018
2018-04-09,64.90450286865234,10379.349609375,14.869999885559082,1336.300048828125,63.41999816894531,89.83999633789062,250.227,1.69,2.87,6.25,0.06629397283570704,0.4621743176794313,0.3303569587363109,2.1914224388651204,-0.29963852028863647,0.2356926191526249,-4.5600000000000005,0,4,2018
2018-04-10,64.87000274658203,10402.25,14.5,1342.0,65.51000213623047,89.58999633789062,250.227,1.69,2.87,6.25,-0.053155205795396565,0.2206341580816895,0.426547254628451,3.2954967323044926,-0.2782724957598459,0.23504763871081308,-4.5600000000000005,0,4,2018
2018-04-11,64.92530059814453,10417.150390625,14.720000267028809,1356.5,66.81999969482422,89.56999969482422,250.227,1.69,2.87,6.25,0.08524410239123537,0.14324199692374862,1.08047690014903,1.9996909111215766,-0.022320173996870363,0.23268272708185972,-4.5600000000000005,0,4,2018
2018-04-12,65.19000244140625,10458.650390625,14.5600004196167,1338.4000244140625,67.06999969482422,89.75,250.227,1.69,2.87,6.25,0.4077021451161178,0.3983815001590951,-1.3343144552847352,0.3741394809065879,0.20096048430173763,0.22573501742568297,-4.5600000000000005,0,4,2018
2018-04-13,65.27570343017578,10480.599609375,14.140000343322754,1344.800048828125,67.38999938964844,89.80000305175781,250.227,1.69,2.87,6.25,0.13146339248346628,0.2098666456015641,0.4781847203614964,0.47711301070560985,0.05571370669394948,0.2255117395051816,-4.5600000000000005,0,4,2018
2018-04-16,65.19560241699219,10528.349609375,14.260000228881836,1347.5,66.22000122070312,89.43000030517578,250.227,1.69,2.87,6.25,-0.12271183453316237,0.4556037037927396,0.20076971102340746,-1.7361599340287803,-0.4120297706101117,0.22651912701432736,-4.5600000000000005,0,4,2018
2018-04-17,65.4292984008789,10548.7001953125,14.039999961853027,1347.199951171875,66.5199966430664,89.5199966430664,250.227,1.69,2.87,6.25,0.3584535999713534,0.1932932196645476,-0.022267074443416135,0.45302841563448215,0.10063327472158434,0.22917983994215071,-4.5600000000000005,0,4,2018
2018-04-18,65.67500305175781,10526.2001953125,14.109999656677246,1351.199951171875,68.47000122070312,89.62000274658203,250.227,1.69,2.87,6.25,0.37552695334359676,-0.2132964212026689,0.2969121247755835,2.9314562177446657,0.11171370338001196,0.23483484284612574,-4.5600000000000005,0,4,2018
2018-04-19,66.01000213623047,10565.2998046875,13.75,1346.800048828125,68.29000091552734,89.94000244140625,250.227,1.69,2.87,6.25,0.5100861346114316,0.37145036812440413,-0.32562925568003775,-0.26288929745389433,0.3570628040807877,0.24981554062997138,-4.5600000000000005,0,4,2018
2018-04-20,66.11479949951172,10564.0498046875,12.9399995803833,1336.699951171875,68.37999725341797,90.31999969482422,250.227,1.69,2.87,6.25,0.15875982410207268,-0.011831183431687542,-0.7499329737208016,0.13178552743313698,0.4225008262208174,0.2461459663822333,-4.5600000000000005,0,4,2018
2018-04-23,66.1968994140625,10584.7001953125,13.149999618530272,1322.5,68.63999938964844,90.94000244140624,250.227,1.69,2.87,6.25,0.12417781672526829,0.19547797489403163,-1.062314033858236,0.3802312762120952,0.6864512274987744,0.24202781378406954,-4.5600000000000005,0,4,2018
2018-04-24,66.54499816894531,10614.349609375,11.899999618530272,1331.4000244140625,67.69999694824219,90.7699966430664,250.227,1.69,2.87,6.25,0.525853564085299,0.28011576629851653,0.6729697099480125,-1.3694674384685523,-0.18694281259709067,0.2555689011510326,-4.5600000000000005,0,4,2018
2018-04-25,66.41410064697266,10570.5498046875,12.399999618530272,1321.199951171875,68.05000305175781,91.16999816894533,250.227,1.69,2.87,6.25,-0.1967052754894283,-0.41264708907660097,-0.7661163478404176,0.5169957448937668,0.44067592891057217,0.2561486389295218,-4.5600000000000005,0,4,2018
2018-04-26,66.90769958496094,10617.7998046875,12.039999961853027,1316.300048828125,68.19000244140625,91.55999755859376,250.227,1.69,2.87,6.25,0.7432140662598563,0.44699661676110836,-0.37086758438069634,0.20573017394569515,0.4277716326436032,0.2827865923945962,-4.5600000000000005,0,4,2018
2018-04-27,66.9000015258789,10692.2998046875,12.020000457763672,1320.300048828125,68.0999984741211,91.54000091552734,250.227,1.69,2.87,6.25,-0.011505490593433088,0.7016519558704637,0.3038820824751154,-0.13198997516167266,-0.02183993403191975,0.28171546713945644,-4.5600000000000005,0,4,2018
2018-04-30,66.61000061035156,10739.349609375,12.359999656677246,1316.199951171875,68.56999969482422,91.83999633789062,250.227,1.69,2.87,6.25,-0.4334841687786306,0.4400344691688707,-0.3105428693946588,0.6901633351456438,0.32772058047072505,0.29784145585641636,-4.5600000000000005,0,4,2018
2018-05-01,66.44999694824219,10739.349609375,12.359999656677246,1303.800048828125,67.25,92.4499969482422,250.792,1.7,2.98,6.25,-0.24020966918368858,0.0,-0.9420986782980645,-1.9250396685124294,0.664199297338075,0.30207850385796764,-4.55,0,5,2018
2018-05-02,66.7886962890625,10718.0498046875,12.84000015258789,1302.5999755859375,67.93000030517578,92.51000213623048,250.792,1.7,2.98,6.25,0.5097055776904336,-0.19833421447520427,-0.09204427038226326,1.0111528701498562,0.06490555972855638,0.31278711921184676,-4.55,0,5,2018
2018-05-03,67.08000183105469,10679.650390625,12.989999771118164,1310.699951171875,68.43000030517578,92.41000366210938,250.792,1.7,2.98,6.25,0.43615994648467105,-0.3582686660562606,0.6218313939622133,0.7360518147412787,-0.10809477009183777,0.3127567591853628,-4.55,0,5,2018
2018-05-04,66.66000366210938,10618.25,13.25,1312.699951171875,69.72000122070312,92.56999969482422,250.792,1.7,2.98,6.25,-0.62611532122957,-0.5749288448515077,0.1525902246514832,1.8851394268220911,0.17313713491438065,0.3396447959000666,-4.55,0,5,2018
2018-05-07,66.81050109863281,10715.5,13.760000228881836,1312.199951171875,70.7300033569336,92.75,250.792,1.7,2.98,6.25,0.22576871925523712,0.915875968262192,-0.03808943540781762,1.4486547885064427,0.19444777548793812,0.3358778044441686,-4.55,0,5,2018
2018-05-08,67.1187973022461,10717.7998046875,14.0600004196167,1312.0,69.05999755859375,93.12000274658205,250.792,1.7,2.98,6.25,0.4614487221973329,0.021462411343375898,-0.015237858505967594,-2.36109956041185,0.39892479415855053,0.32364597702200887,-4.55,0,5,2018
2018-05-09,67.1624984741211,10741.7001953125,14.270000457763672,1311.300048828125,71.13999938964844,93.04000091552734,250.792,1.7,2.98,6.25,0.06511018318491324,0.22299717349214543,-0.053349936880719984,3.011876490858434,-0.08591261672576955,0.3218566662769568,-4.55,0,5,2018
2018-05-10,67.62000274658203,10716.5498046875,14.43000030517578,1320.800048828125,71.36000061035156,92.6500015258789,250.792,1.7,2.98,6.25,0.6811900731138243,-0.23413789407356056,0.7244718711396203,0.309251086014406,-0.4191738884466778,0.3345490550485298,-4.55,0,5,2018
2018-05-11,67.38999938964844,10806.5,13.979999542236328,1319.0,70.69999694824219,92.54000091552734,250.792,1.7,2.98,6.25,-0.3401410050152931,0.839357787271755,-0.1362847336144557,-0.9248930163456737,-0.11872704645432552,0.3407073096859783,-4.55,0,5,2018
2018-05-14,67.3822021484375,10806.599609375,14.25,1316.5,70.95999908447266,92.58999633789062,250.792,1.7,2.98,6.25,-0.011570323907938995,0.0009217542682682378,-0.18953752843062777,0.3677540982368166,0.05402574223973833,0.34154700819452644,-4.55,0,5,2018
2018-05-15,67.6780014038086,10801.849609375,13.170000076293944,1288.9000244140625,71.30999755859375,93.22000122070312,250.792,1.7,2.98,6.25,0.438987219087128,-0.04395462191344457,-2.0964660528627,0.4932334817316475,0.6804243522306797,0.3463592231717704,-4.55,0,5,2018
2018-05-16,68.45999908447266,10741.099609375,13.4399995803833,1290.199951171875,71.48999786376953,93.38999938964844,250.792,1.7,2.98,6.25,1.1554680464013423,-0.5624036826737067,0.10085551502752033,0.2524194521642986,0.18236233288908554,0.3814192576310532,-4.55,0,5,2018
2018-05-17,68.05999755859375,10682.7001953125,13.40999984741211,1288.199951171875,71.48999786376953,93.47000122070312,250.792,1.7,2.98,6.25,-0.5842850295474711,-0.5437005165795927,-0.15501473226560147,0.0,0.08566423768876508,0.4060715804759052,-4.55,0,5,2018
2018-05-18,68.13999938964844,10596.400390625,14.149999618530272,1290.199951171875,71.27999877929688,93.63999938964844,250.792,1.7,2.98,6.25,0.11754603867832891,-0.8078463600931896,0.15525540100980173,-0.2937461053962087,0.18187457657554695,0.4004430465493214,-4.55,0,5,2018
2018-05-21,67.9749984741211,10516.7001953125,14.40999984741211,1290.199951171875,72.23999786376953,93.68000030517578,250.792,1.7,2.98,6.25,-0.24214986352407708,-0.7521440524559053,0.0,1.346800085456068,0.04271776568567365,0.40697841361256515,-4.55,0,5,2018
2018-05-22,68.4000015258789,10536.7001953125,13.600000381469728,1291.699951171875,72.12999725341797,93.61000061035156,250.792,1.7,2.98,6.25,0.6252343674852945,0.19017372016476575,0.11626104919919555,-0.15227105980678557,-0.074722133428895,0.41380364982744033,-4.55,0,5,2018
2018-05-23,68.43000030517578,10430.349609375,14.15999984741211,1289.300048828125,71.83999633789062,94.01000213623048,250.792,1.7,2.98,6.25,0.04385786349072607,-1.0093348388598211,-0.1857941034659527,-0.4020531354083756,0.4273064023831319,0.4141909947929627,-4.55,0,5,2018
2018-05-24,68.6500015258789,10513.849609375,13.149999618530272,1303.699951171875,70.70999908447266,93.77999877929688,250.792,1.7,2.98,6.25,0.32149820213647207,0.8005484296034426,1.116877514806447,-1.572936123358315,-0.24465838922150818,0.41282653329647057,-4.55,0,5,2018
2018-05-25,68.26010131835938,10605.150390625,12.649999618530272,1303.300048828125,67.87999725341797,94.19000244140624,250.792,1.7,2.98,6.25,-0.5679536764067628,0.8683858400313049,-0.030674415795639565,-4.002265404746885,0.4371973421265052,0.4344565901484998,-4.55,0,5,2018
2018-05-28,67.7217025756836,10688.650390625,13.0600004196167,1303.300048828125,67.87999725341797,94.19000244140624,250.792,1.7,2.98,6.25,-0.7887458885604826,0.7873532851907061,0.0,0.0,0.0,0.4648308064396555,-4.55,0,5,2018
2018-05-29,67.40280151367188,10633.2998046875,13.06999969482422,1298.699951171875,66.7300033569336,94.83000183105467,250.792,1.7,2.98,6.25,-0.47089935704928143,-0.5178444790938985,-0.352957683104993,-1.6941572525276838,0.6794769859429284,0.4751892647134633,-4.55,0,5,2018
2018-05-30,68.12999725341797,10614.349609375,13.40999984741211,1301.5,68.20999908447266,94.1500015258789,250.792,1.7,2.98,6.25,1.0788805856958295,-0.17821556488181178,0.21560398347582055,2.2178864874660364,-0.7170729643000806,0.5056190770633537,-4.55,0,5,2018
2018-05-31,67.43000030517578,10736.150390625,13.220000267028809,1300.0999755859375,67.04000091552734,93.98999786376952,250.792,1.7,2.98,6.25,-1.0274430888914665,1.1475105468772284,-0.10757006638973943,-1.7152883516335482,-0.16994546948085887,0.5417315411163305,-4.55,0,5,2018
2018-06-01,67.43499755859375,10696.2001953125,13.56999969482422,1294.800048828125,65.80999755859375,94.19000244140624,251.018,1.82,2.91,6.25,0.007411023869718925,-0.37210912532843476,-0.40765532323188136,-1.834730519296146,0.21279346971216917,0.5416041725208882,-4.43,0,6,2018
2018-06-04,66.92500305175781,10628.5,13.880000114440918,1293.0999755859375,64.75,94.0199966430664,251.018,1.82,2.91,6.25,-0.756275710387333,-0.6329368754912523,-0.13130006009237638,-1.6106938123648828,-0.1804924025196719,0.5618932209600643,-4.43,0,6,2018
2018-06-05,67.05999755859375,10593.150390625,13.31999969482422,1297.5,65.5199966430664,93.88999938964844,251.018,1.82,2.91,6.25,0.20171012428873425,-0.3325926459519235,0.3402694684971008,1.189184004735755,-0.13826553718299106,0.5552660167881182,-4.43,0,6,2018
2018-06-06,67.08999633789062,10684.650390625,12.550000190734863,1297.0999755859375,64.7300033569336,93.66000366210938,251.018,1.82,2.91,6.25,0.04473423857593861,0.86376570355291,-0.030830398000958326,-1.2057285204644663,-0.24496296627350977,0.5536563613146599,-4.43,0,6,2018
2018-06-07,66.8301010131836,10768.349609375,12.779999732971191,1298.699951171875,65.94999694824219,93.4000015258789,251.018,1.82,2.91,6.25,-0.38738312549325693,0.7833594520176401,0.12335021324896278,1.884742048569521,-0.27760209915052014,0.5421634910787644,-4.43,0,6,2018
2018-06-08,67.41000366210938,10767.650390625,12.699999809265137,1298.0999755859375,65.73999786376953,93.5500030517578,251.018,1.82,2.91,6.25,0.8677267281271606,-0.006493276828523076,-0.0461981680523027,-0.3184216742837198,0.160601202814048,0.564942799133918,-4.43,0,6,2018
2018-06-11,67.51000213623047,10786.9501953125,13.18000030517578,1298.9000244140625,66.0999984741211,93.58000183105467,251.018,1.82,2.91,6.25,0.14834367110010405,0.17923877528847054,0.061632296677593956,0.5476127503039718,0.032067106700450765,0.5585451776923642,-4.43,0,6,2018
2018-06-12,67.48999786376953,10842.849609375,12.729999542236328,1295.0999755859375,66.36000061035156,93.8000030517578,251.018,1.82,2.91,6.25,-0.0296315684016224,0.5182133323169635,-0.29255899273996633,0.39334665995833795,0.23509426843173475,0.5561390294412272,-4.43,0,6,2018
2018-06-13,67.91000366210938,10856.7001953125,12.640000343322754,1296.9000244140625,66.63999938964844,93.70999908447266,251.018,1.82,2.91,6.25,0.6223230280546721,0.12773935299743577,0.13898917937285038,0.4219390848727578,-0.09595305368538254,0.5596948824508553,-4.43,0,6,2018
2018-06-14,67.77999877929688,10808.0498046875,12.100000381469728,1304.0,66.88999938964844,94.7699966430664,251.018,1.82,2.91,6.25,-0.1914370134028398,-0.44811397339686865,0.5474574332855919,0.3751500634599836,1.1311466961366978,0.5567564803902697,-4.43,0,6,2018
2018-06-15,68.12999725341797,10817.7001953125,12.06999969482422,1274.5999755859375,65.05999755859375,94.79000091552734,251.018,1.82,2.91,6.25,0.5163742703223617,0.0892889170515776,-2.2546030992379174,-2.7358377152831737,0.021108233797106912,0.5489163170522723,-4.43,0,6,2018
2018-06-18,68.05000305175781,10799.849609375,12.380000114440918,1276.199951171875,65.8499984741211,94.75,251.018,1.82,2.91,6.25,-0.11741406852345815,-0.165012762557748,0.12552766488183043,1.214265209302945,-0.04219950959066798,0.5492243655961869,-4.43,0,6,2018
2018-06-19,68.01000213623047,10710.4501953125,12.920000076293944,1275.5999755859375,65.06999969482422,95.08999633789062,251.018,1.82,2.91,6.25,-0.05878165133500479,-0.8277838793689818,-0.04701266328889231,-1.1845084242536608,0.35883518510884116,0.5443934672278951,-4.43,0,6,2018
2018-06-20,68.05000305175781,10772.0498046875,12.170000076293944,1271.199951171875,66.22000122070312,95.05999755859376,251.018,1.82,2.91,6.25,0.05881622448300483,0.5751355755517995,-0.344937637055176,1.7673298467379306,-0.03154777626688254,0.5443868259013932,-4.43,0,6,2018
2018-06-21,68.3499984741211,10741.099609375,12.449999809265137,1267.199951171875,65.54000091552734,94.87000274658205,251.018,1.82,2.91,6.25,0.4408455678321044,-0.28731945983977436,-0.31466332234457717,-1.0268805385693414,-0.19986831147834616,0.5364146569511792,-4.43,0,6,2018
2018-06-22,67.83000183105469,10821.849609375,12.020000457763672,1267.4000244140625,68.58000183105469,94.5199966430664,251.018,1.82,2.91,6.25,-0.7607851568033119,0.7517852262492797,0.015788608735545218,4.6383901023216545,-0.3689323214742357,0.5518922288569673,-4.43,0,6,2018
2018-06-25,67.85489654541016,10762.4501953125,12.579999923706056,1265.5999755859375,68.08000183105469,94.27999877929688,251.018,1.82,2.91,6.25,0.03670162713171887,-0.5488841206131911,-0.14202688917867023,-0.7290755127591586,-0.2539122643812952,0.5518578275945087,-4.43,0,6,2018
2018-06-26,68.33999633789062,10769.150390625,12.800000190734863,1256.5999755859375,70.52999877929688,94.68000030517578,251.018,1.82,2.91,6.25,0.7149075706803787,0.06225529680423669,-0.7111251717457745,3.598702823660349,0.4242697614106783,0.5612190496126884,-4.43,0,6,2018
2018-06-27,68.36499786376953,10671.400390625,13.510000228881836,1252.800048828125,72.76000213623047,95.29000091552734,251.018,1.82,2.91,6.25,0.03658403163395718,-0.9076853461448153,-0.3023974877956359,3.16177994545519,0.6442760967314998,0.5197666503978944,-4.43,0,6,2018
2018-06-28,69.23999786376953,10589.099609375,13.949999809265137,1247.800048828125,73.44999694824219,95.38999938964844,251.018,1.82,2.91,6.25,1.2798947229452295,-0.7712275637441368,-0.39910598699904876,0.9483160964176784,0.10494120386224104,0.5579474617609264,-4.43,0,6,2018
2018-06-29,68.79669952392578,10714.2998046875,12.9399995803833,1251.300048828125,74.1500015258789,94.62999725341795,251.018,1.82,2.91,6.25,-0.6402344793769998,1.1823497741172861,0.2804936578810979,0.9530355435276361,-0.7967314614669707,0.5721688180735813,-4.43,0,6,2018
2018-07-02,68.43499755859375,10657.2998046875,13.369999885559082,1239.800048828125,73.94000244140625,94.87000274658205,251.214,1.91,2.89,6.25,-0.5257548223025488,-0.5319993003655044,-0.9190441581753306,-0.2832084695229109,0.25362517185893996,0.5791811074222045,-4.34,0,7,2018
2018-07-03,68.6948013305664,10699.900390625,13.0,1251.5999755859375,74.13999938964844,94.58999633789062,251.214,1.91,2.89,6.25,0.3796358314329007,0.39973151471972557,0.9517604688728643,0.27048544987631207,-0.2951474655686237,0.5720834935960774,-4.34,0,7,2018
2018-07-04,68.83000183105469,10769.900390625,12.65999984741211,1251.5999755859375,74.13999938964844,94.58999633789062,251.214,1.91,2.89,6.25,0.19681329281044935,0.6542116977213297,0.0,0.0,0.0,0.573021909702081,-4.34,0,7,2018
2018-07-05,68.9800033569336,10749.75,12.579999923706056,1257.300048828125,72.94000244140625,94.47000122070312,251.214,1.91,2.89,6.25,0.21793044005300466,-0.18709913642785958,0.45542292692350994,-1.6185553791759677,-0.12685814761939085,0.5714590289380517,-4.34,0,7,2018
2018-07-06,69.06999969482422,10772.650390625,12.4399995803833,1254.300048828125,73.80000305175781,94.04000091552734,251.214,1.91,2.89,6.25,0.13046728546088904,0.21303184376380013,-0.23860652855268727,1.179052072341813,-0.45517127090027865,0.560912278629592,-4.34,0,7,2018
2018-07-09,68.75499725341797,10852.900390625,12.390000343322754,1258.0999755859375,73.8499984741211,94.08000183105467,251.214,1.91,2.89,6.25,-0.45606260720724157,0.7449420253147654,0.3029519740003872,0.06774447194564104,0.0425360645873063,0.5470630863124911,-4.34,0,7,2018
2018-07-10,68.65979766845703,10947.25,12.399999618530272,1253.800048828125,74.11000061035156,94.11000061035156,251.214,1.91,2.89,6.25,-0.1384620591432073,0.8693492612951825,-0.3417794166802879,0.3520678965505786,0.03188645696539094,0.5394209925655807,-4.34,0,7,2018
2018-07-11,68.9000015258789,10948.2998046875,12.779999732971191,1242.800048828125,70.37999725341797,94.72000122070312,251.214,1.91,2.89,6.25,0.3498464393701939,0.009589665783638068,-0.8773328737928576,-5.033063454613695,0.6481783087826987,0.507558303190842,-4.34,0,7,2018
2018-07-12,68.72000122070312,11023.2001953125,12.510000228881836,1245.0,70.33000183105469,94.80999755859376,251.214,1.91,2.89,6.25,-0.26124862291646567,0.6841280560560881,0.17701569725150357,-0.07103640851712223,0.09501302442020965,0.46994374780946024,-4.34,0,7,2018
2018-07-13,68.54000091552734,11018.900390625,12.300000190734863,1239.5999755859375,71.01000213623047,94.75,251.214,1.91,2.89,6.25,-0.2619329190604702,-0.03900686380828855,-0.43373690072791016,0.9668708765417922,-0.06328189024230602,0.4736255901330296,-4.34,0,7,2018
2018-07-16,68.48670196533203,10936.849609375,12.949999809265137,1238.0999755859375,68.05999755859375,94.51000213623048,251.214,1.91,2.89,6.25,-0.0777632761648217,-0.744636745421623,-0.12100677876272226,-4.154350780017202,-0.2532958984374889,0.44910076388352077,-4.34,0,7,2018
2018-07-17,68.72000122070312,11008.0498046875,12.829999923706056,1225.699951171875,68.08000183105469,94.97000122070312,251.214,1.91,2.89,6.25,0.3406489853887029,0.6510119262449043,-1.001536601129005,0.029392114573201233,0.4867200021957174,0.4511334457965071,-4.34,0,7,2018
2018-07-18,68.35600280761719,10980.4501953125,13.68000030517578,1226.300048828125,68.76000213623047,95.08000183105467,251.214,1.91,2.89,6.25,-0.5296833623691488,-0.2507220612614547,0.04895958881911966,0.9988253332648966,0.11582669152117031,0.46477620843206935,-4.34,0,7,2018
2018-07-19,68.6155014038086,10957.099609375,13.59000015258789,1222.4000244140625,69.45999908447266,95.16999816894533,251.214,1.91,2.89,6.25,0.3796281021898551,-0.21265599790679657,-0.31803182408656205,1.0180292706438943,0.09465327740587615,0.4601990549233849,-4.34,0,7,2018
2018-07-20,68.93509674072266,11010.2001953125,13.539999961853027,1229.5,70.45999908447266,94.45999908447266,251.214,1.91,2.89,6.25,0.46577716459901275,0.484622644956767,0.5808225985058257,1.4396775312131238,-0.7460324662529549,0.44224453155060234,-4.34,0,7,2018
2018-07-23,68.7332992553711,11084.75,13.010000228881836,1224.0,67.88999938964844,94.66999816894533,251.214,1.91,2.89,6.25,-0.292735478577133,0.6770976309698584,-0.44733631557544173,-3.6474591657929434,0.22231535730259377,0.4470467183613277,-4.34,0,7,2018
2018-07-24,69.19999694824219,11134.2998046875,12.470000267028809,1223.9000244140625,68.5199966430664,94.61000061035156,251.214,1.91,2.89,6.25,0.6789979499414622,0.447008770495505,-0.008167940027570264,0.9279676816642102,-0.06337547243498998,0.46061670484427,-4.34,0,7,2018
2018-07-25,68.80999755859375,11132.0,12.210000038146973,1231.4000244140625,69.30000305175781,94.36000061035156,251.214,1.91,2.89,6.25,-0.5635829578722884,-0.02065513528324292,0.6127951507796325,1.1383631741177735,-0.2642426787730634,0.46374250892478325,-4.34,0,7,2018
2018-07-26,68.83999633789062,11167.2998046875,12.029999732971191,1225.300048828125,69.61000061035156,94.75,251.214,1.91,2.89,6.25,0.04359654172538807,0.3171020902578148,-0.4953691298520191,0.4473269046788131,0.4133100753770602,0.4615919212296694,-4.34,0,7,2018
2018-07-27,68.73999786376953,11278.349609375,12.3100004196167,1222.5999755859375,68.69000244140625,94.68000030517578,251.214,1.91,2.89,6.25,-0.14526217234275274,0.9944194803553685,-0.22036016768054445,-1.321646546298838,-0.07387830588307942,0.454427959968847,-4.34,0,7,2018
2018-07-30,68.61499786376953,11319.5498046875,12.59000015258789,1221.300048828125,70.12999725341797,94.36000061035156,251.214,1.91,2.89,6.25,-0.18184463759763903,0.3653034064332594,-0.10632478192137418,2.0963673909315306,-0.33798024270467186,0.4553035777532526,-4.34,0,7,2018
2018-07-31,68.68499755859375,11356.5,12.479999542236328,1223.699951171875,68.76000213623047,94.48999786376952,251.214,1.91,2.89,6.25,0.10201806748313391,0.3264281349528497,0.19650390958820818,-1.953508014889771,0.13776732998844743,0.4551863217965801,-4.34,0,7,2018
2018-08-01,68.4968032836914,11346.2001953125,12.529999732971191,1217.9000244140625,67.66000366210938,94.62000274658205,251.663,1.91,2.89,6.5,-0.2739961878018504,-0.09069523785937283,-0.4739664124574161,-1.5997650377347683,0.13758586702474762,0.4586015831103596,-4.59,0,8,2018
2018-08-02,68.30709838867188,11244.7001953125,12.5600004196167,1210.5999755859375,68.95999908447266,95.16999816894533,251.663,1.91,2.89,6.5,-0.2769543773215699,-0.8945726168478219,-0.5993963939393998,1.921364694059724,0.5812676034646858,0.45474919938311553,-4.59,0,8,2018
2018-08-03,68.6155014038086,11360.7998046875,12.079999923706056,1214.199951171875,68.48999786376953,95.13999938964844,251.663,1.91,2.89,6.5,0.4514948261773455,1.0324829240302646,0.29737119267618795,-0.6815563035715733,-0.03152125656621374,0.438486015830652,-4.59,0,8,2018
2018-08-06,68.50499725341797,11387.099609375,12.5600004196167,1208.5999755859375,69.01000213623047,95.36000061035156,251.663,1.91,2.89,6.5,-0.16104837555627194,0.23149606664707445,-0.4612070343548269,0.7592411865674942,0.2312394598638745,0.44001036100921453,-4.59,0,8,2018
2018-08-07,68.80999755859375,11389.4501953125,12.579999923706056,1209.5999755859375,69.16999816894531,95.22000122070312,251.663,1.91,2.89,6.5,0.4452234397550603,0.020642534254866618,0.08274036241935345,0.2318447004232782,-0.14681143954736742,0.42818867302580255,-4.59,0,8,2018
2018-08-08,68.59600067138672,11450.0,12.539999961853027,1212.5999755859375,66.94000244140625,95.0999984741211,251.663,1.91,2.89,6.5,-0.31099679523285406,0.5316306199962151,0.24801587802172342,-3.223934923479943,-0.12602682739299986,0.43250961621683726,-4.59,0,8,2018
2018-08-09,68.45500183105469,11470.7001953125,12.68000030517578,1211.9000244140625,66.80999755859375,95.5,251.663,1.91,2.89,6.5,-0.2055496515132038,0.1807877319869089,-0.05772317218930567,-0.19421105179416864,0.4206114955803697,0.36158313370242134,-4.59,0,8,2018
2018-08-10,69.0999984741211,11429.5,12.850000381469728,1211.0999755859375,67.62999725341797,96.36000061035156,251.663,1.91,2.89,6.5,0.9422198901670287,-0.3591776841080363,-0.06601607492431327,1.2273607615463034,0.9005241993210067,0.3852540723325111,-4.59,0,8,2018
2018-08-13,69.08499908447266,11355.75,13.399999618530272,1191.300048828125,67.19999694824219,96.38999938964844,251.663,1.91,2.89,6.5,-0.021706787235398206,-0.6452600726191027,-1.6348713695773287,-0.635812986306239,0.031131983298937627,0.3715892873875567,-4.59,0,8,2018
2018-08-14,69.9490966796875,11435.099609375,13.279999732971191,1193.0,67.04000091552734,96.7300033569336,251.663,1.91,2.89,6.5,1.2507745627357902,0.6987615029830696,0.14269714615955387,-0.2380893452094579,0.35273780416857914,0.4292425755759528,-4.59,0,8,2018
2018-08-15,69.94999694824219,11435.099609375,13.279999732971191,1177.5,65.01000213623047,96.6999969482422,251.663,1.91,2.89,6.5,0.0012870338537807058,0.0,-1.2992455993294239,-3.0280410972170824,-0.03102078739796177,0.4285966928404012,-4.59,0,8,2018
2018-08-16,70.66000366210938,11385.0498046875,13.649999618530272,1176.199951171875,65.45999908447266,96.6500015258789,251.663,1.91,2.89,6.5,1.0150203643218836,-0.4376857779749166,-0.11040754378981443,0.6921964827800053,-0.05170157594736047,0.4624353437246999,-4.59,0,8,2018
2018-08-17,70.00499725341797,11470.75,13.15999984741211,1176.5,65.91000366210938,96.0999984741211,251.663,1.91,2.89,6.5,-0.9269832645687259,0.7527432622843166,0.025510018753704955,0.6874497157508541,-0.5690667802116356,0.49752604549165724,-4.59,0,8,2018
2018-08-20,69.78500366210938,11551.75,13.029999732971191,1186.800048828125,66.43000030517578,95.9000015258789,251.663,1.91,2.89,6.5,-0.3142541246194397,0.7061438877143944,0.8754822633340487,0.7889494980643397,-0.20811337296331445,0.4932465236017148,-4.59,0,8,2018
2018-08-21,69.73999786376953,11570.900390625,12.899999618530272,1192.5999755859375,67.3499984741211,95.26000213623048,251.663,1.91,2.89,6.5,-0.0644920770625057,0.165779129785526,0.48870294229761413,1.3849136906802562,-0.667361188180704,0.4924523035329055,-4.59,0,8,2018
2018-08-22,69.80999755859375,11570.900390625,12.899999618530272,1196.300048828125,67.86000061035156,95.1500015258789,251.663,1.91,2.89,6.5,0.10037237879036986,0.0,0.310252667946731,0.7572414963400886,-0.115474079240796,0.48936724452305835,-4.59,0,8,2018
2018-08-23,69.79000091552734,11582.75,12.760000228881836,1187.0,67.83000183105469,95.62000274658205,251.663,1.91,2.89,6.5,-0.028644382990594686,0.10240870610727093,-0.7774010238681517,-0.04420686564553522,0.4939581851454822,0.4861816969259309,-4.59,0,8,2018
2018-08-24,70.2750015258789,11557.099609375,12.40999984741211,1206.300048828125,68.72000122070312,95.1500015258789,251.663,1.91,2.89,6.5,0.6949428342014174,-0.22145337355118366,1.6259518810551876,1.3121028536386747,-0.49153023133534646,0.496117885489177,-4.59,0,8,2018
2018-08-27,69.76499938964844,11691.9501953125,12.239999771118164,1209.0,68.87000274658203,94.77999877929688,251.663,1.91,2.89,6.5,-0.7257234082629793,1.1668203138797129,0.2238208623549287,0.21827928290798493,-0.38886257556327575,0.5170892751025842,-4.59,0,8,2018
2018-08-28,69.94499969482422,11738.5,12.43000030517578,1207.4000244140625,68.52999877929688,94.72000122070312,251.663,1.91,2.89,6.5,0.2580094700072255,0.39813550271674547,-0.13233875814205875,-0.49368949284966934,-0.0633019195679263,0.5157773612408931,-4.59,0,8,2018
2018-08-29,70.54000091552734,11691.900390625,12.4399995803833,1204.5,69.51000213623047,94.5999984741211,251.663,1.91,2.89,6.5,0.8506701312447795,-0.39698095476423667,-0.24018753978987117,1.4300355674742304,-0.1266920872418642,0.5228614640388533,-4.59,0,8,2018
2018-08-30,70.91000366210938,11676.7998046875,12.40999984741211,1197.699951171875,70.25,94.72000122070312,251.663,1.91,2.89,6.5,0.5245289789904017,-0.12915424723947133,-0.5645536594541256,1.0645919163104534,0.12685279970152674,0.5261333594480977,-4.59,0,8,2018
2018-08-31,71.40499877929688,11680.5,12.600000381469728,1200.300048828125,69.80000305175781,95.13999938964844,251.663,1.91,2.89,6.5,0.6980610515071817,0.031688436681198695,0.21709090442110224,-0.640565050878561,0.4434102233241033,0.5331956493329625,-4.59,0,8,2018
2018-09-03,70.99500274658203,11582.349609375,13.390000343322754,1200.300048828125,69.80000305175781,95.13999938964844,252.182,1.95,3.0,6.5,-0.5741839363124779,-0.840292715423141,0.0,0.0,0.0,0.5430706058178283,-4.55,0,9,2018
2018-09-04,71.06999969482422,11520.2998046875,13.779999732971191,1192.699951171875,69.87000274658203,95.41999816894533,252.182,1.95,3.0,6.5,0.10563693970107035,-0.535727264157837,-0.6331831498024298,0.10028609135204203,0.29430185105441264,0.5323163057179767,-4.55,0,9,2018
2018-09-05,71.75,11476.9501953125,13.649999618530272,1194.9000244140625,68.72000122070312,95.12999725341795,252.182,1.95,3.0,6.5,0.9568035853323664,-0.37628889968090995,0.18446158566753912,-1.645915959170563,-0.3039204790319827,0.5402333156332068,-4.55,0,9,2018
2018-09-06,71.88999938964844,11536.900390625,13.720000267028809,1197.9000244140625,67.7699966430664,95.0199966430664,252.182,1.95,3.0,6.5,0.19512110055530663,0.5223530144531363,0.2510670297685369,-1.382428056986873,-0.11563188639490685,0.539999848706738,-4.55,0,9,2018
2018-09-07,71.93890380859375,11589.099609375,13.890000343322754,1193.5999755859375,67.75,95.37000274658205,252.182,1.95,3.0,6.5,0.06802673440049478,0.45245444601755835,-0.3589655848139972,-0.029506631336762013,0.3683499430445103,0.5374305822470058,-4.55,0,9,2018
2018-09-10,72.09500122070312,11438.099609375,15.199999809265137,1193.0,67.54000091552734,95.1500015258789,252.182,1.95,3.0,6.5,0.21698608658911045,-1.3029485041085365,-0.05026605212881119,-0.3099617482991257,-0.23068178081920854,0.5337791890200145,-4.55,0,9,2018
2018-09-11,72.44499969482422,11287.5,15.329999923706056,1195.4000244140625,69.25,95.05999755859376,252.182,1.95,3.0,6.5,0.4854684349746341,-1.3166488710376734,0.20117555859702207,2.531831598005696,-0.09459166142069542,0.536766435206564,-4.55,0,9,2018
2018-09-12,72.98999786376953,11369.900390625,14.25,1204.699951171875,70.37000274658203,94.8000030517578,252.182,1.95,3.0,6.5,0.7522923200236509,0.7300145348837273,0.7779761224591786,1.617332486039036,-0.27350569483837184,0.5395834672772318,-4.55,0,9,2018
2018-09-13,71.92520141601562,11369.900390625,14.25,1202.0,68.58999633789062,94.54000091552734,252.182,1.95,3.0,6.5,-1.4588251526480023,0.0,-0.2241181440447937,-2.5294960057080096,-0.27426384795420367,0.6145567482090138,-4.55,0,9,2018
2018-09-14,72.02749633789062,11515.2001953125,13.84000015258789,1195.0,68.98999786376953,94.9800033569336,252.182,1.95,3.0,6.5,0.14222403255199634,1.2779338401883056,-0.5823627287853572,0.5831776457727145,0.46541404394464525,0.6123315794383303,-4.55,0,9,2018
2018-09-17,72.09500122070312,11377.75,14.5,1199.699951171875,68.91000366210938,94.51000213623048,252.182,1.95,3.0,6.5,0.09372099023936542,-1.1936413868727347,0.3933013532949836,-0.11595043359490242,-0.4948422868936486,0.6094320834418879,-4.55,0,9,2018
2018-09-18,72.53479766845703,11278.900390625,14.420000076293944,1196.800048828125,69.8499984741211,94.62000274658205,252.182,1.95,3.0,6.5,0.610023497201384,-0.8687975159851424,-0.24171896822345884,1.3640904978337476,0.11639044319669001,0.6127118477110334,-4.55,0,9,2018
2018-09-19,73.12000274658203,11234.349609375,14.010000228881836,1202.199951171875,71.12000274658203,94.5500030517578,252.182,1.95,3.0,6.5,0.8067921838010195,-0.3949922395540484,0.45119503036763486,1.8181879745229557,-0.07397980637532386,0.6159476875087051,-4.55,0,9,2018
2018-09-20,72.34500122070312,11234.349609375,14.010000228881836,1206.199951171875,70.80000305175781,93.91000366210938,252.182,1.95,3.0,6.5,-1.0599035787305588,0.0,0.3327233540561192,-0.44994331055421277,-0.6768898667280587,0.654598136409599,-4.55,0,9,2018
2018-09-21,71.72000122070312,11143.099609375,15.539999961853027,1196.199951171875,70.77999877929688,94.22000122070312,252.182,1.95,3.0,6.5,-0.8639159436784172,-0.812241056873042,-0.8290499423652453,-0.02825462090207953,0.33010067778203034,0.6656575188391384,-4.55,0,9,2018
2018-09-24,72.2300033569336,10967.400390625,17.43000030517578,1199.300048828125,72.08000183105469,94.26000213623048,252.182,1.95,3.0,6.5,0.7111016837005435,-1.5767535507102526,0.2591621620794182,1.8366813706954588,0.04245480259934542,0.6734401456765278,-4.55,0,9,2018
2018-09-25,73.30000305175781,11067.4501953125,16.68000030517578,1200.0,72.27999877929688,94.12999725341795,252.182,1.95,3.0,6.5,1.481378437069547,0.9122472156029238,0.05836330721065153,0.2774652374606612,-0.13792157847041242,0.6875969314474517,-4.55,0,9,2018
2018-09-26,73.08999633789062,11053.7998046875,17.09000015258789,1194.0,71.56999969482422,94.19000244140624,252.182,1.95,3.0,6.5,-0.286503008354444,-0.12333817079910325,-0.5000000000000004,-0.9822898401542601,0.06374714728476505,0.6918585991885465,-4.55,0,9,2018
2018-09-27,72.7699966430664,10977.5498046875,16.920000076293945,1182.300048828125,72.12000274658203,95.0,252.182,1.95,3.0,6.5,-0.43781599515325675,-0.6898080420062014,-0.9798954080297295,0.7684826800377742,0.8599612884580221,0.6798777819831913,-4.55,0,9,2018
2018-09-28,72.94999694824219,10930.4501953125,17.0,1191.5,73.25,95.19000244140624,252.182,1.95,3.0,6.5,0.24735510990701037,-0.4290539347394984,0.7781401329547188,1.5668291879973983,0.20000256990129195,0.6519195907592112,-4.55,0,9,2018
2018-10-01,72.50499725341797,11008.2998046875,16.84000015258789,1187.0999755859375,75.30000305175781,95.3000030517578,252.772,2.19,3.15,6.5,-0.6100064611927913,0.7122269255513958,-0.3692844661403738,2.7986389785089605,0.11555899519939405,0.6611883744489918,-4.3100000000000005,0,10,2018
2018-10-02,73.75499725341797,11008.2998046875,16.84000015258789,1202.4000244140625,75.2300033569336,95.51000213623048,252.772,2.19,3.15,6.5,1.724019098478169,0.0,1.288859333062753,-0.09296107833635103,0.22035580036512403,0.721005706159958,-4.3100000000000005,0,10,2018
2018-10-03,73.27999877929688,10858.25,18.1200008392334,1198.300048828125,76.41000366210938,95.76000213623048,252.772,2.19,3.15,6.5,-0.6440220890918447,-1.363060666494631,-0.34098265990434307,1.5685235311996282,0.2617526901982581,0.7368063766166083,-4.3100000000000005,0,10,2018
2018-10-04,73.8499984741211,10599.25,18.920000076293945,1197.199951171875,74.33000183105469,95.75,252.772,2.19,3.15,6.5,0.7778380244532146,-2.3852830796859514,-0.09180485783387704,-2.72215905165063,-0.01044500418478922,0.7441935705520768,-4.3100000000000005,0,10,2018
2018-10-05,74.22000122070312,10316.4501953125,19.729999542236328,1201.199951171875,74.33999633789062,95.62000274658205,252.772,2.19,3.15,6.5,0.5010193015937414,-2.6681114672028716,0.3341129437972823,0.013446127525540419,-0.13576736649394405,0.7405014302022026,-4.3100000000000005,0,10,2018
2018-10-08,73.76300048828125,10348.0498046875,20.149999618530277,1184.4000244140625,74.29000091552734,95.7699966430664,252.772,2.19,3.15,6.5,-0.6157379748121028,0.3063031253653259,-1.398595358035326,-0.0672523874443609,0.15686455989953885,0.7360968277369012,-4.3100000000000005,0,10,2018
2018-10-09,73.88999938964844,10301.0498046875,19.76000022888184,1187.199951171875,74.95999908447266,95.68000030517578,252.772,2.19,3.15,6.5,0.17217155013558028,-0.4541918611438267,0.23640043060599858,0.9018685700477258,-0.09397132822928089,0.7359842988587099,-4.3100000000000005,0,10,2018
2018-10-10,74.55000305175781,10460.099609375,17.90999984741211,1189.300048828125,73.16999816894531,95.51000213623048,252.772,2.19,3.15,6.5,0.8932246143743106,1.5440154906845027,0.17689502549060876,-2.3879414853116288,-0.17767367098984188,0.7373498938557254,-4.3100000000000005,0,10,2018
2018-10-11,74.5999984741211,10234.650390625,20.549999237060547,1223.5,70.97000122070312,95.0199966430664,252.772,2.19,3.15,6.5,0.06706293805054386,-2.1553257346415555,2.8756369097582946,-3.0066926380980963,-0.5130410241904859,0.7348570628722298,-4.3100000000000005,0,10,2018
2018-10-12,74.16000366210938,10472.5,18.6299991607666,1218.0999755859375,71.33999633789062,95.22000122070312,252.772,2.19,3.15,6.5,-0.5898053900957545,2.323964183406524,-0.4413587588118051,0.5213401589734934,0.21048682877564673,0.7406511338302515,-4.3100000000000005,0,10,2018
2018-10-15,73.6760025024414,10512.5,18.88999938964844,1226.4000244140625,71.77999877929688,95.06999969482422,252.772,2.19,3.15,6.5,-0.6526444657057873,0.3819527333492445,0.681393070723324,0.6167682422105081,-0.15753153114462792,0.7433531056271268,-4.3100000000000005,0,10,2018
2018-10-16,74.08000183105469,10584.75,17.3700008392334,1227.300048828125,71.91999816894531,95.0500030517578,252.772,2.19,3.15,6.5,0.548345885893986,0.6872770511296089,0.07338750783967285,0.19503955423416652,-0.021033599590414287,0.7473124611030227,-4.3100000000000005,0,10,2018
2018-10-17,73.45549774169922,10453.0498046875,17.979999542236328,1223.699951171875,69.75,95.58000183105467,252.772,2.19,3.15,6.5,-0.8430130587465445,-1.2442447418455793,-0.29333476028844396,-3.0172389101676966,0.5575999603159021,0.7517975052165167,-4.3100000000000005,0,10,2018
2018-10-18,73.91999816894531,10453.0498046875,17.979999542236328,1226.5,68.6500015258789,95.9000015258789,252.772,2.19,3.15,6.5,0.6323562449736198,0.0,0.228818251193319,-1.5770587442596296,0.3347977492089482,0.7582949360483854,-4.3100000000000005,0,10,2018
2018-10-19,74.16000366210938,10303.5498046875,19.790000915527344,1225.300048828125,69.12000274658203,95.70999908447266,252.772,2.19,3.15,6.5,0.3246827639463934,-1.4302046081609565,-0.0978353992560077,0.6846339552169622,-0.1981255874693333,0.759419633259502,-4.3100000000000005,0,10,2018
2018-10-22,73.46499633789062,10245.25,21.36000061035156,1221.199951171875,69.16999816894531,96.01000213623048,252.772,2.19,3.15,6.5,-0.9371727210065517,-0.5658225154691499,-0.33461988842417023,0.07233133735047304,0.31345006230023564,0.7823957658108401,-4.3100000000000005,0,10,2018
2018-10-23,73.8594970703125,10146.7998046875,19.040000915527344,1233.4000244140625,66.43000030517578,95.95999908447266,252.772,2.19,3.15,6.5,0.5369914273287701,-0.9609350217173795,0.9990233974772167,-3.9612518957672704,-0.05208108597568595,0.7834048153448558,-4.3100000000000005,0,10,2018
2018-10-24,73.22129821777344,10224.75,18.8799991607666,1227.800048828125,66.81999969482422,96.43000030517578,252.772,2.19,3.15,6.5,-0.8640714841742225,0.7682244334463961,-0.45402752351961784,0.5870832272419024,0.4897886881901625,0.7902329848945018,-4.3100000000000005,0,10,2018
2018-10-25,73.22049713134766,10124.900390625,18.959999084472656,1229.0999755859375,67.33000183105469,96.68000030517578,252.772,2.19,3.15,6.5,-0.001094062035611465,-0.9765481735494741,0.10587446702361447,0.7632477380420832,0.2592554176177764,0.7397817509924454,-4.3100000000000005,0,10,2018
2018-10-26,73.22019958496094,10030.0,19.229999542236328,1232.5,67.58999633789062,96.36000061035156,252.772,2.19,3.15,6.5,-0.00040637034488533175,-0.9372970297354399,0.27662716472203197,0.38614956151095114,-0.3309885124266887,0.7397077343147282,-4.3100000000000005,0,10,2018
2018-10-29,73.125,10250.849609375,19.82999992370605,1224.5,67.04000091552734,96.58000183105467,252.772,2.19,3.15,6.5,-0.13001819921355517,2.2018904224825553,-0.6490872210953347,-0.8137231131272515,0.22831176765214511,0.740456423310368,-4.3100000000000005,0,10,2018
2018-10-30,73.5905990600586,10198.400390625,20.5,1222.5999755859375,66.18000030517578,97.01000213623048,252.772,2.19,3.15,6.5,0.6367166633279853,-0.5116572845048073,-0.1551673674203724,-1.28281712202718,0.44522706256311384,0.7411683519237098,-4.3100000000000005,0,10,2018
2018-10-31,73.6500015258789,10386.599609375,19.799999237060547,1212.300048828125,65.30999755859375,97.12999725341795,252.772,2.19,3.15,6.5,0.08072018244047463,1.8453797805683791,-0.8424609000074801,-1.3146006989576686,0.12369355174217667,0.7273577211669074,-4.3100000000000005,0,10,2018
2018-11-01,74.06999969482422,10380.4501953125,19.190000534057617,1236.0,63.68999862670898,96.27999877929688,252.594,2.2,3.12,6.5,0.5702622678123603,-0.059205267303741316,1.954957536691082,-2.480476178905644,-0.8751142779334975,0.7039012701341576,-4.3,0,11,2018
2018-11-02,73.30999755859375,10553.0,18.229999542236328,1230.9000244140625,63.13999938964844,96.54000091552734,252.594,2.2,3.12,6.5,-1.0260593214010405,1.662257430466929,-0.412619383975521,-0.8635566791014071,0.2700479222340624,0.7119826661880254,-4.3,0,11,2018
2018-11-05,72.90499877929688,10524.0,19.479999542236328,1229.800048828125,63.09999847412109,96.3499984741211,252.594,2.2,3.12,6.5,-0.5524468596158072,-0.27480337344830685,-0.08936351971079448,-0.0633527334716888,-0.19681213963578248,0.7104619052580604,-4.3,0,11,2018
2018-11-06,72.86000061035156,10530.0,18.51000022888184,1223.800048828125,62.209999084472656,96.31999969482422,252.594,2.2,3.12,6.5,-0.06172165105102767,0.057012542759404816,-0.4878841894434327,-1.4104586547865616,-0.031135215123989646,0.6557727373552049,-4.3,0,11,2018
2018-11-07,73.2300033569336,10598.400390625,17.719999313354492,1226.199951171875,61.66999816894531,96.0,252.594,2.2,3.12,6.5,0.5078269880352648,0.6495763592117676,0.19610248798798136,-0.8680291327349154,-0.33222559783855354,0.6605758914083969,-4.3,0,11,2018
2018-11-08,72.37999725341797,10598.400390625,17.719999313354492,1222.9000244140625,60.66999816894531,96.63999938964844,252.594,2.2,3.12,6.5,-1.160734759730342,0.0,-0.26911816092136664,-1.621534019281945,0.6666660308837891,0.6899506469076812,-4.3,0,11,2018
2018-11-09,72.9000015258789,10585.2001953125,17.770000457763672,1206.4000244140625,60.18999862670898,96.91000366210938,252.594,2.2,3.12,6.5,0.7184364357465833,-0.12454893970770264,-1.3492517516226044,-0.7911645899505437,0.27939183998986206,0.7014075299223915,-4.3,0,11,2018
2018-11-12,72.47000122070312,10482.2001953125,19.3700008392334,1201.300048828125,59.93000030517578,97.54000091552734,252.594,2.2,3.12,6.5,-0.5898495146438809,-0.9730567027500525,-0.4227433258230051,-0.4319626640061469,0.6500848515232249,0.7008123497488882,-4.3,0,11,2018
2018-11-13,73.18000030517578,10582.5,18.700000762939453,1199.199951171875,55.68999862670898,97.3000030517578,252.594,2.2,3.12,6.5,0.9797144646243261,0.9568583199961456,-0.17481874393484587,-7.074923505549558,-0.24605070895723502,0.6489585274952901,-4.3,0,11,2018
2018-11-14,72.55000305175781,10576.2998046875,18.82999992370605,1207.9000244140625,56.25,96.8000030517578,252.594,2.2,3.12,6.5,-0.8608871970357312,-0.05858913595558901,0.7254897928978155,1.0055690197529499,-0.5138745984766602,0.6572574261055327,-4.3,0,11,2018
2018-11-15,72.4000015258789,10616.7001953125,18.450000762939453,1212.800048828125,56.459999084472656,96.93000030517578,252.594,2.2,3.12,6.5,-0.20675605729733038,0.3819898392734222,0.4056647334235608,0.37333170572917407,0.13429467904921832,0.6398126097398461,-4.3,0,11,2018
2018-11-16,71.8917007446289,10682.2001953125,18.350000381469727,1220.800048828125,56.459999084472656,96.47000122070312,252.594,2.2,3.12,6.5,-0.7020728874823412,0.6169525256907837,0.6596305803030056,0.0,-0.4745683307793125,0.6408737573434357,-4.3,0,11,2018
2018-11-19,71.7750015258789,10763.400390625,19.26000022888184,1223.0999755859375,56.7599983215332,96.19000244140624,252.594,2.2,3.12,6.5,-0.1623264125639956,0.7601448561892044,0.18839504143370878,0.5313482853793516,-0.29024440318634603,0.6337004143645815,-4.3,0,11,2018
2018-11-20,71.69000244140625,10656.2001953125,19.32999992370605,1219.0,53.43000030517578,96.80999755859376,252.594,2.2,3.12,6.5,-0.11842435759755743,-0.9959695953136949,-0.33521181160790503,-5.866804289693062,0.6445525537492225,0.6317873070255303,-4.3,0,11,2018
2018-11-21,71.41500091552734,10600.0498046875,19.559999465942383,1225.800048828125,54.630001068115234,96.70999908447266,252.594,2.2,3.12,6.5,-0.38359815387601914,-0.526926949530282,0.5578382959905648,2.2459306683238145,-0.10329354058766782,0.6050997813354915,-4.3,0,11,2018
2018-11-22,71.29499816894531,10526.75,19.15999984741211,1225.800048828125,54.630001068115234,96.70999908447266,252.594,2.2,3.12,6.5,-0.16803576985733315,-0.6915043423200262,0.0,0.0,0.0,0.6038288310486482,-4.3,0,11,2018
2018-11-23,70.83499908447266,10526.75,19.15999984741211,1221.0,50.41999816894531,96.91999816894533,252.594,2.2,3.12,6.5,-0.6452052686537924,0.0,-0.39158497609083076,-7.706393587510085,0.2171430942618846,0.6053057833358872,-4.3,0,11,2018
2018-11-26,70.66999816894531,10628.599609375,20.399999618530277,1220.199951171875,51.630001068115234,97.06999969482422,252.594,2.2,3.12,6.5,-0.23293699112013622,0.9675313783931383,-0.06552406454750637,2.399847169996905,0.15476839528765218,0.5981196372867867,-4.3,0,11,2018
2018-11-27,70.80999755859375,10685.599609375,18.31999969482422,1211.199951171875,51.560001373291016,97.37000274658205,252.594,2.2,3.12,6.5,0.19810300449385476,0.536288900653692,-0.73758403213805,-0.13557949520836,0.3090584657474027,0.587606301223021,-4.3,0,11,2018
2018-11-28,70.87999725341797,10728.849609375,17.959999084472656,1221.4000244140625,50.290000915527344,96.79000091552734,252.594,2.2,3.12,6.5,0.09885566620206898,0.40475033298135177,0.842146107446462,-2.4631505506932605,-0.5956678799365234,0.5742400590354502,-4.3,0,11,2018
2018-11-29,70.5999984741211,10858.7001953125,18.700000762939453,1224.0999755859375,51.45000076293945,96.77999877929688,252.594,2.2,3.12,6.5,-0.39503215314158346,1.2102936537020215,0.22105380038535127,2.306621249342533,-0.010333852811095223,0.5584076419527566,-4.3,0,11,2018
2018-11-30,69.91999816894531,10876.75,19.15999984741211,1220.199951171875,50.93000030517578,97.2699966430664,252.594,2.2,3.12,6.5,-0.9631732576099727,0.1662243580064171,-0.3186034222568912,-1.0106908650198476,0.5063007542363662,0.5699182995432575,-4.3,0,11,2018
2018-12-03,69.76000213623047,10883.75,18.21999931335449,1233.9000244140625,52.95000076293945,97.04000091552734,252.767,2.27,2.83,6.5,-0.22882728390274387,0.0643574597191332,1.1227728069510334,3.9662290313365434,-0.2364508435042212,0.5524946919248881,-4.23,0,12,2018
2018-12-04,70.48500061035156,10869.5,18.11000061035156,1241.0999755859375,53.25,96.97000122070312,252.767,2.27,2.83,6.5,1.039275303784093,-0.13092913747559942,0.5835117132195533,0.5665707889290994,-0.07213488681347968,0.5815328653022659,-4.23,0,12,2018
2018-12-05,70.62999725341797,10782.900390625,18.38999938964844,1241.0999755859375,53.25,96.97000122070312,252.767,2.27,2.83,6.5,0.20571276414957929,-0.7967211865771207,0.0,0.0,0.0,0.5691659416795939,-4.23,0,12,2018
2018-12-06,70.87000274658203,10601.150390625,19.309999465942383,1238.0999755859375,51.4900016784668,96.80999755859376,252.767,2.27,2.83,6.5,0.33980674288141,-1.6855390796155278,-0.24172105865876148,-3.3051611671985004,-0.16500325883794797,0.5749635738280535,-4.23,0,12,2018
2018-12-07,70.75,10693.7001953125,18.59000015258789,1246.800048828125,52.61000061035156,96.51000213623048,252.767,2.27,2.83,6.5,-0.1693279835350614,0.8730166187373989,0.7026955345888153,2.175177501214076,-0.30988062176297015,0.5747097301321292,-4.23,0,12,2018
2018-12-10,71.36499786376953,10488.4501953125,20.440000534057617,1243.699951171875,51.0,97.22000122070312,252.767,2.27,2.83,6.5,0.8692549311230202,-1.9193543511718203,-0.24864433227795857,-3.0602558290690807,0.7356740946605989,0.601984204022058,-4.23,0,12,2018
2018-12-11,72.7300033569336,10549.150390625,17.950000762939453,1241.9000244140625,51.650001525878906,97.38999938964844,252.767,2.27,2.83,6.5,1.9127100595865754,0.5787336945131116,-0.14472355298531525,1.2745127958409874,0.17485925407405567,0.6925872048975622,-4.23,0,12,2018
2018-12-12,72.62000274658203,10737.599609375,15.8100004196167,1244.4000244140625,51.150001525878906,97.04000091552734,252.767,2.27,2.83,6.5,-0.15124516055873283,1.786392380162427,0.20130444889712162,-0.9680541824369171,-0.35937824860310386,0.6925237412183933,-4.23,0,12,2018
2018-12-13,72.1500015258789,10791.5498046875,15.550000190734863,1242.699951171875,52.58000183105469,97.05999755859376,252.767,2.27,2.83,6.5,-0.6472062832925785,0.5024418610784842,-0.13661790492072168,2.795699437960497,0.020606598184014224,0.690918900623266,-4.23,0,12,2018
2018-12-14,71.5469970703125,10805.4501953125,15.15999984741211,1237.0,51.20000076293945,97.44000244140624,252.767,2.27,2.83,6.5,-0.8357649935047062,0.1288081033454791,-0.4586747723374307,-2.62457402065015,0.3915154464980031,0.6828092463779841,-4.23,0,12,2018
2018-12-17,71.91000366210938,10888.349609375,14.539999961853027,1247.4000244140625,49.880001068115234,97.0999984741211,252.767,2.27,2.83,6.5,0.5073680331267205,0.7672000015183311,0.840745708493329,-2.578124365536505,-0.3489367392920606,0.6848752591058722,-4.23,0,12,2018
2018-12-18,71.58999633789062,10908.7001953125,14.579999923706056,1249.199951171875,46.2400016784668,97.13999938964844,252.767,2.27,2.83,6.5,-0.4450108579084455,0.18690239262686426,0.14429426988811223,-7.297512653774241,0.041195588214137935,0.6887901508451799,-4.23,0,12,2018
2018-12-19,70.56999969482422,10967.2998046875,14.65999984741211,1252.0999755859375,47.20000076293945,97.04000091552734,252.767,2.27,2.83,6.5,-1.424775380979526,0.5371823253533137,0.23215053853804513,2.0761225121661564,-0.10294263408421322,0.7236989820321117,-4.23,0,12,2018
2018-12-20,70.68550109863281,10951.7001953125,14.329999923706056,1263.5999755859375,45.880001068115234,96.27999877929688,252.767,2.27,2.83,6.5,0.16366927066469028,-0.1422374664029169,0.918457010161533,-2.7966094777283512,-0.7831843869128163,0.6980088882110215,-4.23,0,12,2018
2018-12-21,70.30000305175781,10754.0,15.989999771118164,1253.800048828125,45.59000015258789,96.95999908447266,252.767,2.27,2.83,6.5,-0.5453707491400284,-1.8052009440243655,-0.7755561053464088,-0.6320856773669115,0.7062736952609949,0.6864133820638635,-4.23,0,12,2018
2018-12-24,70.13999938964844,10663.5,15.75,1267.5,42.52999877929688,96.5500030517578,252.767,2.27,2.83,6.5,-0.22760121644884723,-0.8415473312255894,1.0926743211311596,-6.712001235028097,-0.42285069779927076,0.681004549383296,-4.23,0,12,2018
2018-12-25,70.23999786376953,10663.5,15.75,1267.5,42.52999877929688,96.5500030517578,252.767,2.27,2.83,6.5,0.1425698246239948,0.0,0.0,0.0,0.0,0.6514660644068795,-4.23,0,12,2018
2018-12-26,70.23999786376953,10729.849609375,15.920000076293944,1269.199951171875,46.220001220703125,97.0500030517578,252.767,2.27,2.83,6.5,0.0,0.6222123071693231,0.13411843565089843,8.676234534016714,0.5178663741025158,0.6371718905672046,-4.23,0,12,2018
2018-12-27,70.1500015258789,10779.7998046875,16.06999969482422,1277.300048828125,44.61000061035156,96.4800033569336,252.767,2.27,2.83,6.5,-0.12812690863853726,0.4655255863871277,0.6382050084993374,-3.4833417737565986,-0.5873257876356952,0.6369041492549995,-4.23,0,12,2018
2018-12-28,69.98999786376953,10859.900390625,15.270000457763672,1279.9000244140625,45.33000183105469,96.38999938964844,252.767,2.27,2.83,6.5,-0.22808789540845753,0.7430619064249022,0.20355245334273686,1.6139906093972423,-0.09328769087225686,0.6273436819116357,-4.23,0,12,2018
2018-12-31,69.92250061035156,10862.5498046875,16.0,1278.300048828125,45.40999984741211,96.16999816894533,252.767,2.27,2.83,6.5,-0.0964384276012531,0.024396301689710853,-0.12500785650582102,0.17647918183540945,-0.22824071179187166,0.6271877319186392,-4.23,0,12,2018
2019-01-01,69.70999908447266,10862.5498046875,15.329999923706056,1278.300048828125,45.40999984741211,96.16999816894533,252.561,2.4,2.71,6.5,-0.3039100776202064,0.0,0.0,0.0,0.0,0.6284392767330278,-4.1,0,1,2019
2019-01-02,69.70999908447266,10792.5,16.389999389648438,1281.0,46.540000915527344,96.81999969482422,252.561,2.4,2.71,6.5,0.0,-0.6448744166611009,0.21121419609975156,2.4884410304168547,0.6758880505924658,0.6261876997136304,-4.1,0,1,2019
2019-01-03,69.95999908447266,10672.25,16.790000915527344,1291.800048828125,47.09000015258789,96.30999755859376,252.561,2.4,2.71,6.5,0.3586286089274804,-1.1141996757007222,0.8430951466139813,1.1817774521724278,-0.5267528794029919,0.6309590578340416,-4.1,0,1,2019
2019-01-04,70.30000305175781,10727.349609375,16.15999984741211,1282.699951171875,47.959999084472656,96.19000244140624,252.561,2.4,2.71,6.5,0.4859976725766213,0.5162885930801941,-0.7044509453692394,1.8475237397869382,-0.12459258667775197,0.6286434400228067,-4.1,0,1,2019
2019-01-07,69.5250015258789,10771.7998046875,16.299999237060547,1286.800048828125,48.52000045776367,95.70999908447266,252.561,2.4,2.71,6.5,-1.1024203303495184,0.4143632577580325,0.31964588854191955,1.1676425854485029,-0.4990158485815299,0.6579966578535266,-4.1,0,1,2019
2019-01-08,69.80999755859375,10802.150390625,15.699999809265137,1283.199951171875,49.77999877929688,95.9000015258789,252.561,2.4,2.71,6.5,0.40991877232647855,0.28175965472634346,-0.2797713335128127,2.596863787398407,0.19851890421453966,0.6619015645484434,-4.1,0,1,2019
2019-01-09,70.33000183105469,10855.150390625,15.270000457763672,1289.300048828125,52.36000061035156,95.22000122070312,252.561,2.4,2.71,6.5,0.7448851033470927,0.4906430486840696,0.47538169329566227,5.182808144478468,-0.7090722568886321,0.6770875069318555,-4.1,0,1,2019
2019-01-10,70.55049896240234,10821.599609375,15.350000381469728,1284.699951171875,52.59000015258789,95.54000091552734,252.561,2.4,2.71,6.5,0.3135178808573391,-0.30907707440862575,-0.3567903111794002,0.4392657363545993,0.3360635273281565,0.6760468948477432,-4.1,0,1,2019
2019-01-11,70.72000122070312,10794.9501953125,15.350000381469728,1287.0999755859375,51.59000015258789,95.66999816894533,252.561,2.4,2.71,6.5,0.24025663998650248,-0.24626132017869784,0.1868159496599464,-1.9015021812103794,0.13606578623850396,0.6522165685695308,-4.1,0,1,2019
2019-01-14,70.37000274658203,10737.599609375,16.15999984741211,1289.0999755859375,50.5099983215332,95.58999633789062,252.561,2.4,2.71,6.5,-0.4949073360856149,-0.5312723532749919,0.15538808468158471,-2.0934325021522815,-0.08362269529201827,0.6577835117181384,-4.1,0,1,2019
2019-01-15,71.08499908447266,10886.7998046875,15.579999923706056,1286.199951171875,52.11000061035156,95.97000122070312,252.561,2.4,2.71,6.5,1.0160527355178361,1.3895116296032572,-0.22496505073195117,3.1676942031024558,0.397536245810981,0.6565687283762496,-4.1,0,1,2019
2019-01-16,71.09249877929688,10890.2998046875,16.079999923706055,1291.5999755859375,52.310001373291016,96.05999755859376,252.561,2.4,2.71,6.5,0.010550319927982166,0.03214902508350548,0.4198433073444363,0.38380495221050914,0.09377548895062038,0.6557374945226778,-4.1,0,1,2019
2019-01-17,71.36499786376953,10905.2001953125,16.239999771118164,1291.0,52.06999969482422,96.06999969482422,252.561,2.4,2.71,6.5,0.38330216148205754,0.1368225934293088,-0.046452121189100026,-0.45880648473723973,0.01041238443124648,0.6565078404193982,-4.1,0,1,2019
2019-01-18,71.03019714355469,10906.9501953125,16.6200008392334,1281.300048828125,53.79999923706055,96.33999633789062,252.561,2.4,2.71,6.5,-0.46913855564594265,0.01604738994844812,-0.7513517561483329,3.3224496876812726,0.28104157793700235,0.6618327944597271,-4.1,0,1,2019
2019-01-21,71.2300033569336,10961.849609375,18.149999618530277,1281.300048828125,53.79999923706055,96.33999633789062,252.561,2.4,2.71,6.5,0.28129756274657414,0.5033434010370152,0.0,0.0,0.0,0.6441416825626392,-4.1,0,1,2019
2019-01-22,71.5,10922.75,17.989999771118164,1282.5,52.56999969482422,96.3000030517578,252.561,2.4,2.71,6.5,0.37904903880665586,-0.3566880660501037,0.09365106736494155,-2.286244534719317,-0.041512650667496764,0.539035958601774,-4.1,0,1,2019
2019-01-23,71.2302017211914,10831.5,18.09000015258789,1283.0999755859375,52.619998931884766,96.12000274658205,252.561,2.4,2.71,6.5,-0.3773402500819478,-0.8354123274816327,0.04678172210039744,0.09510982946698832,-0.18691619882816868,0.5419942187603647,-4.1,0,1,2019
2019-01-24,71.15730285644531,10849.7998046875,17.43000030517578,1279.0999755859375,53.130001068115234,96.5999984741211,252.561,2.4,2.71,6.5,-0.10234263414194977,0.1689498655541799,-0.31174499852775206,0.9692173063147624,0.4993713210813544,0.5307539924238873,-4.1,0,1,2019
2019-01-25,70.98999786376953,10780.5498046875,17.690000534057617,1297.4000244140625,53.68999862670898,95.79000091552734,252.561,2.4,2.71,6.5,-0.2351199187710984,-0.6382606245884936,1.4306973010254298,1.0540138289773404,-0.8385068026794507,0.5108434990239488,-4.1,0,1,2019
2019-01-28,70.9749984741211,10661.5498046875,18.899999618530277,1302.4000244140625,51.9900016784668,95.75,252.561,2.4,2.71,6.5,-0.02112887744724068,-1.1038398055380982,0.38538614967715823,-3.16631959717818,-0.041758967684546455,0.5008746957636854,-4.1,0,1,2019
2019-01-29,71.09010314941406,10652.2001953125,18.43000030517578,1308.199951171875,53.310001373291016,95.81999969482422,252.561,2.4,2.71,6.5,0.16217636881661335,-0.08769465552643796,0.44532606335152547,2.5389491290802146,0.07310673088691821,0.4962916309666389,-4.1,0,1,2019
2019-01-30,71.62000274658203,10651.7998046875,17.850000381469727,1309.9000244140625,54.22999954223633,95.33999633789062,252.561,2.4,2.71,6.5,0.7453915154044033,-0.003758759858607519,0.12995515254869971,1.7257515386338795,-0.5009427660846888,0.439736572560648,-4.1,0,1,2019
2019-01-31,71.12000274658203,10830.9501953125,17.1200008392334,1319.699951171875,53.790000915527344,95.58000183105467,252.561,2.4,2.71,6.5,-0.6981289874690266,1.6818790618479573,0.7481431082647871,-0.8113565008723622,0.25173641953315506,0.4597602570350772,-4.1,0,1,2019
2019-02-01,71.19999694824219,10893.650390625,15.720000267028809,1316.9000244140625,55.2599983215332,95.58000183105467,253.319,2.4,2.68,6.5,0.11247778201752823,0.5788983808607595,-0.21216389038479777,2.7328451031528367,0.0,0.4473130017734647,-4.1,0,2,2019
2019-02-04,71.45169830322266,10912.25,15.720000267028809,1314.300048828125,54.560001373291016,95.8499984741211,253.319,2.4,2.68,6.5,0.3535131541697156,0.17073807867935553,-0.1974315086746503,-1.266733567687095,0.28248235812304845,0.44775588976303904,-4.1,0,2,2019
2019-02-05,71.68499755859375,10934.349609375,15.779999732971191,1314.199951171875,53.65999984741211,96.0999984741211,253.319,2.4,2.68,6.5,0.3265132402886062,0.20252110586724825,-0.007616042952995894,-1.6495628724809475,0.260824208638355,0.45013970371335454,-4.1,0,2,2019
2019-02-06,71.7699966430664,11062.4501953125,15.630000114440918,1309.5,54.0099983215332,96.41999816894533,253.319,2.4,2.68,6.5,0.11857304508267053,1.171542803311021,-0.3576283173412076,0.6522520967505718,0.33298616015109417,0.45003458954404857,-4.1,0,2,2019
2019-02-07,71.54049682617188,11069.400390625,15.4399995803833,1309.4000244140625,52.63999938964844,96.51000213623048,253.319,2.4,2.68,6.25,-0.3197712520956353,0.06282690714798367,-0.007634638101372548,-2.5365654035552243,0.09334574672719143,0.45432526922058875,-3.85,0,2,2019
2019-02-08,71.58000183105469,10943.599609375,15.56999969482422,1313.699951171875,52.720001220703125,96.63999938964844,253.319,2.4,2.68,6.25,0.05522047879931158,-1.1364733121095205,0.3283890848968518,0.15197916410010226,0.13469821836129547,0.45092367440439934,-3.85,0,2,2019
2019-02-11,71.1500015258789,10888.7998046875,15.84000015258789,1307.0,52.40999984741211,97.05999755859376,253.319,2.4,2.68,6.25,-0.6007268708803304,-0.5007475295473629,-0.5100061978306702,-0.5880147308670369,0.4346007570342758,0.466692996136676,-3.85,0,2,2019
2019-02-12,71.2300033569336,10831.400390625,15.75,1309.199951171875,53.09999847412109,96.70999908447266,253.319,2.4,2.68,6.25,0.11244108129160324,-0.5271417887377283,0.16832067114576077,1.316540028082147,-0.36060012664828056,0.46169014538579467,-3.85,0,2,2019
2019-02-13,70.80999755859375,10831.400390625,15.75,1310.800048828125,53.900001525878906,97.12999725341795,253.319,2.4,2.68,6.25,-0.5896473094844534,0.0,0.1222195016748806,1.5065971275831869,0.434286188523747,0.47719400047911825,-3.85,0,2,2019
2019-02-14,70.86509704589844,10746.0498046875,15.770000457763672,1309.800048828125,54.40999984741211,96.9800033569336,253.319,2.4,2.68,6.25,0.07781314673693807,-0.7879921603800577,-0.07628928614200614,0.9461935196575899,-0.1544259247665991,0.4737399900423629,-3.85,1,2,2019
2019-02-15,71.01000213623047,10724.400390625,16.459999084472656,1318.0999755859375,55.59000015258789,96.91999816894533,253.319,2.4,2.68,6.25,0.2044801974068866,-0.2014639281967212,0.6336789165062529,2.168719552444376,-0.06187377388245929,0.4674278706767544,-3.85,1,2,2019
2019-02-18,71.31999969482422,10640.9501953125,18.0,1318.0999755859375,55.59000015258789,96.91999816894533,253.319,2.4,2.68,6.25,0.4365547799858316,-0.778133902809619,0.0,0.0,0.0,0.42043111365709146,-3.85,1,2,2019
2019-02-19,71.69999694824219,10604.349609375,18.46999931335449,1340.0999755859375,56.09000015258789,96.5199966430664,253.319,2.4,2.68,6.25,0.5328060222153264,-0.34395975233135756,1.6690691455494733,0.8994423432767684,-0.41271309681791823,0.42427833863321934,-3.85,1,2,2019
2019-02-20,71.5999984741211,10735.4501953125,17.059999465942383,1343.300048828125,56.91999816894531,96.4499969482422,253.319,2.4,2.68,6.25,-0.1394678917396308,1.236290680397767,0.2387936199154339,1.4797611233722252,-0.07252351560170789,0.4075994263927176,-3.85,1,2,2019
2019-02-21,71.30000305175781,10789.849609375,16.049999237060547,1323.5,56.959999084472656,96.61000061035156,253.319,2.4,2.68,6.25,-0.4189880289895642,0.5067269008080633,-1.4739855660243828,0.07027567957507141,0.1658928638382573,0.41381117309642645,-3.85,1,2,2019
2019-02-22,71.18499755859375,10791.650390625,15.449999809265137,1329.199951171875,57.2599983215332,96.51000213623048,253.319,2.4,2.68,6.25,-0.1612980199742431,0.016689586186968697,0.4306725479316098,0.5266840622936808,-0.10350737344925198,0.41347263332322154,-3.85,0,2,2019
2019-02-25,71.03099822998047,10880.099609375,15.359999656677246,1325.9000244140625,55.47999954223633,96.41000366210938,253.319,2.4,2.68,6.25,-0.21633677585859434,0.8196078963680797,-0.24826413474535736,-3.108625273269505,-0.10361462222324702,0.40447830071345187,-3.85,0,2,2019
2019-02-26,71.08999633789062,10835.2998046875,17.110000610351562,1325.0999755859375,55.5,96.0,253.319,2.4,2.68,6.25,0.08305966321793257,-0.4117591409631749,-0.060340056821295285,0.036049852070463295,-0.425270870797112,0.35957990606577783,-3.85,1,2,2019
2019-02-27,70.94000244140625,10806.650390625,18.899999618530277,1317.699951171875,56.93999862670898,96.1500015258789,253.319,2.4,2.68,6.25,-0.21099156591801727,-0.2644081343287419,-0.5584502717080109,2.5945921201963484,0.1562515894572014,0.3616430169594508,-3.85,1,2,2019
2019-02-28,71.19000244140625,10792.5,18.280000686645508,1312.800048828125,57.220001220703125,96.16000366210938,253.319,2.4,2.68,6.25,0.3524104756078783,-0.13094150466157473,-0.3718526618591955,0.49175026474763683,0.01040263762011051,0.3605370569618269,-3.85,1,2,2019
2019-03-01,70.81600189208984,10863.5,16.270000457763672,1296.4000244140625,55.79999923706055,96.52999877929688,254.277,2.41,2.57,6.25,-0.5253554382502412,0.6578642575862936,-1.2492400825778516,-2.48165318655883,0.38477028192263063,0.36315545671681454,-3.84,1,3,2019
2019-03-04,70.98999786376953,10863.5,16.270000457763672,1284.800048828125,56.59000015258789,96.68000030517578,254.277,2.41,2.57,6.25,0.2457014898198162,0.0,-0.8947836599417225,1.4157722694065011,0.15539368877635074,0.36222978475488377,-3.84,1,3,2019
2019-03-05,70.9000015258789,10987.4501953125,15.65999984741211,1282.0,56.560001373291016,96.8499984741211,254.277,2.41,2.57,6.25,-0.12677326468346628,1.1409784628572783,-0.21793654434236753,-0.05301074256226501,0.17583592098542322,0.3551700814033056,-3.84,1,3,2019
2019-03-06,70.74250030517578,11053.0,15.609999656677246,1284.9000244140625,56.220001220703125,96.87000274658205,254.277,2.41,2.57,6.25,-0.2221455815422435,0.5965879573721855,0.22621095273498426,-0.6011317969105368,0.020654902195271774,0.3510042867100311,-3.84,0,3,2019
2019-03-07,70.36499786376953,11058.2001953125,15.289999961853027,1283.800048828125,56.65999984741211,97.66999816894533,254.277,2.41,2.57,6.25,-0.5336289214796563,0.047047817900125466,-0.08560787337824616,0.7826371703224977,0.8258443271196292,0.36302198389511947,-3.84,0,3,2019
2019-03-08,70.48750305175781,11035.400390625,14.9399995803833,1297.0,56.06999969482422,97.37000274658205,254.277,2.41,2.57,6.25,0.17409961160725906,-0.20618006804727917,1.028193696045121,-1.0412992484588601,-0.307152071247474,0.36299666750121945,-3.84,0,3,2019
2019-03-11,69.98690032958984,11168.0498046875,14.899999618530272,1288.800048828125,56.790000915527344,97.22000122070312,254.277,2.41,2.57,6.25,-0.7102006745796974,1.2020353532001593,-0.6322244542694699,1.2841113333724286,-0.15405311866871774,0.38406140108932635,-3.84,0,3,2019
2019-03-12,69.79010009765625,11301.2001953125,15.100000381469728,1296.300048828125,56.869998931884766,96.94000244140624,254.277,2.41,2.57,6.25,-0.2811958109400492,1.1922438828049886,0.5819366632410894,0.14086637624186604,-0.28800532378234767,0.3843046527999868,-3.84,0,3,2019
2019-03-13,69.84500122070312,11341.7001953125,15.279999732971191,1307.5,58.2599983215332,96.5500030517578,254.277,2.41,2.57,6.25,0.07866606147584054,0.358369016565141,0.8639937321609947,2.444169888790193,-0.4023100679042879,0.35417306609276233,-3.84,0,3,2019
2019-03-14,69.72630310058594,11343.25,15.149999618530272,1293.4000244140625,58.61000061035156,96.79000091552734,254.277,2.41,2.57,6.25,-0.16994504695062584,0.013664659273393553,-1.0783920142208414,0.6007591810880619,0.24857364700536788,0.33515854409567114,-3.84,0,3,2019
2019-03-15,69.3373031616211,11426.849609375,15.869999885559082,1301.800048828125,58.52000045776367,96.5999984741211,254.277,2.41,2.57,6.25,-0.5578955453922174,0.7369987382364052,0.6494529345526967,-0.153557672156035,-0.1963037913100929,0.34509025446922453,-3.84,0,3,2019
2019-03-18,68.9530029296875,11462.2001953125,16.899999618530273,1300.300048828125,59.09000015258789,96.5199966430664,254.277,2.41,2.57,6.25,-0.5542474460505264,0.30936423551506387,-0.11522506865400128,0.9740254449170926,-0.08281763179956991,0.34486225833118633,-3.84,0,3,2019
2019-03-19,68.61799621582031,11532.400390625,16.489999771118164,1305.0,59.02999877929688,96.37999725341795,254.277,2.41,2.57,6.25,-0.4858478958614798,0.6124495656707252,0.36145128011881855,-0.10154234749715219,-0.14504703120346019,0.3406219843419015,-3.84,0,3,2019
2019-03-20,69.31749725341797,11521.0498046875,16.030000686645508,1300.5,59.83000183105469,95.76000213623048,254.277,2.41,2.57,6.25,1.0194133844969144,-0.09842344657688962,-0.34482758620689724,1.355248294598277,-0.6432819411244406,0.39931719615830336,-3.84,0,3,2019
2019-03-21,68.82499694824219,11521.0498046875,16.030000686645508,1306.0999755859375,59.97999954223633,96.5,254.277,2.41,2.57,6.25,-0.7104992602015692,0.0,0.4306017367118331,0.25070651277130374,0.7727629983933948,0.41238268219941693,-3.84,0,3,2019
2019-03-22,68.93000030517578,11456.900390625,16.270000457763672,1311.5999755859375,59.040000915527344,96.6500015258789,254.277,2.41,2.57,6.25,0.15256572697353032,-0.5568018119008533,0.4211009955445988,-1.567186785400132,0.15544199572943285,0.4142534922882039,-3.84,0,3,2019
2019-03-25,69.1604995727539,11354.25,16.670000076293945,1321.9000244140625,58.81999969482422,96.56999969482422,254.277,2.41,2.57,6.25,0.33439615052608396,-0.8959700017030503,0.7853041338708122,-0.3726307880955071,-0.08277478509223224,0.4123880195415105,-3.84,0,3,2019
2019-03-26,68.92340087890625,11483.25,16.489999771118164,1314.300048828125,59.93999862670898,96.73999786376952,254.277,2.41,2.57,6.25,-0.3428238594462951,1.1361384503600025,-0.5749281674539808,1.9041124408290422,0.17603621153827742,0.4129181596888296,-3.84,0,3,2019
2019-03-27,69.42749786376953,11445.0498046875,17.049999237060547,1309.9000244140625,59.40999984741211,96.7699966430664,254.277,2.41,2.57,6.25,0.7313872769408869,-0.33266013813597617,-0.3347808149277376,-0.8842155346007963,0.031009696050565694,0.42996337581761046,-3.84,0,3,2019
2019-03-28,69.37000274658203,11570.0,16.649999618530273,1289.800048828125,59.29999923706055,97.1999969482422,254.277,2.41,2.57,6.25,-0.08281317771283714,1.0917400749215211,-1.5344663876106557,-0.18515504230615099,0.4443529193886908,0.4291253934490374,-3.84,0,3,2019
2019-03-29,69.5,11570.0,16.649999618530273,1293.0,60.13999938964844,97.27999877929688,254.277,2.41,2.57,6.25,0.18739692701594812,0.0,0.24809668558956055,1.4165264138197742,0.08230641313422549,0.42875955689984424,-3.84,0,3,2019
2019-04-01,69.43000030517578,11669.150390625,18.010000228881836,1288.4000244140625,61.59000015258789,97.25,255.233,2.42,2.53,6.25,-0.10071898535858326,0.8569610252809001,-0.355759906104991,2.411042197630997,-0.030837561341812147,0.4179235987748296,-3.83,0,4,2019
2019-04-02,69.19529724121094,11713.2001953125,18.07999992370605,1290.0,62.58000183105469,97.36000061035156,255.233,2.42,2.53,6.25,-0.3380427235103234,0.37748939051200914,0.12418313843676199,1.607406520561927,0.11311116745662542,0.4032568754115364,-3.83,0,4,2019
2019-04-03,68.91020202636719,11643.9501953125,18.780000686645508,1289.9000244140625,62.459999084472656,97.08999633789062,255.233,2.42,2.53,6.25,-0.4120153048117192,-0.5912133221091298,-0.0077500454215062575,-0.19175893747335193,-0.27732566841441875,0.4068192308958895,-3.83,0,4,2019
2019-04-04,68.8499984741211,11598.0,18.649999618530277,1289.0,62.09999847412109,97.30999755859376,255.233,2.42,2.53,6.0,-0.08736522383587797,-0.3946272059030087,-0.06977474199765243,-0.5763698617169299,0.22659514780234424,0.40309324240137806,-3.58,0,4,2019
2019-04-05,68.97039794921875,11665.9501953125,18.38999938964844,1290.4000244140625,63.08000183105469,97.4000015258789,255.233,2.42,2.53,6.0,0.1748721536179998,0.5858785593421345,0.10861322064099621,1.5781052834357157,0.09249200446330708,0.4064407181950371,-3.58,0,4,2019
2019-04-08,69.16000366210938,11604.5,20.149999618530277,1297.0999755859375,64.4000015258789,97.0500030517578,255.233,2.42,2.53,6.0,0.27490882832112984,-0.5267483083991831,0.5192150530931139,2.0925803051806025,-0.35934134357084035,0.4116419202373299,-3.58,0,4,2019
2019-04-09,69.55249786376953,11671.9501953125,20.280000686645508,1303.5,63.97999954223633,97.01000213623048,255.233,2.42,2.53,6.0,0.5675161666817363,0.5812417192683883,0.49341026401388266,-0.6521769777812825,-0.041216810169475426,0.4277751981257116,-3.58,0,4,2019
2019-04-10,69.26180267333984,11584.2998046875,21.1299991607666,1309.0999755859375,64.61000061035156,96.9499969482422,255.233,2.42,2.53,6.0,-0.4179507556997697,-0.7509489773200095,0.42961070854909966,0.984684389844892,-0.0618546404153375,0.43174481401050585,-3.58,0,4,2019
2019-04-11,69.14019775390625,11596.7001953125,20.959999084472656,1288.5999755859375,63.58000183105469,97.18000030517578,255.233,2.42,2.53,6.0,-0.17557284786120508,0.10704480058416621,-1.5659613766950464,-1.5941785630193217,0.23723915850804023,0.4242542848486694,-3.58,0,4,2019
2019-04-12,69.43000030517578,11643.4501953125,21.0,1290.5999755859375,63.88999938964844,96.97000122070312,255.233,2.42,2.53,6.0,0.41915204278275553,0.40313191867198395,0.15520720455473036,0.4875708550897473,-0.21609290369746237,0.4263698823764276,-3.58,0,4,2019
2019-04-15,69.16100311279297,11690.349609375,21.38999938964844,1286.800048828125,63.400001525878906,96.94000244140624,255.233,2.42,2.53,6.0,-0.3874365421294157,0.40279653604204935,-0.29443102663064824,-0.7669398473165723,-0.03093614408502532,0.4261306021574052,-3.58,0,4,2019
2019-04-16,69.80999755859375,11787.150390625,21.690000534057617,1272.5999755859375,64.05000305175781,97.04000091552734,255.233,2.42,2.53,6.0,0.9383820601074122,0.8280400884877803,-1.1035182393037135,1.0252389751340685,0.10315501506361624,0.46520681053359414,-3.58,0,4,2019
2019-04-17,69.88500213623047,11787.150390625,21.690000534057617,1272.199951171875,63.7599983215332,97.01000213623048,255.233,2.42,2.53,6.0,0.10744102601316641,0.0,-0.0314336336426746,-0.4527786360763453,-0.030913828332479465,0.4649072233265679,-3.58,0,4,2019
2019-04-18,69.4010009765625,11752.7998046875,22.739999771118164,1271.9000244140625,64.0,97.47000122070312,255.233,2.42,2.53,6.0,-0.6925679972427878,-0.29142400664389223,-0.023575441701295663,0.3764141856724912,0.4741769656150252,0.47158878971526935,-3.58,0,4,2019
2019-04-19,69.38099670410156,11752.7998046875,22.739999771118164,1271.9000244140625,64.0,97.47000122070312,255.233,2.42,2.53,6.0,-0.028824184348141824,0.0,0.0,0.0,0.0,0.46979120085617426,-3.58,0,4,2019
2019-04-22,69.36000061035156,11594.4501953125,24.049999237060547,1273.5,65.69999694824219,97.27999877929688,255.233,2.42,2.53,6.0,-0.030262023821225892,-1.3473352052831178,0.1257941312387878,2.656245231628418,-0.19493427621491977,0.45302751186503626,-3.58,0,4,2019
2019-04-23,70.0625,11575.9501953125,24.649999618530277,1269.300048828125,66.30000305175781,97.56999969482422,255.233,2.42,2.53,6.0,1.0128307143405513,-0.15955909670886115,-0.3297959302610898,0.913251341530974,0.2981094974983334,0.4884094256478448,-3.58,0,4,2019
2019-04-24,69.75800323486328,11726.150390625,23.709999084472656,1275.5,65.88999938964844,98.0999984741211,255.233,2.42,2.53,6.0,-0.434607336502002,1.2975193636658888,0.4884543396653118,-0.6184067017150796,0.5431985046167709,0.4950163605576824,-3.58,0,4,2019
2019-04-25,70.0958023071289,11641.7998046875,23.229999542236328,1275.800048828125,65.20999908447266,98.1999969482422,255.233,2.42,2.53,6.0,0.48424418217407617,-0.7193374050953438,0.023524016317133523,-1.0320235414702617,0.1019352453379474,0.5017702962236932,-3.58,0,4,2019
2019-04-26,70.16000366210938,11754.650390625,21.71999931335449,1284.9000244140625,63.29999923706055,98.01000213623048,255.233,2.42,2.53,6.0,0.09159086973449249,0.9693568677590747,0.7132760023246698,-2.928998426971152,-0.19347741131994223,0.48989953844612644,-3.58,0,4,2019
2019-04-29,69.84200286865234,11754.650390625,21.71999931335449,1278.5999755859375,63.5,97.86000061035156,255.233,2.42,2.53,6.0,-0.45325082220423196,0.0,-0.4903143208358163,0.3159569752764879,-0.1530471611156825,0.4860031881554603,-3.58,0,4,2019
2019-04-30,69.81179809570312,11748.150390625,21.82999992370605,1282.800048828125,63.90999984741211,97.4800033569336,255.233,2.42,2.53,6.0,-0.043247289179293436,-0.05529726349993158,0.3284900142644487,0.6456690510426855,-0.3883070213038353,0.47598356041980383,-3.58,0,4,2019
2019-05-01,69.55599975585938,11748.150390625,21.82999992370605,1281.4000244140625,63.59999847412109,97.69000244140624,255.296,2.39,2.4,6.0,-0.3664113327851548,0.0,-0.10913816345279326,-0.4850592615101901,0.2154278592951142,0.4458124924714484,-3.61,0,5,2019
2019-05-02,69.63289642333984,11724.75,22.979999542236328,1269.699951171875,61.810001373291016,97.83000183105467,255.296,2.39,2.4,6.0,0.11055360824425708,-0.1991836148409698,-0.9130695348267603,-2.8144609178857527,0.14330984353532195,0.42460039693254287,-3.61,0,5,2019
2019-05-03,69.42440032958984,11712.25,24.030000686645508,1279.199951171875,61.93999862670898,97.5199966430664,255.296,2.39,2.4,6.0,-0.29942183143212286,-0.10661208128105448,0.7482082669399093,0.21031750611502087,-0.31688151097413186,0.42846175257503294,-3.61,0,5,2019
2019-05-06,69.16799926757812,11598.25,26.43000030517578,1281.699951171875,62.25,97.5199966430664,255.296,2.39,2.4,6.0,-0.36932412926069524,-0.973339879186319,0.19543465411406835,0.5004865679111292,0.0,0.4301826625002291,-3.61,0,5,2019
2019-05-07,69.40029907226562,11497.900390625,26.479999542236328,1283.5,61.400001525878906,97.62999725341795,255.296,2.39,2.4,6.0,0.3358486686724005,-0.8652133673183404,0.1404422951314821,-1.365459396178459,0.11279800465351375,0.4293084816097856,-3.61,0,5,2019
2019-05-08,69.91000366210938,11359.4501953125,26.3700008392334,1279.4000244140625,62.119998931884766,97.62000274658205,255.296,2.39,2.4,6.0,0.7344414889523865,-1.2041345863927244,-0.31943713174424904,1.1726341825942788,-0.010237127027634685,0.42948237460464606,-3.61,0,5,2019
2019-05-09,70.01000213623047,11301.7998046875,25.489999771118164,1283.5,61.70000076293945,97.37000274658205,255.296,2.39,2.4,6.0,0.14303886265605303,-0.5075103956069027,0.32046080254024556,-0.6761078173968538,-0.2560950552818464,0.42952535662662034,-3.61,0,5,2019
2019-05-10,70.41000366210938,11278.900390625,26.34000015258789,1285.699951171875,61.65999984741211,97.33000183105467,255.296,2.39,2.4,6.0,0.571349112517594,-0.20261741013145596,0.1714025065738145,-0.06483130475318788,-0.04108135400948676,0.43992487951673576,-3.61,0,5,2019
2019-05-13,69.92250061035156,11148.2001953125,27.3799991607666,1300.0999755859375,61.040000915527344,97.31999969482422,255.296,2.39,2.4,6.0,-0.6923775406933563,-1.1588026384304118,1.1200143860110812,-1.0055123798557553,-0.01027651910231464,0.45947810179156695,-3.61,1,5,2019
2019-05-14,70.61699676513672,11222.0498046875,27.1299991607666,1294.699951171875,61.77999877929688,97.52999877929688,255.296,2.39,2.4,6.0,0.9932370105801613,0.6624352638199937,-0.4153545508397416,1.2123162723958858,0.21578204390790834,0.486727276371298,-3.61,1,5,2019
2019-05-15,70.30699920654297,11157.0,28.65999984741211,1296.300048828125,62.02000045776367,97.56999969482422,255.296,2.39,2.4,6.0,-0.438984342005877,-0.5796606308085428,0.12358829972933805,0.38847795922458683,0.04101396086126918,0.48767024333464204,-3.61,1,5,2019
2019-05-16,70.20919799804688,11257.099609375,28.3700008392334,1285.0,62.869998931884766,97.83999633789062,255.296,2.39,2.4,6.0,-0.13910593482845401,0.8971910851931497,-0.8717155290042911,1.3705231664742579,0.2767209633195655,0.4883299201814094,-3.61,1,5,2019
2019-05-17,70.23500061035156,11407.150390625,28.07999992370605,1274.5,62.7599983215332,98.0,255.296,2.39,2.4,6.0,0.036751042655991384,1.3329435330307948,-0.8171206225680905,-0.1749651856535639,0.1635360467071134,0.487922277195852,-3.61,1,5,2019
2019-05-20,70.28150177001953,11828.25,23.68000030517578,1276.0999755859375,63.09999847412109,97.93000030517578,255.296,2.39,2.4,6.0,0.06620795794669565,3.6915407876193296,0.12553751164672278,0.5417465928631682,-0.07142826002470848,0.48626301408224615,-3.61,0,5,2019
2019-05-21,70.12750244140625,11709.099609375,25.649999618530277,1272.0,62.9900016784668,98.05999755859376,255.296,2.39,2.4,6.0,-0.21911786847869097,-1.0073374389702572,-0.3212895278095207,-0.1743213919401354,0.13274507608789232,0.47881270833260764,-3.61,0,5,2019
2019-05-22,70.12750244140625,11737.900390625,27.6299991607666,1273.5999755859375,61.41999816894531,98.11000061035156,255.296,2.39,2.4,6.0,0.0,0.24596922232125173,0.1257842441774848,-2.4924646256331062,0.050992303694408214,0.4713960611226793,-3.61,0,5,2019
2019-05-23,69.97250366210938,11657.0498046875,19.40999984741211,1284.800048828125,57.90999984741211,97.8499984741211,255.296,2.39,2.4,6.0,-0.22102423999255105,-0.6887993870017373,0.8794027525820924,-5.714748333072894,-0.2650108394791295,0.47219342181187685,-3.61,0,5,2019
2019-05-24,69.94499969482422,11844.099609375,16.469999313354492,1283.0,58.630001068115234,97.61000061035156,255.296,2.39,2.4,6.0,-0.03930682174525524,1.6046067214389392,-0.14010342152204203,1.2433106934903515,-0.24527119827498778,0.4669212781617367,-3.61,0,5,2019
2019-05-27,69.36000061035156,11924.75,16.190000534057617,1283.0,58.630001068115234,97.61000061035156,255.296,2.39,2.4,6.0,-0.8363701294231918,0.6809330661248669,0.0,0.0,0.0,0.4873646017546098,-3.61,0,5,2019
2019-05-28,69.72000122070312,11928.75,15.920000076293944,1276.5,59.13999938964844,97.95999908447266,255.296,2.39,2.4,6.0,0.5190320172774543,0.03354368016101894,-0.5066250974279041,0.8698589668123979,0.35856825318365537,0.4653574430069156,-3.61,0,5,2019
2019-05-29,69.875,11861.099609375,16.40999984741211,1280.5999755859375,58.810001373291016,98.13999938964844,255.296,2.39,2.4,6.0,0.22231608804224035,-0.5671205333752538,0.32118884339502607,-0.5579946225281573,0.1837487820110839,0.4667701817713585,-3.61,0,5,2019
2019-05-30,69.81500244140625,11945.900390625,15.609999656677246,1287.0999755859375,56.59000015258789,98.13999938964844,255.296,2.39,2.4,6.0,-0.08586412678890376,0.7149487319284775,0.5075745840949164,-3.774870207215053,0.0,0.44848838157119564,-3.61,0,5,2019
2019-05-31,69.9800033569336,11922.7998046875,16.06999969482422,1305.800048828125,53.5,97.75,255.296,2.39,2.4,6.0,0.2363401987500069,-0.19337668306382838,1.4528842822543409,-5.460328934893255,-0.3973908621091482,0.45008678604227886,-3.61,0,5,2019
2019-06-03,69.5696029663086,12088.5498046875,15.970000267028809,1322.699951171875,53.25,97.13999938964844,255.213,2.38,2.07,6.0,-0.5864538024266008,1.3901936014629301,1.2942182349370057,-0.4672897196261627,-0.6240415451166825,0.46388291954846833,-3.62,0,6,2019
2019-06-04,69.16190338134766,12021.650390625,15.630000114440918,1323.4000244140625,53.47999954223633,97.06999969482422,255.213,2.38,2.07,6.0,-0.5860312084264407,-0.5534114111566901,0.05292759265373981,0.43192402297902444,-0.07206062926090606,0.43582318723107033,-3.62,0,6,2019
2019-06-05,69.55999755859375,12021.650390625,15.630000114440918,1328.300048828125,51.68000030517578,97.37000274658205,255.213,2.38,2.07,6.0,0.5755974861638258,0.0,0.3702602632361218,-3.3657428056613536,0.3090584657474027,0.4434186637546479,-3.62,0,6,2019
2019-06-06,69.625,11843.75,15.529999732971191,1337.5999755859375,52.59000015258789,97.02999877929688,255.213,2.38,2.07,5.75,0.09344802140267561,-1.4798333410505293,0.7001375002596122,1.760835607659561,-0.3491875913468667,0.4340852341784113,-3.37,0,6,2019
2019-06-07,69.36000061035156,11870.650390625,14.859999656677246,1341.199951171875,53.9900016784668,96.61000061035156,255.213,2.38,2.07,5.75,-0.38060953629937,0.22712730870713127,0.26913693567918173,2.6621059551565907,-0.4328539361323047,0.4383809928376609,-3.37,0,6,2019
2019-06-10,69.34500122070312,11922.7001953125,14.979999542236328,1324.699951171875,53.2599983215332,96.76000213623048,255.213,2.38,2.07,5.75,-0.0216254174112529,0.43847475053773177,-1.2302416194977517,-1.3521084168159003,0.15526500872711235,0.43128405082046145,-3.37,0,6,2019
2019-06-11,69.52349853515625,11965.599609375,14.489999771118164,1326.4000244140625,53.27000045776367,96.69000244140624,255.213,2.38,2.07,5.75,0.2574047318638417,0.35981290613484873,0.12833647654955094,0.018779828287041056,-0.07234362678670836,0.43427775963556997,-3.37,0,6,2019
2019-06-12,69.3864974975586,11906.2001953125,14.119999885559082,1331.9000244140625,51.13999938964844,97.0,255.213,2.38,2.07,5.75,-0.1970571684167699,-0.49641819885031246,0.41465620467171505,-3.9985001873691584,0.32060973292624695,0.43060901142387253,-3.37,0,6,2019
2019-06-13,69.69999694824219,11914.0498046875,13.65999984741211,1339.199951171875,52.27999877929688,97.01000213623048,255.213,2.38,2.07,5.75,0.45181622072021366,0.06592875347493088,0.5480836867634897,2.2291736473489365,0.010311480649982663,0.4382674619228767,-3.37,0,6,2019
2019-06-14,69.80000305175781,11823.2998046875,13.899999618530272,1340.0999755859375,52.5099983215332,97.56999969482422,255.213,2.38,2.07,5.75,0.14348078607504533,-0.7617057296864349,0.06720612655899405,0.43993792579697377,0.5772575469149333,0.4351377634834549,-3.37,0,6,2019
2019-06-17,69.77050018310547,11672.150390625,14.649999618530272,1338.699951171875,51.93000030517578,97.55999755859376,255.213,2.38,2.07,5.75,-0.04226771828429454,-1.2784029548381648,-0.10447163939767412,-1.1045477716566166,-0.010251241428449465,0.4291313622640161,-3.37,0,6,2019
2019-06-18,70.11250305175781,11691.5,14.600000381469728,1346.5999755859375,53.900001525878906,97.63999938964844,255.213,2.38,2.07,5.75,0.4901826241101803,0.1657758744313398,0.5901265931284261,3.7935705933488606,0.0820026989100997,0.4338261725750666,-3.37,0,6,2019
2019-06-19,69.76499938964844,11691.4501953125,14.729999542236328,1344.5999755859375,53.7599983215332,97.12000274658205,255.213,2.38,2.07,5.75,-0.4956372215849214,-0.0004259905700743083,-0.14852220676223604,-0.2597461973697368,-0.5325651846752488,0.4234400585890537,-3.37,0,6,2019
2019-06-20,69.87000274658203,11831.75,14.0,1392.9000244140625,56.650001525878906,96.62999725341795,255.213,2.38,2.07,5.75,0.15051008077435757,1.2000205478679637,3.59215005987763,5.3757501759224,-0.5045361195496256,0.42353295632926813,-3.37,0,6,2019
2019-06-21,69.77999877929688,11724.099609375,14.609999656677246,1396.199951171875,57.43000030517578,96.22000122070312,255.213,2.38,2.07,5.75,-0.12881632137843324,-0.9098433505187353,0.23691052480243613,1.3768733597307126,-0.42429477840053575,0.4096974576033858,-3.37,0,6,2019
2019-06-24,69.56990051269531,11699.650390625,15.220000267028809,1414.300048828125,57.900001525878906,95.9800033569336,255.213,2.38,2.07,5.75,-0.3010866584650884,-0.2085381356743965,1.2963829171500851,0.8183897234992132,-0.24942616994884093,0.39377390640557314,-3.37,0,6,2019
2019-06-25,69.60250091552734,11796.4501953125,15.010000228881836,1414.9000244140625,57.83000183105469,96.16000366210938,255.213,2.38,2.07,5.75,0.04685992446702425,0.8273734808782462,0.04242208620686139,-0.12089756991272571,0.1875393820381488,0.3450149952896709,-3.37,0,6,2019
2019-06-26,69.63749694824219,11847.5498046875,14.75,1411.5999755859375,59.380001068115234,96.20999908447266,255.213,2.38,2.07,5.75,0.05027984950902731,0.4331778503613437,-0.2332354775024914,2.6802683520376513,0.051991909795434665,0.33735740504751277,-3.37,0,6,2019
2019-06-27,69.60250091552734,11841.5498046875,14.649999618530272,1408.4000244140625,59.43000030517578,96.19000244140624,255.213,2.38,2.07,5.75,-0.05025458158103291,-0.05064338279993086,-0.22668965905491278,0.08420214914308666,-0.020784370914361805,0.3367681768369197,-3.37,0,6,2019
2019-06-28,69.32499694824219,11788.849609375,14.949999809265137,1409.699951171875,58.470001220703125,96.12999725341795,255.213,2.38,2.07,5.75,-0.3986982703709896,-0.44504474652159454,0.09229812093713985,-1.6153442361484416,-0.06238193831509253,0.3431872616397469,-3.37,0,6,2019
2019-07-01,68.94049835205078,11865.599609375,14.600000381469728,1385.5999755859375,59.09000015258789,96.83999633789062,255.802,2.4,2.06,5.75,-0.5546319698772839,0.6510389269786421,-1.7095819267003098,1.0603709918604043,0.7385822373436435,0.35490042015785805,-3.35,0,7,2019
2019-07-02,69.1675033569336,11910.2998046875,14.25,1404.5999755859375,56.25,96.7300033569336,255.802,2.4,2.06,5.75,0.32927671007481063,0.3767209141051886,1.371247137325149,-4.806228033938343,-0.11358218206994897,0.36068906829514963,-3.35,0,7,2019
2019-07-03,69.0824966430664,11916.75,13.699999809265137,1417.699951171875,57.34000015258789,96.7699966430664,255.802,2.4,2.06,5.75,-0.12289978637586296,0.054156447933917384,0.9326481427904598,1.9377780490451357,0.041345275245396884,0.36085464231170883,-3.35,0,7,2019
2019-07-04,69.00749969482422,11946.75,13.529999732971191,1417.699951171875,57.34000015258789,96.7699966430664,255.802,2.4,2.06,5.75,-0.10856143290489673,0.25174649128327786,0.0,0.0,0.0,0.3595922206459691,-3.35,0,7,2019
2019-07-05,68.73999786376953,11811.150390625,13.06999969482422,1396.699951171875,57.5099983215332,97.25,255.802,2.4,2.06,5.75,-0.38764167987200837,-1.1350334557515662,-1.4812725346178723,0.2964739597016486,0.4960249804534689,0.36496390614120294,-3.35,0,7,2019
2019-07-08,68.44000244140625,11558.599609375,13.850000381469728,1397.0,57.65999984741211,97.37999725341795,255.802,2.4,2.06,5.75,-0.43642047088482405,-2.138240331360608,0.02148269768844635,0.26082686533959176,0.13367326829609727,0.34211226912695486,-3.35,0,7,2019
2019-07-09,68.8499984741211,11555.900390625,13.6899995803833,1397.5,57.83000183105469,97.48999786376952,255.802,2.4,2.06,5.75,0.5990590562381382,-0.023352472109261502,0.03579098067287845,0.294835213479816,0.11296016990562929,0.34693133340344634,-3.35,0,7,2019
2019-07-10,68.76499938964844,11498.900390625,13.640000343322754,1410.0999755859375,60.43000030517578,97.0999984741211,255.802,2.4,2.06,5.75,-0.12345546311756106,-0.4932545113165099,0.901608270907861,4.495933584295497,-0.4000404125491963,0.34360027643783375,-3.35,0,7,2019
2019-07-11,68.36759948730469,11582.900390625,12.470000267028809,1404.300048828125,60.20000076293945,97.0500030517578,255.802,2.4,2.06,5.75,-0.5779101372370143,0.7305046321514741,-0.4113131592249353,-0.38060490000796365,-0.05148859232640968,0.35672642014349143,-3.35,0,7,2019
2019-07-12,68.66999816894531,11552.5,12.0,1409.9000244140625,60.209999084472656,96.80999755859376,255.802,2.4,2.06,5.75,0.4423128556631184,-0.26245922523520093,0.39877343809897603,0.01660850731974861,-0.247300861017008,0.3647026258450921,-3.35,0,7,2019
2019-07-15,68.55030059814453,11588.349609375,12.020000457763672,1411.4000244140625,59.58000183105469,96.93000030517578,255.802,2.4,2.06,5.75,-0.17430839375631724,0.31031905972733753,0.10639052230836388,-1.0463332718774865,0.1239569771803728,0.3518131124398249,-3.35,0,7,2019
2019-07-16,68.74749755859375,11662.599609375,11.5600004196167,1409.199951171875,57.619998931884766,97.4000015258789,255.802,2.4,2.06,5.75,0.2876675357052383,0.6407297199588324,-0.1558787873126799,-3.2896992932758162,0.48488725804536337,0.3418096739298844,-3.35,0,7,2019
2019-07-17,68.8949966430664,11687.5,11.800000190734863,1421.300048828125,56.77999877929688,97.22000122070312,255.802,2.4,2.06,5.75,0.21455193237680525,0.21350634900458854,0.8586501614755049,-1.4578274351946585,-0.18480523855839426,0.32613199677136423,-3.35,0,7,2019
2019-07-18,68.78600311279297,11596.900390625,11.75,1426.0999755859375,55.29999923706055,96.79000091552734,255.802,2.4,2.06,5.75,-0.15820238853935242,-0.7751838235294128,0.337713824872532,-2.6065508525089487,-0.4422961322532948,0.3260436992773618,-3.35,0,7,2019
2019-07-19,68.8499984741211,11419.25,12.520000457763672,1425.0999755859375,55.630001068115234,97.1500015258789,255.802,2.4,2.06,5.75,0.09303544097944982,-1.531878214359883,-0.07012131106650665,0.5967483464873746,0.37193987699799536,0.3203947536943928,-3.35,0,7,2019
2019-07-22,68.83000183105469,11346.2001953125,13.010000228881836,1425.300048828125,56.220001220703125,97.26000213623048,255.802,2.4,2.06,5.75,-0.029043781422777304,-0.6397075524881224,0.014039242552454922,1.0605790783025038,0.11322759508374247,0.3203956396987338,-3.35,0,7,2019
2019-07-23,69.16000366210938,11331.0498046875,13.43000030517578,1420.0999755859375,56.77000045776367,97.70999908447266,255.802,2.4,2.06,5.75,0.4794447512360689,-0.13352832106081625,-0.3648405994557402,0.9782981592288076,0.4626742117606275,0.32956224813517954,-3.35,0,7,2019
2019-07-24,69.0199966430664,11271.2998046875,12.760000228881836,1422.800048828125,55.880001068115234,97.7300033569336,255.802,2.4,2.06,5.75,-0.20243928807029965,-0.5273121293252303,0.19013261661902092,-1.5677283467886993,0.020473106793961193,0.32966512450005975,-3.35,0,7,2019
2019-07-25,69.18499755859375,11252.150390625,12.640000343322754,1413.9000244140625,56.02000045776367,97.81999969482422,255.802,2.4,2.06,5.75,0.23906247979210704,-0.16989534831232112,-0.6255288240531676,0.25053576766718155,0.09208670295643984,0.32141446056192063,-3.35,0,7,2019
2019-07-26,69.15049743652344,11284.2998046875,12.130000114440918,1418.5,56.20000076293945,98.01000213623048,255.802,2.4,2.06,5.75,-0.04986647869879013,0.28571795564771296,0.3253395223501654,0.3213143586306977,0.194236804333503,0.3198706158530513,-3.35,0,7,2019
2019-07-29,68.87000274658203,11189.2001953125,13.0600004196167,1419.5999755859375,56.869998931884766,98.04000091552734,255.802,2.4,2.06,5.75,-0.4056293162589153,-0.8427603929443195,0.07754498314680447,1.1921675442167157,0.030607875362731463,0.32712240228921996,-3.35,0,7,2019
2019-07-30,68.94999694824219,11085.400390625,13.609999656677246,1429.699951171875,58.04999923706055,98.0500030517578,255.802,2.4,2.06,5.75,0.11615245893703552,-0.9276785013729971,0.7114663116113862,2.074908259782293,0.010202097243006136,0.3129290698310966,-3.35,0,7,2019
2019-07-31,69.07749938964844,11118.0,13.59000015258789,1426.0999755859375,58.58000183105469,98.5199966430664,255.802,2.4,2.06,5.75,0.18492015525679584,0.294076968140633,-0.25179937811333764,0.9130105098360985,0.4793407207346112,0.304455770216856,-3.35,0,7,2019
2019-08-01,69.40499877929688,10980.0,14.5600004196167,1420.9000244140625,53.95000076293945,98.38999938964844,256.036,2.13,1.63,5.75,0.47410429234140405,-1.2412304371289817,-0.3646273936536937,-7.903722982918648,-0.13195011961778524,0.3166532060089263,-3.62,0,8,2019
2019-08-02,69.29720306396484,10997.349609375,15.1899995803833,1445.5999755859375,55.65999984741211,98.0999984741211,256.036,2.13,1.63,5.75,-0.15531405118932584,0.15801101434427256,1.7383313918979404,3.1695997410389865,-0.29474633329233946,0.31699885558961616,-3.62,0,8,2019
2019-08-05,69.65689849853516,10862.599609375,16.59000015258789,1464.5999755859375,54.68999862670898,97.5,256.036,2.13,1.63,5.75,0.5190619803778995,-1.225295228271439,1.314333171062687,-1.7427258774026622,-0.6116192491882444,0.3273546463844417,-3.62,0,8,2019
2019-08-06,71.5199966430664,10948.25,16.1200008392334,1472.4000244140625,53.630001068115234,97.62999725341795,256.036,2.13,1.63,5.75,2.6746785812900242,0.7884888857643269,0.5325719621840364,-1.9381926955764683,0.13333051632611337,0.5873547805787666,-3.62,0,8,2019
2019-08-07,71.2300033569336,10855.5,16.739999771118164,1507.300048828125,51.09000015258789,97.54000091552734,256.036,2.13,1.63,5.4,-0.4054716159734739,-0.847167355513434,2.370281434079091,-4.736156749841003,-0.09218103085366636,0.5943309890793471,-3.2700000000000005,0,8,2019
2019-08-08,71.16510009765625,11032.4501953125,16.09000015258789,1497.699951171875,52.540000915527344,97.62000274658205,256.036,2.13,1.63,5.4,-0.0911178663745349,1.6300510829763803,-0.6369068762197561,2.8381302771752104,0.08201951025608167,0.5946796201233873,-3.2700000000000005,0,8,2019
2019-08-09,70.47090148925781,11109.650390625,15.850000381469728,1496.5999755859375,54.5,97.48999786376952,256.036,2.13,1.63,5.4,-0.9754761919056221,0.6997556657477588,-0.07344432274815071,3.7304892468957185,-0.1331744306031335,0.6193580594289237,-3.2700000000000005,0,8,2019
2019-08-12,71.03500366210938,11109.650390625,15.850000381469728,1505.300048828125,54.93000030517578,97.37999725341795,256.036,2.13,1.63,5.4,0.8004753180822499,0.0,0.5813225567360636,0.7889913856436337,-0.11283271388032867,0.622656706215418,-3.2700000000000005,0,8,2019
2019-08-13,71.58000183105469,10925.849609375,17.780000686645508,1502.199951171875,57.09999847412109,97.80999755859376,256.036,2.13,1.63,5.4,0.7672248058685271,-1.654424529912324,-0.20594549629248116,3.9504790768057463,0.4415694365412559,0.6332212812692141,-3.2700000000000005,0,8,2019
2019-08-14,71.08000183105469,11029.400390625,16.360000610351562,1515.9000244140625,55.22999954223633,97.98999786376952,256.036,2.13,1.63,5.4,-0.6985191215559294,0.9477595331455646,0.9120006448875229,-3.274954434074606,0.18403057935658662,0.6492366070104822,-3.2700000000000005,0,8,2019
2019-08-15,71.63520050048828,11029.400390625,16.360000610351562,1519.5999755859375,54.470001220703125,98.13999938964844,256.036,2.13,1.63,5.4,0.7810898355816054,0.0,0.24407619976820616,-1.3760607058343477,0.15307840509135584,0.6597527472838551,-3.2700000000000005,0,8,2019
2019-08-16,71.72000122070312,11047.7998046875,16.649999618530273,1512.5,54.869998931884766,98.13999938964844,256.036,2.13,1.63,5.4,0.11837856196725838,0.16682152620135504,-0.46722661884749384,0.7343449645997202,0.0,0.6525781501473346,-3.2700000000000005,0,8,2019
2019-08-19,71.13200378417969,11053.900390625,16.75,1500.4000244140625,56.209999084472656,98.3499984741211,256.036,2.13,1.63,5.4,-0.8198514033958215,0.055219917498061655,-0.7999983858471116,2.442136283347396,0.2139790969825528,0.6679047113358288,-3.2700000000000005,0,8,2019
2019-08-20,71.99500274658203,11017.0,16.6299991607666,1504.5999755859375,56.34000015258789,98.19000244140624,256.036,2.13,1.63,5.4,1.213235838288429,-0.33382235519596737,0.27992209434382076,0.23127747773108442,-0.1626802594785537,0.6917395928790215,-3.2700000000000005,0,8,2019
2019-08-21,71.80999755859375,10918.7001953125,17.020000457763672,1504.5999755859375,55.68000030517578,98.3000030517578,256.036,2.13,1.63,5.4,-0.2569694852842641,-0.8922556475220111,0.0,-1.1714587249282982,0.11202832021233178,0.6939940280286288,-3.2700000000000005,0,8,2019
2019-08-22,71.43779754638672,10741.349609375,17.850000381469727,1497.300048828125,55.34999847412109,98.16999816894533,256.036,2.13,1.63,5.4,-0.518312247404451,-1.6242829527789215,-0.48517392504739965,-0.59267569907685,-0.13225318288547783,0.6919300757962733,-3.2700000000000005,0,8,2019
2019-08-23,71.92040252685547,10829.349609375,17.350000381469727,1526.5999755859375,54.16999816894531,97.63999938964844,256.036,2.13,1.63,5.4,0.6755597135471358,0.8192639025843995,1.9568507181138672,-2.131888595674458,-0.5398785669576855,0.696635970448425,-3.2700000000000005,0,8,2019
2019-08-26,71.50250244140625,11057.849609375,16.65999984741211,1526.300048828125,53.63999938964844,98.08000183105467,256.036,2.13,1.63,5.4,-0.5810591581341229,2.1100066785376237,-0.019646715748000698,-0.9783991087537358,0.45063748889462296,0.7071769443920376,-3.2700000000000005,0,8,2019
2019-08-27,72.16000366210938,11105.349609375,16.010000228881836,1541.0,54.93000030517578,98.0,256.036,2.13,1.63,5.4,0.9195499433630738,0.42955910667956676,0.9631101815898768,2.4049234343882064,-0.08156793389184624,0.7209096711067872,-3.2700000000000005,0,8,2019
2019-08-28,71.53500366210938,11046.099609375,16.84000015258789,1537.800048828125,55.77999877929688,98.20999908447266,256.036,2.13,1.63,5.4,-0.8661307764431081,-0.5335266523260329,-0.20765419674724228,1.547421207716626,0.21428478007414764,0.7449029333950157,-3.2700000000000005,0,8,2019
2019-08-29,72.08499908447266,10948.2998046875,16.43000030517578,1526.5,56.709999084472656,98.51000213623048,256.036,2.13,1.63,5.4,0.7688479684171856,-0.8853786236410199,-0.7348191227290024,1.6672648360131381,0.3054709851893822,0.7518138761992601,-3.2700000000000005,0,8,2019
2019-08-30,71.6801986694336,11023.25,16.280000686645508,1519.0999755859375,55.09999847412109,98.91999816894533,256.036,2.13,1.63,5.4,-0.5615598532014987,0.6845829640179435,-0.4847706789428474,-2.8390065885089966,0.4161973645557815,0.7632068124113975,-3.2700000000000005,0,8,2019
2019-09-02,71.72989654541016,11023.25,16.280000686645508,1519.0999755859375,55.09999847412109,98.91999816894533,256.43,2.04,1.7,5.4,0.069332782133813,0.0,0.0,0.0,0.0,0.7626791993054833,-3.3600000000000003,0,9,2019
2019-09-03,71.96209716796875,10797.900390625,18.059999465942383,1545.9000244140625,53.93999862670898,98.9499969482422,256.43,2.04,1.7,5.4,0.3237152620338746,-2.044311880570615,1.7642057309485315,-2.105262939266561,0.030326303934669063,0.760820033667109,-3.3600000000000003,0,9,2019
2019-09-04,72.45999908447266,10844.650390625,17.239999771118164,1550.300048828125,56.2599983215332,98.4499969482422,256.43,2.04,1.7,5.4,0.6918946724714603,0.43295454031591074,0.2846254184988517,4.301074812551908,-0.5053057255388627,0.7646435814197567,-3.3600000000000003,0,9,2019
2019-09-05,71.95570373535156,10847.900390625,17.270000457763672,1515.4000244140625,56.29999923706055,98.41000366210938,256.43,2.04,1.7,5.4,-0.6959637806967067,0.029968693161475102,-2.2511786954043878,0.0711001008189438,-0.04062294298886604,0.7804170064300164,-3.3600000000000003,0,9,2019
2019-09-06,72.22000122070312,10946.2001953125,16.270000457763672,1506.199951171875,56.52000045776367,98.38999938964844,256.43,2.04,1.7,5.4,0.3673058168170096,0.9061643373168504,-0.6071052589394554,0.3907659390487206,-0.020327478626691597,0.78074628341635,-3.3600000000000003,0,9,2019
2019-09-09,71.66999816894531,11003.0498046875,15.850000381469728,1502.199951171875,57.84999847412109,98.27999877929688,256.43,2.04,1.7,5.4,-0.761566106980549,0.5193547382711383,-0.2655689901521985,2.353145798983669,-0.11180060070529185,0.7920689042103679,-3.3600000000000003,0,9,2019
2019-09-10,72.09249877929688,11003.0498046875,15.850000381469728,1490.300048828125,57.400001525878906,98.33000183105467,256.43,2.04,1.7,5.4,0.5895083314438221,0.0,-0.7921650066934682,-0.7778685568046839,0.05087815667366158,0.7963642519412508,-3.3600000000000003,0,9,2019
2019-09-11,71.85900115966797,11035.7001953125,15.369999885559082,1494.4000244140625,55.75,98.6500015258789,256.43,2.04,1.7,5.4,-0.32388615123986053,0.29673946046386845,0.27511074626627163,-2.874567041840581,0.3254344440815071,0.8010371119569242,-3.3600000000000003,0,9,2019
2019-09-12,71.56009674072266,10982.7998046875,14.899999618530272,1498.699951171875,55.09000015258789,98.30999755859376,256.43,2.04,1.7,5.4,-0.4159596071773408,-0.479356902496042,0.2877359935468782,-1.1838562285419019,-0.34465682922056873,0.8045105939086671,-3.3600000000000003,0,9,2019
2019-09-13,71.28500366210938,11075.900390625,14.119999885559082,1490.9000244140625,54.84999847412109,98.26000213623048,256.43,2.04,1.7,5.4,-0.38442245209645565,0.8476944640087414,-0.5204461874915967,-0.43565379887828826,-0.050854870923466855,0.8081469670098717,-3.3600000000000003,0,9,2019
2019-09-16,71.02069854736328,11003.5,14.949999809265137,1503.0999755859375,62.900001525878906,98.6500015258789,256.43,2.04,1.7,5.4,-0.370772394147445,-0.6536749886833726,0.8182943840697732,14.676396127077208,0.39690553752249613,0.8084687885937476,-3.3600000000000003,1,9,2019
2019-09-17,71.74909973144531,10817.599609375,16.020000457763672,1505.0999755859375,59.34000015258789,98.26000213623048,256.43,2.04,1.7,5.4,1.0256181634094474,-1.689465993774708,0.1330583482459513,-5.6597794704763675,-0.39533642535840574,0.6691723717980226,-3.3600000000000003,1,9,2019
2019-09-18,71.70999908447266,10840.650390625,15.350000381469728,1507.5,58.11000061035156,98.5999984741211,256.43,2.04,1.7,5.4,-0.05449635900520722,0.21308591630644358,0.15945946800830502,-2.0728000321427187,0.3460170267646001,0.6646599705093805,-3.3600000000000003,1,9,2019
2019-09-19,71.5425033569336,10704.7998046875,15.550000190734863,1498.4000244140625,58.130001068115234,98.2699966430664,256.43,2.04,1.7,5.4,-0.23357374100891892,-1.2531589991591652,-0.6036468050373167,0.03441827147410148,-0.3346874606101502,0.666022106032617,-3.3600000000000003,1,9,2019
2019-09-20,71.71749877929688,11274.2001953125,15.399999618530272,1507.300048828125,58.09000015258789,98.51000213623048,256.43,2.04,1.7,5.4,0.24460343733041512,5.319112930777714,0.5939685176889142,-0.06881285875166565,0.24423069234023043,0.6398917902884266,-3.3600000000000003,1,9,2019
2019-09-23,71.19159698486328,11600.2001953125,16.790000915527344,1523.699951171875,58.63999938964844,98.5999984741211,256.43,2.04,1.7,5.4,-0.7332963410394466,2.8915576657539077,1.088031699892822,0.946805363428882,0.0913575636372066,0.639998478453549,-3.3600000000000003,0,9,2019
2019-09-24,70.78959655761719,11588.2001953125,16.729999542236328,1532.0999755859375,57.290000915527344,98.33999633789062,256.43,2.04,1.7,5.4,-0.5646739843911175,-0.10344649056013289,0.5512912438962791,-2.302180232217743,-0.26369385421309843,0.6317532950848432,-3.3600000000000003,0,9,2019
2019-09-25,71.28500366210938,11440.2001953125,16.170000076293945,1504.5999755859375,56.4900016784668,99.04000091552734,256.43,2.04,1.7,5.4,0.6998303826876162,-1.2771612287114875,-1.794922031082391,-1.3964029050027915,0.7118208294736306,0.6327012266368298,-3.3600000000000003,0,9,2019
2019-09-26,71.30999755859375,11571.2001953125,16.34000015258789,1507.5,56.40999984741211,99.20999908447266,256.43,2.04,1.7,5.4,0.03506192775530881,1.145084856589107,0.1927438828339234,-0.14162122265466426,0.17164596867311754,0.6158481042084442,-3.3600000000000003,0,9,2019
2019-09-27,71.21499633789062,11512.400390625,16.110000610351562,1499.0999755859375,55.90999984741211,99.11000061035156,256.43,2.04,1.7,5.4,-0.1332228634912891,-0.5081564893442914,-0.5572155498548947,-0.886367667705179,-0.10079475359731083,0.6157057135984685,-3.3600000000000003,0,9,2019
2019-09-30,70.49870300292969,11474.4501953125,15.869999885559082,1465.699951171875,54.06999969482422,99.37999725341795,256.43,2.04,1.7,5.4,-1.0058181166820113,-0.3296462425282254,-2.2280051336141082,-3.2910036802174303,0.2724211899946205,0.6248860358279403,-3.3600000000000003,0,9,2019
2019-10-01,70.92250061035156,11359.900390625,16.760000228881836,1482.0,53.619998931884766,99.12999725341795,257.155,1.83,1.71,5.4,0.6011424173353319,-0.9983032105041145,1.112099977563119,-0.8322559006460062,-0.25155967690611014,0.5920961155350469,-3.5700000000000003,0,10,2019
2019-10-02,71.0999984741211,11359.900390625,16.760000228881836,1501.0,52.63999938964844,99.04000091552734,257.155,1.83,1.71,5.4,0.2502701713024802,0.0,1.2820512820512775,-1.8276754228981895,-0.09078618015144757,0.5931739693340283,-3.5700000000000003,0,10,2019
2019-10-03,71.1416015625,11314.0,17.700000762939453,1507.0999755859375,52.45000076293945,98.86000061035156,257.155,1.83,1.71,5.4,0.05851348702075043,-0.4040562773145462,0.4063941096560608,-0.3609396445896418,-0.1817450560499312,0.586154432209453,-3.5700000000000003,0,10,2019
2019-10-04,71.0199966430664,11174.75,17.579999923706055,1506.199951171875,52.810001373291016,98.80999755859376,257.155,1.83,1.71,5.15,-0.17093362640530074,-1.2307760296977222,-0.059718958837651215,0.6863691231934865,-0.050579659568161794,0.5721119781484275,-3.3200000000000003,0,10,2019
2019-10-07,70.81500244140625,11126.400390625,17.829999923706055,1497.699951171875,52.75,98.98999786376952,257.155,1.83,1.71,5.15,-0.2886429334690299,-0.43266837625002275,-0.5643341040734162,-0.11361744315606659,0.18216811013380685,0.5650302426366677,-3.3200000000000003,0,10,2019
2019-10-08,71.36000061035156,11126.400390625,17.829999923706055,1497.199951171875,52.630001068115234,99.13999938964844,257.155,1.83,1.71,5.15,0.7696083459098224,0.0,-0.03338452402357195,-0.22748612679576175,0.15153200233961606,0.5569404693967492,-3.3200000000000003,0,10,2019
2019-10-09,71.20999908447266,11313.2998046875,17.15999984741211,1506.0999755859375,52.59000015258789,99.12000274658205,257.155,1.83,1.71,5.15,-0.21020393020728667,1.679783285706482,0.5944446102269962,-0.07600401808005586,-0.02017010610197989,0.5356830825457821,-3.3200000000000003,0,10,2019
2019-10-10,71.41000366210938,11234.5498046875,17.229999542236328,1494.800048828125,53.54999923706055,98.70999908447266,257.155,1.83,1.71,5.15,0.2808658618285609,-0.6960833829169011,-0.7502773349037706,1.8254403530847174,-0.41364371544423406,0.5182229465546555,-3.3200000000000003,0,10,2019
2019-10-11,70.9800033569336,11305.0498046875,17.139999389648438,1482.699951171875,54.70000076293945,98.3000030517578,257.155,1.83,1.71,5.15,-0.6021569571826535,0.6275284833450412,-0.809479345798525,2.14752855698086,-0.41535410446513765,0.5197095925818691,-3.3200000000000003,0,10,2019
2019-10-14,70.91400146484375,11341.150390625,17.43000030517578,1491.699951171875,53.59000015258789,98.4499969482422,257.155,1.83,1.71,5.15,-0.09298660040623075,0.3193315072573366,0.6070007618794726,-2.0292515445513692,0.1525878858878782,0.519469486574768,-3.3200000000000003,0,10,2019
2019-10-15,71.45249938964844,11428.2998046875,16.850000381469727,1477.5999755859375,52.810001373291016,98.29000091552734,257.155,1.83,1.71,5.15,0.7593675630780172,0.7684353972992053,-0.9452286684638267,-1.4554931462511078,-0.1625150204920489,0.5357306161882021,-3.3200000000000003,0,10,2019
2019-10-16,71.76000213623047,11464.0,16.360000610351562,1488.0,53.36000061035156,98.01000213623048,257.155,1.83,1.71,5.15,0.4303596783999719,0.3123841334461419,0.7038457353749195,1.0414679469005206,-0.2848700546228433,0.5257427747704748,-3.3200000000000003,0,10,2019
2019-10-17,71.62000274658203,11586.349609375,15.880000114440918,1492.300048828125,53.93000030517578,97.61000061035156,257.155,1.83,1.71,5.15,-0.19509390395873183,1.0672506051552677,0.28898177608367437,1.0682153079166978,-0.4081231682078079,0.5116627220273783,-3.3200000000000003,0,10,2019
2019-10-18,71.42250061035156,11661.849609375,15.93000030517578,1488.199951171875,53.77999877929688,97.27999877929688,257.155,1.83,1.71,5.15,-0.27576393277909395,0.6516288783389612,-0.2747502192652074,-0.27814115525696126,-0.3380819885167474,0.5085846272921543,-3.3200000000000003,0,10,2019
2019-10-21,71.02999877929688,11661.849609375,15.93000030517578,1482.4000244140625,53.310001373291016,97.33000183105467,257.155,1.83,1.71,5.15,-0.5495492704686966,0.0,-0.38972765408609167,-0.8739260257975223,0.051401164047337744,0.4995438188364052,-3.3200000000000003,0,10,2019
2019-10-22,71.1050033569336,11588.349609375,16.809999465942383,1481.699951171875,54.15999984741211,97.52999877929688,257.155,1.83,1.71,5.15,0.10559563413448103,-0.6302602285396697,-0.04722566315824572,1.5944446674633905,0.2054833499226305,0.48653718040210575,-3.3200000000000003,0,10,2019
2019-10-23,71.07499694824219,11604.099609375,16.540000915527344,1489.9000244140625,55.970001220703125,97.47000122070312,257.155,1.83,1.71,5.15,-0.04220013680440449,0.1359123648397631,0.5534233321464299,3.3419523234683,-0.061517029985325156,0.4836755380917309,-3.3200000000000003,0,10,2019
2019-10-24,70.71499633789062,11582.599609375,16.239999771118164,1498.9000244140625,56.22999954223633,97.62999725341795,257.155,1.83,1.71,5.15,-0.5065080911839104,-0.18527934715960592,0.6040673771744887,0.46453156309209653,0.16414900042172054,0.48640684906991,-3.3200000000000003,0,10,2019
2019-10-25,71.19000244140625,11583.900390625,15.31999969482422,1499.5,56.65999984741211,97.83000183105467,257.155,1.83,1.71,5.15,0.6717190526970285,0.011230477560042473,0.0400277254096304,0.7647168925420278,0.20485975956505698,0.4985709763665075,-3.3200000000000003,0,10,2019
2019-10-28,70.83000183105469,11583.900390625,15.31999969482422,1490.0,55.810001373291016,97.76000213623048,257.155,1.83,1.71,5.15,-0.5056898412777344,0.0,-0.6335445148382801,-1.5001738023476485,-0.07155238016357535,0.5025927716041704,-3.3200000000000003,0,10,2019
2019-10-29,70.73500061035156,11786.849609375,16.420000076293945,1487.0,55.540000915527344,97.69000244140624,257.155,1.83,1.71,5.15,-0.13412567873388737,1.7519938181983052,-0.201342281879191,-0.48378507636605006,-0.07160361425391226,0.46344630435731954,-3.3200000000000003,0,10,2019
2019-10-30,70.88459777832031,11844.099609375,16.65999984741211,1493.199951171875,55.060001373291016,97.6500015258789,257.155,1.83,1.71,5.15,0.21148959733925388,0.4857107869982835,0.4169435892316775,-0.8642411493049451,-0.0409467852673262,0.46582426068588245,-3.3200000000000003,0,10,2019
2019-10-31,70.98999786376953,11877.4501953125,16.280000686645508,1511.4000244140625,54.18000030517578,97.3499984741211,257.155,1.83,1.71,5.15,0.14869250690938696,0.2815797488827432,1.2188637715869088,-1.5982583475599221,-0.3072227824577167,0.4655050144280513,-3.3200000000000003,0,10,2019
2019-11-01,70.97000122070312,11890.599609375,15.729999542236328,1508.0,56.20000076293945,97.23999786376952,257.879,1.55,1.81,5.15,-0.028168254216287547,0.11070906504571099,-0.22495860520980182,3.7283138545326056,-0.11299497901976485,0.4627172458327833,-3.6000000000000005,0,11,2019
2019-11-04,70.51210021972656,11941.2998046875,15.93000030517578,1508.0,56.540000915527344,97.51000213623048,257.879,1.55,1.81,5.15,-0.6452035974362946,0.42638888683566023,0.0,0.6049824697014872,0.2776679127854731,0.4583849299115194,-3.6000000000000005,0,11,2019
2019-11-05,71.0,11917.2001953125,15.920000076293944,1480.800048828125,57.22999954223633,97.9800033569336,257.879,1.55,1.81,5.15,0.691937665667397,-0.2018173043904281,-1.8037102899121304,1.2203725071385563,0.482003087279681,0.4652937086583637,-3.6000000000000005,0,11,2019
2019-11-06,70.8949966430664,11966.0498046875,15.779999732971191,1490.199951171875,56.34999847412109,97.9499969482422,257.879,1.55,1.81,5.15,-0.14789205201914957,0.4099084396871566,0.6347853885599886,-1.5376569546637686,-0.030625033336728613,0.4474121482506339,-3.6000000000000005,0,11,2019
2019-11-07,71.0,12012.0498046875,15.210000038146973,1464.199951171875,57.150001525878906,98.13999938964844,257.879,1.55,1.81,5.15,0.14811109655912258,0.3844209304726398,-1.7447323078727761,1.4197037682711189,0.19397901717814747,0.4483436326783026,-3.6000000000000005,0,11,2019
2019-11-08,71.37650299072266,11908.150390625,15.859999656677246,1461.300048828125,57.2400016784668,98.3499984741211,257.879,1.55,1.81,5.15,0.5302859024262752,-0.8649599006986697,-0.19805371127277205,0.157480577751401,0.2139790969825528,0.4584873512499156,-3.6000000000000005,0,11,2019
2019-11-11,71.37650299072266,11913.4501953125,16.25,1455.5,56.86000061035156,98.1999969482422,257.879,1.55,1.81,5.15,0.0,0.04450569159482054,-0.39691019190591925,-0.6638732651508383,-0.15251807646785576,0.4166153427382211,-3.6000000000000005,0,11,2019
2019-11-12,71.5739974975586,11913.4501953125,16.25,1452.0999755859375,56.79999923706055,98.30999755859376,257.879,1.55,1.81,5.15,0.2766940079168778,0.0,-0.233598379530231,-0.10552474964288239,0.11201691829942906,0.4056699671487723,-3.6000000000000005,0,11,2019
2019-11-13,71.77999877929688,11840.4501953125,16.459999084472656,1461.699951171875,57.119998931884766,98.37000274658205,257.879,1.55,1.81,5.15,0.28781581152472757,-0.6127528029514329,0.6611098235205004,0.5633797519761785,0.061036709875317285,0.4064260760733536,-3.6000000000000005,0,11,2019
2019-11-14,72.1415023803711,11872.099609375,15.649999618530272,1471.800048828125,56.77000045776367,98.16000366210938,257.879,1.55,1.81,5.15,0.5036272042658219,0.2672990768123773,0.6909829646058796,-0.6127424381405566,-0.21347878276842813,0.4154322477227482,-3.6000000000000005,0,11,2019
2019-11-15,71.95580291748047,11895.4501953125,15.029999732971191,1467.300048828125,57.720001220703125,98.0,257.879,1.55,1.81,5.15,-0.2574100299596038,0.1966845520657623,-0.3057480534521595,1.6734203897818212,-0.1630029096781116,0.4172950440671472,-3.6000000000000005,0,11,2019
2019-11-18,71.70580291748047,11884.5,15.760000228881836,1470.9000244140625,57.04999923706055,97.79000091552734,257.879,1.55,1.81,5.15,-0.3474354949338898,-0.09205364347466549,0.24534692742719244,-1.1607795728913795,-0.21428478007413654,0.41904784487843766,-3.6000000000000005,0,11,2019
2019-11-19,71.93509674072266,11940.099609375,15.40999984741211,1473.300048828125,55.209999084472656,97.86000061035156,257.879,1.55,1.81,5.15,0.31977024719471725,0.46783297046573136,0.16316706602941267,-3.225241327247208,0.07158164860299188,0.3997370837810541,-3.6000000000000005,0,11,2019
2019-11-20,71.85099792480469,11999.099609375,15.15999984741211,1473.300048828125,57.11000061035156,97.93000030517578,257.879,1.55,1.81,5.15,-0.11690929703075392,0.4941332311304558,0.0,3.441408363314502,0.07153044593053437,0.3981836880590092,-3.6000000000000005,0,11,2019
2019-11-21,71.76820373535156,11968.400390625,14.979999542236328,1463.0999755859375,58.58000183105469,97.98999786376952,257.879,1.55,1.81,5.15,-0.11523039602007179,-0.2558460196964596,-0.692328304088552,2.573982148472753,0.061265759631123906,0.3961623537071259,-3.6000000000000005,0,11,2019
2019-11-22,71.7405014038086,11914.400390625,14.869999885559082,1463.0999755859375,57.77000045776367,98.2699966430664,257.879,1.55,1.81,5.15,-0.03859972815415391,-0.45118811401312353,0.0,-1.3827267804242593,0.2857422036952828,0.37874790863549807,-3.6000000000000005,0,11,2019
2019-11-25,71.78260040283203,12073.75,15.0,1456.5999755859375,58.0099983215332,98.31999969482422,257.879,1.55,1.81,5.15,0.05868233173682569,1.3374538722098483,-0.44426219044921833,0.41543683896108075,0.05088333516427568,0.3779751766823592,-3.6000000000000005,0,11,2019
2019-11-26,71.67949676513672,12037.7001953125,14.84000015258789,1459.800048828125,58.40999984741211,98.25,257.879,1.55,1.81,5.15,-0.14363318842827155,-0.29858001604721185,0.21969472029548243,0.6895389371704752,-0.07119578421632689,0.3540140604372229,-3.6000000000000005,0,11,2019
2019-11-27,71.42839813232422,12100.7001953125,14.619999885559082,1453.4000244140625,58.11000061035156,98.41000366210938,257.879,1.55,1.81,5.15,-0.35030747165433196,0.5233557820665036,-0.438417879160935,-0.5136093782644235,0.16285360011132344,0.3508166779247959,-3.6000000000000005,0,11,2019
2019-11-28,71.22810363769531,12151.150390625,13.989999771118164,1453.4000244140625,58.11000061035156,98.41000366210938,257.879,1.55,1.81,5.15,-0.2804129728036897,0.4169196368656758,0.0,0.0,0.0,0.3526692417467717,-3.6000000000000005,0,11,2019
2019-11-29,71.54740142822266,12056.0498046875,13.899999618530272,1465.5999755859375,55.16999816894531,98.2699966430664,257.879,1.55,1.81,5.15,0.44827501255890745,-0.7826467690735917,0.8394076625114488,-5.059374308253794,-0.14226909240211416,0.3591145774897477,-3.6000000000000005,0,11,2019
2019-12-02,71.7229995727539,12048.2001953125,14.199999809265137,1462.300048828125,55.959999084472656,97.86000061035156,258.63,1.55,1.86,5.15,0.24542910158298348,-0.06510929783939412,-0.22515876178922367,1.4319393542630676,-0.4172138462607444,0.3457549855718884,-3.6000000000000005,0,12,2019
2019-12-03,71.625,11994.2001953125,14.5600004196167,1478.199951171875,56.09999847412109,97.73999786376952,258.63,1.55,1.86,5.15,-0.13663618830456192,-0.4481997238144242,1.0873214670608755,0.25017761247119186,-0.12262696283833474,0.3468266670002026,-3.6000000000000005,0,12,2019
2019-12-04,71.95999908447266,12043.2001953125,13.31999969482422,1474.0,58.43000030517578,97.6500015258789,258.63,1.55,1.86,5.15,0.46771250886235016,0.4085307832292884,-0.2841260526727396,4.15330105958831,-0.0920772865332431,0.35580482560836535,-3.6000000000000005,0,12,2019
2019-12-05,71.4801025390625,12018.400390625,14.3100004196167,1476.9000244140625,58.43000030517578,97.41000366210938,258.63,1.55,1.86,5.15,-0.6668934845966534,-0.20592371035360602,0.19674521126611388,0.0,-0.24577353816622738,0.3654041043387508,-3.6000000000000005,0,12,2019
2019-12-06,71.38500213623047,11921.5,13.640000343322754,1459.0999755859375,59.20000076293945,97.6999969482422,258.63,1.55,1.86,5.15,-0.1330445808748859,-0.8062669529681155,-1.2052304512072065,1.3178169668697892,0.29770380374765093,0.34619985497861844,-3.6000000000000005,0,12,2019
2019-12-09,71.28679656982422,11937.5,14.600000381469728,1459.300048828125,59.02000045776367,97.63999938964844,258.63,1.55,1.86,5.15,-0.1375717075959959,0.1342112989137334,0.013712099618623519,-0.3040545656351812,-0.06140999024344396,0.33359705112990395,-3.6000000000000005,0,12,2019
2019-12-10,70.96019744873047,11856.7998046875,14.289999961853027,1462.5999755859375,59.2400016784668,97.41000366210938,258.63,1.55,1.86,5.15,-0.45814812392902526,-0.6760225785340301,0.22613079198225972,0.3727570637017674,-0.23555482279472573,0.3439110523477506,-3.6000000000000005,0,12,2019
2019-12-11,71.01000213623047,11910.150390625,13.380000114440918,1469.4000244140625,58.7599983215332,97.16000366210938,258.63,1.55,1.86,5.15,0.07018679385155657,0.44995771891509495,0.4649288213888214,-0.8102689792935491,-0.2566471518337998,0.3420354057230151,-3.6000000000000005,0,12,2019
2019-12-12,70.72930145263672,11971.7998046875,13.350000381469728,1466.699951171875,59.18000030517578,97.4000015258789,258.63,1.55,1.86,5.15,-0.3952973879021049,0.5176207859728388,-0.1837534502059257,0.7147753499656906,0.24701302462293295,0.3485917640157093,-3.6000000000000005,0,12,2019
2019-12-13,70.55989837646484,12086.7001953125,13.300000190734863,1475.5999755859375,60.06999969482422,97.16999816894533,258.63,1.55,1.86,5.15,-0.23950904744239887,0.9597587037832866,0.6068060755679117,1.5038854090215326,-0.2361430732344183,0.3510632905754125,-3.6000000000000005,0,12,2019
2019-12-16,70.68900299072266,12053.9501953125,13.420000076293944,1475.0,60.209999084472656,97.06999969482422,258.63,1.55,1.86,5.15,0.18297165561236284,-0.27095898360001147,-0.04065977201573867,0.2330604134504366,-0.10291085314959592,0.33215354399483094,-3.6000000000000005,0,12,2019
2019-12-17,70.92050170898438,12165.0,12.520000457763672,1474.5999755859375,60.93999862670898,97.20999908447266,258.63,1.55,1.86,5.15,0.3274890130960051,0.9212731336046609,-0.027120299258476255,1.2124224436744324,0.14422518809991125,0.31238647121300256,-3.6000000000000005,0,12,2019
2019-12-18,71.21499633789062,12221.650390625,12.34000015258789,1472.5999755859375,60.93000030517578,97.41000366210938,258.63,1.55,1.86,5.15,0.41524611615788576,0.46568344122481786,-0.13563000360183874,-0.01640682927225301,0.20574486114635082,0.32021733213873527,-3.6000000000000005,0,12,2019
2019-12-19,70.98989868164062,12259.7001953125,12.119999885559082,1478.199951171875,61.220001220703125,97.41999816894533,258.63,1.55,1.86,5.15,-0.31608181959595916,0.3113311498149862,0.3802781256810217,0.47595751530418173,0.010260246853732724,0.3247716081978468,-3.6000000000000005,0,12,2019
2019-12-20,71.22270202636719,12271.7998046875,12.329999923706056,1474.699951171875,60.43999862670898,97.70999908447266,258.63,1.55,1.86,5.15,0.32793869134901676,0.09869417018555371,-0.23677446323991935,-1.2740976452812802,0.29768109318213387,0.31534390230356907,-3.6000000000000005,0,12,2019
2019-12-23,71.02400207519531,12262.75,11.960000038146973,1482.5,60.52000045776367,97.66000366210938,258.63,1.55,1.86,5.15,-0.2789840114438724,-0.07374472230261553,0.528924465070113,0.13236570627475075,-0.05116715058001153,0.3192288964953467,-3.6000000000000005,0,12,2019
2019-12-24,71.21070098876953,12214.5498046875,11.630000114440918,1499.0999755859375,61.11000061035156,97.6500015258789,258.63,1.55,1.86,5.15,0.2628673520489011,-0.39306187692401684,1.1197285386804312,0.9748845805109374,-0.010241793831045065,0.3188014278728391,-3.6000000000000005,0,12,2019
2019-12-25,71.45999908447266,12214.5498046875,11.630000114440918,1499.0999755859375,61.11000061035156,97.6500015258789,258.63,1.55,1.86,5.15,0.350085158889879,0.0,0.0,0.0,0.0,0.3210456898236833,-3.6000000000000005,0,12,2019
2019-12-26,71.54000091552734,12126.5498046875,11.119999885559082,1509.300048828125,61.68000030517578,97.58999633789062,258.63,1.55,1.86,5.15,0.11195330545710203,-0.7204522590446127,0.680413141771985,0.9327437230096658,-0.06144924429148935,0.3069057855371521,-3.6000000000000005,0,12,2019
2019-12-27,71.30030059814453,12245.7998046875,10.529999732971191,1513.800048828125,61.720001220703125,96.91999816894533,258.63,1.55,1.86,5.15,-0.33505774995145066,0.9833794601157297,0.2981514512965022,0.06485232705808475,-0.6865439021285891,0.3092306151516205,-3.6000000000000005,0,12,2019
2019-12-30,71.31300354003906,12255.849609375,11.010000228881836,1514.5,61.68000030517578,96.73999786376952,258.63,1.55,1.86,5.15,0.017816112678303853,0.08206736062803532,0.04623802016765488,-0.06481029607291466,-0.1857204999757056,0.30343923132184697,-3.6000000000000005,0,12,2019
2019-12-31,71.31099700927734,12168.4501953125,11.670000076293944,1519.5,61.060001373291016,96.38999938964844,258.63,1.55,1.86,5.15,-0.0028136954862589825,-0.7131240742024536,0.3301419610432399,-1.0051863307671494,-0.3617929314139068,0.29670298379873905,-3.6000000000000005,0,12,2019
2020-01-01,71.27580261230469,12182.5,11.670000076293944,1519.5,61.060001373291016,96.38999938964844,259.127,1.55,1.76,5.15,-0.04935339351387347,0.1154609211690083,0.0,0.0,0.0,0.29626580291945503,-3.6000000000000005,0,1,2020
2020-01-02,71.0250015258789,12282.2001953125,11.489999771118164,1524.5,61.18000030517578,96.8499984741211,259.127,1.55,1.76,5.15,-0.35187409644473755,0.8183886337984836,0.32905561039815456,0.19652625153272485,0.4772269814144803,0.3018118983140285,-3.6000000000000005,0,1,2020
2020-01-03,71.41500091552734,12226.650390625,12.699999809265137,1549.199951171875,63.04999923706055,96.83999633789062,259.127,1.55,1.76,5.15,0.5491015575780578,-0.4522789386603554,1.6202001424647339,3.0565526684486866,-0.010327451097624785,0.32004266036987766,-3.6000000000000005,1,1,2020
2020-01-06,71.73100280761719,11993.0498046875,14.779999732971191,1566.199951171875,63.27000045776367,96.66999816894533,259.127,1.55,1.76,5.15,0.44248671573023923,-1.9105853072941215,1.0973405974574524,0.348931361404059,-0.17554541034072724,0.33057355072428024,-3.6000000000000005,1,1,2020
2020-01-07,71.78700256347656,12052.9501953125,14.609999656677246,1571.800048828125,62.70000076293945,96.9800033569336,259.127,1.55,1.76,5.15,0.0780691105205511,0.4994592001242859,0.3575595601353454,-0.9009004120439812,0.32068397006326244,0.32977221865665696,-3.6000000000000005,1,1,2020
2020-01-08,72.16000366210938,12025.349609375,15.640000343322754,1557.4000244140625,59.61000061035156,97.3000030517578,259.127,1.55,1.76,5.15,0.5195941957640393,-0.22899444111396106,-0.9161486173001832,-4.928229848466481,0.32996461512426745,0.33559900633969303,-3.6000000000000005,1,1,2020
2020-01-09,71.41190338134766,12215.900390625,14.0,1551.699951171875,59.560001373291016,97.4499969482422,259.127,1.55,1.76,5.15,-1.0367242832535206,1.5845758122611686,-0.36599930350791343,-0.08387726312464316,0.1541561066597419,0.3848638776819319,-3.6000000000000005,1,1,2020
2020-01-10,71.19429779052734,12256.7998046875,14.079999923706056,1557.5,59.040000915527344,97.36000061035156,259.127,1.55,1.76,5.15,-0.3047189341226164,0.33480474426501594,0.3737867507016768,-0.873069922387304,-0.09235129882911863,0.37976882474696594,-3.6000000000000005,1,1,2020
2020-01-13,70.9530029296875,12329.5498046875,14.279999732971191,1548.4000244140625,58.08000183105469,97.3499984741211,259.127,1.55,1.76,5.15,-0.3389244199722308,0.5935480807329307,-0.5842680954052937,-1.6260146842582146,-0.010273352678480396,0.3808928802009889,-3.6000000000000005,0,1,2020
2020-01-14,70.71890258789062,12362.2998046875,13.90999984741211,1542.4000244140625,58.22999954223633,97.37000274658205,259.127,1.55,1.76,5.15,-0.32993718677257755,0.2656220260982112,-0.38749676475047234,0.25826051386492743,0.02054881640936035,0.384286627422371,-3.6000000000000005,0,1,2020
2020-01-15,70.84510040283203,12343.2998046875,14.119999885559082,1552.0999755859375,57.810001373291016,97.2300033569336,259.127,1.55,1.76,5.15,0.17844990564519492,-0.15369308543056182,0.6288868658155033,-0.7212745530603581,-0.14378082129957725,0.3745700024313092,-3.6000000000000005,0,1,2020
2020-01-16,70.71800231933594,12355.5,14.18000030517578,1549.0,58.52000045776367,97.31999969482422,259.127,1.55,1.76,5.15,-0.17940278547620148,0.09884063018437139,-0.1997278290509108,1.2281596049237953,0.09256025381407795,0.3571132279281304,-3.6000000000000005,0,1,2020
2020-01-17,70.94560241699219,12352.349609375,14.130000114440918,1558.800048828125,58.540000915527344,97.61000061035156,259.127,1.55,1.76,5.15,0.32184180858008116,-0.0254978804985595,0.6326693885167822,0.03417713193305527,0.29798696715652717,0.36242899341485724,-3.6000000000000005,0,1,2020
2020-01-20,71.03469848632812,12224.5498046875,15.40999984741211,1558.800048828125,58.540000915527344,97.61000061035156,259.127,1.55,1.76,5.15,0.12558363915533555,-1.0346193941151438,0.0,0.0,0.0,0.36266835854222584,-3.6000000000000005,0,1,2020
2020-01-21,71.03099822998047,12169.849609375,15.859999656677246,1556.4000244140625,58.34000015258789,97.52999877929688,259.127,1.55,1.76,5.15,-0.005209082922152941,-0.4474618385662321,-0.1539661495306488,-0.34164803520938536,-0.08196069107103687,0.35271023681716274,-3.6000000000000005,0,1,2020
2020-01-22,71.16999816894531,12106.900390625,16.360000610351562,1555.300048828125,56.7400016784668,97.52999877929688,259.127,1.55,1.76,5.15,0.19568912507015312,-0.5172555189302153,-0.0706743490544226,-2.742541086623773,0.0,0.3542640885306591,-3.6000000000000005,0,1,2020
2020-01-23,71.0781021118164,12180.349609375,15.859999656677246,1564.5999755859375,55.59000015258789,97.69000244140624,259.127,1.55,1.76,5.15,-0.12912190458507222,0.606672363529781,0.5979506504111276,-2.02679149076469,0.16405584344509894,0.34707257492251653,-3.6000000000000005,0,1,2020
2020-01-24,71.32099914550781,12248.25,15.5600004196167,1571.0999755859375,54.18999862670898,97.8499984741211,259.127,1.55,1.76,5.15,0.3417325821520878,0.5574584704263197,0.41544165290976487,-2.518441306055186,0.16377933126865418,0.34848120001512806,-3.6000000000000005,0,1,2020
2020-01-27,71.32499694824219,12119.0,17.18000030517578,1576.800048828125,53.13999938964844,97.95999908447266,259.127,1.55,1.76,5.15,0.0056053655757448695,-1.0552527912150667,0.36280779904294125,-1.937625509632357,0.11241759025746312,0.3474109395649523,-3.6000000000000005,0,1,2020
2020-01-28,71.44000244140625,12055.7998046875,17.299999237060547,1569.199951171875,53.47999954223633,98.0199966430664,259.127,1.55,1.76,5.15,0.1612414974900389,-0.5214967844912932,-0.4819950165462217,0.6398196396180555,0.06124699791187904,0.3438166978781344,-3.6000000000000005,0,1,2020
2020-01-29,71.23040008544922,12129.5,16.5,1569.800048828125,53.33000183105469,97.98999786376952,259.127,1.55,1.76,5.15,-0.29339634489646826,0.6113256399948197,0.0382422683483874,-0.2804744062557041,-0.03060475446262645,0.34040015683907354,-3.6000000000000005,0,1,2020
2020-01-30,71.30000305175781,12035.7998046875,16.799999237060547,1583.5,52.13999938964844,97.87000274658205,259.127,1.55,1.76,5.15,0.09771525391559788,-0.7724984155365044,0.8727195022131706,-2.2313939631505852,-0.12245649536016812,0.33544452304918865,-3.6000000000000005,0,1,2020
2020-01-31,71.63999938964844,11962.099609375,17.3700008392334,1582.9000244140625,51.560001373291016,97.38999938964844,259.127,1.55,1.76,5.15,0.47685318841266255,-0.6123414854723341,-0.037889206563779254,-1.1123859285517623,-0.49044992690610023,0.34128479361910413,-3.6000000000000005,0,1,2020
2020-02-03,71.49649810791016,11707.900390625,15.779999732971191,1577.199951171875,50.11000061035156,97.8000030517578,259.25,1.58,1.5,5.15,-0.200308881854927,-2.1250384719316173,-0.3601031748229011,-2.812258968810999,0.4209915439766787,0.33920373862791914,-3.5700000000000003,0,2,2020
2020-02-04,71.31410217285156,11979.650390625,14.380000114440918,1550.4000244140625,49.61000061035156,97.95999908447266,259.25,1.58,1.5,5.15,-0.25511170460866817,2.321082268667074,-1.699209205395924,-0.9978048172218812,0.1635951203704744,0.33973781672771886,-3.5700000000000003,0,2,2020
2020-02-05,71.0999984741211,12089.150390625,14.170000076293944,1557.800048828125,50.75,98.2699966430664,259.25,1.58,1.5,5.15,-0.30022631177705206,0.9140500467834434,0.47729774880900244,2.29792254711354,0.31645320691195966,0.33772711876779227,-3.5700000000000003,0,2,2020
2020-02-06,71.18000030517578,12137.9501953125,13.779999732971191,1565.0999755859375,50.95000076293945,98.5,259.25,1.58,1.5,5.15,0.11252015860985232,0.40366612301674376,0.46860486127882073,0.3940901732797153,0.23405247256598205,0.3377345564041159,-3.5700000000000003,0,2,2020
2020-02-07,71.47000122070312,12098.349609375,13.75,1568.5999755859375,50.31999969482422,98.68000030517578,259.25,1.58,1.5,5.15,0.4074190984602488,-0.32625431230384194,0.22362788669072486,-1.2365084566858142,0.1827414265743954,0.3407585108463822,-3.5700000000000003,0,2,2020
2020-02-10,71.5155029296875,12031.5,14.210000038146973,1574.699951171875,49.56999969482422,98.83000183105467,259.25,1.58,1.5,5.15,0.06366546552007968,-0.5525514763038308,0.3888802550604975,-1.4904610583237776,0.1520080314298733,0.3409045836386316,-3.5700000000000003,0,2,2020
2020-02-11,71.27999877929688,12107.900390625,13.880000114440918,1565.5999755859375,49.93999862670898,98.72000122070312,259.25,1.58,1.5,5.15,-0.3293050328152858,0.6350030388978967,-0.5778863191787997,0.7464170549982718,-0.11130285167816334,0.34649388280646387,-3.5700000000000003,0,2,2020
2020-02-12,71.27529907226562,12201.2001953125,13.619999885559082,1567.4000244140625,51.16999816894531,99.0500030517578,259.25,1.58,1.5,5.15,-0.006593304028812419,0.7705696419483266,0.11497501636401619,2.462954697757058,0.3342806188959768,0.34637548533020907,-3.5700000000000003,0,2,2020
2020-02-13,71.29620361328125,12174.650390625,13.369999885559082,1575.0999755859375,51.41999816894531,99.06999969482422,259.25,1.58,1.5,5.15,0.029329292598867518,-0.21759994314084485,0.4912562876061788,0.4885675375140508,0.020188432559642422,0.3399330317531753,-3.5700000000000003,0,2,2020
2020-02-14,71.26850128173828,12113.4501953125,13.619999885559082,1582.699951171875,52.04999923706055,99.12000274658205,259.25,1.58,1.5,5.15,-0.038855268778725804,-0.5026854435148831,0.4825075045227001,1.2252063215663744,0.05047244565645759,0.32457669258796357,-3.5700000000000003,0,2,2020
2020-02-17,71.51480102539062,12045.7998046875,14.420000076293944,1582.699951171875,52.04999923706055,99.12000274658205,259.25,1.58,1.5,5.15,0.34559411131527273,-0.558473346026378,0.0,0.0,0.0,0.3204119735053215,-3.5700000000000003,0,2,2020
2020-02-18,71.34919738769531,11992.5,14.510000228881836,1600.0,52.04999923706055,99.45999908447266,259.25,1.58,1.5,5.15,-0.23156554352505854,-0.44247626186481037,1.09307192530812,0.0,0.34301485923065034,0.3224721450546106,-3.5700000000000003,0,2,2020
2020-02-19,71.57499694824219,12125.900390625,14.020000457763672,1607.5,53.290000915527344,99.5999984741211,259.25,1.58,1.5,5.15,0.3164710589804276,1.112365150093808,0.46874999999999556,2.3823279474399994,0.14075949219498618,0.3127399669255872,-3.5700000000000003,0,2,2020
2020-02-20,71.82749938964844,12080.849609375,13.699999809265137,1616.5999755859375,53.77999877929688,99.87000274658205,259.25,1.58,1.5,5.15,0.3527802335623553,-0.3715252459506435,0.566094904257386,0.9194930669006007,0.2710886311219296,0.25567757757049286,-3.5700000000000003,0,2,2020
2020-02-21,72.11000061035156,12080.849609375,13.699999809265137,1644.5999755859375,53.380001068115234,99.26000213623048,259.25,1.58,1.5,5.15,0.39330510334296687,0.0,1.7320302129691267,-0.7437666795478415,-0.6107946265901498,0.2568983901678922,-3.5700000000000003,0,2,2020
2020-02-24,71.88680267333984,11829.400390625,17.0,1672.4000244140625,51.43000030517578,99.29000091552734,259.25,1.58,1.5,5.15,-0.30952424784708166,-2.081386879900149,1.690383633759951,-3.6530549342836616,0.030222424593229213,0.25544344195003493,-3.5700000000000003,0,2,2020
2020-02-25,72.04669952392578,11797.900390625,16.899999618530273,1646.9000244140625,49.900001525878906,98.97000122070312,259.25,1.58,1.5,5.15,0.22242865816766155,-0.2662856861702312,-1.5247548210802098,-2.9749149722305135,-0.32228793622075536,0.24734649502184197,-3.5700000000000003,0,2,2020
2020-02-26,71.87000274658203,11678.5,18.26000022888184,1640.0,48.72999954223633,99.0,259.25,1.58,1.5,5.15,-0.24525311847917175,-1.0120477938589723,-0.4189704482223999,-2.3446932822953848,0.03031098204189231,0.25252923633146684,-3.5700000000000003,0,2,2020
2020-02-27,71.66339874267578,11633.2998046875,17.770000457763672,1640.0,47.09000015258789,98.44000244140624,259.25,1.58,1.5,5.15,-0.2874690357738685,-0.3870376787472707,0.0,-3.365482054287694,-0.5656540995896631,0.2566253227546931,-3.5700000000000003,0,2,2020
2020-02-28,71.93000030517578,11201.75,23.239999771118164,1564.0999755859375,44.7599983215332,98.12999725341795,259.25,1.58,1.5,5.15,0.37201914391096214,-3.709607866493836,-4.628050269150153,-4.9479758409528,-0.314917899532563,0.2586501452196326,-3.5700000000000003,0,2,2020
2020-03-02,72.1500015258789,11132.75,25.200000762939453,1592.300048828125,46.75,97.36000061035156,258.076,0.65,0.87,5.15,0.3058546083271718,-0.6159751824491688,1.8029584861813719,4.44593778617155,-0.7846699934963786,0.2626199782119087,-4.5,0,3,2020
2020-03-03,72.82499694824219,11303.2998046875,24.540000915527344,1642.0999755859375,47.18000030517578,97.1500015258789,258.076,0.65,0.87,5.15,0.9355445711545451,1.5319647408546855,3.127546645147916,0.9197867490390976,-0.21569338861562315,0.30779898990317983,-4.5,0,3,2020
2020-03-04,73.34200286865234,11251.0,24.229999542236328,1641.0999755859375,46.77999877929688,97.33999633789062,258.076,0.65,0.87,5.15,0.7099292029872695,-0.46269501465237006,-0.06089763198755538,-0.8478201002364516,0.1955685116084238,0.3279161102166086,-4.5,0,3,2020
2020-03-05,74.0425033569336,11269.0,23.25,1666.4000244140625,45.900001525878906,96.81999969482422,258.076,0.65,0.87,5.15,0.9551150239730521,0.15998577904186018,1.5416518922981348,-1.8811399666120332,-0.53420655704709,0.35989447213250875,-4.5,0,3,2020
2020-03-06,73.8551025390625,10989.4501953125,25.63999938964844,1670.800048828125,41.27999877929688,95.9499969482422,258.076,0.65,0.87,5.15,-0.25309897609444576,-2.4806975302821943,0.2640437079691971,-10.065365126354553,-0.8985775142783092,0.3645765601699696,-4.5,0,3,2020
2020-03-09,73.99530029296875,10451.4501953125,30.799999237060547,1674.5,31.1299991607666,94.9000015258789,258.076,0.65,0.87,5.15,0.1898281216685005,-4.895604333595161,0.22144787309947844,-24.588178097574943,-1.0943152222607,0.3641852942185158,-4.5,0,3,2020
2020-03-10,74.40599822998047,10451.4501953125,30.799999237060547,1659.0999755859375,34.36000061035156,96.41000366210938,258.076,0.65,0.87,5.15,0.5550324620423819,0.0,-0.9196789736675148,10.3758481743095,1.5911508028992882,0.3726020442173263,-4.5,0,3,2020
2020-03-11,74.20500183105469,10458.400390625,31.559999465942383,1641.4000244140625,32.97999954223633,96.51000213623048,258.076,0.65,0.87,5.15,-0.27013467154156645,0.06649981756232659,-1.0668405420007354,-4.016301058212102,0.10372209347857542,0.3716999968554911,-4.5,0,3,2020
2020-03-12,74.76000213623047,9590.150390625,41.15999984741211,1589.300048828125,31.5,97.47000122070312,258.076,0.65,0.87,5.15,0.7479284299990674,-8.301938801064711,-3.1741181193497225,-4.487566897449302,0.9947146028631781,0.38792515394575894,-4.5,0,3,2020
2020-03-13,75.30000305175781,9955.2001953125,51.470001220703125,1515.699951171875,31.729999542236328,98.75,258.076,0.65,0.87,5.15,0.7223126004508806,3.8065076126893693,-4.630975611591981,0.7301572769407239,1.3132233130874305,0.39733896287089154,-4.5,0,3,2020
2020-03-16,73.90399932861328,9197.400390625,58.880001068115234,1485.9000244140625,28.700000762939453,98.08999633789062,258.076,0.65,0.87,5.15,-1.8539225319618935,-7.612100106679087,-1.9660835071461547,-9.549318698424791,-0.6683581388449378,0.5393640178308986,-4.5,0,3,2020
2020-03-17,75.15499877929688,8967.0498046875,62.93000030517578,1524.9000244140625,26.950000762939453,99.58000183105467,258.076,0.65,0.87,5.15,1.6927357951510125,-2.504518409052825,2.6246718728858642,-6.097560813516734,1.519018808025474,0.6067009213203077,-4.5,0,3,2020
2020-03-18,74.01239776611328,8468.7998046875,63.959999084472656,1477.300048828125,20.3700008392334,101.16000366210938,258.076,0.65,0.87,5.15,-1.520326035183639,-5.556454027271506,-3.1215145139910194,-24.41558344129846,1.5866657983550692,0.6766434524282409,-4.5,0,3,2020
2020-03-19,74.98200225830078,8263.4501953125,72.19999694824219,1478.5999755859375,25.21999931335449,102.76000213623048,258.076,0.65,0.87,5.15,1.3100568573005233,-2.4247781753128472,0.08799341466505517,23.809515337769692,1.5816512615651535,0.7097182282351152,-4.5,0,3,2020
2020-03-20,75.15969848632812,8745.4501953125,67.0999984741211,1484.0,22.43000030517578,102.81999969482422,258.076,0.65,0.87,5.15,0.23698517334227454,5.832914685846569,0.3652119912907814,-11.062645060031173,0.05838610095998398,0.7084833210624601,-4.5,0,3,2020
2020-03-23,75.62210083007812,7610.25,71.98999786376953,1567.0,23.36000061035156,102.48999786376952,258.076,0.65,0.87,5.15,0.6152264485655312,-12.980466070471241,5.5929919137466255,4.14623402818759,-0.32095101345474,0.712762695611715,-4.5,1,3,2020
2020-03-24,76.50599670410156,7801.0498046875,83.61000061035156,1660.199951171875,24.01000022888184,101.73999786376952,258.076,0.65,0.87,5.15,1.1688327411182975,2.507142402516349,5.947667592334072,2.7825325408692203,-0.7317787253707464,0.7275434219760597,-4.5,1,3,2020
2020-03-25,77.26000213623047,8317.849609375,77.62999725341797,1632.300048828125,24.489999771118164,101.0500030517578,258.076,0.65,0.87,5.15,0.9855507602170466,6.624746894667499,-1.6805145864542737,1.9991650881324485,-0.6781942466085211,0.7384769445823853,-4.5,1,3,2020
2020-03-26,75.84549713134766,8641.4501953125,71.52999877929688,1650.0999755859375,22.600000381469727,99.41999816894533,258.076,0.65,0.87,5.15,-1.8308373877451545,3.8904356430389475,1.0904812978834055,-7.717433267914419,-1.6130676235384,0.8317387095851937,-4.5,1,3,2020
2020-03-27,74.72560119628906,8660.25,70.38999938964844,1623.9000244140625,21.51000022888184,98.37000274658205,258.076,0.65,0.87,4.4,-1.4765490074106546,0.21755381634551707,-1.587779623023844,-4.8230094433166615,-1.0561209431718344,0.8861928330101428,-3.7500000000000004,1,3,2020
2020-03-30,75.46499633789062,8281.099609375,71.88999938964844,1622.0,20.09000015258789,99.18000030517578,258.076,0.65,0.87,4.4,0.9894803517997985,-4.378053643081891,-0.11700378012791113,-6.601580944603114,0.8234192700801612,0.8985085863058111,-3.7500000000000004,1,3,2020
2020-03-31,75.4000015258789,8597.75,64.41000366210938,1583.4000244140625,20.479999542236328,99.0500030517578,258.076,0.65,0.87,4.4,-0.08612577375702868,3.8237722713360567,-2.3797765466052723,1.9412612577715649,-0.13107204377695858,0.896583303817419,-3.7500000000000004,0,3,2020
2020-04-01,75.32499694824219,8253.7998046875,60.04999923706055,1578.199951171875,20.309999465942383,99.66999816894533,256.032,0.05,0.66,4.4,-0.09947556514435796,-4.000467509668226,-0.32841184552284686,-0.8300785160827329,0.6259415427413595,0.8977457045161543,-4.3500000000000005,0,4,2020
2020-04-02,77.56999969482422,8253.7998046875,60.04999923706055,1625.699951171875,25.31999969482422,100.18000030517578,256.032,0.05,0.66,4.4,2.9804219549117716,0.0,3.009758045216593,24.667653178834637,0.5116907249922642,1.0336564366921763,-4.3500000000000005,0,4,2020
2020-04-03,77.13999938964844,8083.7998046875,55.29999923706055,1633.699951171875,28.34000015258789,100.58000183105467,256.032,0.05,0.66,4.4,-0.5543384128754547,-2.0596574186770744,0.49209572739625784,11.927332125446299,0.3992828155923167,1.043929835317537,-4.3500000000000005,0,4,2020
2020-04-06,76.2300033569336,8083.7998046875,55.29999923706055,1677.0,26.07999992370605,100.69000244140624,256.032,0.05,0.66,4.4,-1.1796681876004245,0.0,2.6504284827250757,-7.974594977817828,0.10936628390236791,1.0711774455853071,-4.3500000000000005,0,4,2020
2020-04-07,75.96489715576172,8792.2001953125,51.79999923706055,1664.800048828125,23.6299991607666,99.9800033569336,256.032,0.05,0.66,4.4,-0.34777146726671093,8.763210467115034,-0.7274866530635027,-9.394174732003979,-0.7051336451062373,1.0758376546432062,-4.3500000000000005,0,4,2020
2020-04-08,76.66000366210938,8748.75,52.2400016784668,1665.4000244140625,25.09000015258789,100.12000274658205,256.032,0.05,0.66,4.4,0.9150364607515726,-0.4941902407507137,0.03603889766581325,6.17859095926403,0.14002739042591195,1.0807833167708323,-4.3500000000000005,0,4,2020
2020-04-09,75.95899963378906,9111.900390625,49.75,1736.199951171875,22.76000022888184,99.5199966430664,256.032,0.05,0.66,4.4,-0.9144325526125652,4.150883161880259,4.251226475316172,-9.286567993367367,-0.599286942724464,1.0968948644472567,-4.3500000000000005,0,4,2020
2020-04-10,76.6500015258789,9111.900390625,49.75,1736.199951171875,22.76000022888184,99.5199966430664,256.032,0.05,0.66,4.4,0.9097037815417153,0.0,0.0,0.0,0.0,1.1041704739960037,-4.3500000000000005,0,4,2020
2020-04-13,76.16649627685547,8993.849609375,51.459999084472656,1744.800048828125,22.40999984741211,99.3499984741211,256.032,0.05,0.66,4.4,-0.6307961375058735,-1.295567073707915,0.4953402775092375,-1.537787249341016,-0.17081810156708288,1.114790907408175,-4.3500000000000005,0,4,2020
2020-04-14,76.91000366210938,8993.849609375,51.459999084472656,1756.699951171875,20.11000061035156,98.88999938964844,256.032,0.05,0.66,4.4,0.9761606764099318,0.0,0.6820209772313124,-10.26327198893825,-0.46300864774796446,1.1157559036654339,-4.3500000000000005,0,4,2020
2020-04-15,75.93099975585938,8925.2998046875,49.7400016784668,1727.199951171875,19.8700008392334,99.45999908447266,256.032,0.05,0.66,4.4,-1.272921414164896,-0.7621853562688519,-1.6792850697309403,-1.1934349270711686,0.5763977129560782,1.1421943290620031,-4.3500000000000005,0,4,2020
2020-04-16,77.2125015258789,8992.7998046875,46.09999847412109,1720.4000244140625,19.8700008392334,100.02999877929688,256.032,0.05,0.66,4.4,1.6877188159512446,0.7562771164790316,-0.39369655801569925,0.0,0.5730944098844226,1.1681570026191126,-4.3500000000000005,0,4,2020
2020-04-17,77.56999969482422,9266.75,42.59000015258789,1689.199951171875,18.270000457763672,99.77999877929688,256.032,0.05,0.66,4.4,0.4630055520549181,3.046328187687486,-1.8135359683463026,-8.052341791101082,-0.24992502554318508,1.1670276056949624,-4.3500000000000005,0,4,2020
2020-04-20,76.55999755859375,9261.849609375,43.459999084472656,1701.5999755859375,-37.630001068115234,99.95999908447266,256.032,0.05,0.66,4.4,-1.302052520567254,-0.05288143766692954,0.7340767684405947,-305.9660652724544,0.18039718117648373,1.1975531348566821,-4.3500000000000005,0,4,2020
2020-04-21,77.20999908447266,8981.4501953125,45.20000076293945,1678.199951171875,10.010000228881836,100.26000213623048,256.032,0.05,0.66,4.4,0.8490093346482208,-3.0274667144095657,-1.3751777591560432,-126.60111598392577,0.3001231037470298,1.202423736925186,-4.3500000000000005,0,4,2020
2020-04-22,76.96939849853516,9187.2998046875,42.81999969482422,1728.699951171875,13.779999732971191,100.38999938964844,256.032,0.05,0.66,4.4,-0.3116184286885759,2.291941778872575,3.0091765861830932,37.66233184702416,0.12966013429893675,1.2029239388273125,-4.3500000000000005,0,4,2020
2020-04-23,76.4000015258789,9313.900390625,39.22999954223633,1733.300048828125,16.5,100.43000030517578,256.032,0.05,0.66,4.4,-0.7397705890440198,1.377995587701486,0.2661015668526945,19.738754134520818,0.03984551824935956,1.207185421935724,-4.3500000000000005,0,4,2020
2020-04-24,76.42250061035156,9154.400390625,39.119998931884766,1723.5,16.940000534057617,100.37999725341795,256.032,0.05,0.66,4.4,0.02944906285771154,-1.7124941572334906,-0.5653982895085452,2.6666699033794927,-0.04978895908183123,1.2010734007029968,-4.3500000000000005,0,4,2020
2020-04-27,76.27149963378906,9282.2998046875,38.040000915527344,1711.9000244140625,12.779999732971191,100.04000091552734,256.032,0.05,0.66,4.4,-0.19758706579413587,1.3971358975458648,-0.6730476116006634,-24.557264875658102,-0.33870925203580704,1.1470926972852569,-4.3500000000000005,0,4,2020
2020-04-28,76.1863021850586,9380.900390625,35.349998474121094,1710.5,12.34000015258789,99.87000274658205,256.032,0.05,0.66,4.4,-0.11170286298228804,1.0622430648890235,-0.08178190280367925,-3.4428762877681707,-0.1699301953114185,1.107962093655753,-4.3500000000000005,0,4,2020
2020-04-29,76.46499633789062,9553.349609375,33.84000015258789,1703.4000244140625,15.0600004196167,99.56999969482422,256.032,0.05,0.66,4.4,0.3658061158488435,1.8383013524196468,-0.41508188166836657,22.0421412754876,-0.3003935551289416,1.0685138450583767,-4.3500000000000005,0,4,2020
2020-04-30,75.25849914550781,9859.900390625,33.9900016784668,1684.199951171875,18.84000015258789,99.0199966430664,256.032,0.05,0.66,4.4,-1.5778424771661914,3.208830345213909,-1.1271617334156159,25.099599121175853,-0.5523782800477384,1.0869924028733882,-4.3500000000000005,0,4,2020
2020-05-01,75.72000122070312,9859.900390625,33.9900016784668,1694.5,19.780000686645508,98.8000030517578,255.802,0.05,0.67,4.4,0.613222533581248,0.0,0.6115692392080874,4.98938708303831,-0.22217087332532248,1.0917664674340732,-4.3500000000000005,0,5,2020
2020-05-04,75.60050201416016,9293.5,43.66999816894531,1706.9000244140625,20.38999938964844,99.4800033569336,255.802,0.05,0.67,4.4,-0.15781722743857252,-5.744483901313502,0.7317807267077203,3.0839164905326566,0.6882593969349982,1.0866003925770924,-4.3500000000000005,0,5,2020
2020-05-05,75.8499984741211,9205.599609375,43.61000061035156,1704.4000244140625,24.559999465942383,99.70999908447266,255.802,0.05,0.67,4.4,0.33001958097342854,-0.9458265521601117,-0.14646434848216705,20.451202555753678,0.23119794911328206,1.0662138493117985,-4.3500000000000005,0,5,2020
2020-05-06,76.16999816894531,9270.900390625,41.25,1684.199951171875,23.989999771118164,100.08999633789062,255.802,0.05,0.67,4.4,0.4218849060799945,0.7093593467121684,-1.185172081250807,-2.320845713431885,0.38110245402374066,1.0527050853392856,-4.3500000000000005,0,5,2020
2020-05-07,76.15129852294922,9199.0498046875,39.93000030517578,1721.800048828125,23.549999237060547,99.88999938964844,255.802,0.05,0.67,4.4,-0.02454988374112066,-0.7750119504051356,2.23251981631325,-1.8340997843082074,-0.1998171201515686,0.9970492345858761,-4.3500000000000005,0,5,2020
2020-05-08,76.08000183105469,9251.5,38.40999984741211,1709.9000244140625,24.739999771118164,99.7300033569336,255.802,0.05,0.67,4.4,-0.09362505075740657,0.5701697069383505,-0.6911385803573311,5.053080987726388,-0.16017222313791102,0.9567112908639421,-4.3500000000000005,0,5,2020
2020-05-11,75.5250015258789,9239.2001953125,38.040000915527344,1695.300048828125,24.13999938964844,100.23999786376952,255.802,0.05,0.67,4.4,-0.7294956517065132,-0.13294930214019507,-0.8538496624058811,-2.425223876397009,0.5113752027167351,0.9508478069194779,-4.3500000000000005,0,5,2020
2020-05-12,76.30999755859375,9196.5498046875,38.209999084472656,1704.4000244140625,25.780000686645508,99.93000030517578,255.802,0.05,0.67,4.4,1.0393856562132875,-0.4616242718351149,0.5367766957965925,6.793708941435694,-0.3092553523544872,0.9690764945328102,-4.3500000000000005,0,5,2020
2020-05-13,75.68000030517578,9383.5498046875,38.84000015258789,1713.9000244140625,25.290000915527344,100.23999786376952,255.802,0.05,0.67,4.4,-0.8255762987467441,2.033371253039773,0.5573808885191767,-1.90069727721921,0.310214707942591,0.9817808487959363,-4.3500000000000005,0,5,2020
2020-05-14,75.42620086669922,9142.75,38.18000030517578,1738.0999755859375,27.559999465942383,100.47000122070312,255.802,0.05,0.67,4.4,-0.33535866471079423,-2.5661909373274727,1.411981494086767,8.975873737597716,0.22945267541425451,0.8083756286685448,-4.3500000000000005,0,5,2020
2020-05-15,75.48500061035156,9136.849609375,38.02000045776367,1753.4000244140625,29.43000030517578,100.4000015258789,255.802,0.05,0.67,4.4,0.07795665561396437,-0.06453627874545287,0.8802743825462089,6.785199112736828,-0.06967223447170712,0.8040889297451472,-4.3500000000000005,0,5,2020
2020-05-18,75.81999969482422,8823.25,40.91999816894531,1731.800048828125,31.81999969482422,99.66999816894533,255.802,0.05,0.67,4.4,0.44379556436899836,-3.4322509703259896,-1.231890913949063,8.120962843578749,-0.7270949659750947,0.7810733047351187,-4.3500000000000005,0,5,2020
2020-05-19,75.60009765625,8879.099609375,39.45000076293945,1744.199951171875,32.5,99.37000274658205,255.802,0.05,0.67,4.4,-0.2900317059606028,0.632982284022332,0.7160123567464316,2.1370217212365095,-0.3009886905533721,0.7802958570990207,-4.3500000000000005,0,5,2020
2020-05-20,76.0,9066.5498046875,35.810001373291016,1750.5999755859375,33.4900016784668,99.12000274658205,255.802,0.05,0.67,4.4,0.5289706708691444,2.1111396826158035,0.36693180789062474,3.046159010667071,-0.25158497845427785,0.7675402178857228,-4.3500000000000005,0,5,2020
2020-05-21,75.77999877929688,9106.25,32.9900016784668,1720.5,33.91999816894531,99.37000274658205,255.802,0.05,0.67,4.4,-0.289475290398844,0.4378754451001221,-1.7194091172006765,1.2839548191333483,0.25221952489162813,0.750895360767219,-4.3500000000000005,0,5,2020
2020-05-22,75.625,9039.25,32.380001068115234,1734.5999755859375,33.25,99.86000061035156,255.802,0.05,0.67,4.0,-0.20453784876441894,-0.735758407687026,0.8195277876162477,-1.9752305575261309,0.4931044079963698,0.7313877301652302,-3.95,0,5,2020
2020-05-25,75.98500061035156,9039.25,32.380001068115234,1734.5999755859375,33.25,99.86000061035156,255.802,0.05,0.67,4.0,0.47603386492769406,0.0,0.0,0.0,0.0,0.7285879751280205,-3.95,0,5,2020
2020-05-26,76.11000061035156,9029.0498046875,31.46999931335449,1704.800048828125,34.349998474121094,98.91000366210938,255.802,0.05,0.67,4.0,0.16450615120870982,-0.11284338094974533,-1.7179711274783238,3.3082660875822345,-0.951328802759599,0.7055896205325375,-3.95,0,5,2020
2020-05-27,75.81999969482422,9314.9501953125,31.270000457763672,1710.300048828125,32.810001373291016,99.05999755859376,255.802,0.05,0.67,4.0,-0.38102866009950276,3.1664504771761637,0.3226184797320286,-4.483252312195285,0.15164684150330565,0.6693807930268836,-3.95,0,5,2020
2020-05-28,76.12999725341797,9490.099609375,30.020000457763672,1713.300048828125,33.709999084472656,98.37999725341795,255.802,0.05,0.67,4.0,0.40885987845091787,1.8803043536468778,0.17540781818112805,2.7430590475814087,-0.686452979946417,0.5945549602479959,-3.95,0,5,2020
2020-05-29,75.95999908447266,9580.2998046875,30.21999931335449,1736.9000244140625,35.4900016784668,98.33999633789062,255.802,0.05,0.67,4.0,-0.22329984904561062,0.9504662651105722,1.3774572411924924,5.280340084061397,-0.040659602199710765,0.5874822973471459,-3.95,0,5,2020
2020-06-01,75.51319885253906,9826.150390625,30.739999771118164,1737.800048828125,35.439998626708984,97.83000183105467,257.042,0.08,0.73,4.0,-0.5882046304881094,2.5662097319460564,0.05181785948595863,-0.14089334852905866,-0.5186033412932445,0.5489795306171916,-3.92,0,6,2020
2020-06-02,75.7300033569336,9979.099609375,30.1200008392334,1725.199951171875,36.810001373291016,97.66999816894533,257.042,0.08,0.73,4.0,0.2871080919481406,1.5565527970742954,-0.7250602659809369,3.8656963873286987,-0.16355275387366364,0.526574710953868,-3.92,0,6,2020
2020-06-03,75.06580352783203,10061.5498046875,30.040000915527344,1697.800048828125,37.290000915527344,97.27999877929688,257.042,0.08,0.73,4.0,-0.8770629864771395,0.8262288035990828,-1.5882160398357326,1.3039921877987526,-0.39930316060193816,0.5455527466126759,-3.92,0,6,2020
2020-06-04,75.54499816894531,10029.099609375,29.690000534057617,1718.9000244140625,37.40999984741211,96.68000030517578,257.042,0.08,0.73,4.0,0.6383660982668404,-0.3225168681009971,1.2427833065796756,0.3217992194652908,-0.6167747549856939,0.546277677226653,-3.92,0,6,2020
2020-06-05,75.49089813232422,10142.150390625,28.68000030517578,1676.199951171875,39.54999923706055,96.94000244140624,257.042,0.08,0.73,4.0,-0.07161299613788197,1.1272276241460544,-2.484151063802742,5.720394007957941,0.2689306324056062,0.5461713648696048,-3.92,0,6,2020
2020-06-08,75.5177001953125,10167.4501953125,29.649999618530277,1698.300048828125,38.18999862670898,96.62000274658205,257.042,0.08,0.73,4.0,0.03550370130886993,0.24945207587225848,1.3184642823070858,-3.4386868181710994,-0.3301007703374159,0.545501410917334,-3.92,0,6,2020
2020-06-09,75.625,10046.650390625,30.209999084472656,1714.699951171875,38.93999862670898,96.31999969482422,257.042,0.08,0.73,4.0,0.14208563609590108,-1.1881032349997822,0.9656657759072873,1.9638649567153221,-0.31049787127898076,0.5461847504485424,-3.92,0,6,2020
2020-06-10,75.50980377197266,10116.150390625,29.440000534057617,1713.300048828125,39.59999847412109,95.95999908447266,257.042,0.08,0.73,4.0,-0.1523255907799559,0.6917728526201428,-0.08164124241055726,1.694914922157742,-0.37375478767874837,0.5416327218922274,-3.92,0,6,2020
2020-06-11,75.875,9902.0,29.65999984741211,1732.0,36.34000015258789,96.7300033569336,257.042,0.08,0.73,4.0,0.483640811900643,-2.116915846006606,1.0914580423122988,-8.232319310980863,0.8024221340218185,0.4652452580016008,-3.92,0,6,2020
2020-06-12,76.38999938964844,9972.900390625,30.81999969482422,1729.300048828125,36.2599983215332,97.31999969482422,257.042,0.08,0.73,4.0,0.6787471362747155,0.716020911179549,-0.15588632632073107,-0.22014813076161044,0.609941401235714,0.46823044010416787,-3.92,0,6,2020
2020-06-15,75.95680236816406,9813.7001953125,32.58000183105469,1720.300048828125,37.119998931884766,96.68000030517578,257.042,0.08,0.73,4.0,-0.5670860386773002,-1.5963279394844432,-0.5204417825639296,2.371761307669029,-0.65762370700303,0.4797253741590473,-3.92,1,6,2020
2020-06-16,75.97799682617188,9914.0,32.970001220703125,1729.5999755859375,38.380001068115234,96.95999908447266,257.042,0.08,0.73,4.0,0.027903304703480458,1.022038606145803,0.5405991102626295,3.394402404328112,0.28961396194977507,0.47608035811778954,-3.92,1,6,2020
2020-06-17,76.65499877929688,9881.150390625,33.349998474121094,1729.199951171875,37.959999084472656,97.16000366210938,257.042,0.08,0.73,4.0,0.8910500163276103,-0.3313456664817416,-0.023128146375406278,-1.094325096284332,0.2062753501704151,0.497416326138163,-3.92,1,6,2020
2020-06-18,76.55000305175781,10091.650390625,31.459999084472656,1724.800048828125,38.84000015258789,97.41999816894533,257.042,0.08,0.73,4.0,-0.136971794678864,2.130318755189853,-0.254447285912085,2.3182325851930585,0.26759417150716835,0.498204730605542,-3.92,1,6,2020
2020-06-19,76.40039825439453,10244.400390625,29.96999931335449,1745.9000244140625,39.75,97.62000274658205,257.042,0.08,0.73,4.0,-0.19543408412685537,1.5136275444292302,1.2233287910835555,2.3429450150284747,0.20530135639078573,0.4993410407130189,-3.92,1,6,2020
2020-06-22,76.2520980834961,10311.2001953125,30.459999084472656,1756.699951171875,40.459999084472656,97.04000091552734,257.042,0.08,0.73,4.0,-0.1941091594897637,0.6520616350433883,0.6185879263869598,1.7861612187991316,-0.5941424039501042,0.48103954191842807,-3.92,1,6,2020
2020-06-23,75.78980255126953,10471.0,29.34000015258789,1772.0999755859375,40.369998931884766,96.69000244140624,257.042,0.08,0.73,4.0,-0.6062725404884617,1.5497691991291696,0.8766451210856729,-0.22244230010975974,-0.3606744340674317,0.45547828851005207,-3.92,0,6,2020
2020-06-24,75.60780334472656,10305.2998046875,29.57999992370605,1765.800048828125,38.0099983215332,97.1500015258789,257.042,0.08,0.73,4.0,-0.24013679996045534,-1.5824677233549855,-0.3555062832010569,-5.845926858540496,0.4757462745452079,0.4317781278238788,-3.92,0,6,2020
2020-06-25,75.97000122070312,10288.900390625,29.729999542236328,1762.0999755859375,38.720001220703125,97.43000030517578,257.042,0.08,0.73,4.0,0.4790482727360157,-0.1591357298992957,-0.20954089590399239,1.8679372021116247,0.2882128408637108,0.4356986553097483,-3.92,0,6,2020
2020-06-26,75.53980255126953,10383.0,28.739999771118164,1772.5,38.4900016784668,97.5,257.042,0.08,0.73,4.0,-0.566274401107103,0.914574014738645,0.5902062628770022,-0.5940070634950056,0.0718461404136006,0.4486746914004883,-3.92,0,6,2020
2020-06-29,75.61979675292969,10312.400390625,28.90999984741211,1774.800048828125,39.70000076293945,97.54000091552734,257.042,0.08,0.73,4.0,0.10589675768064577,-0.6799538608783573,0.12976298043019252,3.1436711657759853,0.04102658002804738,0.44142036959686043,-3.92,0,6,2020
2020-06-30,75.69999694824219,10302.099609375,29.1200008392334,1793.0,39.27000045776367,97.38999938964844,257.042,0.08,0.73,4.0,0.10605714211919803,-0.09988732845714887,1.025464878924942,-1.0831241735823616,-0.15378462627738676,0.43860445298390033,-3.92,0,6,2020
2020-07-01,75.75,10430.0498046875,28.1200008392334,1773.199951171875,39.81999969482422,97.1999969482422,258.352,0.09,0.62,4.0,0.06605423219765427,1.2419817334717198,-1.104297201791693,1.4005582649587511,-0.1950944066095084,0.4275506959082978,-3.91,0,7,2020
2020-07-02,75.45490264892578,10551.7001953125,26.51000022888184,1784.0,40.650001525878906,97.31999969482422,258.352,0.09,0.62,4.0,-0.38956746016398647,1.1663452514898642,0.6090711214483902,2.0843843229927828,0.12345961970134933,0.4301883938387039,-3.91,0,7,2020
2020-07-03,74.72100067138672,10607.349609375,25.770000457763672,1784.0,40.650001525878906,97.31999969482422,258.352,0.09,0.62,4.0,-0.9726365706861251,0.5273976044848361,0.0,0.0,0.0,0.4635202769557605,-3.91,0,7,2020
2020-07-06,74.6792984008789,10763.650390625,25.200000762939453,1788.5,40.630001068115234,96.79000091552734,258.352,0.09,0.62,4.0,-0.05581064243399547,1.4735139974255018,0.2522421524663754,-0.0492016162679354,-0.5445938974094178,0.4531968152380402,-3.91,0,7,2020
2020-07-07,74.60759735107422,10799.650390625,25.100000381469727,1804.199951171875,40.619998931884766,96.87999725341795,258.352,0.09,0.62,4.0,-0.09601194888012587,0.3344590235981215,0.8778278541724971,-0.024617612521593557,0.09298102803940722,0.45130268668871915,-3.91,0,7,2020
2020-07-08,75.125,10705.75,26.100000381469727,1815.5,40.900001525878906,96.43000030517578,258.352,0.09,0.62,4.0,0.6934986077772765,-0.8694762073642059,0.6263190962168652,0.6893220122030863,-0.4644890183729822,0.4677339823243964,-3.91,0,7,2020
2020-07-09,74.93990325927734,10813.4501953125,24.90999984741211,1799.199951171875,39.619998931884766,96.6999969482422,258.352,0.09,0.62,4.0,-0.24638501260919599,1.0060032721901813,-0.8978269803428862,-3.129590577604835,0.2799923698143303,0.46181317423589757,-3.91,0,7,2020
2020-07-10,75.33999633789062,10768.0498046875,24.940000534057617,1798.199951171875,40.54999923706055,96.6500015258789,258.352,0.09,0.62,4.0,0.5338852349849432,-0.4198511095439339,-0.055580259400778154,2.347300177303513,-0.05170157594736047,0.4726623899486273,-3.91,0,7,2020
2020-07-13,75.15850067138672,10802.7001953125,25.25,1811.0,40.09999847412109,96.45999908447266,258.352,0.09,0.62,4.0,-0.24090214404832722,0.3217889149241815,0.7118256687629998,-1.1097429627771271,-0.19658814113455714,0.4625690617884269,-3.91,0,7,2020
2020-07-14,75.44999694824219,10607.349609375,26.63999938964844,1810.5999755859373,40.290000915527344,96.26000213623048,258.352,0.09,0.62,4.0,0.38784205944975003,-1.808349601540049,-0.022088592714675226,0.47382156767132866,-0.20733666819447993,0.4651932987766506,-3.91,0,7,2020
2020-07-15,75.57499694824219,10618.2001953125,26.290000915527344,1811.4000244140625,41.20000076293945,96.08000183105467,258.352,0.09,0.62,4.0,0.16567263758240358,0.10229309240368245,0.04418694570380577,2.2586245389272452,-0.18699387199375694,0.43633549791290205,-3.91,0,7,2020
2020-07-16,75.1249008178711,10739.9501953125,25.36000061035156,1798.699951171875,40.75,96.3499984741211,258.352,0.09,0.62,4.0,-0.5955622210336853,1.1466161662100571,-0.7011191934976124,-1.092234841277584,0.2810123209002091,0.43452672085782484,-3.91,0,7,2020
2020-07-17,75.17449951171875,10901.7001953125,24.15999984741211,1808.300048828125,40.59000015258789,95.94000244140624,258.352,0.09,0.62,4.0,0.06602164303404212,1.506059125586967,0.5337242406658893,-0.39263766236100617,-0.42552780405593627,0.43466414735504194,-3.91,0,7,2020
2020-07-20,74.89730072021484,11022.2001953125,24.709999084472656,1815.9000244140625,40.810001373291016,95.83000183105467,258.352,0.09,0.62,4.0,-0.3687404549473472,1.1053321760931656,0.42028288341100506,0.5420084254153412,-0.11465562596659762,0.4393465661727078,-3.91,0,7,2020
2020-07-21,74.98999786376953,11162.25,24.43000030517578,1842.4000244140625,41.959999084472656,95.12000274658205,258.352,0.09,0.62,4.0,0.12376566667064992,1.2706156865764484,1.4593314413633873,2.8179310769008703,-0.7408943659672818,0.4391167463407807,-3.91,0,7,2020
2020-07-22,74.7699966430664,11132.599609375,24.88999938964844,1864.0999755859373,41.900001525878906,94.97000122070312,258.352,0.09,0.62,4.0,-0.29337408583847147,-0.2656309491813946,1.1778088842989476,-0.1429875116845558,-0.15769714208120345,0.44125288396164986,-3.91,0,7,2020
2020-07-23,74.81999969482422,11215.4501953125,24.63999938964844,1889.0999755859373,41.06999969482422,94.69000244140624,258.352,0.09,0.62,4.0,0.06687582453228647,0.7442159858846331,1.34112978528107,-1.9809112191608191,-0.29482865715269035,0.43090226674612325,-3.91,0,7,2020
2020-07-24,74.80729675292969,11194.150390625,24.540000915527344,1897.300048828125,41.290000915527344,94.44000244140624,258.352,0.09,0.62,4.0,-0.01697800313598119,-0.18991484351116306,0.4340730161538575,0.5356737821715862,-0.2640194250229322,0.4087154912669881,-3.91,0,7,2020
2020-07-27,74.75980377197266,11131.7998046875,25.020000457763672,1931.0,41.59999847412109,93.66999816894533,258.352,0.09,0.62,4.0,-0.06348709687222787,-0.5569925698846956,1.7762056767294032,0.7507811860502089,-0.8153369891520712,0.3977455841145991,-3.91,0,7,2020
2020-07-28,75.0,11300.5498046875,23.63999938964844,1944.699951171875,41.040000915527344,93.76000213623048,258.352,0.09,0.62,4.0,0.32129060793146813,1.51592736988444,0.7094744263011377,-1.346148026765226,0.09608622722807603,0.40334961717539103,-3.91,0,7,2020
2020-07-29,75.08999633789062,11202.849609375,24.11000061035156,1953.5,41.27000045776367,93.26000213623048,258.352,0.09,0.62,4.0,0.11999511718749911,-0.8645614328603224,0.4525144777641543,0.5604277219918519,-0.5332764383617628,0.3645156378564005,-3.91,0,7,2020
2020-07-30,74.8311996459961,11102.150390625,24.729999542236328,1942.300048828125,39.91999816894531,93.0199966430664,258.352,0.09,0.62,4.0,-0.34464869425482325,-0.8988714680747911,-0.5733274211351391,-3.2711467745195955,-0.25735094109635703,0.36782583535403546,-3.91,0,7,2020
2020-07-31,74.98999786376953,11073.4501953125,24.190000534057617,1962.800048828125,40.27000045776367,93.48999786376952,258.352,0.09,0.62,4.0,0.2122085687850328,-0.2585102372305803,1.0554496980200723,0.8767592807422453,0.5052690149050187,0.3707418674750112,-3.91,0,7,2020
2020-08-03,74.91780090332031,10891.599609375,25.190000534057617,1966.0,41.0099983215332,93.5,259.316,0.1,0.65,4.0,-0.09627545340162857,-1.6422215545293994,0.1630299109573352,1.8375908998204737,0.010698616385740323,0.3699639816660194,-3.9,0,8,2020
2020-08-04,75.33000183105469,11095.25,23.81999969482422,2001.199951171875,41.70000076293945,93.37999725341795,259.316,0.1,0.65,4.0,0.5502042542149699,1.8697932161379383,1.790434952791209,1.6825224814602135,-0.1283451835102145,0.371132338188891,-3.9,0,8,2020
2020-08-05,75.25,11101.650390625,23.56999969482422,2031.0999755859373,42.18999862670898,92.83000183105467,259.316,0.1,0.65,4.0,-0.10620181748317581,0.05768586219327965,1.4941047943036967,1.1750548076848055,-0.5889863338405132,0.36918861820833043,-3.9,0,8,2020
2020-08-06,74.8822021484375,11200.150390625,23.149999618530277,2051.5,41.95000076293945,92.79000091552734,259.316,0.1,0.65,4.0,-0.48876790905315604,0.8872554668374333,1.0043830761298445,-0.5688501341111429,-0.04309050386547275,0.3667924348073252,-3.9,0,8,2020
2020-08-07,74.8998031616211,11214.0498046875,22.57999992370605,2010.0999755859373,41.220001220703125,93.44000244140624,259.316,0.1,0.65,4.0,0.023504935323215292,0.12410024488720417,-2.0180367737783422,-1.740165742455102,0.7005081576307193,0.3535914361154389,-3.9,0,8,2020
2020-08-10,75.0248031616211,11270.150390625,22.51000022888184,2024.4000244140625,41.93999862670898,93.58000183105467,259.316,0.1,0.65,4.0,0.16688962416933073,0.5002705259437024,0.7114098304467076,1.7467185460543488,0.1498281100069887,0.35456041945168626,-3.9,0,8,2020
2020-08-11,75.0999984741211,11322.5,21.36000061035156,1932.5999755859373,41.61000061035156,93.62999725341795,259.316,0.1,0.65,4.0,0.10022727062410919,0.4644978776729314,-4.5346792986082685,-0.7868336365353557,0.053425327404399425,0.3544872943376397,-3.9,0,8,2020
2020-08-12,74.9000015258789,11308.400390625,20.850000381469727,1934.9000244140625,42.66999816894531,93.44000244140624,259.316,0.1,0.65,4.0,-0.2663075263724557,-0.12452735151247118,0.11901318727005616,2.5474586470687344,-0.20292087748062793,0.35670063323343765,-3.9,0,8,2020
2020-08-13,74.77210235595703,11300.4501953125,20.56999969482422,1956.699951171875,42.2400016784668,93.33999633789062,259.316,0.1,0.65,4.0,-0.17075990295899457,-0.07030344733010008,1.1266694135483313,-1.0077255892442571,-0.10702707716464532,0.3514410547796225,-3.9,0,8,2020
2020-08-14,75.02999877929688,11178.400390625,21.670000076293945,1937.0,42.0099983215332,93.0999984741211,259.316,0.1,0.65,4.0,0.3449099533300748,-1.0800437378868932,-1.0067946881726408,-0.5445155014064396,-0.2571222125408501,0.30934579022154274,-3.9,0,8,2020
2020-08-17,74.90280151367188,11247.099609375,21.309999465942383,1985.0,42.88999938964844,92.8499984741211,259.316,0.1,0.65,4.0,-0.16952854550771335,0.6145711045349112,2.47805885389778,2.0947419739937745,-0.26852846841828315,0.3109261881463248,-3.9,0,8,2020
2020-08-18,75.0,11385.349609375,20.43000030517578,1999.4000244140625,42.88999938964844,92.2699966430664,259.316,0.1,0.65,4.0,0.12976615609014974,1.2292057935075373,0.7254420359729119,0.0,-0.6246654179712707,0.31099342280820974,-3.9,0,8,2020
2020-08-19,74.79499816894531,11408.400390625,19.959999084472656,1958.699951171875,42.93000030517578,92.88999938964844,259.316,0.1,0.65,4.0,-0.2733357747395804,0.2024600213507588,-2.0356143215570333,0.09326396851616625,0.6719440437181534,0.2878051222745824,-3.9,0,8,2020
2020-08-20,74.966796875,11312.2001953125,20.6200008392334,1933.800048828125,42.58000183105469,92.79000091552734,259.316,0.1,0.65,4.0,0.2296927739293908,-0.8432399987605033,-1.2712463860966805,-0.8152771293572503,-0.10765257269690354,0.2876905866524214,-3.9,0,8,2020
2020-08-21,74.9999008178711,11371.599609375,19.940000534057617,1934.5999755859373,42.34000015258789,93.25,259.316,0.1,0.65,4.0,0.04415813967120208,0.5250916093857194,0.041365536126503066,-0.5636488213858093,0.4957420842051974,0.26978252474136377,-3.9,0,8,2020
2020-08-24,74.92179870605469,11466.4501953125,19.229999542236328,1927.699951171875,42.619998931884766,93.3000030517578,259.316,0.1,0.65,4.0,-0.10413628680132625,0.8341006471886514,-0.3566641425172379,0.6613102935469906,0.05362257561158934,0.2669696709344405,-3.9,0,8,2020
2020-08-25,74.4000015258789,11472.25,19.31999969482422,1911.800048828125,43.34999847412109,93.0199966430664,259.316,0.1,0.65,4.0,-0.6964557567857965,0.05058064691958464,-0.8248120945422155,1.712809855774533,-0.30011404022790567,0.284077295459226,-3.9,0,8,2020
2020-08-26,74.45249938964844,11549.599609375,19.299999237060547,1940.699951171875,43.38999938964844,93.01000213623048,259.316,0.1,0.65,4.0,0.07056164340435434,0.67423225064831,1.5116592533547024,0.09227431818994436,-0.01074447129284506,0.2821541340572463,-3.9,0,8,2020
2020-08-27,74.24009704589844,11559.25,18.899999618530277,1921.5999755859373,43.040000915527344,93.01000213623048,259.316,0.1,0.65,4.0,-0.28528571302676164,0.08355606212675504,-0.984179732390078,-0.8066339687586965,0.0,0.2667110669799566,-3.9,0,8,2020
2020-08-28,73.77449798583984,11647.599609375,18.350000381469727,1964.5999755859373,42.970001220703125,92.37000274658205,259.316,0.1,0.65,4.0,-0.6271530865197272,0.7643195654994939,2.2377185962904944,-0.16263869269335096,-0.6880973819472058,0.28657264520585124,-3.9,0,8,2020
2020-08-31,73.12830352783203,11387.5,22.84000015258789,1967.5999755859373,42.61000061035156,92.13999938964844,259.316,0.1,0.65,4.0,-0.875904920602566,-2.2330747801946216,0.15270284217046015,-0.8377952062475491,-0.2490022194376551,0.31846184681137485,-3.9,0,8,2020
2020-09-01,73.66999816894531,11470.25,21.799999237060547,1968.199951171875,42.7599983215332,92.33999633789062,259.997,0.09,0.68,4.0,0.7407455321414957,0.7266739846322645,0.030492762420331054,0.3520246633021751,0.21705768348925236,0.3503440504655239,-3.91,0,9,2020
2020-09-02,73.2699966430664,11535.0,21.11000061035156,1934.4000244140625,41.5099983215332,92.8499984741211,259.997,0.09,0.68,4.0,-0.5429639416599352,0.5645038251127943,-1.7173014732414726,-2.9232929117551487,0.5523090280015408,0.3589692073357654,-3.91,0,9,2020
2020-09-03,73.24849700927734,11527.4501953125,20.5,1927.5999755859373,41.369998931884766,92.73999786376952,259.997,0.09,0.68,4.0,-0.029343025486672225,-0.06545127600779965,-0.3515327100031995,-0.3372666714269945,-0.11847131088777996,0.35816162740412866,-3.91,0,9,2020
2020-09-04,73.4478988647461,11333.849609375,22.149999618530277,1923.9000244140625,39.77000045776367,92.72000122070312,259.997,0.09,0.68,4.0,0.2722265488170894,-1.6794744948559814,-0.19194600636732728,-3.8675332739444235,-0.021562048228385144,0.3634934727673897,-3.91,0,9,2020
2020-09-07,73.29029846191406,11355.0498046875,22.01000022888184,1923.9000244140625,39.77000045776367,92.72000122070312,259.997,0.09,0.68,4.0,-0.21457441978326441,0.18705202595032944,0.0,0.0,0.0,0.3645817180819802,-3.91,0,9,2020
2020-09-08,73.6500015258789,11317.349609375,22.71999931335449,1933.0,36.7599983215332,93.4800033569336,259.997,0.09,0.68,4.0,0.49079219421075404,-0.33201259317187093,0.4729962820551936,-7.568524268505195,0.8196744243147869,0.37202031555199366,-3.91,0,9,2020
2020-09-09,73.78679656982422,11278.0,22.229999542236328,1944.699951171875,38.04999923706055,93.26000213623048,259.997,0.09,0.68,4.0,0.1857366478088096,-0.3476927967516641,0.6052742458290128,3.509251834681648,-0.23534575610045794,0.37330767335365556,-3.91,0,9,2020
2020-09-10,73.55000305175781,11449.25,21.26000022888184,1954.199951171875,37.29999923706055,93.33999633789062,259.997,0.09,0.68,4.0,-0.3209158400613421,1.5184429863450921,0.4885072370303334,-1.971090709693113,0.08577546625325727,0.3727032029907172,-3.91,0,9,2020
2020-09-11,73.52729797363281,11464.4501953125,20.709999084472656,1937.800048828125,37.33000183105469,93.33000183105467,259.997,0.09,0.68,4.0,-0.03087026129560133,0.13276149365679668,-0.8392131180801399,0.08043591047672827,-0.010707635770379476,0.369278082866939,-3.91,0,9,2020
2020-09-14,73.47859954833984,11440.0498046875,21.190000534057617,1953.0999755859373,37.2599983215332,93.06999969482422,259.997,0.09,0.68,4.0,-0.06623176239990425,-0.21283524468515003,0.7895513661001718,-0.18752613471143542,-0.27858366134086987,0.36923101707153205,-3.91,0,9,2020
2020-09-15,73.61499786376953,11521.7998046875,20.600000381469727,1956.300048828125,38.27999877929688,93.0500030517578,259.997,0.09,0.68,4.0,0.18562998787143847,0.7145947910690342,0.16384584927495727,2.7375214807087156,-0.021485594855474854,0.3540051172272833,-3.91,0,9,2020
2020-09-16,73.80000305175781,11604.5498046875,19.65999984741211,1960.199951171875,40.15999984741211,93.20999908447266,259.997,0.09,0.68,4.0,0.2513145328491895,0.71820376506051,0.19935093014418204,4.911183720131129,0.17194629496772862,0.35894116126897674,-3.91,0,9,2020
2020-09-17,73.55069732666016,11516.099609375,20.100000381469727,1940.0,40.970001220703125,92.97000122070312,259.997,0.09,0.68,4.0,-0.33781262166454606,-0.7622027291120936,-1.0305046258060946,2.0169356981290187,-0.2574808133535389,0.3538056229369326,-3.91,0,9,2020
2020-09-18,73.58360290527344,11504.9501953125,20.049999237060547,1952.0999755859373,41.11000061035156,92.93000030517578,259.997,0.09,0.68,4.0,0.04473863581080373,-0.09681588767627147,0.6237100817493513,0.3417119489312892,-0.04302561579232478,0.3539979268573122,-3.91,0,9,2020
2020-09-21,73.53479766845703,11250.5498046875,22.190000534057617,1901.199951171875,39.310001373291016,93.54000091552734,259.997,0.09,0.68,4.0,-0.0663262396640607,-2.211225483867385,-2.6074496721810725,-4.3784947952720366,0.65640870369994,0.35142968155972343,-3.91,0,9,2020
2020-09-22,73.57980346679688,11153.650390625,21.40999984741211,1898.5999755859373,39.59999847412109,93.98999786376952,259.997,0.09,0.68,4.0,0.06120340269752944,-0.861286032635733,-0.13675445259374586,0.7377183686060773,0.48107434663011706,0.3508640066184601,-3.91,0,9,2020
2020-09-23,73.50299835205078,11131.849609375,20.989999771118164,1859.9000244140625,39.93000030517578,94.38999938964844,259.997,0.09,0.68,4.0,-0.1043834192636206,-0.19545871070447696,-2.038341497393703,0.8333379893192605,0.4255788221835033,0.3489411761369719,-3.91,0,9,2020
2020-09-24,73.77839660644531,10805.5498046875,23.51000022888184,1868.300048828125,40.310001373291016,94.3499984741211,259.997,0.09,0.68,4.0,0.3746762180713681,-2.9312272096516434,0.45163849152101143,0.951668082171242,-0.04237834069922286,0.35719901394487563,-3.91,0,9,2020
2020-09-25,73.68240356445312,11050.25,20.68000030517578,1857.699951171875,40.25,94.58000183105467,259.997,0.09,0.68,4.0,-0.13010995956477256,2.2645788482354545,-0.5673659144257326,-0.14884984184290184,0.243776746850366,0.3498184216566074,-3.91,0,9,2020
2020-09-28,73.69930267333984,11227.5498046875,19.56999969482422,1872.800048828125,40.59999847412109,94.26000213623048,259.997,0.09,0.68,4.0,0.022935067355578376,1.6044868187371275,0.812838351356171,0.8695614263877882,-0.3383375857782256,0.3495014210450873,-3.91,0,9,2020
2020-09-29,73.9749984741211,11222.400390625,19.770000457763672,1894.300048828125,39.290000915527344,93.88999938964844,259.997,0.09,0.68,4.0,0.37408196655974724,-0.04586409458945395,1.148013639440748,-3.2265950931716136,-0.39253420135435535,0.3566888566968263,-3.91,0,9,2020
2020-09-30,73.84500122070312,11247.5498046875,19.530000686645508,1887.5,40.220001220703125,93.88999938964844,259.997,0.09,0.68,4.0,-0.17573133639664507,0.2241001317642377,-0.3589742201786761,2.367015229078917,0.0,0.354977645752156,-3.91,0,9,2020
2020-10-01,73.70500183105469,11416.9501953125,18.350000381469727,1908.4000244140625,38.720001220703125,93.70999908447266,260.319,0.09,0.79,4.0,-0.18958546595457815,1.5061092732783665,1.1072860616721858,-3.729487703814094,-0.1917140338118073,0.35215482861695274,-3.91,0,10,2020
2020-10-02,73.21700286865234,11416.9501953125,18.350000381469727,1900.199951171875,37.04999923706055,93.83999633789062,260.319,0.09,0.79,4.0,-0.6620974835885973,0.0,-0.42968314490067216,-4.31302151599533,0.13872292678265286,0.3684600513963318,-3.91,0,10,2020
2020-10-05,73.32240295410156,11503.349609375,19.700000762939453,1912.5,39.220001220703125,93.51000213623048,260.319,0.09,0.79,4.0,0.14395574978438574,0.7567643949079716,0.6473028704447437,5.856955542044817,-0.3516562388514277,0.3706657245160618,-3.91,0,10,2020
2020-10-06,73.1082992553711,11662.400390625,19.63999938964844,1901.0999755859373,40.66999816894531,93.83000183105467,260.319,0.09,0.79,4.0,-0.292003112424577,1.3826475474619793,-0.5960797079248459,3.697085423538371,0.34220905519604106,0.35412771672484117,-3.91,0,10,2020
2020-10-07,73.81500244140625,11738.849609375,20.059999465942383,1883.5999755859373,39.95000076293945,93.62999725341795,260.319,0.09,0.79,4.0,0.9666524775342022,0.6555187284725372,-0.9205197109429464,-1.7703403944474116,-0.213156318590757,0.4001279523703862,-3.91,0,10,2020
2020-10-08,73.5425033569336,11834.599609375,20.3799991607666,1888.5999755859373,41.18999862670898,93.61000061035156,260.319,0.09,0.79,4.0,-0.36916490612997066,0.8156676606839941,0.26544914338537673,3.1038744432762,-0.02135709030544053,0.40227589576417033,-3.91,0,10,2020
2020-10-09,73.28050231933594,11914.2001953125,20.3799991607666,1919.5,40.59999847412109,93.05999755859376,260.319,0.09,0.79,4.0,-0.35625798094749417,0.672609032539162,1.636133898840919,-1.4323869197832795,-0.587547322050741,0.391316400304974,-3.91,0,10,2020
2020-10-12,73.01480102539062,11930.9501953125,21.1299991607666,1922.5,39.43000030517578,93.06999969482422,260.319,0.09,0.79,4.0,-0.3625811580650229,0.14058853909966196,0.15629070070330986,-2.881768997334022,0.01074805124958722,0.36286358416686043,-3.91,0,10,2020
2020-10-13,73.35079956054688,11934.5,20.71999931335449,1888.5,40.20000076293945,93.52999877929688,260.319,0.09,0.79,4.0,0.46017866300753774,0.029752908438873682,-1.768530559167747,1.952828941932827,0.4942506564746818,0.3462268157241052,-3.91,0,10,2020
2020-10-14,73.62000274658203,11971.0498046875,20.209999084472656,1901.300048828125,41.040000915527344,93.37999725341795,260.319,0.09,0.79,4.0,0.36700784128869124,0.3062533385353339,0.677789188674871,2.0895525787210767,-0.16037798336006048,0.33804139083421136,-3.91,0,10,2020
2020-10-15,73.29620361328125,11680.349609375,22.059999465942383,1903.199951171875,40.959999084472656,93.86000061035156,260.319,0.09,0.79,4.0,-0.43982494053331767,-2.428360085835335,0.09992648687517924,-0.1949362311646996,0.5140323099720678,0.3481156643167028,-3.91,0,10,2020
2020-10-16,73.37100219726562,11762.4501953125,21.649999618530277,1900.800048828125,40.880001068115234,93.68000030517578,260.319,0.09,0.79,4.0,0.10204973831799968,0.7028949362235082,-0.1260982768664043,-0.19530766148807555,-0.19177530791101294,0.34494528552368203,-3.91,0,10,2020
2020-10-19,73.44380187988281,11873.0498046875,21.81999969482422,1906.4000244140625,40.83000183105469,93.43000030517578,260.319,0.09,0.79,4.0,0.09922132782302917,0.9402769621849272,0.29461150263490055,-0.12230732816576051,-0.26686592568914147,0.34305833064972235,-3.91,0,10,2020
2020-10-20,73.57499694824219,11896.7998046875,22.690000534057617,1910.4000244140625,41.459999084472656,93.06999969482422,260.319,0.09,0.79,4.0,0.17863327469613832,0.2000328507897331,0.20981955249552708,1.5429763045927691,-0.38531586126048234,0.3324659832297704,-3.91,0,10,2020
2020-10-21,73.64749908447266,11937.650390625,22.920000076293945,1924.5999755859373,40.02999877929688,92.61000061035156,260.319,0.09,0.79,4.0,0.09854181343897928,0.34337457642519276,0.7432972670857296,-3.4491083858015026,-0.4942506564746818,0.33113883953679024,-3.91,0,10,2020
2020-10-22,73.6812973022461,11896.4501953125,22.63999938964844,1901.0999755859373,40.63999938964844,92.9499969482422,260.319,0.09,0.79,4.0,0.045891874393011456,-0.34512817819539743,-1.2210329573991374,1.52385867837459,0.367127022621605,0.3258305846662655,-3.91,0,10,2020
2020-10-23,73.72000122070312,11930.349609375,21.82999992370605,1902.0,39.84999847412109,92.7699966430664,260.319,0.09,0.79,4.0,0.052528823289121895,0.28495402835257977,0.04734229791283351,-1.9438999197637141,-0.19365283602540417,0.3258568993558248,-3.91,0,10,2020
2020-10-26,73.8228988647461,11767.75,22.82999992370605,1902.699951171875,38.560001373291016,93.0500030517578,260.319,0.09,0.79,4.0,0.13957900480077168,-1.3629073304543216,0.03680079768006994,-3.2371321210157733,0.3018286286769145,0.3263793079466322,-3.91,0,10,2020
2020-10-27,73.94850158691406,11889.400390625,22.200000762939453,1908.800048828125,39.56999969482422,92.94000244140624,260.319,0.09,0.79,4.0,0.1701405987837079,1.0337608346965288,0.320602187039154,2.619290159654364,-0.11821666495849259,0.32611401427051134,-3.91,0,10,2020
2020-10-28,73.80500030517578,11729.599609375,23.280000686645508,1876.199951171875,37.38999938964844,93.41000366210938,260.319,0.09,0.79,4.0,-0.19405569911328246,-1.34406089457636,-1.7078843683110856,-5.509224973435945,0.5057039039776834,0.3251485734213224,-3.91,0,10,2020
2020-10-29,74.44000244140625,11670.7998046875,24.020000457763672,1865.5999755859373,36.16999816894531,93.95999908447266,260.319,0.09,0.79,4.0,0.860378204193224,-0.5012942184360991,-0.5649704648652665,-3.2629078379736165,0.5887971317855456,0.3544028611563827,-3.91,0,10,2020
2020-10-30,74.26399993896484,11642.400390625,24.75,1877.4000244140625,35.790000915527344,94.04000091552734,260.319,0.09,0.79,4.0,-0.23643537972737327,-0.24333734223676018,0.6325069137299355,-1.0505868749095648,0.08514456346766508,0.3579914773510805,-3.91,0,10,2020
2020-11-02,74.55049896240234,11669.150390625,25.209999084472656,1890.4000244140625,36.810001373291016,94.0500030517578,260.911,0.09,0.87,4.0,0.38578453042250604,0.2297636149117599,0.6924469921671284,2.849959294974891,0.01063604437800958,0.3632179445942059,-3.91,0,11,2020
2020-11-03,74.45680236816406,11813.5,24.239999771118164,1908.5,37.65999984741211,93.5500030517578,260.911,0.09,0.87,4.0,-0.1256820484669574,1.237019016319918,0.9574680148212389,2.3091508894586665,-0.5316320933289487,0.3645549966545421,-3.91,0,11,2020
2020-11-04,74.65560150146484,11908.5,23.200000762939453,1894.5999755859373,39.150001525878906,93.41000366210938,260.911,0.09,0.87,4.0,0.26699928949107665,0.8041647267956087,-0.7283219499115923,3.9564569423894635,-0.14965193488124529,0.3657815232369025,-3.91,0,11,2020
2020-11-05,74.37999725341797,12120.2998046875,20.96999931335449,1945.300048828125,38.790000915527344,92.52999877929688,260.911,0.09,0.87,4.0,-0.36916754068543334,1.7785598915690537,2.676030502244031,-0.9195417530535654,-0.9420884790838135,0.36839283601034173,-3.91,0,11,2020
2020-11-06,74.12000274658203,12263.5498046875,20.5,1950.300048828125,37.13999938964844,92.2300033569336,260.911,0.09,0.87,4.0,-0.34954895998465796,1.1819014571289532,0.2570297575950953,-4.253677460519012,-0.32421422924562293,0.37377411001484595,-3.91,0,11,2020
2020-11-09,73.97979736328125,12461.0498046875,20.11000061035156,1853.199951171875,40.290000915527344,92.7300033569336,260.911,0.09,0.87,4.0,-0.18915998125383915,1.6104635537461442,-4.978726104970077,8.481425895652727,0.5421229337539746,0.3757255489054911,-3.91,0,11,2020
2020-11-10,73.95320129394531,12631.099609375,21.57999992370605,1875.4000244140625,41.36000061035156,92.75,260.911,0.09,0.87,4.0,-0.0359504490196616,1.364650710436388,1.197931892246662,2.6557450248452463,0.021564372201554605,0.36955775288319487,-3.91,0,11,2020
2020-11-11,74.28160095214844,12749.150390625,22.030000686645508,1860.699951171875,41.45000076293945,93.04000091552734,260.911,0.09,0.87,4.0,0.4440641547048374,0.9346041508720315,-0.7838366775525851,0.2176019131038487,0.31266945070334007,0.3766697342621531,-3.91,0,11,2020
2020-11-12,74.56999969482422,12690.7998046875,20.6200008392334,1872.5999755859373,41.119998931884766,92.95999908447266,260.911,0.09,0.87,4.0,0.38825057481133296,-0.45768215253314537,0.639545586410506,-0.7961443304718707,-0.08598648996932523,0.38032138843050334,-3.91,0,11,2020
2020-11-13,74.86499786376953,12719.9501953125,19.700000762939453,1885.699951171875,40.130001068115234,92.76000213623048,260.911,0.09,0.87,4.0,0.39559899443821767,0.2296970330761372,0.6995608115309748,-2.4075824160634363,-0.21514301873049035,0.3615940117057436,-3.91,0,11,2020
2020-11-16,74.48770141601562,12719.9501953125,19.700000762939453,1887.300048828125,41.34000015258789,92.56999969482422,260.911,0.09,0.87,4.0,-0.5039690890534243,0.0,0.08485430862188448,3.015198236398864,-0.20483229520329438,0.37637217546838103,-3.91,0,11,2020
2020-11-17,74.41809844970703,12874.2001953125,19.799999237060547,1884.5,41.43000030517578,92.41999816894533,260.911,0.09,0.87,4.0,-0.09344222601239682,1.2126619808373373,-0.14836267449171991,0.21770718978155745,-0.16204118653279087,0.3718094829251587,-3.91,0,11,2020
2020-11-18,74.47969818115234,12938.25,19.1200008392334,1873.5,41.81999969482422,92.31999969482422,260.911,0.09,0.87,4.0,0.08277520217334633,0.4975051165572175,-0.5837092066861227,0.9413453699630203,-0.10820003906331088,0.3301653096076858,-3.91,0,11,2020
2020-11-19,74.41999816894531,12771.7001953125,19.56999969482422,1861.0999755859373,41.7400016784668,92.29000091552734,260.911,0.09,0.87,4.0,-0.08015608771912985,-1.287266861341374,-0.6618641267180481,-0.19129128871639978,-0.032494345099698396,0.32222522426837447,-3.91,0,11,2020
2020-11-20,74.09960174560547,12859.0498046875,19.6200008392334,1872.5999755859373,42.150001525878906,92.38999938964844,260.911,0.09,0.87,4.0,-0.4305246321190337,0.683930941371913,0.6179141449066616,0.9822707976162359,0.10835244677549483,0.3256420630738905,-3.91,0,11,2020
2020-11-23,74.16239929199219,12926.4501953125,20.799999237060547,1837.800048828125,43.060001373291016,92.51000213623048,260.911,0.09,0.87,4.0,0.08474748164275514,0.5241475198302092,-1.8583748377398845,2.158955668965734,0.12988716027146907,0.31680918577157,-3.91,0,11,2020
2020-11-24,74.24490356445312,13055.150390625,21.059999465942383,1804.800048828125,44.90999984741211,92.2300033569336,260.911,0.09,0.87,4.0,0.11124811663132395,0.9956344809897599,-1.79562515634073,4.29632702071534,-0.3026686550980262,0.30759647122213474,-3.91,0,11,2020
2020-11-25,73.96080017089844,12858.400390625,23.1299991607666,1805.699951171875,45.709999084472656,91.98999786376952,260.911,0.09,0.87,4.0,-0.3826570982182642,-1.5070680468092346,0.04986160900950498,1.7813387659288749,-0.26022496414236373,0.3106222535870422,-3.91,0,11,2020
2020-11-26,73.77989959716797,12987.0,20.020000457763672,1805.699951171875,45.709999084472656,91.98999786376952,260.911,0.09,0.87,4.0,-0.24458980069506087,1.0001213639976747,0.0,0.0,0.0,0.3026898581747041,-3.91,0,11,2020
2020-11-27,74.04879760742188,12968.9501953125,19.81999969482422,1781.9000244140625,45.52999877929688,91.79000091552734,260.911,0.09,0.87,4.0,0.3644597129056404,-0.1389836350773832,-1.3180443817571552,-0.39378759304530275,-0.21741162396629043,0.3088016143047415,-3.91,0,11,2020
2020-11-30,73.94090270996094,12968.9501953125,19.81999969482422,1775.699951171875,45.34000015258789,91.87000274658205,260.911,0.09,0.87,4.0,-0.14570783179080893,0.0,-0.3479473122644072,-0.41730426488697514,0.08715745751906034,0.3101736843790476,-3.91,0,11,2020
2020-12-01,74.02519989013672,13109.0498046875,20.18000030517578,1814.0999755859373,44.54999923706055,91.30999755859376,262.045,0.09,0.93,4.0,0.11400615503227574,1.0802694687318537,2.162528888324866,-1.7423928382634846,-0.6095626115665054,0.3092782901253481,-3.91,0,12,2020
2020-12-02,73.65499877929688,13113.75,19.90999984741211,1825.699951171875,45.27999877929688,91.12000274658205,262.045,0.09,0.93,4.0,-0.5001014673236548,0.03585458429504751,0.6394341955818117,1.6386073058090256,-0.20807668063926865,0.3230931023650765,-3.91,0,12,2020
2020-12-03,73.66259765625,13133.900390625,19.0,1836.800048828125,45.63999938964844,90.70999908447266,262.045,0.09,0.93,4.0,0.010316851644920355,0.15365849299400214,0.6079913432174289,0.7950543729169812,-0.4499601072770698,0.322987329312802,-3.91,0,12,2020
2020-12-04,73.86489868164062,13258.5498046875,18.030000686645508,1835.9000244140625,46.2599983215332,90.6999969482422,262.045,0.09,0.93,4.0,0.2746319459635105,0.9490662358873525,-0.048999585699960324,1.3584551712886084,-0.01102649799515909,0.32676443108950376,-3.91,0,12,2020
2020-12-07,73.79029846191406,13355.75,18.020000457763672,1861.800048828125,45.7599983215332,90.79000091552734,262.045,0.09,0.93,4.0,-0.10099549455566681,0.7331133249439903,1.4107535306737917,-1.080847423566067,0.09923260233017928,0.32635187437214513,-3.91,0,12,2020
2020-12-08,74.0199966430664,13392.9501953125,18.6200008392334,1870.800048828125,45.59999847412109,90.97000122070312,262.045,0.09,0.93,4.0,0.3112850685526025,0.2785331809333158,0.48340314555608277,-0.34965002902289655,0.19826005436793803,0.3299016464972487,-3.91,0,12,2020
2020-12-09,73.72640228271484,13529.099609375,18.920000076293945,1834.5999755859373,45.52000045776367,91.08999633789062,262.045,0.09,0.93,4.0,-0.396641953075616,1.0165752285866914,-1.9350049335771335,-0.17543425226826947,0.1319062499475887,0.3361052308246406,-3.91,0,12,2020
2020-12-10,73.93499755859375,13478.2998046875,18.709999084472656,1833.5999755859373,46.77999877929688,90.79000091552734,262.045,0.09,0.93,4.0,0.28293158138792407,-0.37548548058806697,-0.0545077953399975,2.7680103446007465,-0.32933959207822605,0.29949659552119323,-3.91,0,12,2020
2020-12-11,73.72669982910156,13513.849609375,18.790000915527344,1839.800048828125,46.56999969482422,90.9800033569336,262.045,0.09,0.93,4.0,-0.281730893853227,0.2637558535026452,0.33813663420270146,-0.4489078451314521,0.20927683609457404,0.30072523175214444,-3.91,0,12,2020
2020-12-14,73.73799896240234,13558.150390625,19.399999618530277,1828.699951171875,46.9900016784668,90.70999908447266,262.045,0.09,0.93,4.0,0.015325700630808292,0.32781762806703973,-0.6033317404964933,0.9018724208607942,-0.29677320564789333,0.2907693414306638,-3.91,0,12,2020
2020-12-15,73.86000061035156,13567.849609375,19.350000381469727,1852.300048828125,47.619998931884766,90.47000122070312,262.045,0.09,0.93,4.0,0.16545288679643555,0.07153791977927426,1.2905396339692787,1.3407048966049828,-0.26457707660876295,0.292529884066388,-3.91,0,12,2020
2020-12-16,73.75980377197266,13682.7001953125,19.200000762939453,1856.0999755859373,47.81999969482422,90.4499969482422,262.045,0.09,0.93,4.0,-0.1356577816827964,0.8464907059269056,0.20514639408535373,0.41999321172923043,-0.02211149794518752,0.2878026892169834,-3.91,0,12,2020
2020-12-17,73.6166000366211,13740.7001953125,19.15999984741211,1887.199951171875,48.36000061035156,89.81999969482422,262.045,0.09,0.93,4.0,-0.19414874773023838,0.4238929390550483,1.6755549806049652,1.1292365515966019,-0.6965143998606038,0.2826238719774397,-3.91,0,12,2020
2020-12-18,73.52980041503906,13760.5498046875,18.6200008392334,1885.699951171875,49.09999847412109,90.0199966430664,262.045,0.09,0.93,4.0,-0.1179076750880248,0.1444584998788523,-0.07948283376483234,1.5301858032051419,0.2226641604561319,0.27681005382582463,-3.91,0,12,2020
2020-12-21,73.60359954833984,13328.400390625,23.190000534057617,1879.199951171875,47.7400016784668,90.04000091552734,262.045,0.09,0.93,4.0,0.10036629078853387,-3.14049525779333,-0.34469958998304406,-2.769850993724765,0.022222032000573932,0.27598117291472724,-3.91,0,12,2020
2020-12-22,73.935302734375,13466.2998046875,21.989999771118164,1866.5999755859373,47.02000045776367,90.6500015258789,262.045,0.09,0.93,4.0,0.45066163621156896,1.0346283876607965,-0.6704968025398439,-1.5081717540615047,0.6774773480109575,0.28880801121791777,-3.91,0,12,2020
2020-12-23,74.2699966430664,13601.099609375,20.5,1874.699951171875,48.119998931884766,90.41000366210938,262.045,0.09,0.93,4.0,0.45268484244103124,1.0010159185716239,0.43394276716386404,2.3394267618291,-0.2647521894426186,0.2892694143159777,-3.91,0,12,2020
2020-12-24,73.83979797363281,13749.25,19.96999931335449,1879.9000244140625,48.22999954223633,90.33000183105467,262.045,0.09,0.93,4.0,-0.5792361503678012,1.089253037474136,0.27738162786727916,0.22859645218877844,-0.08848780866517192,0.2982695530505928,-3.91,0,12,2020
2020-12-25,73.55780029296875,13749.25,19.96999931335449,1879.9000244140625,48.22999954223633,90.33000183105467,262.045,0.09,0.93,4.0,-0.3819047294316258,0.0,0.0,0.0,0.0,0.2935425854459729,-3.91,0,12,2020
2020-12-28,73.68900299072266,13873.2001953125,20.43000030517578,1877.199951171875,47.619998931884766,90.33999633789062,262.045,0.09,0.93,4.0,0.17836680437879338,0.9015051389166695,-0.14362855508920358,-1.2647742403923634,0.011064437765262447,0.28410156805179326,-3.91,0,12,2020
2020-12-29,73.5448989868164,13932.599609375,20.790000915527344,1879.699951171875,48.0,90.01000213623047,262.045,0.09,0.93,4.0,-0.19555700044467939,0.4281594241144937,0.13317707569933113,0.7979863012151256,-0.3652802911635167,0.28542786471497184,-3.91,0,12,2020
2020-12-30,73.45359802246094,13981.9501953125,21.11000061035156,1891.0,48.400001525878906,89.62999725341797,262.045,0.09,0.93,4.0,-0.12414316371803791,0.3542094606974411,0.6011623728074289,0.8333365122477288,-0.4221807285787693,0.28488472807979626,-3.91,0,12,2020
2020-12-31,73.13400268554688,13981.75,21.100000381469727,1893.0999755859373,48.52000045776367,89.94000244140625,262.045,0.09,0.93,4.0,-0.43509827362893105,-0.0014318125132972703,0.11105106218600724,0.24793166963146263,0.34587213822150353,0.2935963371449544,-3.91,0,12,2020
2021-01-01,73.08920288085938,14018.5,21.100000381469727,1893.0999755859373,48.52000045776367,89.94000244140625,262.687,0.09,1.08,4.0,-0.06125714857988518,0.26284263414808606,0.0,0.0,0.0,0.2850416127249272,-3.91,0,1,2021
2021-01-04,73.09200286865234,14132.900390625,20.030000686645508,1944.699951171875,47.619998931884766,89.87999725341797,262.687,0.09,1.08,4.0,0.003830918497671476,0.8160672727110629,2.7256867704499754,-1.8549083210795736,-0.06671690722642731,0.2841494372575144,-3.91,0,1,2021
2021-01-05,73.31999969482422,14199.5,20.459999084472656,1952.699951171875,49.93000030517578,89.44000244140625,262.687,0.09,1.08,4.0,0.31193128827182726,0.47123808655142874,0.41137451539396963,4.850905974599495,-0.4895358538687389,0.2903243089315572,-3.91,0,1,2021
2021-01-06,73.37480163574219,14146.25,21.0,1906.9000244140625,50.630001068115234,89.52999877929688,262.687,0.09,1.08,4.0,0.07474350947362929,-0.37501320469031096,-2.3454666821867143,1.4019642672962185,0.10062202083411798,0.28371847653069526,-3.91,0,1,2021
2021-01-07,73.36000061035156,14137.349609375,20.6200008392334,1912.300048828125,50.83000183105469,89.83000183105469,262.687,0.09,1.08,4.0,-0.020171809750302305,-0.06291696120880319,0.2831834047367865,0.39502421236448093,0.33508662554253554,0.2807021878952221,-3.91,0,1,2021
2021-01-08,73.44599914550781,14347.25,20.63999938964844,1834.0999755859373,52.2400016784668,90.0999984741211,262.687,0.09,1.08,4.0,0.1172281003827047,1.4847223590326086,-4.089320255475048,2.7739519902017173,0.300563995951153,0.2725786227545531,-3.91,0,1,2021
2021-01-11,73.37339782714844,14484.75,22.3799991607666,1849.5999755859373,52.25,90.54000091552734,262.687,0.09,1.08,4.0,-0.09884992947749582,0.9583718134137165,0.8451011507727868,0.01913920599532215,0.48834899984224744,0.27200791011909986,-3.91,0,1,2021
2021-01-12,73.51349639892578,14563.4501953125,22.850000381469727,1842.9000244140625,53.209999084472656,90.05000305175781,262.687,0.09,1.08,4.0,0.190939190396211,0.5433314024232416,-0.3622378492815659,1.8373188219572345,-0.5411948959738733,0.2737239964187263,-3.91,0,1,2021
2021-01-13,73.16500091552734,14564.849609375,23.290000915527344,1853.5999755859373,52.90999984741211,90.31999969482422,262.687,0.09,1.08,4.0,-0.4740564664579505,0.009609083312889233,0.5806039953402564,-0.5638023721524332,0.29982968785822184,0.2721948344509276,-3.91,0,1,2021
2021-01-14,73.1698989868164,14595.599609375,23.030000686645508,1850.300048828125,53.56999969482422,90.23999786376952,262.687,0.09,1.08,4.0,0.006694555084774123,0.21112473403230858,-0.1780279888474401,1.247400962607248,-0.08857598685232393,0.2721808587859409,-3.91,0,1,2021
2021-01-15,73.08760070800781,14433.7001953125,24.01000022888184,1829.300048828125,52.36000061035156,90.77999877929688,262.687,0.09,1.08,4.0,-0.11247559440176191,-1.1092344158201595,-1.1349510590620282,-2.2587252032214677,0.5984052840322107,0.26675464142113126,-3.91,0,1,2021
2021-01-18,73.15899658203125,14281.2998046875,24.399999618530277,1829.300048828125,52.36000061035156,90.77999877929688,262.687,0.09,1.08,4.0,0.09768534379541727,-1.0558650142566628,0.0,0.0,0.0,0.26752265459072755,-3.91,0,1,2021
2021-01-19,73.1886978149414,14521.150390625,22.899999618530277,1839.5,52.97999954223633,90.5,262.687,0.09,1.08,4.0,0.040598196117747065,1.6794730817062842,0.55758765099303,1.1841079538914112,-0.308436641398957,0.26013753355511315,-3.91,0,1,2021
2021-01-20,73.19190216064453,14644.7001953125,21.549999237060547,1865.9000244140625,53.2400016784668,90.47000122070312,262.687,0.09,1.08,4.0,0.00437819745233714,0.8508265623863087,1.435173928462219,0.49075526326343155,-0.03314782242748171,0.2511858094363329,-3.91,0,1,2021
2021-01-21,72.91089630126953,14590.349609375,22.18000030517578,1865.300048828125,53.130001068115234,90.12999725341795,262.687,0.09,1.08,4.0,-0.3839302587849591,-0.37112802046228577,-0.03215475524342981,-0.2066127101495785,-0.3758195674781972,0.25259525377412834,-3.91,0,1,2021
2021-01-22,72.95490264892578,14371.900390625,22.18000030517578,1855.699951171875,52.27000045776367,90.23999786376952,262.687,0.09,1.08,4.0,0.060356338885769745,-1.4972171647596122,-0.5146677427195323,-1.618672300136037,0.12204661456083343,0.2492947149780202,-3.91,0,1,2021
2021-01-25,72.99590301513672,14238.900390625,23.25,1854.9000244140625,52.77000045776367,90.38999938964844,262.687,0.09,1.08,4.0,0.05619960375828903,-0.9254169343308138,-0.043106470812126485,0.9565716388390433,0.16622509910224625,0.24968933329869406,-3.91,0,1,2021
2021-01-26,72.97000122070312,14238.900390625,23.25,1850.699951171875,52.61000061035156,90.16999816894533,262.687,0.09,1.08,4.0,-0.0354839016488695,0.0,-0.2264312462616047,-0.3032022854352112,-0.24339110763209604,0.24684983846109798,-3.91,0,1,2021
2021-01-27,72.91999816894531,13967.5,24.38999938964844,1844.9000244140625,52.84999847412109,90.6500015258789,262.687,0.09,1.08,4.0,-0.06852549118996354,-1.9060488041877988,-0.3133909823761494,0.4561829708899623,0.5323315589229827,0.24625735702099852,-3.91,0,1,2021
2021-01-28,73.03710174560547,13817.5498046875,24.290000915527344,1837.9000244140625,52.34000015258789,90.45999908447266,262.687,0.09,1.08,4.0,0.16059185353904937,-1.0735650281904374,-0.37942435402282815,-0.9649921215852508,-0.20960004214892747,0.2470101783215845,-3.91,0,1,2021
2021-01-29,72.93879699707031,13634.599609375,25.34000015258789,1847.300048828125,52.20000076293945,90.58000183105467,262.687,0.09,1.08,4.0,-0.1345956317893915,-1.3240422354072856,0.5114546106532281,-0.267480682537824,0.13265835484914668,0.24724286771169943,-3.91,0,1,2021
2021-02-01,72.90660095214844,14281.2001953125,23.31999969482422,1860.800048828125,53.54999923706055,91.0199966430664,263.579,0.08,1.26,4.0,-0.044141178971146555,4.742351110133836,0.7307962779822486,2.586203935612885,0.4857527082328783,0.2460889192279843,-3.92,0,2,2021
2021-02-02,73.11979675292969,14647.849609375,23.350000381469727,1830.5,54.7599983215332,91.1999969482422,263.579,0.08,1.26,4.0,0.29242317979023547,2.567357148195737,-1.6283344815692047,2.2595688173889794,0.19775907692203276,0.2369250321159115,-3.92,0,2,2021
2021-02-03,72.91629791259766,14789.9501953125,23.75,1832.199951171875,55.68999862670898,91.12000274658205,263.579,0.08,1.26,4.0,-0.2783088156271152,0.9701122671723184,0.09286813285305229,1.698320550915855,-0.08771294335191415,0.22197756956408932,-3.92,0,2,2021
2021-02-04,72.85800170898438,14895.650390625,23.1200008392334,1788.9000244140625,56.22999954223633,91.52999877929688,263.579,0.08,1.26,4.0,-0.07994948356149223,0.7146758029381362,-2.3632751834819055,0.9696551065604853,0.4499517343684589,0.19935126404984874,-3.92,0,2,2021
2021-02-05,72.9457015991211,14924.25,23.420000076293945,1810.9000244140625,56.84999847412109,91.04000091552734,263.579,0.08,1.26,4.0,0.12037097927419804,0.19199973566108586,1.2298060092657215,1.1026123722783554,-0.5353412764169785,0.19094444680373482,-3.92,0,2,2021
2021-02-08,72.78479766845703,15115.7998046875,23.959999084472656,1831.9000244140625,57.970001220703125,90.93000030517578,263.579,0.08,1.26,4.0,-0.22058041411174845,1.283480273296811,1.1596443600907724,1.9701016299795926,-0.12082667975105155,0.1899899104950368,-3.92,0,2,2021
2021-02-09,72.92990112304688,15109.2998046875,24.270000457763672,1835.300048828125,58.36000061035156,90.44000244140624,263.579,0.08,1.26,4.0,0.19935956303789304,-0.04300136336804483,0.18560098088049592,0.6727607062894991,-0.5388737073848349,0.19257356335847456,-3.92,0,2,2021
2021-02-10,72.85489654541016,15106.5,23.950000762939453,1840.5999755859373,58.68000030517578,90.37000274658205,263.579,0.08,1.26,4.0,-0.10284475432124074,-0.018530340410816137,0.2887771272711781,0.5483202389950925,-0.07739904128103436,0.19224514407558504,-3.92,0,2,2021
2021-02-11,72.80729675292969,15173.2998046875,23.049999237060547,1824.9000244140625,58.2400016784668,90.41999816894533,263.579,0.08,1.26,4.0,-0.06533506289559954,0.4421924647502795,-0.8529800815017863,-0.7498272399807271,0.05532302848709758,0.17638398369709854,-3.92,0,2,2021
2021-02-12,72.70950317382812,15163.2998046875,22.040000915527344,1821.5999755859373,59.470001220703125,90.4800033569336,263.579,0.08,1.26,4.0,-0.1343183766778555,-0.06590524229219685,-0.18083449964251264,2.111949702589211,0.06636273966313944,0.1775484823034873,-3.92,0,2,2021
2021-02-15,72.59480285644531,15314.7001953125,22.040000915527344,1821.5999755859373,59.470001220703125,90.4800033569336,263.579,0.08,1.26,4.0,-0.1577514800350066,0.9984659841533849,0.0,0.0,0.0,0.1793301733125831,-3.92,0,2,2021
2021-02-16,72.63870239257812,15313.4501953125,21.780000686645508,1797.199951171875,60.04999923706055,90.51000213623048,263.579,0.08,1.26,4.0,0.060472009572953844,-0.008162092525865194,-1.3394831324706091,0.9752782990619879,0.03315514830226629,0.16871779227984315,-3.92,0,2,2021
2021-02-17,72.93499755859375,15208.900390625,21.780000686645508,1771.0999755859375,61.13999938964844,90.9499969482422,263.579,0.08,1.26,4.0,0.40790261424865637,-0.6827318687430917,-1.4522577506703604,1.8151543154644845,0.4861283854014964,0.18599620464605912,-3.92,0,2,2021
2021-02-18,72.79730224609375,15118.9501953125,21.540000915527344,1773.4000244140625,60.52000045776367,90.58999633789062,263.579,0.08,1.26,4.0,-0.1887918243767439,-0.5914312869584326,0.12986555585965398,-1.0140643409782824,-0.3958225645201985,0.1885360642431108,-3.92,0,2,2021
2021-02-19,72.60540008544922,14981.75,22.25,1775.800048828125,59.2400016784668,90.36000061035156,263.579,0.08,1.26,4.0,-0.263611637689265,-0.9074717063029758,0.13533463296615533,-2.115001271670802,-0.2538864519667339,0.19139482728296753,-3.92,0,2,2021
2021-02-22,72.5530014038086,14675.7001953125,25.46999931335449,1806.699951171875,61.4900016784668,90.01000213623047,263.579,0.08,1.26,4.0,-0.07216912458157809,-2.042817459158641,1.740055270532359,3.7981092779372005,-0.38733783948314837,0.19116506918585768,-3.92,0,2,2021
2021-02-23,72.44400024414062,14707.7998046875,25.229999542236328,1804.4000244140625,61.66999816894531,90.16999816894533,263.579,0.08,1.26,4.0,-0.15023659608690565,0.21872625461001327,-0.12729987380144525,0.29272480983124627,0.17775361506235932,0.1872267908969898,-3.92,0,2,2021
2021-02-24,72.37699890136719,14982.0,24.170000076293945,1796.4000244140625,63.220001220703125,90.18000030517578,263.579,0.08,1.26,4.0,-0.0924870831920388,1.864318245786234,-0.4433606679094204,2.5133826784161206,0.011092532365042373,0.1694488747411452,-3.92,0,2,2021
2021-02-25,72.4000015258789,15097.349609375,22.88999938964844,1774.4000244140625,63.52999877929688,90.12999725341795,263.579,0.08,1.26,4.0,0.031781677688891286,0.7699213013950157,-1.2246715487089666,0.4903472834673739,-0.05544805010935239,0.16972825784523024,-3.92,0,2,2021
2021-02-26,73.1509017944336,14529.150390625,28.13999938964844,1728.0999755859375,61.5,90.93000030517578,263.579,0.08,1.26,4.0,1.0371550452057399,-3.7635693247585977,-2.609335448099648,-3.195338923819435,0.887610203191791,0.2583197440205682,-3.92,0,2,2021
2021-03-01,73.59590148925781,14761.5498046875,25.6299991607666,1722.5,60.63999938964844,91.04000091552734,264.961,0.07,1.61,4.0,0.6083311126836799,1.5995389118723446,-0.3240539126816877,-1.3983749761814046,0.12097284722576429,0.28062126642533475,-3.93,0,3,2021
2021-03-02,73.30940246582031,14919.099609375,23.61000061035156,1733.0999755859375,59.75,90.79000091552734,264.961,0.07,1.61,4.0,-0.3892866554251251,1.0672985341787733,0.6153831980225011,-1.4676771085198381,-0.2746045666585206,0.29035224665847836,-3.93,0,3,2021
2021-03-03,73.27749633789062,15245.599609375,22.09000015258789,1715.300048828125,61.27999877929688,90.9499969482422,264.961,0.07,1.61,4.0,-0.04352255898493196,2.1884698711632122,-1.0270571235681092,2.560667413049167,0.17622649091471043,0.29049257192809375,-3.93,0,3,2021
2021-03-04,72.88069915771484,15080.75,24.149999618530277,1700.199951171875,63.83000183105469,91.62999725341795,264.961,0.07,1.61,4.0,-0.5414993688459324,-1.0812930524138231,-0.880318149968351,4.161232216961652,0.7476639120314932,0.2990524971811765,-3.93,0,3,2021
2021-03-05,73.13179779052734,14938.099609375,25.559999465942383,1698.0,66.08999633789062,91.9800033569336,264.961,0.07,1.61,4.0,0.3445337870169318,-0.9459104528952489,-0.12939367339462882,3.5406461569869485,0.38197764270104795,0.3054927103316816,-3.93,0,3,2021
2021-03-08,73.1333999633789,14956.2001953125,24.68000030517578,1677.699951171875,65.05000305175781,92.30999755859376,264.961,0.07,1.61,4.0,0.002190801949319976,0.12117060677612201,-1.1955270216799208,-1.573601670085989,0.3587673294374705,0.305361169061605,-3.93,0,3,2021
2021-03-09,73.33000183105469,15098.400390625,22.5,1716.5999755859375,64.01000213623047,91.95999908447266,264.961,0.07,1.61,4.0,0.2688263745077135,0.9507775601791391,2.318652056161219,-1.598771509203245,-0.379155544770704,0.30894414941513215,-3.93,0,3,2021
2021-03-10,72.7759017944336,15174.7998046875,20.75,1721.5,64.44000244140625,91.79000091552734,264.961,0.07,1.61,4.0,-0.75562528676556,0.5060099883821945,0.2854494048556644,0.6717704902752919,-0.18486099460391925,0.3394550655940858,-3.93,0,3,2021
2021-03-11,72.70600128173828,15174.7998046875,20.75,1722.300048828125,66.0199966430664,91.41999816894533,264.961,0.07,1.61,4.0,-0.09604898183571686,0.0,0.046473937155089295,2.4518841430783755,-0.40309700718111907,0.3383430158504235,-3.93,0,3,2021
2021-03-12,72.63899993896484,15030.9501953125,21.709999084472656,1719.5,65.61000061035156,91.68000030517578,264.961,0.07,1.61,4.0,-0.09215379967577597,-0.9479506235763657,-0.16257613358544587,-0.6210179545016681,0.2844040050733465,0.3379123945003647,-3.93,0,3,2021
2021-03-15,72.68299865722656,14929.5,21.229999542236328,1728.9000244140625,65.38999938964844,91.83000183105467,264.961,0.07,1.61,4.0,0.06057175663030101,-0.6749419963093084,0.5466719635977002,-0.335316596031876,0.16361422925346147,0.33812227165320746,-3.93,0,3,2021
2021-03-16,72.51529693603516,14910.4501953125,20.190000534057617,1730.5999755859375,64.80000305175781,91.87000274658205,264.961,0.07,1.61,4.0,-0.2307303279853512,-0.1275984104457617,0.09832559129330232,-0.9022730438869253,0.043559745976007314,0.3354842263467806,-3.93,0,3,2021
2021-03-17,72.5156021118164,14721.2998046875,20.15999984741211,1726.800048828125,64.5999984741211,91.4000015258789,264.961,0.07,1.61,4.0,0.0004208433173946702,-1.2685759862868795,-0.21957279622206727,-0.308649025027008,-0.5115937810512672,0.33213085381868024,-3.93,0,3,2021
2021-03-18,72.29560089111328,14557.849609375,20.07999992370605,1732.199951171875,60.0,91.8499984741211,264.961,0.07,1.61,4.0,-0.3033846707414689,-1.1102973071742905,0.3127115005246095,-7.1207408402089385,0.4923380095511076,0.3360538168825587,-3.93,0,3,2021
2021-03-19,72.6688003540039,14744.0,19.989999771118164,1741.4000244140625,61.41999816894531,91.91999816894533,264.961,0.07,1.61,4.0,0.5162132388286222,1.2786942826028547,0.5311207424964604,2.3666636149088482,0.07621088294733624,0.34947310942857784,-3.93,0,3,2021
2021-03-22,72.40499877929688,14736.400390625,20.489999771118164,1737.800048828125,61.54999923706055,91.8000030517578,264.961,0.07,1.61,4.0,-0.3630190307558845,-0.0515437423697751,-0.2067288121894273,0.2116591859179895,-0.1305429934484792,0.3533494694631784,-3.93,0,3,2021
2021-03-23,72.38050079345703,14814.75,20.670000076293945,1724.699951171875,57.7599983215332,92.33999633789062,264.961,0.07,1.61,4.0,-0.033834660938969474,0.531673999743143,-0.753832275760602,-6.157597014632133,0.5882279609820573,0.3509865753486418,-3.93,0,3,2021
2021-03-24,72.61219787597656,14549.400390625,22.459999084472656,1732.9000244140625,61.18000030517578,92.52999877929688,264.961,0.07,1.61,4.0,0.32010980855285975,-1.7911176994211853,0.475449265051342,5.921056237925115,0.20576396896421212,0.35619165725147833,-3.93,0,3,2021
2021-03-25,72.64559936523438,14324.900390625,22.700000762939453,1724.9000244140625,58.560001373291016,92.87999725341795,264.961,0.07,1.61,4.0,0.04599983230759719,-1.5430189146808937,-0.4616538685031757,-4.282443476325248,0.378254056779892,0.35618073564826147,-3.93,0,3,2021
2021-03-26,72.61280059814453,14507.2998046875,20.649999618530277,1732.199951171875,60.970001220703125,92.7699966430664,264.961,0.07,1.61,4.0,-0.045149007477995884,1.2733031929623273,0.4232086877204555,4.115436801392058,-0.1184330465163752,0.35545120549644227,-3.93,0,3,2021
2021-03-29,72.44719696044922,14507.2998046875,20.649999618530277,1712.0999755859375,61.560001373291016,92.94000244140624,264.961,0.07,1.61,4.0,-0.2280639726482958,0.0,-1.1603727140356623,0.9676892582832108,0.1832551519797221,0.3567306519617147,-3.93,0,3,2021
2021-03-30,72.74189758300781,14845.099609375,20.489999771118164,1683.9000244140625,60.54999923706055,93.3000030517578,264.961,0.07,1.61,4.0,0.4067798823458757,2.328481586755049,-1.6470972241106496,-1.640679197042183,0.3873473218149792,0.36448049588241743,-3.93,0,3,2021
2021-03-31,73.44529724121094,14690.7001953125,20.649999618530277,1713.800048828125,59.15999984741211,93.2300033569336,264.961,0.07,1.61,4.0,0.9669800782973192,-1.0400699094332388,1.7756413077116395,-2.2956224726055297,-0.0750264657391031,0.3984787292624591,-3.93,0,3,2021
2021-04-01,73.20349884033203,14867.349609375,19.989999771118164,1726.5,61.45000076293945,92.93000030517578,266.614,0.07,1.64,4.0,-0.3292224416830747,1.202457416691849,0.7410404253727965,3.87086024583132,-0.321788094986164,0.4018751146232066,-3.93,0,4,2021
2021-04-02,73.28730010986328,14867.349609375,19.989999771118164,1726.5,61.45000076293945,92.93000030517578,266.614,0.07,1.64,4.0,0.11447713682926075,0.0,0.0,0.0,0.0,0.3986112910585421,-3.93,0,4,2021
2021-04-05,73.3759994506836,14637.7998046875,21.21999931335449,1727.0,58.650001525878906,92.5999984741211,266.614,0.07,1.64,4.0,0.12102961998510242,-1.543986054802604,0.02896032435564244,-4.556548742549782,-0.3551079629516618,0.3984320698889305,-3.93,0,4,2021
2021-04-06,73.27950286865234,14683.5,20.84000015258789,1741.5,59.33000183105469,92.33999633789062,266.614,0.07,1.64,4.0,-0.13150973445493763,0.3122067245233451,0.8396062536189852,1.1594207800246004,-0.28077984936806244,0.39814094955977686,-3.93,0,4,2021
2021-04-07,73.48999786376953,14819.0498046875,20.25,1740.0999755859375,59.77000045776367,92.45999908447266,266.614,0.07,1.64,4.0,0.2872494857047325,0.9231436965811968,-0.08039186988587632,0.7416123599016666,0.1299574954962246,0.39984936843005514,-3.93,0,4,2021
2021-04-08,74.40149688720703,14873.7998046875,20.309999465942383,1756.800048828125,59.59999847412109,92.05999755859376,266.614,0.07,1.64,4.0,1.2403035105908788,0.36945688638336804,0.9597191814547434,-0.28442694050624384,-0.43262116573616893,0.45487081154775183,-3.93,0,4,2021
2021-04-09,74.54450225830078,14834.849609375,19.790000915527344,1743.300048828125,59.31999969482422,92.16000366210938,266.614,0.07,1.64,4.0,0.1922076531746919,-0.26187118170183377,-0.7684426015928891,-0.46979662158623814,0.10863144271968661,0.4190768198622855,-3.93,0,4,2021
2021-04-12,74.72949981689453,14310.7998046875,23.0,1731.199951171875,59.70000076293945,92.13999938964844,266.614,0.07,1.64,4.0,0.24817062692661374,-3.5325589304007643,-0.6940915113484825,0.640595195667859,-0.021706023943179886,0.4079499110422498,-3.93,0,4,2021
2021-04-13,74.99099731445312,14504.7998046875,20.459999084472656,1746.199951171875,60.18000030517578,91.8499984741211,266.614,0.07,1.64,4.0,0.34992539519109744,1.3556195506029933,0.8664510410739235,0.8040193234541748,-0.3147394372133294,0.40268179417146216,-3.93,0,4,2021
2021-04-14,75.18150329589844,14504.7998046875,20.459999084472656,1734.9000244140625,63.150001525878906,91.69000244140624,266.614,0.07,1.64,4.0,0.25403846897311677,0.0,-0.6471152831168725,4.935196420143062,-0.17419274400961582,0.40329010252207853,-3.93,0,4,2021
2021-04-15,75.0261001586914,14581.4501953125,20.88999938964844,1765.4000244140625,63.459999084472656,91.66999816894533,266.614,0.07,1.64,4.0,-0.206703950299314,0.5284484560774683,1.7580263744765956,0.49089081726578776,-0.0218172886119139,0.38972181646411397,-3.93,0,4,2021
2021-04-16,74.72740173339844,14617.849609375,20.399999618530277,1779.0,63.130001068115234,91.55999755859376,266.614,0.07,1.64,4.0,-0.39812601836051176,0.2496282165007191,0.7703622633885132,-0.5200094880527084,-0.11999630473301659,0.3970070671946279,-3.93,0,4,2021
2021-04-19,74.56320190429688,14359.4501953125,22.489999771118164,1769.4000244140625,63.380001068115234,91.06999969482422,266.614,0.07,1.64,4.0,-0.21973175206515538,-1.7676978554819645,-0.5396276327114924,0.39600823027114984,-0.5351658768404488,0.4004196294340244,-3.93,0,4,2021
2021-04-20,74.8781967163086,14296.400390625,22.43000030517578,1777.300048828125,62.43999862670898,91.23999786376952,266.614,0.07,1.64,4.0,0.42245344079512304,-0.43908230349990474,0.44648040607315753,-1.4831215297646083,0.18666758484129353,0.40407745727371924,-3.93,0,4,2021
2021-04-21,75.44920349121094,14296.400390625,22.43000030517578,1792.300048828125,61.34999847412109,91.16000366210938,266.614,0.07,1.64,4.0,0.7625808311940485,0.0,0.8439767955833011,-1.745676131584084,-0.08767448874733574,0.39193944517168966,-3.93,0,4,2021
2021-04-22,75.42949676513672,14406.150390625,23.030000686645508,1781.199951171875,61.43000030517578,91.33000183105467,266.614,0.07,1.64,4.0,-0.02611919697271814,0.7676757575422188,-0.6193213945124731,0.13040233585082106,0.18648328446255746,0.3908100154410958,-3.93,0,4,2021
2021-04-23,75.0916976928711,14341.349609375,22.690000534057617,1777.0,62.13999938964844,90.86000061035156,266.614,0.07,1.64,4.0,-0.4478341852358181,-0.44981330537942066,-0.23579335768069143,1.1557855786187288,-0.5146186480676218,0.40278616132268263,-3.93,0,4,2021
2021-04-26,74.86810302734375,14485.0,23.5,1779.199951171875,61.90999984741211,90.80999755859376,266.614,0.07,1.64,4.0,-0.2977621659878582,1.0016518287169873,0.12380141653769439,-0.370131227060555,-0.05503307442428218,0.409605009578941,-3.93,0,4,2021
2021-04-27,74.81490325927734,14653.0498046875,23.07999992370605,1778.0,62.93999862670898,90.91000366210938,266.614,0.07,1.64,4.0,-0.07105798853614953,1.1601643402658013,-0.06744330062985471,1.6637034111379068,0.11012675498760505,0.4061879346132783,-3.93,0,4,2021
2021-04-28,74.57499694824219,14864.5498046875,22.57999992370605,1773.199951171875,63.86000061035156,90.61000061035156,266.614,0.07,1.64,4.0,-0.3206664722986252,1.4433855260107098,-0.26996900045697103,1.4617127481985293,-0.3300000436396999,0.41320588011086845,-3.93,0,4,2021
2021-04-29,74.31179809570312,14894.900390625,23.309999465942383,1768.0999755859375,65.01000213623047,90.61000061035156,266.614,0.07,1.64,4.0,-0.3529317644112462,0.20418099664161193,-0.28761424127984325,1.8008166534412728,0.0,0.4149452144021259,-3.93,0,4,2021
2021-04-30,74.10579681396484,14631.099609375,23.030000686645508,1767.300048828125,63.58000183105469,91.27999877929688,266.614,0.07,1.64,4.0,-0.27721208074252823,-1.7710812045177438,-0.04524216779921986,-2.199661987672563,0.7394307079044093,0.4122884365644447,-3.93,0,4,2021
2021-05-03,74.09480285644531,14634.150390625,23.690000534057617,1791.4000244140625,64.48999786376953,90.9499969482422,268.383,0.06,1.62,4.0,-0.014835489249420686,0.02085134632017205,1.3636606642951188,1.4312614131922974,-0.3615269888999184,0.40462110231417076,-3.94,0,5,2021
2021-05-04,73.8375015258789,14496.5,23.01000022888184,1775.800048828125,65.69000244140625,91.29000091552734,268.383,0.06,1.62,4.0,-0.34725961963204544,-0.940610742344028,-0.8708259112053973,1.860760765059477,0.3738361502954479,0.4115871899529445,-3.94,0,5,2021
2021-05-05,73.77890014648438,14617.849609375,23.01000022888184,1784.0999755859375,65.62999725341797,91.30999755859376,268.383,0.06,1.62,4.0,-0.07936533358187114,0.8370959153933599,0.46739083959872474,-0.09134599750061367,0.021904527183558287,0.40958227542039594,-3.94,0,5,2021
2021-05-06,73.79940032958984,14724.7998046875,22.040000915527344,1815.5,64.70999908447266,90.9499969482422,268.383,0.06,1.62,4.0,0.027785970060234533,0.73164109749706,1.7599924244015464,-1.4017952269492095,-0.39426198661384193,0.40960797232466345,-3.94,0,5,2021
2021-05-07,73.61519622802734,14823.150390625,20.81999969482422,1831.0999755859373,64.9000015258789,90.2300033569336,268.383,0.06,1.62,4.0,-0.2496010817701011,0.6679247748155426,0.8592660746867153,0.29362145587148447,-0.7916367404809721,0.4129901495749489,-3.94,0,5,2021
2021-05-10,73.29029846191406,14942.349609375,20.229999542236328,1837.5,64.91999816894531,90.20999908447266,268.383,0.06,1.62,4.0,-0.4413460572826433,0.8041422748121585,0.34951802192093595,0.030811467790847757,-0.022170311112368335,0.4196620584641284,-3.94,0,5,2021
2021-05-11,73.5,14850.75,20.229999542236328,1835.9000244140625,65.27999877929688,90.13999938964844,268.383,0.06,1.62,4.0,0.286124551934952,-0.6130201191218876,-0.08707350127551416,0.554529606446863,-0.07759638125999224,0.41658697110395737,-3.94,0,5,2021
2021-05-12,73.3750991821289,14696.5,20.07999992370605,1822.5999755859373,66.08000183105469,90.70999908447266,268.383,0.06,1.62,4.0,-0.16993308553889808,-1.03866808073666,-0.724442978989015,1.2254948938686727,0.6323493440024031,0.3789292576445135,-3.94,0,5,2021
2021-05-13,73.68160247802734,14696.5,20.07999992370605,1823.800048828125,63.81999969482422,90.75,268.383,0.06,1.62,4.0,0.41772113334750394,0.0,0.06584402821590007,-3.42009999032471,0.04409758122705387,0.3812533077760782,-3.94,0,5,2021
2021-05-14,73.44490051269531,14677.7998046875,20.270000457763672,1837.9000244140625,65.37000274658203,90.31999969482422,268.383,0.06,1.62,4.0,-0.3212497521380864,-0.12724250884564858,0.7731097274066512,2.4287105283134602,-0.4738295373837853,0.38589613122433963,-3.94,0,5,2021
2021-05-17,73.27890014648438,14923.150390625,19.61000061035156,1867.5,66.2699966430664,90.22000122070312,268.383,0.06,1.62,4.0,-0.22602027513434209,1.6715760481972541,1.6105324115969877,1.3767689439655673,-0.11071576002986694,0.38758533386608235,-3.94,0,5,2021
2021-05-18,73.26969909667969,15108.099609375,19.239999771118164,1867.800048828125,65.48999786376953,89.75,268.383,0.06,1.62,4.0,-0.012556206201641551,1.2393443335275034,0.01606687165327525,-1.1770013864614959,-0.5209501378229509,0.3868403590952474,-3.94,0,5,2021
2021-05-19,73.1281967163086,15030.150390625,19.31999969482422,1881.300048828125,63.36000061035156,90.19000244140624,268.383,0.06,1.62,4.0,-0.1931253739480776,-0.5159432408138875,0.7227754388629659,-3.2524008595155696,0.49025341660862143,0.3844869283124653,-3.94,0,5,2021
2021-05-20,73.222900390625,14906.0498046875,19.31999969482422,1881.800048828125,62.04999923706055,89.80999755859375,268.383,0.06,1.62,4.0,0.12950363685815258,-0.8256776060930671,0.026577366024693738,-2.067552652575244,-0.4213381445015041,0.30452916767489,-3.94,0,5,2021
2021-05-21,73.02189636230469,15175.2998046875,19.07999992370605,1876.699951171875,63.58000183105469,90.0199966430664,268.383,0.06,1.62,4.0,-0.27450978757739275,1.806313567497475,-0.271022293756773,2.4657576354655486,0.23382595499532588,0.3035026250168737,-3.94,0,5,2021
2021-05-24,72.90979766845703,15197.7001953125,19.1299991607666,1884.5999755859373,66.05000305175781,89.83000183105469,268.383,0.06,1.62,4.0,-0.15351380809321968,0.1476108604989923,0.420952982341638,3.884871263870715,-0.21105845267364032,0.2978667610680939,-3.94,0,5,2021
2021-05-25,72.83660125732422,15208.4501953125,19.1299991607666,1898.0999755859373,66.06999969482422,89.63999938964844,268.383,0.06,1.62,4.0,-0.1003931069259889,0.07073438653115716,0.7163323875032379,0.03027500702874608,-0.2115133446881079,0.2864944578923783,-3.94,0,5,2021
2021-05-26,72.80490112304688,15301.4501953125,20.8700008392334,1901.300048828125,66.20999908447266,90.04000091552734,268.383,0.06,1.62,4.0,-0.04352225904301621,0.6115021504864648,0.16859350315305832,0.21189555062068877,0.4462310671602854,0.27898456996437987,-3.94,0,5,2021
2021-05-27,72.67250061035156,15337.849609375,19.90999984741211,1895.699951171875,66.8499984741211,89.97000122070312,268.383,0.06,1.62,4.0,-0.18185659296692247,0.2378821196545866,-0.29454044666445967,0.9666204478147034,-0.07774288550917996,0.2787140106394383,-3.94,0,5,2021
2021-05-28,72.68299865722656,15435.650390625,17.399999618530273,1902.5,66.31999969482422,90.02999877929688,268.383,0.06,1.62,4.0,0.014445693745002153,0.6376433707514062,0.35870913136444305,-0.7928179377626243,0.06668618181584485,0.2739307784041637,-3.94,0,5,2021
2021-05-31,72.39350128173828,15582.7998046875,17.399999618530273,1902.5,66.31999969482422,90.02999877929688,268.383,0.06,1.62,4.0,-0.39830136460597965,0.9533088035724946,0.0,0.0,0.0,0.27869925724444916,-3.94,0,5,2021
2021-06-01,72.48719787597656,15574.849609375,17.389999389648438,1902.9000244140625,67.72000122070312,89.83000183105469,270.654,0.08,1.52,4.0,0.12942680293033249,-0.05101904286871628,0.02102625041064954,2.110979391316503,-0.22214478613119537,0.2646081701228048,-3.92,0,6,2021
2021-06-02,72.8550033569336,15576.2001953125,17.209999084472656,1907.5,68.83000183105469,89.9000015258789,270.654,0.08,1.52,4.0,0.5074075033033143,0.00867158252806366,0.24173501113669005,1.6391030572105336,0.07792462807232337,0.23847681389876732,-3.92,0,6,2021
2021-06-03,72.96510314941406,15690.349609375,15.75,1871.199951171875,68.80999755859375,90.5,270.654,0.08,1.52,4.0,0.1511218000239012,0.7328450625387672,-1.9030169765727356,-0.02906330368847021,0.6674065227333381,0.24294131566517382,-3.92,0,6,2021
2021-06-04,73.04419708251953,15670.25,15.9399995803833,1889.800048828125,69.62000274658203,90.13999938964844,270.654,0.08,1.52,4.0,0.10839967284566043,-0.1281017305247989,0.9940197809753748,1.1771620647109238,-0.3977907296702332,0.23746265991059998,-3.92,0,6,2021
2021-06-07,72.90969848632812,15751.650390625,15.56999969482422,1896.800048828125,69.2300033569336,89.94999694824219,270.654,0.08,1.52,4.0,-0.18413317082458525,0.519458149199914,0.37040955757943195,-0.5601829564242378,-0.21078593598046202,0.2349577914866337,-3.92,0,6,2021
2021-06-08,72.80940246582031,15740.099609375,15.229999542236328,1892.199951171875,70.05000305175781,90.08000183105467,270.654,0.08,1.52,4.0,-0.1375619740446754,-0.07333060957773752,-0.24251884952724012,1.184457106836323,0.14453016923090534,0.23510564280692134,-3.92,0,6,2021
2021-06-09,72.97530364990234,15635.349609375,14.75,1893.199951171875,69.95999908447266,90.12000274658205,270.654,0.08,1.52,4.0,0.2278568130811287,-0.6654976944212576,0.05284853745930462,-0.1284853152949239,0.044405988803597474,0.23788239004912043,-3.92,0,6,2021
2021-06-10,72.98529815673828,15737.75,15.0,1894.199951171875,70.29000091552734,90.08000183105467,270.654,0.08,1.52,4.0,0.013695738607522046,0.6549286916079033,0.05282062253282316,0.4717007366684234,-0.044386278637664756,0.23230328520945234,-3.92,0,6,2021
2021-06-11,73.01229858398438,15799.349609375,14.100000381469728,1877.4000244140625,70.91000366210938,90.55999755859376,270.654,0.08,1.52,4.0,0.03699433711719102,0.3914130633349666,-0.886914116295856,0.8820639330011204,0.5328549264900451,0.2292239501686259,-3.92,0,6,2021
2021-06-14,73.23159790039062,15811.849609375,14.720000267028809,1864.0,70.87999725341797,90.5199966430664,270.654,0.08,1.52,4.0,0.30035941979555947,0.07911718082738162,-0.7137543538833557,-0.04231618550520899,-0.04417062346040446,0.23791616045622158,-3.92,0,6,2021
2021-06-15,73.18080139160156,15869.25,14.609999656677246,1854.5,72.12000274658203,90.54000091552734,270.654,0.08,1.52,4.0,-0.06936419557327378,0.3630213545097627,-0.5096566523605128,1.7494434836540007,0.022099285464860507,0.23079476713096642,-3.92,0,6,2021
2021-06-16,73.3447036743164,15767.5498046875,14.869999885559082,1859.5,72.1500015258789,91.12999725341795,270.654,0.08,1.52,4.0,0.22396896398795274,-0.6408632752808119,0.2696144513345988,0.04159564358627854,0.6516416301354688,0.2351392646532288,-3.92,0,6,2021
2021-06-17,73.8240966796875,15691.400390625,15.289999961853027,1773.800048828125,71.04000091552734,91.88999938964844,270.654,0.08,1.52,4.0,0.653616391307299,-0.48295020472909345,-4.608763171383434,-1.538462351873171,0.833975813822363,0.2652975021648191,-3.92,0,6,2021
2021-06-18,74.25389862060547,15683.349609375,14.800000190734863,1767.9000244140625,71.63999938964844,92.2300033569336,270.654,0.08,1.52,4.0,0.58219735865217,-0.0513069646403852,-0.33262060275397465,0.8445924357947998,0.3700119376901956,0.28114724997613194,-3.92,0,6,2021
2021-06-21,74.1438980102539,15746.5,15.0600004196167,1781.800048828125,73.66000366210938,91.86000061035156,270.654,0.08,1.52,4.0,-0.14814119176906893,0.40265882096546246,0.7862449359187895,2.819659812494102,-0.4011739489481636,0.26906292525806735,-3.92,0,6,2021
2021-06-22,74.13520050048828,15772.75,14.739999771118164,1776.300048828125,73.05999755859375,91.7300033569336,270.654,0.08,1.52,4.0,-0.011730580666835522,0.16670371193598932,-0.30867661069026164,-0.8145615988127686,-0.14151671299175161,0.2650939984071697,-3.92,0,6,2021
2021-06-23,74.33219909667969,15686.9501953125,15.369999885559082,1782.300048828125,73.08000183105469,91.8000030517578,270.654,0.08,1.52,4.0,0.265728823637712,-0.5439749231269109,0.3377807709884495,0.027380609265548195,0.0763105769786332,0.2657511252198084,-3.92,0,6,2021
2021-06-24,74.24690246582031,15790.4501953125,15.100000381469728,1775.5999755859375,73.30000305175781,91.81999969482422,270.654,0.08,1.52,4.0,-0.11475058170744568,0.6597840798329813,-0.37592285578361695,0.30104161903514726,0.021782834860206712,0.2575540827283916,-3.92,0,6,2021
2021-06-25,74.19029998779297,15860.349609375,13.369999885559082,1776.5999755859375,74.05000305175781,91.80999755859376,270.654,0.08,1.52,4.0,-0.07623547400297248,0.44266891189239654,0.05631899153806241,1.0231923175643143,-0.010893200025807737,0.24994177390854805,-3.92,0,6,2021
2021-06-28,74.21299743652344,15814.7001953125,13.399999618530272,1779.5999755859375,72.91000366210938,91.87999725341795,270.654,0.08,1.52,4.0,0.03059355297687638,-0.28782098242977616,0.16886187331002223,-1.539499449921189,0.0762440874475745,0.24508118613452767,-3.92,0,6,2021
2021-06-29,74.285400390625,15748.4501953125,13.0,1762.800048828125,72.9800033569336,92.0500030517578,270.654,0.08,1.52,4.0,0.09756101572839793,-0.41891404314852165,-0.9440282641204889,0.09600835455807477,0.18503026058103167,0.24505246620657598,-3.92,0,6,2021
2021-06-30,74.28759765625,15721.5,13.050000190734863,1770.800048828125,73.47000122070312,92.44000244140624,270.654,0.08,1.52,4.0,0.0029578700706300864,-0.17112919035373597,0.45382345010247516,0.6714138684990489,0.4236821039855343,0.24103123811156288,-3.92,0,6,2021
2021-07-01,74.37100219726562,15680.0,12.84000015258789,1775.9000244140625,75.2300033569336,92.5999984741211,271.903,0.1,1.32,4.0,0.11227249722296495,-0.2639697229908089,0.28800403463464797,2.3955384605798935,0.1730809481709672,0.24086244499146436,-3.9,0,7,2021
2021-07-02,74.54499816894531,15722.2001953125,12.09000015258789,1782.5999755859375,75.16000366210938,92.2300033569336,271.903,0.1,1.32,4.0,0.23395673923847227,0.2691338986766656,0.37727074045654785,-0.09304757636671157,-0.3995627681256386,0.23489930943798104,-3.9,0,7,2021
2021-07-05,74.48179626464844,15834.349609375,12.09000015258789,1782.5999755859375,75.16000366210938,92.2300033569336,271.903,0.1,1.32,4.0,-0.08478356140493304,0.7133188273225066,0.0,0.0,0.0,0.2329805677291329,-3.9,0,7,2021
2021-07-06,74.31780242919922,15818.25,12.279999732971191,1793.5,73.37000274658203,92.5500030517578,271.903,0.1,1.32,4.0,-0.2201797535420824,-0.10167521731027085,0.6114677753476183,-2.3815870520370153,0.34695834671694126,0.23701769817497637,-3.9,0,7,2021
2021-07-07,74.76290130615234,15879.650390625,12.210000038146973,1801.5,72.19999694824219,92.63999938964844,271.903,0.1,1.32,4.0,0.5989128612584604,0.3881617158977724,0.4460551993309192,-1.5946650600259793,0.09724077247226237,0.2549908058026013,-3.9,0,7,2021
2021-07-08,74.8218994140625,15727.900390625,13.5600004196167,1799.5999755859375,72.94000244140625,92.36000061035156,271.903,0.1,1.32,4.0,0.07891361474665626,-0.95562557277451,-0.10546902104149325,1.0249383995051264,-0.3022439347383665,0.24983839581326836,-3.9,0,7,2021
2021-07-09,74.72139739990234,15689.7998046875,12.9399995803833,1810.0,74.55999755859375,92.12999725341795,271.903,0.1,1.32,4.0,-0.13432165575479882,-0.24224839292732447,0.5779075658564725,2.220996795947272,-0.24902918515986583,0.2530002776422562,-3.9,0,7,2021
2021-07-12,74.4905014038086,15692.599609375,12.989999771118164,1805.5,74.0999984741211,92.2300033569336,271.903,0.1,1.32,4.0,-0.3090092050313409,0.017844744498685117,-0.24861878453038555,-0.6169515819942961,0.10854890534790496,0.24749186018848543,-3.9,0,7,2021
2021-07-13,74.54170227050781,15812.349609375,12.619999885559082,1809.4000244140625,75.25,92.75,271.903,0.1,1.32,4.0,0.06873475910931237,0.7630985495128417,0.21600799856342778,1.5519589062886974,0.5638042113627506,0.2474532297417321,-3.9,0,7,2021
2021-07-14,74.65910339355469,15853.9501953125,12.59000015258789,1824.300048828125,73.12999725341797,92.41000366210938,271.903,0.1,1.32,4.0,0.15749723909017632,0.26308921169333477,0.8234787340012151,-2.8172793974512,-0.36657287104110425,0.23521492793876428,-3.9,0,7,2021
2021-07-15,74.46910095214844,15924.2001953125,12.270000457763672,1828.4000244140625,71.6500015258789,92.62000274658205,271.903,0.1,1.32,4.0,-0.25449333406092345,0.4431072328003882,0.22474239303842403,-2.0237874786326326,0.22724713359012494,0.24263566318231997,-3.9,0,7,2021
2021-07-16,74.53700256347656,15923.400390625,11.710000038146973,1814.5,71.80999755859375,92.69000244140624,271.903,0.1,1.32,4.0,0.09118091995197197,-0.0050225736783704455,-0.7602288464482521,0.22330220419752855,0.07557729728826512,0.24255793087972305,-3.9,0,7,2021
2021-07-19,74.63179779052734,15752.400390625,12.68000030517578,1808.699951171875,66.41999816894531,92.88999938964844,271.903,0.1,1.32,4.0,0.12717874852836708,-1.0738912280361723,-0.3196499767497918,-7.505917801000395,0.21576970867880352,0.23802756695442684,-3.9,0,7,2021
2021-07-20,74.99340057373047,15632.099609375,13.210000038146973,1810.9000244140625,67.41999816894531,92.97000122070312,271.903,0.1,1.32,4.0,0.48451570765861707,-0.76369809214345,0.12163837571632641,1.5055706527669743,0.08612534350345147,0.2455673026289529,-3.9,0,7,2021
2021-07-21,74.5270004272461,15632.099609375,13.210000038146973,1802.9000244140625,70.30000305175781,92.75,271.903,0.1,1.32,4.0,-0.621921586321228,0.0,-0.4417692800345763,4.271736815530014,-0.23663678370925423,0.27715327904659487,-3.9,0,7,2021
2021-07-22,74.44020080566406,15824.0498046875,11.890000343322754,1805.0,71.91000366210938,92.81999969482422,271.903,0.1,1.32,4.0,-0.1164673488593837,1.2279233123449584,0.11647765031341795,2.2901856905556794,0.07547136908272467,0.2790857881496196,-3.9,0,7,2021
2021-07-23,74.4520034790039,15856.0498046875,11.760000228881836,1801.4000244140625,72.06999969482422,92.91000366210938,271.903,0.1,1.32,4.0,0.01585524113598691,0.2022238326785386,-0.19944463079986097,0.22249481931142512,0.09696613615715055,0.2791887140040509,-3.9,0,7,2021
2021-07-26,74.44889831542969,15824.4501953125,12.449999809265137,1798.699951171875,71.91000366210938,92.6500015258789,271.903,0.1,1.32,4.0,-0.0041706917599526605,-0.19929055322251976,-0.14988748782024386,-0.2220008788571315,-0.2798429942765135,0.2758710043384774,-3.9,0,7,2021
2021-07-27,74.28949737548828,15746.4501953125,13.229999542236328,1799.5,71.6500015258789,92.43000030517578,271.903,0.1,1.32,4.0,-0.21410785592292925,-0.4929081202650898,0.04447928225070896,-0.361566017229209,-0.23745409290865105,0.27937065658077365,-3.9,0,7,2021
2021-07-28,74.5022964477539,15709.400390625,13.6899995803833,1799.5,72.38999938964844,92.31999969482422,271.903,0.1,1.32,4.0,0.28644570199480857,-0.2352898858342667,0.0,1.0327953217171393,-0.1190096397147844,0.2809367555562829,-3.9,0,7,2021
2021-07-29,74.38999938964844,15778.4501953125,12.949999809265137,1831.199951171875,73.62000274658203,91.86000061035156,271.903,0.1,1.32,4.0,-0.15072965996990595,0.4395444954646832,1.7615977311405961,1.6991343656641567,-0.4982659077049867,0.259135463357632,-3.9,0,7,2021
2021-07-30,74.25199890136719,15763.0498046875,12.800000190734863,1812.5999755859373,73.94999694824219,92.16999816894533,271.903,0.1,1.32,4.0,-0.18550946284918712,-0.0976039499086867,-1.0157260857305395,0.4482398659995557,0.33746740315048207,0.2394522996363487,-3.9,0,7,2021
2021-08-02,74.37909698486328,15885.150390625,12.8100004196167,1818.0999755859373,71.26000213623047,92.0500030517578,272.676,0.09,1.28,4.0,0.17117126188741505,0.7746000136419795,0.303431538898824,-3.6375861028019485,-0.13018891132836607,0.23972810335459355,-3.91,0,8,2021
2021-08-03,74.33200073242188,16130.75,13.75,1810.0999755859373,70.55999755859375,92.08000183105467,272.676,0.09,1.28,4.0,-0.06331920438747973,1.5460955882416139,-0.44001980679977404,-0.9823246655234374,0.03258965595036578,0.240080325974277,-3.91,0,8,2021
2021-08-04,74.21440124511719,16258.7998046875,13.210000038146973,1810.5,68.1500015258789,92.2699966430664,272.676,0.09,1.28,4.0,-0.15820842456268913,0.7938242467802281,0.02209957568410914,-3.4155273754276405,0.20633667271241496,0.23691077958757997,-3.91,0,8,2021
2021-08-05,74.18399810791016,16294.599609375,12.869999885559082,1805.0999755859373,69.08999633789062,92.23999786376952,272.676,0.09,1.28,4.0,-0.040966627362004626,0.22018725316477195,-0.2982614976008158,1.379302701342966,-0.03251195446872801,0.23611394160182508,-3.91,0,8,2021
2021-08-06,74.08200073242188,16238.2001953125,12.609999656677246,1760.0,68.27999877929688,92.8000030517578,272.676,0.09,1.28,4.0,-0.13749242166742892,-0.3461233501561467,-2.4984752199831872,-1.1723803756369944,0.6071175205526025,0.23703616176592981,-3.91,0,8,2021
2021-08-09,74.49140167236328,16258.25,12.609999656677246,1723.4000244140625,66.4800033569336,92.9499969482422,272.676,0.09,1.28,4.0,0.5526321318185312,0.12347307242392969,-2.0795440673828103,-2.6361972093488895,0.16163134865496698,0.257948184314205,-3.91,0,8,2021
2021-08-10,74.46620178222656,16280.099609375,12.710000038146973,1728.800048828125,68.29000091552734,93.05999755859376,272.676,0.09,1.28,4.0,-0.03382926025148336,0.13439090538649445,0.31333551918095726,2.7226195354952187,0.11834385579680973,0.2575746322038851,-3.91,0,8,2021
2021-08-11,74.43550109863281,16282.25,12.710000038146973,1750.4000244140625,69.25,92.91000366210938,272.676,0.09,1.28,4.0,-0.041227674916910484,0.013208706805212245,1.2494201166051155,1.4057681528810484,-0.1611797769390133,0.2577332462846272,-3.91,0,8,2021
2021-08-12,74.10299682617188,16364.400390625,12.369999885559082,1749.0,69.08999633789062,93.04000091552734,272.676,0.09,1.28,4.0,-0.44670119439425005,0.5045395484346349,-0.07998311211925291,-0.23105221965252776,0.13991739134004977,0.2697801782280218,-3.91,0,8,2021
2021-08-13,74.26010131835938,16529.099609375,12.989999771118164,1775.199951171875,68.44000244140625,92.5199966430664,272.676,0.09,1.28,4.0,0.21200828430194552,1.0064482340847336,1.4979960647155455,-0.9407930683705934,-0.5589039846775834,0.26912001623735055,-3.91,0,8,2021
2021-08-16,74.216796875,16563.05078125,13.460000038146973,1786.9000244140625,67.29000091552734,92.62999725341795,272.676,0.09,1.28,4.0,-0.05831454925401269,0.2054024277023725,0.6590848109512271,-1.6803060854117646,0.11889387628916115,0.26891788362196967,-3.91,0,8,2021
2021-08-17,74.13500213623047,16614.599609375,13.40999984741211,1785.0,66.58999633789062,93.12999725341795,272.676,0.09,1.28,4.0,-0.11021054830390176,0.31122785775283823,-0.1063307621077203,-1.0402802319998017,0.5397819441061769,0.2667161872105759,-3.91,0,8,2021
2021-08-18,74.364501953125,16568.849609375,12.90999984741211,1781.5999755859375,65.45999908447266,93.13999938964844,272.676,0.09,1.28,4.0,0.3095701224541614,-0.275360231817956,-0.1904775582107887,-1.6969474629254244,0.010739972646267582,0.24863650055094694,-3.91,0,8,2021
2021-08-19,74.2697982788086,16568.849609375,12.90999984741211,1780.199951171875,63.68999862670898,93.56999969482422,272.676,0.09,1.28,4.0,-0.12735064692035447,0.0,-0.07858242216253197,-2.7039420753422028,0.4616709340708569,0.24873005058008443,-3.91,0,8,2021
2021-08-20,74.4292984008789,16450.5,14.020000457763672,1781.0,62.31999969482422,93.5,272.676,0.09,1.28,4.0,0.214757715473457,-0.7142898400624986,0.04494151500220589,-2.151042489283772,-0.07480997654432109,0.25155886779860614,-3.91,0,8,2021
2021-08-23,74.30149841308594,16496.44921875,13.6899995803833,1803.199951171875,65.63999938964844,92.95999908447266,272.676,0.09,1.28,4.0,-0.17170655983431704,0.27931806783987323,1.2464879939289686,5.327342283507663,-0.5775410861254993,0.24719412725031997,-3.91,0,8,2021
2021-08-24,74.10590362548828,16624.599609375,13.1899995803833,1805.5999755859373,67.54000091552734,92.88999938964844,272.676,0.09,1.28,4.0,-0.2632447417281303,0.7768362083601765,0.13309807448156352,2.8945788292900954,-0.0753008772736874,0.2510334851184968,-3.91,0,8,2021
2021-08-25,74.1447982788086,16634.650390625,13.5,1788.199951171875,68.36000061035156,92.83000183105467,272.676,0.09,1.28,4.0,0.05248522913487985,0.06045728309951315,-0.9636699517796443,1.2140948826012021,-0.0645899009451889,0.24920962444814587,-3.91,0,8,2021
2021-08-26,74.0999984741211,16636.900390625,13.539999961853027,1792.199951171875,67.41999816894531,93.05999755859376,272.676,0.09,1.28,4.0,-0.06042204676184326,0.013525983096518424,0.22368863154138552,-1.3750767013069765,0.24776012388503243,0.24547716834725294,-3.91,0,8,2021
2021-08-27,74.15599822998047,16705.19921875,13.40999984741211,1816.5999755859373,68.73999786376953,92.69000244140624,272.676,0.09,1.28,4.0,0.07557322133944222,0.41052615884800137,1.361456594065169,1.957875601711656,-0.3975877142641915,0.24525802900096175,-3.91,0,8,2021
2021-08-30,73.49659729003906,16931.05078125,13.31999969482422,1809.0,69.20999908447266,92.6500015258789,272.676,0.09,1.28,4.0,-0.8892078263128544,1.3519836521704187,-0.41836263833956444,0.6837376131936912,-0.04315558795310315,0.2906795949015479,-3.91,0,8,2021
2021-08-31,73.41120147705078,17132.19921875,14.520000457763672,1815.0,68.5,92.62999725341795,272.676,0.09,1.28,4.0,-0.11619015864269278,1.1880446175423387,0.3316749585406287,-1.025862005295053,-0.021591227341066777,0.27267419802622084,-3.91,0,8,2021
2021-09-01,72.99669647216797,17076.25,14.1899995803833,1813.0999755859373,68.58999633789062,92.4499969482422,273.91,0.08,1.37,4.0,-0.5646345469667802,-0.326573477436376,-0.10468454071971278,0.1313815151688047,-0.19432182933494246,0.2688546120596866,-3.92,0,9,2021
2021-09-02,72.98509979248047,17234.150390625,14.239999771118164,1808.699951171875,69.98999786376953,92.2300033569336,273.91,0.08,1.37,4.0,-0.015886581513890885,0.9246783727399066,-0.2426796356136074,2.0411161986103155,-0.23795954415419818,0.2688666147383143,-3.92,0,9,2021
2021-09-03,73.0542984008789,17323.599609375,14.539999961853027,1830.9000244140625,69.29000091552734,92.04000091552734,273.91,0.08,1.37,4.0,0.09481196654548274,0.5190230833697296,1.227404978244384,-1.0001385478031866,-0.2060093619111525,0.27007348925116115,-3.92,0,9,2021
2021-09-06,72.99449920654297,17377.80078125,15.109999656677246,1830.9000244140625,69.29000091552734,92.04000091552734,273.91,0.08,1.37,4.0,-0.08185581908923822,0.31287476677577253,0.0,0.0,0.0,0.2698643139266439,-3.92,0,9,2021
2021-09-07,73.11000061035156,17362.099609375,14.899999618530272,1795.9000244140625,68.3499984741211,92.5199966430664,273.91,0.08,1.37,4.0,0.1582330244937591,-0.09035189246697772,-1.9116281355231801,-1.3566206220032018,0.5215077387706657,0.27134681334002747,-3.92,0,9,2021
2021-09-08,73.3904037475586,17353.5,14.40999984741211,1790.699951171875,69.30000305175781,92.6500015258789,273.91,0.08,1.37,4.0,0.383535952490921,-0.049530929832686255,-0.2895524901996738,1.3899116296197223,0.14051544263888882,0.27607253733167153,-3.92,0,9,2021
2021-09-09,73.78900146484375,17369.25,13.9399995803833,1797.4000244140625,68.13999938964844,92.4800033569336,273.91,0.08,1.37,4.0,0.5431196681465522,0.09075978909154347,0.37415945858505495,-1.673886884597986,-0.18348425919650913,0.2956875555928437,-3.92,0,9,2021
2021-09-10,73.53800201416016,17369.25,13.9399995803833,1789.5999755859375,69.72000122070312,92.58000183105467,273.91,0.08,1.37,4.0,-0.3401583511103312,0.0,-0.43396287538539635,2.318758211340266,0.10812983400869669,0.299871712999536,-3.92,0,9,2021
2021-09-13,73.52429962158203,17355.30078125,14.029999732971191,1792.0,70.44999694824219,92.62000274658205,273.91,0.08,1.37,4.0,-0.018633077052443436,-0.0803098507419775,0.13410954664752062,1.0470391777937849,0.04320686404863938,0.29743476558544213,-3.92,0,9,2021
2021-09-14,73.54080200195312,17380.0,13.579999923706056,1804.699951171875,70.45999908447266,92.6500015258789,273.91,0.08,1.37,4.0,0.022444797782550374,0.1423151293159064,0.7087026323590928,0.014197497038659357,0.03238909350817831,0.29759607434873075,-3.92,0,9,2021
2021-09-15,73.65080261230469,17519.44921875,13.729999542236328,1792.4000244140625,72.61000061035156,92.48999786376952,273.91,0.08,1.37,4.0,0.14957765941774337,0.802354538262362,-0.6815496808666444,3.051378872857091,-0.17269688016647855,0.2985144357818206,-3.92,0,9,2021
2021-09-16,73.43800354003906,17629.5,14.40999984741211,1754.5999755859375,72.61000061035156,92.86000061035156,273.91,0.08,1.37,4.0,-0.2889297396876933,0.6281634763507293,-2.108906957891943,0.0,0.4000462267574445,0.3023802976902852,-3.92,0,9,2021
2021-09-17,73.56490325927734,17585.150390625,15.229999542236328,1749.4000244140625,71.97000122070312,93.1999969482422,273.91,0.08,1.37,4.0,0.17279843285649132,-0.2515647600612625,-0.29636106487113123,-0.8814204438351125,0.3661386341329953,0.3039938951694953,-3.92,0,9,2021
2021-09-20,73.69609832763672,17396.900390625,17.489999771118164,1761.800048828125,70.29000091552734,93.23999786376952,273.91,0.08,1.37,4.0,0.178339211426648,-1.0705054879733056,0.7088158363445674,-2.334306345256121,0.04291943866643333,0.28675037963876604,-3.92,0,9,2021
2021-09-21,73.65899658203125,17562.0,16.520000457763672,1776.0,70.55999755859375,93.1999969482422,273.91,0.08,1.37,4.0,-0.05034424677480276,0.949017386246398,0.805991076076995,0.38411813849723586,-0.04290102578697885,0.286763162291348,-3.92,0,9,2021
2021-09-22,73.7927017211914,17546.650390625,16.489999771118164,1776.699951171875,72.2300033569336,93.45999908447266,273.91,0.08,1.37,4.0,0.18151908845411846,-0.08740239935656202,0.0394116650830556,2.366788344845183,0.2789722583090182,0.28949184742992456,-3.92,0,9,2021
2021-09-23,73.8749008178711,17822.94921875,16.600000381469727,1747.699951171875,73.30000305175781,93.0999984741211,273.91,0.08,1.37,4.0,0.11139190565248036,1.5746528367181822,-1.632239590082285,1.481378437069547,-0.3851921826215521,0.2794487313265783,-3.92,0,9,2021
2021-09-24,73.83999633789062,17853.19921875,16.920000076293945,1749.699951171875,73.9800033569336,93.33000183105467,273.91,0.08,1.37,4.0,-0.04724809048004541,0.16972499684944076,0.11443611923540598,0.9276947842630001,0.24704979667375948,0.2763411602626414,-3.92,0,9,2021
2021-09-27,73.81289672851562,17855.099609375,18.049999237060547,1750.0,75.44999694824219,93.37999725341795,273.91,0.08,1.37,4.0,-0.03670044788598448,0.010644538279747096,0.017148587557769268,1.9870147669719174,0.053568436068163194,0.27626204789462727,-3.92,0,9,2021
2021-09-28,73.82530212402344,17748.599609375,18.540000915527344,1735.800048828125,75.29000091552734,93.7699966430664,273.91,0.08,1.37,4.0,0.016806542024006,-0.596468249015425,-0.811425781249997,-0.21205571794071787,0.41764767736076625,0.2757701296215582,-3.92,0,9,2021
2021-09-29,74.16329956054688,17711.30078125,18.84000015258789,1721.5,74.83000183105469,94.33999633789062,273.91,0.08,1.37,4.0,0.4578341392434959,-0.21015082285871234,-0.8238304197409896,-0.6109696890411187,0.6078700173083096,0.2829950518654734,-3.92,0,9,2021
2021-09-30,74.3219985961914,17618.150390625,18.399999618530277,1755.300048828125,75.02999877929688,94.25,273.91,0.08,1.37,4.0,0.21398594262242998,-0.5259376020738893,1.9634068445033348,0.2672683995033509,-0.09539574028420983,0.284913060221814,-3.92,0,9,2021
2021-10-01,74.25440216064453,17532.05078125,17.209999084472656,1757.0,75.87999725341797,94.04000091552734,276.55,0.08,1.58,4.0,-0.09095077745976399,-0.48869834497958786,0.09684675694106026,1.132878166000495,-0.2228106997057333,0.28252532921074286,-3.92,0,10,2021
2021-10-04,74.152099609375,17691.25,16.739999771118164,1766.199951171875,77.62000274658203,93.80999755859376,276.55,0.08,1.58,4.0,-0.1377730454932613,0.9080467581137563,0.5236170274260044,2.293101681794907,-0.24458034314587263,0.2819123205041999,-3.92,0,10,2021
2021-10-05,74.57279968261719,17822.30078125,16.399999618530273,1759.5999755859375,78.93000030517578,93.9800033569336,276.55,0.08,1.58,4.0,0.5673474863940209,0.7407660919946268,-0.3736822425772557,1.687706148208612,0.1812235398829909,0.2962324855440196,-3.92,0,10,2021
2021-10-06,74.56320190429688,17646.0,17.329999923706055,1760.5,77.43000030517578,94.2699966430664,276.55,0.08,1.58,4.0,-0.012870347313176378,-0.9892144870289554,0.05114937636678807,-1.900418084632438,0.30856913787438156,0.2962360277825625,-3.92,0,10,2021
2021-10-07,74.76000213623047,17790.349609375,16.15999984741211,1757.9000244140625,78.30000305175781,94.22000122070312,276.55,0.08,1.58,4.0,0.26393747439412696,0.8180302016037588,-0.14768392990273105,1.1235990483702496,-0.05303428889742445,0.29913542327255577,-3.92,0,10,2021
2021-10-08,74.83000183105469,17895.19921875,15.649999618530272,1756.300048828125,79.3499984741211,94.06999969482422,276.55,0.08,1.58,4.0,0.09363254791869835,0.5893622760496431,-0.09101630147998474,1.3409902700376897,-0.15920348539111284,0.29924845552741325,-3.92,0,10,2021
2021-10-11,75.30580139160156,17945.94921875,16.09000015258789,1754.5999755859375,80.5199966430664,94.31999969482422,276.55,0.08,1.58,4.0,0.6358406373169645,0.28359561343596074,-0.09679856487631033,1.4744778720152008,0.2657595416296843,0.2652058647952771,-3.92,0,10,2021
2021-10-12,75.40260314941406,17991.94921875,15.850000381469728,1758.300048828125,80.63999938964844,94.5199966430664,276.55,0.08,1.58,4.0,0.12854488767619632,0.25632525445875576,0.21087845056830812,0.14903471384131173,0.21204087032367092,0.2626692310166797,-3.92,0,10,2021
2021-10-13,75.48390197753906,18161.75,16.100000381469727,1793.699951171875,80.44000244140625,94.08000183105467,276.55,0.08,1.58,4.0,0.10781965705335406,0.943759784921161,2.0133026992374514,-0.24801209047115025,-0.46550447274482654,0.23179266148447272,-3.92,0,10,2021
2021-10-14,75.3062973022461,18338.55078125,15.770000457763672,1796.699951171875,81.30999755859375,93.95999908447266,276.55,0.08,1.58,4.0,-0.23528814838668088,0.9734787740718787,0.16725205339054305,1.081545363976355,-0.12755393733676623,0.23930641917457401,-3.92,0,10,2021
2021-10-15,74.99500274658203,18338.55078125,15.770000457763672,1767.199951171875,82.27999877929688,93.94000244140624,276.55,0.08,1.58,4.0,-0.41337121438153046,0.0,-1.6418990817447798,1.192966732048073,-0.021282080950679738,0.25733670074235326,-3.92,0,10,2021
2021-10-18,75.00589752197266,18477.05078125,17.18000030517578,1764.800048828125,82.44000244140625,93.9499969482422,276.55,0.08,1.58,4.0,0.014527335144509657,0.7552396132719963,-0.13580253565299572,0.19446240214291421,0.01063924481181644,0.25574289120310656,-3.92,0,10,2021
2021-10-19,75.2354965209961,18418.75,17.3799991607666,1769.699951171875,82.95999908447266,93.79000091552734,276.55,0.08,1.58,4.0,0.30610792832146405,-0.3155307734996393,0.2776463173266297,0.6307576754816191,-0.17029913561679155,0.2584943654541606,-3.92,0,10,2021
2021-10-20,75.12010192871094,18266.599609375,18.309999465942383,1784.0999755859375,83.87000274658203,93.55999755859376,276.55,0.08,1.58,4.0,-0.15337785702385087,-0.8260625212080042,0.813698638830096,1.0969186019189614,-0.24523227922850221,0.2564714796013814,-3.92,0,10,2021
2021-10-21,74.80919647216797,18178.099609375,18.040000915527344,1781.199951171875,82.5,93.7699966430664,276.55,0.08,1.58,4.0,-0.4138778416967748,-0.4844908296702255,-0.16254831308486484,-1.6334836076273618,0.22445392256571495,0.25614017403467293,-3.92,0,10,2021
2021-10-22,74.86540222167969,18114.900390625,17.549999237060547,1795.5,83.76000213623047,93.61000061035156,276.55,0.08,1.58,4.0,0.07513213904473126,-0.3476668084567369,0.8028323164233742,1.5272753166429842,-0.17062604078346144,0.2455483814429638,-3.92,0,10,2021
2021-10-25,74.99369812011719,18125.400390625,17.610000610351562,1806.0,83.76000213623047,93.80999755859376,276.55,0.08,1.58,4.0,0.17136874261038937,0.0579633328010587,0.5847953216374213,0.0,0.2136491260957163,0.24590194359406098,-3.92,0,10,2021
2021-10-26,75.08989715576172,18268.400390625,16.75,1792.699951171875,84.6500015258789,93.9499969482422,276.55,0.08,1.58,4.0,0.12827615927200053,0.7889480889700096,-0.7364368121885345,1.0625589385741652,0.14923717438644069,0.2460105900718586,-3.92,0,10,2021
2021-10-27,74.88890075683594,18210.94921875,16.829999923706055,1797.9000244140625,82.66000366210938,93.86000061035156,276.55,0.08,1.58,4.0,-0.26767435639024617,-0.31448386638428527,0.29006935816493495,-2.3508539018291197,-0.09579174115377231,0.25303930611384545,-3.92,0,10,2021
2021-10-28,75.05000305175781,17857.25,17.90999984741211,1801.5999755859373,82.80999755859375,93.3499984741211,276.55,0.08,1.58,4.0,0.21512172470654622,-1.94223384240636,0.2057929318445062,0.1814588553582741,-0.5433647271617659,0.24598987104817266,-3.92,0,10,2021
2021-10-29,74.79720306396484,17671.650390625,17.43000030517578,1783.0,83.56999969482422,94.12000274658205,276.55,0.08,1.58,4.0,-0.3368420753009471,-1.0393515763905459,-1.032414289408945,0.9177661618607225,0.8248572951765176,0.25622335426464826,-3.92,0,10,2021
2021-11-01,74.92829895019531,17929.650390625,17.239999771118164,1795.0999755859375,84.05000305175781,93.87999725341795,278.919,0.08,1.56,4.0,0.17526843365835987,1.459965505750782,0.6786301506414683,0.5743728116386793,-0.2549994540589906,0.2561732828614874,-3.92,0,11,2021
2021-11-02,74.82990264892578,17888.94921875,17.059999465942383,1788.699951171875,83.91000366210938,94.08999633789062,278.919,0.08,1.56,4.0,-0.13132061270326734,-0.22700482713416958,-0.35652746371263033,-0.16656678710912365,0.22368884812149492,0.2577498863479696,-3.92,0,11,2021
2021-11-03,74.71199798583984,17829.19921875,16.1299991607666,1763.5999755859375,80.86000061035156,93.86000061035156,278.919,0.08,1.56,4.0,-0.15756356605073352,-0.33400508475575075,-1.4032524331145213,-3.6348503380355335,-0.24444227493974902,0.25934522224336526,-3.92,0,11,2021
2021-11-04,74.43550109863281,17916.80078125,15.75,1793.0,78.80999755859375,94.3499984741211,278.919,0.08,1.56,4.0,-0.3700836474209046,0.4913376165984751,1.6670460887421301,-2.5352498593666506,0.5220518437920152,0.26957350401685126,-3.92,0,11,2021
2021-11-05,74.47810363769531,17916.80078125,15.75,1816.4000244140625,81.2699966430664,94.31999969482422,278.919,0.08,1.56,4.0,0.05723416707579254,0.0,1.3050766544373982,3.121430225452926,-0.03179520909595279,0.269275274050848,-3.92,0,11,2021
2021-11-08,74.19110107421875,18068.55078125,16.34000015258789,1827.4000244140625,81.93000030517578,94.0500030517578,278.919,0.08,1.56,4.0,-0.38535159927367557,0.8469704042186388,0.6055934734722435,0.8121123284993814,-0.2862559838210377,0.2795384239413137,-3.92,0,11,2021
2021-11-09,73.91850280761719,18044.25,16.0,1830.199951171875,84.1500015258789,93.95999908447266,278.919,0.08,1.56,4.0,-0.36742717476164755,-0.1344921435271762,0.1532191485392076,2.709631651939448,-0.09569799507141985,0.28823433314916136,-3.92,0,11,2021
2021-11-10,74.17479705810547,18017.19921875,16.309999465942383,1847.5999755859373,81.33999633789062,94.8499984741211,278.919,0.08,1.56,4.0,0.34672543511240494,-0.14991358050348014,0.9507171280887183,-3.339281208597611,0.9472109390383343,0.28287383268207383,-3.92,0,11,2021
2021-11-11,74.40489959716797,17873.599609375,16.350000381469727,1863.199951171875,81.58999633789062,95.18000030517578,278.919,0.08,1.56,4.0,0.31021660751191504,-0.7970140510272006,0.8443372911926206,0.307351870242889,0.3479197009631285,0.2859028281081029,-3.92,0,11,2021
2021-11-12,74.32209777832031,18102.75,15.220000267028809,1867.9000244140625,80.79000091552734,95.12999725341795,278.919,0.08,1.56,4.0,-0.11128543858798245,1.2820606684330382,0.2522581239459143,-0.9805067511588605,-0.05253525068029674,0.2861599624088374,-3.92,0,11,2021
2021-11-15,74.33999633789062,18109.44921875,15.470000267028809,1866.0999755859373,80.87999725341797,95.41000366210938,278.919,0.08,1.56,4.0,0.02408241977196468,0.03700663573213969,-0.09636751456705284,0.11139539159645828,0.29434081443890925,0.28492903908654127,-3.92,0,11,2021
2021-11-16,74.43509674072266,17999.19921875,15.199999809265137,1853.5999755859373,80.76000213623047,95.91999816894533,278.919,0.08,1.56,4.0,0.12792629474958073,-0.6087981951756416,-0.6698462120752757,-0.14836192045299956,0.5345293860820721,0.2658854091562214,-3.92,0,11,2021
2021-11-17,74.45860290527344,17898.650390625,14.979999542236328,1869.699951171875,78.36000061035156,95.83000183105467,278.919,0.08,1.56,4.0,0.03157941022453592,-0.5586294529162039,0.8685787547471513,-2.971770012871533,-0.09382437407071675,0.26596859662329153,-3.92,0,11,2021
2021-11-18,74.25980377197266,17764.80078125,14.859999656677246,1861.0,79.01000213623047,95.54000091552734,278.919,0.08,1.56,4.0,-0.2669928329889437,-0.7478195643460861,-0.4653126918264139,0.8295067902194919,-0.30262017112197004,0.2651648666804674,-3.92,0,11,2021
2021-11-19,74.17440032958984,17764.80078125,14.859999656677246,1851.199951171875,76.0999984741211,96.06999969482422,278.919,0.08,1.56,4.0,-0.1150062860993506,0.0,-0.5266012266590514,-3.6830826267943872,0.55474018653765,0.2647623160840895,-3.92,0,11,2021
2021-11-22,74.30259704589844,17416.55078125,17.520000457763672,1806.0,76.75,96.5,278.919,0.08,1.56,4.0,0.17283148328663955,-1.9603372100156835,-2.4416568908864678,0.8541413126308406,0.4475906178221356,0.23667669956365414,-3.92,0,11,2021
2021-11-23,74.42980194091797,17503.349609375,18.020000457763672,1783.5,78.5,96.48999786376952,278.919,0.08,1.56,4.0,0.1711984507633657,0.49836979327988473,-1.2458471760797396,2.28013029315961,-0.010364908010862539,0.2378766738547522,-3.92,0,11,2021
2021-11-24,74.4469985961914,17415.05078125,17.100000381469727,1784.0999755859375,78.38999938964844,96.83999633789062,278.919,0.08,1.56,4.0,0.023104529133499696,-0.5044681737814694,0.03364034684258943,-0.1401281660529441,0.3627303159600581,0.23652351372062397,-3.92,0,11,2021
2021-11-25,74.625,17536.25,16.65999984741211,1784.0999755859375,78.38999938964844,96.83999633789062,278.919,0.08,1.56,4.0,0.23909815998639505,0.6959452503032093,0.0,0.0,0.0,0.23926191637239513,-3.92,0,11,2021
2021-11-26,74.50579833984375,17026.44921875,20.799999237060547,1785.300048828125,68.1500015258789,96.08999633789062,278.919,0.08,1.56,4.0,-0.15973421796482423,-2.9071254187753914,0.0672649099607403,-13.06288805140844,-0.7744733874040288,0.2295318402453208,-3.92,0,11,2021
2021-11-29,74.98159790039062,17053.94921875,20.82999992370605,1782.300048828125,69.94999694824219,96.33999633789062,278.919,0.08,1.56,4.0,0.6386074253933893,0.16151341742889347,-0.16803898044864818,2.6412257990629184,0.26017276462464434,0.259269180501033,-3.92,0,11,2021
2021-11-30,75.05490112304688,16983.19921875,21.170000076293945,1773.5999755859375,66.18000030517578,95.98999786376952,278.919,0.08,1.56,4.0,0.09776161712855558,-0.41485991949720136,-0.4881374069370614,-5.389559410354117,-0.3632950876327312,0.25349204893159943,-3.92,0,11,2021
2021-12-01,75.0509033203125,17166.900390625,19.450000762939453,1781.5999755859375,65.56999969482422,96.0500030517578,280.845,0.08,1.47,4.0,-0.005326504564728829,1.081664117042136,0.4510599971877527,-0.9217295369275735,0.06251191720354488,0.25199489219906884,-3.92,0,12,2021
2021-12-02,75.01789855957031,17401.650390625,18.09000015258789,1760.699951171875,66.5,96.12999725341795,280.845,0.08,1.47,4.0,-0.04397650032448297,1.3674571102433752,-1.173104215338172,1.4183320260853893,0.08328391371008603,0.23994720231506764,-3.92,0,12,2021
2021-12-03,74.9834976196289,17196.69921875,18.450000762939453,1782.0,66.26000213623047,96.12000274658205,280.845,0.08,1.47,4.0,-0.045856976270919336,-1.177768586739425,1.209748930472121,-0.3608990432624526,-0.010396865829054303,0.23982390984397906,-3.92,0,12,2021
2021-12-06,75.23400115966797,16912.25,20.07999992370605,1777.5,69.48999786376953,96.29000091552734,280.845,0.08,1.47,4.0,0.3340782278652865,-1.654091957599968,-0.2525252525252486,4.874729283736201,0.17686034549280194,0.24547687942101917,-3.92,0,12,2021
2021-12-07,75.39129638671875,17176.69921875,18.459999084472656,1782.5999755859375,72.05000305175781,96.37000274658205,280.845,0.08,1.47,4.0,0.20907465325012975,1.5636548581649423,0.2869184577179995,3.683990886007793,0.0830842561990286,0.24724533954763492,-3.92,0,12,2021
2021-12-08,75.40859985351562,17469.75,17.270000457763672,1783.4000244140625,72.36000061035156,95.88999938964844,280.845,0.08,1.47,4.0,0.02295154431104507,1.7060948527881648,0.044881007465624734,0.4302533594218838,-0.49808378463560565,0.24146862382867978,-3.92,0,12,2021
2021-12-09,75.38330078125,17516.849609375,16.600000381469727,1774.5999755859375,70.94000244140625,96.2699966430664,280.845,0.08,1.47,4.0,-0.03354931972582298,0.2696066593683266,-0.49344222875719046,-1.9624076243335065,0.3962845508777679,0.23891269094917164,-3.92,0,12,2021
2021-12-10,75.59919738769531,17511.30078125,16.059999465942383,1782.9000244140625,71.66999816894531,96.0500030517578,280.845,0.08,1.47,4.0,0.28639845192213187,-0.031677089480919296,0.4677137914072427,1.0290325661350463,-0.22851729404775867,0.23431164804959237,-3.92,0,12,2021
2021-12-13,75.70999908447266,17368.25,16.56999969482422,1786.300048828125,71.29000091552734,96.31999969482422,280.845,0.08,1.47,4.0,0.14656464698841187,-0.8169055116863166,0.19070191079164633,-0.5302040785911788,0.28110008796244923,0.23378059795339215,-3.92,0,12,2021
2021-12-14,75.82689666748047,17324.900390625,16.950000762939453,1770.4000244140625,70.7300033569336,96.56999969482422,280.845,0.08,1.47,4.0,0.15440177575143377,-0.24959111813221968,-0.8901093869696508,-0.7855204816974215,0.2595514958389611,0.23259389227480892,-3.92,0,12,2021
2021-12-15,76.04720306396484,17221.400390625,17.219999313354492,1762.5999755859375,70.87000274658203,96.51000213623048,280.845,0.08,1.47,4.0,0.2905385900869417,-0.5974060321640162,-0.44058115231366823,0.19793493991784317,-0.062128568689379104,0.23356376256629874,-3.92,0,12,2021
2021-12-16,76.2114028930664,17248.400390625,15.899999618530272,1796.5999755859375,72.37999725341797,96.04000091552734,280.845,0.08,1.47,4.0,0.21591830137848156,0.1567816750529749,1.928968595877656,2.1306539414643444,-0.4869974202670768,0.22055499477599222,-3.92,0,12,2021
2021-12-17,76.1675033569336,16985.19921875,16.34000015258789,1803.800048828125,70.86000061035156,96.56999969482422,280.845,0.08,1.47,4.0,-0.05760231994995646,-1.525945397337003,0.4007610675737183,-2.1000230737016623,0.5518521181221647,0.2219354722284742,-3.92,0,12,2021
2021-12-20,76.00599670410156,16614.19921875,18.96999931335449,1793.699951171875,68.2300033569336,96.5500030517578,280.845,0.08,1.47,4.0,-0.2120414162391282,-2.1842546279377872,-0.5599344374567328,-3.7115399813216543,-0.020706889437316356,0.21155110769081048,-3.92,0,12,2021
2021-12-21,75.75869750976562,16770.849609375,17.540000915527344,1787.9000244140625,71.12000274658203,96.48999786376952,280.845,0.08,1.47,4.0,-0.325368003920401,0.942870544420904,-0.32334988658628827,4.235672354477105,-0.062149338261663356,0.20859690701611924,-3.92,0,12,2021
2021-12-22,75.6864013671875,16955.44921875,16.579999923706055,1801.5999755859373,72.76000213623047,96.08000183105467,280.845,0.08,1.47,4.0,-0.09542949516628818,1.1007170994593363,0.7662593536998497,2.3059608075271854,-0.4249103967166601,0.20484970361121582,-3.92,0,12,2021
2021-12-23,75.45850372314453,17072.599609375,15.829999923706056,1811.199951171875,73.79000091552734,96.0199966430664,280.845,0.08,1.47,4.0,-0.3011077814855212,0.6909306212627531,0.5328583323728875,1.4156112548875166,-0.06245335849782707,0.2102057797327665,-3.92,0,12,2021
2021-12-24,75.06739807128906,17003.75,16.149999618530273,1811.199951171875,73.79000091552734,96.0199966430664,280.845,0.08,1.47,4.0,-0.5183056018317367,-0.40327548791804224,0.0,0.0,0.0,0.23271105514681464,-3.92,0,12,2021
2021-12-27,75.31500244140625,17086.25,17.1200008392334,1808.0999755859373,75.56999969482422,96.08999633789062,280.845,0.08,1.47,4.0,0.3298427499539125,0.4851870910828504,-0.17115590048089047,2.412249298295266,0.0729011635820287,0.23889659814146985,-3.92,0,12,2021
2021-12-28,74.98030090332031,17233.25,16.479999542236328,1810.199951171875,75.9800033569336,96.1999969482422,280.845,0.08,1.47,4.0,-0.44440221368422517,0.8603409174043453,0.11614266989066202,0.5425481854771652,0.11447665162227505,0.2542961269811568,-3.92,0,12,2021
2021-12-29,74.74500274658203,17213.599609375,16.239999771118164,1805.0999755859373,76.55999755859375,95.93000030517578,280.845,0.08,1.47,4.0,-0.31381330016490017,-0.11402602889762914,-0.28173548356557054,0.763351113496924,-0.28066180003278873,0.26168263175724893,-3.92,0,12,2021
2021-12-30,74.57029724121094,17203.94921875,16.56999969482422,1812.699951171875,76.98999786376953,95.97000122070312,280.845,0.08,1.47,4.0,-0.23373536551122287,-0.05606259494814747,0.4210279590453503,0.56165140920581,0.041698025018344076,0.26052289098646664,-3.92,0,12,2021
2021-12-31,74.43119812011719,17354.05078125,16.219999313354492,1827.5,75.20999908447266,95.66999816894533,280.845,0.08,1.47,4.0,-0.18653421836821726,0.8724831757606522,0.8164643474810607,-2.3119870485598715,-0.31260086270904486,0.2620692106548402,-3.92,0,12,2021
2022-01-03,74.51380157470703,17625.69921875,16.450000762939453,1799.4000244140625,76.08000183105469,96.23999786376952,282.543,0.08,1.76,4.0,0.11097961160928538,1.5653315812207858,-1.5376183631156004,1.1567647349721266,0.5957977482320187,0.2610002209296736,-3.92,0,1,2022
2022-01-04,74.4032974243164,17805.25,16.1200008392334,1814.0,76.98999786376953,96.29000091552734,282.543,0.08,1.76,4.0,-0.148300245129529,1.018687423526421,0.8113802038371976,1.1961041151597351,0.051956621849269524,0.26070529609807014,-3.92,0,1,2022
2022-01-05,74.53489685058594,17925.25,17.229999542236328,1824.5999755859373,77.8499984741211,96.19000244140624,282.543,0.08,1.76,4.0,0.17687311023197871,0.6739585234692091,0.5843426453107758,1.1170290092400004,-0.10385135857339245,0.2626966596207424,-3.92,0,1,2022
2022-01-06,74.43009948730469,17745.900390625,17.979999542236328,1788.699951171875,79.45999908447266,96.25,282.543,0.08,1.76,4.0,-0.14060174188116337,-1.0005417462796928,-1.967555896877271,2.0680804648785633,0.062374006727261566,0.26012675572778693,-3.92,0,1,2022
2022-01-07,74.41929626464844,17812.69921875,17.600000381469727,1797.0,78.9000015258789,95.73999786376952,282.543,0.08,1.76,4.0,-0.01451458849398568,0.3764183651131514,0.46402689409630327,-0.7047540461187607,-0.5298723493303736,0.2585597622824989,-3.92,0,1,2022
2022-01-10,74.2699966430664,18003.30078125,17.68000030517578,1798.4000244140625,78.2300033569336,95.98999786376952,282.543,0.08,1.76,4.0,-0.20061950203223988,1.0700318921871732,0.07790898241861743,-0.8491738352191969,0.26112388299375233,0.230571723922458,-3.92,0,1,2022
2022-01-11,74.05699920654297,18055.75,17.760000228881836,1818.5999755859373,81.22000122070312,95.62000274658205,282.543,0.08,1.76,4.0,-0.2867879980486321,0.2913311252602302,1.1232179102341977,3.8220602524166036,-0.38545174020377937,0.23380307070130768,-3.92,0,1,2022
2022-01-12,73.81529998779297,18212.349609375,17.18000030517578,1827.199951171875,82.63999938964844,95.0,282.543,0.08,1.76,4.0,-0.32636917690374023,0.8673115731830494,0.4728898988996644,1.7483355671057854,-0.6484027701036732,0.23923975062002495,-3.92,0,1,2022
2022-01-13,73.79910278320312,18257.80078125,16.700000762939453,1821.199951171875,82.12000274658203,94.79000091552734,282.543,0.08,1.76,4.0,-0.02194288256299748,0.24956237305924223,-0.3283712872338862,-0.6292311797034489,-0.22105166786595687,0.2393087072592408,-3.92,0,1,2022
2022-01-14,73.97229766845703,18255.75,16.559999465942383,1816.5,83.81999969482422,95.16999816894533,282.543,0.08,1.76,4.0,0.23468426948589638,-0.011232356375068253,-0.2580689269649272,2.070137471242295,0.40088326801117624,0.2450624911512396,-3.92,0,1,2022
2022-01-17,74.37899780273438,18308.099609375,16.770000457763672,1816.5,83.81999969482422,95.16999816894533,282.543,0.08,1.76,4.0,0.5498005971102504,0.28675682661627455,0.0,0.0,0.0,0.2593181334696532,-3.92,0,1,2022
2022-01-18,74.25509643554688,18113.05078125,17.780000686645508,1812.300048828125,85.43000030517578,95.7300033569336,282.543,0.08,1.76,4.0,-0.16658111946615817,-1.0653690567923424,-0.23121118479906277,1.9207833646066819,0.5884261834219418,0.25603674519625114,-3.92,0,1,2022
2022-01-19,74.61969757080078,17938.400390625,17.81999969482422,1843.0999755859373,86.95999908447266,95.51000213623048,282.543,0.08,1.76,4.0,0.49101159752769075,-0.964224043394124,1.6994937884445838,1.7909385155464808,-0.2298142828668137,0.27426570152487145,-3.92,0,1,2022
2022-01-20,74.44920349121094,17757.0,17.790000915527344,1842.5,86.9000015258789,95.73999786376952,282.543,0.08,1.76,4.0,-0.2284840131227761,-1.0112406160797005,-0.03255252530436348,-0.06899443333189259,0.24080800166979,0.27653759107510173,-3.92,0,1,2022
2022-01-21,74.45220184326172,17617.150390625,18.88999938964844,1831.800048828125,85.13999938964844,95.63999938964844,282.543,0.08,1.76,4.0,0.004027379622861815,-0.7875745304668613,-0.5807300500339174,-2.025318878396498,-0.10444795942378127,0.26972489351456475,-3.92,0,1,2022
2022-01-24,74.41320037841797,17149.099609375,22.82999992370605,1841.699951171875,83.30999755859375,95.91999816894533,282.543,0.08,1.76,4.0,-0.05238456872753705,-2.656790518738339,0.5404466688426757,-2.14940315265868,0.2927632591842144,0.2671435945007598,-3.92,0,1,2022
2022-01-25,74.6447982788086,17277.94921875,21.36000061035156,1852.699951171875,85.5999984741211,95.9499969482422,282.543,0.08,1.76,4.0,0.3112322803116463,0.7513491221694313,0.5972742733147518,2.7487708349970053,0.03127479135689448,0.27290021780681883,-3.92,0,1,2022
2022-01-26,74.77999877929688,17277.94921875,21.36000061035156,1829.9000244140625,87.3499984741211,96.48999786376952,282.543,0.08,1.76,4.0,0.1811251468364805,0.0,-1.2306324477091457,2.0443925598071955,0.5627940934887166,0.2688658695216815,-3.92,0,1,2022
2022-01-27,74.8949966430664,17110.150390625,21.06999969482422,1793.300048828125,86.61000061035156,97.26000213623048,282.543,0.08,1.76,4.0,0.15378158016414734,-0.971173291462768,-2.000107934730311,-0.847164140465062,0.7980146020400092,0.266934103405494,-3.92,0,1,2022
2022-01-28,75.20929718017578,17101.94921875,20.700000762939453,1784.9000244140625,86.81999969482422,97.2699966430664,282.543,0.08,1.76,4.0,0.41965491848174885,-0.04793161771092791,-0.46841154214832814,0.24246516914070426,0.01027607096073524,0.28080266264896936,-3.92,0,1,2022
2022-01-31,75.03900146484375,17339.849609375,21.950000762939453,1795.0,88.1500015258789,96.54000091552734,282.543,0.08,1.76,4.0,-0.22642907421945857,1.39107178709299,0.5658566557111833,1.5319072054016392,-0.7504839649761563,0.28111554152515056,-3.92,0,1,2022
2022-02-01,74.55580139160156,17576.849609375,19.979999542236328,1800.300048828125,88.19999694824219,96.38999938964844,284.5,0.08,1.93,4.0,-0.6439319071544047,1.3667938611870323,0.2952673441852349,0.056716303457582384,-0.15537758903706456,0.29770441227988836,-3.92,0,2,2022
2022-02-02,74.74549865722656,17780.0,18.649999618530277,1809.199951171875,88.26000213623047,95.94000244140624,284.5,0.08,1.93,4.0,0.25443662610320494,1.1557838585399605,0.49435661291812316,0.06803309531120405,-0.4668502449337364,0.3027906144566582,-3.92,0,2,2022
2022-02-03,74.82240295410156,17560.19921875,19.15999984741211,1803.0,90.2699966430664,95.37999725341795,284.5,0.08,1.93,4.0,0.10288819829495921,-1.2362248664229525,-0.34269021330998184,2.2773560595811926,-0.5837035373542854,0.2998039038465356,-3.92,0,2,2022
2022-02-04,74.6438980102539,17516.30078125,18.899999618530277,1806.5999755859373,92.30999755859376,95.4800033569336,284.5,0.08,1.93,4.0,-0.2385715197588012,-0.24998826581151823,0.1996658672178242,2.259888103899743,0.10485018493964215,0.2881449801940667,-3.92,0,2,2022
2022-02-07,74.64219665527344,17213.599609375,20.440000534057617,1820.5999755859373,91.31999969482422,95.4000015258789,284.5,0.08,1.93,4.0,-0.002279295462614961,-1.7281112927623465,0.7749363549869104,-1.0724709023431034,-0.08378909535184942,0.28058261516852845,-3.92,0,2,2022
2022-02-08,74.6583023071289,17266.75,19.68000030517578,1826.5999755859373,89.36000061035156,95.63999938964844,284.5,0.08,1.93,4.0,0.021577140782502724,0.30876976246183574,0.3295616873810525,-2.1462977343655654,0.2515700837849799,0.2695029339494284,-3.92,0,2,2022
2022-02-09,74.69519805908203,17463.80078125,18.559999465942383,1835.199951171875,89.66000366210938,95.48999786376952,284.5,0.08,1.93,4.0,0.04941948961194598,1.141215233034587,0.47081877263133176,0.33572409322819574,-0.15683973947741014,0.26366479138619636,-3.92,0,2,2022
2022-02-10,74.80889892578125,17605.849609375,17.709999084472656,1836.199951171875,89.87999725341797,95.5500030517578,284.5,0.08,1.93,4.0,0.15221978072712528,0.8133901085124018,0.054489975294602644,0.2453642452856286,0.0628392390100263,0.26136798651021537,-3.92,0,2,2022
2022-02-11,75.53839874267578,17374.75,18.68000030517578,1840.800048828125,93.0999984741211,96.08000183105467,284.5,0.08,1.93,4.0,0.9751511215507547,-1.312629691281364,0.25052269788561343,3.5825559847585176,0.5546821165560711,0.3122065733893936,-3.92,0,2,2022
2022-02-14,75.34100341796875,16842.80078125,22.979999542236328,1868.0,95.45999908447266,96.37000274658205,284.5,0.08,1.93,4.0,-0.2613178568683483,-3.061622289529342,1.4776157350273156,2.5349093974556425,0.30183275395572196,0.31704855195034143,-3.92,0,2,2022
2022-02-15,75.6854019165039,17352.44921875,20.61000061035156,1854.800048828125,92.06999969482422,95.98999786376952,284.5,0.08,1.93,4.0,0.4571196067359784,3.025912638397754,-0.7066355017063652,-3.5512250389282185,-0.3943186385620412,0.32401928404360836,-3.92,0,2,2022
2022-02-16,75.17479705810547,17322.19921875,20.59000015258789,1870.199951171875,93.66000366210938,95.6999969482422,284.5,0.08,1.93,4.0,-0.6746411401259866,-0.17432697608654735,0.8302729101975048,1.7269512029492784,-0.3021157641225125,0.34949380986029993,-3.92,0,2,2022
2022-02-17,75.04199981689453,17304.599609375,22.01000022888184,1900.699951171875,91.76000213623048,95.8000030517578,284.5,0.08,1.93,4.0,-0.1766512799606157,-0.1016014719190439,1.6308416637958123,-2.0286156860866655,0.10449958903309131,0.3501587115414046,-3.92,0,2,2022
2022-02-18,75.06300354003906,17276.30078125,22.170000076293945,1898.5999755859373,91.06999969482422,96.04000091552734,284.5,0.08,1.93,4.0,0.02798929025848995,-0.16353356196504576,-0.11048432892540871,-0.7519642821954831,0.250519682801964,0.35006720695049315,-3.92,0,2,2022
2022-02-21,74.68240356445312,17206.650390625,22.899999618530277,1898.5999755859373,91.06999969482422,96.04000091552734,284.5,0.08,1.93,4.0,-0.5070406959973628,-0.40315569581070854,0.0,0.0,0.0,0.3612972606968434,-3.92,0,2,2022
2022-02-22,74.51699829101562,17092.19921875,26.65999984741211,1906.0999755859373,92.3499984741211,96.02999877929688,284.5,0.08,1.93,4.0,-0.22147824058013077,-0.6651566067580439,0.39502792038568213,1.4055109076382521,-0.010414552410575872,0.3595833378353578,-3.92,0,2,2022
2022-02-23,74.62300109863281,17063.25,24.540000915527344,1909.199951171875,92.0999984741211,96.19000244140624,284.5,0.08,1.93,4.0,0.14225319061189623,-0.16937094155936583,0.16263446963136197,-0.2707092627295071,0.16661841522782606,0.35409775823969025,-3.92,0,2,2022
2022-02-24,74.63300323486328,16247.9501953125,31.979999542236328,1925.0999755859373,92.80999755859376,97.13999938964844,284.5,0.08,1.93,4.0,0.01340355665573334,-4.778103847083647,0.8328108537978274,0.7709002130680487,0.9876254539247897,0.35395403233675915,-3.92,1,2,2022
2022-02-25,75.4083023071289,16658.400390625,26.739999771118164,1886.5,91.58999633789062,96.62000274658205,284.5,0.08,1.93,4.0,1.0388153211868367,2.5261660109649586,-2.0050894018732057,-1.314514872099759,-0.5353064096496274,0.39716695946385416,-3.92,1,2,2022
2022-02-28,75.06800079345703,16793.900390625,28.56999969482422,1899.4000244140625,95.72000122070312,96.70999908447266,284.5,0.08,1.93,4.0,-0.45127857710662855,0.8134034290366632,0.6838072840743337,4.5092314094830055,0.0931446236103417,0.39707350334803493,-3.92,1,2,2022
2022-03-01,75.28479766845703,16793.900390625,28.56999969482422,1942.4000244140625,103.41000366210938,97.41000366210938,287.674,0.2,2.13,4.0,0.28880065102105945,0.0,2.2638727728386154,8.033851173565365,0.7238182031470197,0.39794331601092714,-3.8,1,3,2022
2022-03-02,75.80120086669922,16605.94921875,29.229999542236328,1920.9000244140625,110.5999984741211,97.38999938964844,287.674,0.2,2.13,4.0,0.6859329031026373,-1.1191633122935585,-1.1068780750497331,6.952900645381388,-0.020536158206430066,0.4069378748341749,-3.8,1,3,2022
2022-03-03,75.63099670410156,16498.05078125,28.15999984741211,1934.4000244140625,107.66999816894533,97.79000091552734,287.674,0.2,2.13,4.0,-0.2245401928354318,-0.649757722841704,0.7027955556467846,-2.649186569257822,0.4107213557713818,0.40684437301634374,-3.8,1,3,2022
2022-03-04,75.8917007446289,16245.349609375,27.959999084472656,1965.0999755859373,115.68000030517578,98.6500015258789,287.674,0.2,2.13,4.0,0.3447052820780838,-1.5317032007332254,1.5870528734703626,7.439400271616914,0.8794361410165541,0.41016237567993724,-3.8,0,3,2022
2022-03-07,76.41799926757812,15863.150390625,29.32999992370605,1993.9000244140625,119.4000015258789,99.29000091552734,287.674,0.2,2.13,4.0,0.6934862676489351,-2.352668473994779,1.4655767740029635,3.2157686816125297,0.648757607449757,0.42515445265180357,-3.8,0,3,2022
2022-03-08,77.08080291748047,16013.4501953125,28.59000015258789,2040.0999755859373,123.6999969482422,99.05999755859376,287.674,0.2,2.13,4.0,0.8673397056386367,0.9474776509483585,2.3170645772699228,3.601336153610779,-0.23164805601044725,0.44672999524761425,-3.8,0,3,2022
2022-03-09,76.91449737548828,16345.349609375,27.46999931335449,1985.9000244140625,108.6999969482422,97.97000122070312,287.674,0.2,2.13,4.0,-0.21575481273882202,2.0726290088294297,-2.6567301514872077,-12.126111859385258,-1.100339556586305,0.4503536440143032,-3.8,0,3,2022
2022-03-10,76.13490295410156,16594.900390625,25.57999992370605,1998.0999755859373,106.0199966430664,98.51000213623048,287.674,0.2,2.13,4.0,-1.0135857972012996,1.526738719047449,0.614328567495459,-2.4655017299143878,0.5511900671623549,0.4934548015748015,-3.8,0,3,2022
2022-03-11,76.310302734375,16630.44921875,25.350000381469727,1982.699951171875,109.33000183105467,99.12000274658205,287.674,0.2,2.13,4.0,0.23038025067054768,0.21421537513466316,-0.7707334268670096,3.122057435194936,0.6192270806247624,0.48984064575407443,-3.8,0,3,2022
2022-03-14,76.75370025634766,16871.30078125,25.68000030517578,1959.5999755859373,103.01000213623048,99.05999755859376,287.674,0.2,2.13,4.0,0.5810454238611262,1.4482565042708062,-1.1650767213810864,-5.780663668688446,-0.06053792002175262,0.4962916877564778,-3.8,0,3,2022
2022-03-15,76.49009704589844,16663.0,26.729999542236328,1928.5,96.44000244140624,99.06999969482422,287.674,0.2,2.13,4.0,-0.34344039384266445,-1.234645650331223,-1.5870573572873248,-6.378021122779353,0.010097048735069336,0.48413299059548126,-3.8,0,3,2022
2022-03-16,76.26589965820312,16975.349609375,24.1200008392334,1908.0,95.04000091552734,98.37999725341795,287.674,0.2,2.13,4.0,-0.29310642338548076,1.8745100484606647,-1.0630023334197602,-1.451681346368161,-0.6964797047862681,0.48789177802775996,-3.8,0,3,2022
2022-03-17,76.02420043945312,17287.05078125,22.61000061035156,1942.0999755859373,102.9800033569336,98.01000213623048,287.674,0.2,2.13,4.0,-0.31691649850484893,1.8361988356508263,1.787210460478894,8.354379592718452,-0.37608774905166786,0.4928603931947225,-3.8,0,3,2022
2022-03-18,75.98159790039062,17287.05078125,22.61000061035156,1928.199951171875,104.6999969482422,98.2300033569336,287.674,0.2,2.13,4.0,-0.056038128406799004,0.0,-0.7157213628957826,1.6702209509034782,0.22446813172936064,0.49023989088619774,-3.8,0,3,2022
2022-03-21,75.94640350341797,17117.599609375,24.6200008392334,1928.5999755859373,112.12000274658205,98.5,287.674,0.2,2.13,4.0,-0.046319632575764214,-0.9802202470463706,0.02074600270678406,7.086920739842895,0.27486168567594227,0.4904998800848751,-3.8,0,3,2022
2022-03-22,76.30709838867188,17315.5,24.06999969482422,1920.699951171875,111.76000213623048,98.48999786376952,287.674,0.2,2.13,4.0,0.47493346441043194,1.1561223252155806,-0.4096248322134399,-0.32108508877336517,-0.010154453025867927,0.4962597214620413,-3.8,0,3,2022
2022-03-23,76.10189819335938,17245.650390625,24.75,1936.5999755859373,114.93000030517578,98.62000274658205,287.674,0.2,2.13,4.0,-0.2689136392885816,-0.40339354552280104,0.827824481609496,2.8364335257270445,0.13199805628216765,0.5001918292309786,-3.8,0,3,2022
2022-03-24,76.55239868164062,17222.75,23.93000030517578,1961.5999755859373,112.33999633789062,98.79000091552734,287.674,0.2,2.13,4.0,0.5919701071537276,-0.1327893706893679,1.2909222511187979,-2.2535490824048265,0.1723769663463992,0.5092455308577993,-3.8,0,3,2022
2022-03-25,76.32350158691406,17153.0,23.43000030517578,1953.800048828125,113.9000015258789,98.80999755859376,287.674,0.2,2.13,4.0,-0.2990070836035863,-0.4049875890900112,-0.39763085516364427,1.388646287023354,0.020241565827627817,0.4843742197136957,-3.8,0,3,2022
2022-03-28,76.27850341796875,17222.0,22.61000061035156,1939.5999755859373,105.95999908447266,99.08999633789062,287.674,0.2,2.13,4.0,-0.0589571599962202,0.4022619949862971,-0.7267925523241181,-6.971029266933082,0.2833708999241846,0.4814971999619204,-3.8,0,3,2022
2022-03-29,76.03410339355469,17325.30078125,21.299999237060547,1912.0,104.23999786376952,98.4000015258789,287.674,0.2,2.13,4.0,-0.32040484994162455,0.5998187274997013,-1.4229725682276095,-1.623255224202047,-0.6963314537411835,0.4793225502454027,-3.8,0,3,2022
2022-03-30,75.66670227050781,17498.25,20.61000061035156,1933.5,107.81999969482422,97.79000091552734,287.674,0.2,2.13,4.0,-0.4832057019798053,0.9982465582194733,1.124476987447709,3.4343840218928,-0.6199193098499478,0.47100724812179756,-3.8,0,3,2022
2022-03-31,75.82779693603516,17464.75,20.559999465942383,1949.199951171875,100.27999877929688,98.30999755859376,287.674,0.2,2.13,4.0,0.21290033884577841,-0.1914477162001882,0.8119964402314439,-6.993137578249586,0.5317482750773372,0.4706882404468921,-3.8,0,3,2022
2022-04-01,75.9092025756836,17670.44921875,18.43000030517578,1919.0999755859373,99.2699966430664,98.62999725341795,288.561,0.33,2.75,4.0,0.1073559340212693,1.1777965258592316,-1.5442220572518206,-1.0071820388164898,0.3255006639924618,0.47086584283704197,-3.67,0,4,2022
2022-04-04,75.99479675292969,18053.400390625,17.90999984741211,1929.199951171875,103.27999877929688,98.98999786376952,288.561,0.33,2.75,4.0,0.11275863049773349,2.1671841339984343,0.5262870988706148,4.039490552869429,0.3650011359389804,0.459568316378466,-3.67,0,4,2022
2022-04-05,75.47799682617188,17957.400390625,18.489999771118164,1922.9000244140625,101.95999908447266,99.47000122070312,288.561,0.33,2.75,4.0,-0.6800464621781965,-0.5317557796472028,-0.3265564439800861,-1.2780787281426842,0.48490086603920624,0.47653548654497124,-3.67,0,4,2022
2022-04-06,75.45069885253906,17807.650390625,19.020000457763672,1918.4000244140625,96.2300033569336,99.5999984741211,288.561,0.33,2.75,4.0,-0.036166796656889044,-0.8339180323571727,-0.23402152700950918,-5.619846782061888,0.13068990833682292,0.47637797552624256,-3.67,0,4,2022
2022-04-07,75.94509887695312,17639.55078125,19.0,1933.800048828125,96.02999877929688,99.75,288.561,0.33,2.75,4.0,0.6552623526792312,-0.943974110495216,0.8027535559882004,-0.20784014409193086,0.1506039439527429,0.48947485193532536,-3.67,0,4,2022
2022-04-08,75.91320037841797,17784.349609375,17.690000534057617,1941.5999755859373,98.26000213623048,99.8000030517578,288.561,0.33,2.75,4.0,-0.042002050174216876,0.8208759390795572,0.403347117637054,2.3221945072172234,0.05012837268951742,0.453331899653351,-3.67,0,4,2022
2022-04-11,75.91729736328125,17674.94921875,18.270000457763672,1944.300048828125,94.29000091552734,99.93000030517578,288.561,0.33,2.75,4.0,0.005396933396117909,-0.6151497975913078,0.13906434261119482,-4.040302396084849,0.1302577649727743,0.44442848471408636,-3.67,0,4,2022
2022-04-12,75.83699798583984,17530.30078125,18.15999984741211,1972.0999755859373,100.5999984741211,100.29000091552734,288.561,0.33,2.75,4.0,-0.10577217607886658,-0.8183810641252287,1.4298166980229121,6.692117400917996,0.36025278620250845,0.44259922707915617,-3.67,0,4,2022
2022-04-13,76.1498031616211,17475.650390625,17.790000915527344,1981.0,104.25,99.87999725341795,288.561,0.33,2.75,4.0,0.4124704090207487,-0.3117481628350238,0.45129681680657896,3.6282321881126567,-0.408818085917384,0.4311934460730934,-3.67,0,4,2022
2022-04-14,76.12169647216797,17475.650390625,17.790000915527344,1970.9000244140625,106.9499969482422,100.31999969482422,288.561,0.33,2.75,4.0,-0.03690973355960914,0.0,-0.5098422809660552,2.589925130208348,0.4405310908147886,0.42893610598238874,-3.67,0,4,2022
2022-04-15,76.30879974365234,17475.650390625,17.790000915527344,1970.9000244140625,106.9499969482422,100.31999969482422,288.561,0.33,2.75,4.0,0.24579493121621443,0.0,0.0,0.0,0.0,0.4267482263381953,-3.67,0,4,2022
2022-04-18,76.3313980102539,17173.650390625,19.34000015258789,1982.9000244140625,108.20999908447266,100.77999877929688,288.561,0.33,2.75,4.0,0.029614234108610304,-1.7281188010147552,0.6088588894085367,1.1781226481383023,0.4585317841626635,0.4073462789869498,-3.67,0,4,2022
2022-04-19,76.28019714355469,16958.650390625,19.770000457763672,1955.699951171875,102.55999755859376,100.95999908447266,288.561,0.33,2.75,4.0,-0.06707707186541789,-1.2519178806467801,-1.371731953567601,-5.221330351798914,0.1786071714189763,0.3727600221243387,-3.67,0,4,2022
2022-04-20,76.44539642333984,17136.55078125,18.670000076293945,1952.300048828125,102.75,100.38999938964844,288.561,0.33,2.75,4.0,0.2165690257384334,1.0490244596548015,-0.1738458060354664,0.18525979517276525,-0.5645797345415038,0.37385128504417775,-3.67,0,4,2022
2022-04-21,76.27619934082031,17392.599609375,17.850000381469727,1944.9000244140625,103.79000091552734,100.58000183105467,288.561,0.33,2.75,4.0,-0.22133063655337404,1.4941678252146096,-0.37904134758919295,1.012166341145826,0.1892643117455961,0.326164990619805,-3.67,0,4,2022
2022-04-22,76.28520202636719,17171.94921875,18.350000381469727,1931.0,102.06999969482422,101.22000122070312,288.561,0.33,2.75,4.0,0.011802745318556518,-1.2686452605167986,-0.7146909475848284,-1.6571935692562545,0.6363087870324913,0.3234257742222695,-3.67,0,4,2022
2022-04-25,76.4635009765625,16953.94921875,21.26000022888184,1893.199951171875,98.54000091552734,101.75,288.561,0.33,2.75,4.0,0.2337267850895719,-1.2695122564301942,-1.9575374846258375,-3.4584097088773413,0.5236107220955688,0.3077227462952166,-3.67,0,4,2022
2022-04-26,76.52780151367188,17200.80078125,19.190000534057617,1901.4000244140625,101.6999969482422,102.3000030517578,288.561,0.33,2.75,4.0,0.08409311146906351,1.4560121616207233,0.43313297346705415,3.206815509798644,0.5405435398111003,0.30169280278926874,-3.67,0,4,2022
2022-04-27,76.79409790039062,17038.400390625,20.61000061035156,1885.9000244140625,102.0199966430664,102.9499969482422,288.561,0.33,2.75,4.0,0.3479733919589778,-0.9441443610115341,-0.815188797779498,0.314650643487302,0.6353801340118759,0.3027655538022079,-3.67,0,4,2022
2022-04-28,76.47219848632812,17245.05078125,19.3799991607666,1888.699951171875,105.36000061035156,103.62000274658205,288.561,0.33,2.75,4.0,-0.4191720755415851,1.2128508890934642,0.14846634082219534,3.273871865503697,0.6508070113656172,0.30727159828411493,-3.67,0,4,2022
2022-04-29,76.58899688720703,17102.55078125,19.420000076293945,1909.300048828125,104.69000244140624,102.95999908447266,288.561,0.33,2.75,4.0,0.15273315425838874,-0.8263240381694681,1.0907025037761198,-0.6359132166514958,-0.6369461924485065,0.30785266185401255,-3.67,0,4,2022
2022-05-02,76.52310180664062,17069.099609375,20.280000686645508,1861.800048828125,105.16999816894533,103.73999786376952,291.298,0.77,2.9,4.0,-0.08603726807318024,-0.19559171203674675,-2.4878226986457253,0.45849242176465577,0.7575745787030463,0.3082639844946284,-3.23,0,5,2022
2022-05-03,76.52410125732422,17069.099609375,20.280000686645508,1868.800048828125,102.41000366210938,103.47000122070312,291.298,0.77,2.9,4.0,0.0013060770669204302,0.0,0.375980224321415,-2.624317347997185,-0.2602628191885503,0.296360703672528,-3.23,0,5,2022
2022-05-04,76.46730041503906,16677.599609375,21.8799991607666,1867.0,107.80999755859376,102.58999633789062,291.298,0.77,2.9,4.4,-0.07422608217789728,-2.2936183451936376,-0.09632110344034439,5.272916417717433,-0.8504927732004508,0.29214666887208784,-3.6300000000000003,0,5,2022
2022-05-05,76.00160217285156,16682.650390625,20.290000915527344,1874.0,108.26000213623048,103.75,291.298,0.77,2.9,4.4,-0.6090161934053429,0.030284821366977077,0.3749330476700674,0.4174052386858973,1.1307181046081638,0.2928386127611688,-3.6300000000000003,0,5,2022
2022-05-06,76.54180145263672,16411.25,21.25,1881.199951171875,109.7699966430664,103.66000366210938,291.298,0.77,2.9,4.4,0.7107735420584627,-1.62684216398562,0.3842023037286646,1.3947852180307585,-0.08674345820782747,0.31712348982107125,-3.6300000000000003,0,5,2022
2022-05-09,76.9574966430664,16301.849609375,22.030000686645508,1857.0999755859373,103.08999633789062,103.6500015258789,291.298,0.77,2.9,4.4,0.543095645177516,-0.6666182687180999,-1.281095907477825,-6.0854518624946285,-0.009648983095811303,0.33133987283055105,-3.6300000000000003,0,5,2022
2022-05-10,77.3655014038086,16240.0498046875,22.299999237060547,1839.9000244140625,99.76000213623048,103.91999816894533,291.298,0.77,2.9,4.4,0.5301689614912286,-0.3790968888092272,-0.9261726023364947,-3.230181705260382,0.26048879796591873,0.3366640932129953,-3.6300000000000003,0,5,2022
2022-05-11,77.27140045166016,16167.099609375,22.799999237060547,1852.5999755859373,105.70999908447266,103.8499984741211,291.298,0.77,2.9,4.4,-0.12163167101739703,-0.44919933245182175,0.6902522421520896,5.964311167633052,-0.06735921483604912,0.32279145303905465,-3.6300000000000003,0,5,2022
2022-05-12,77.41840362548828,15808.0,24.270000457763672,1823.800048828125,106.12999725341795,104.8499984741211,291.298,0.77,2.9,4.4,0.19024266801024314,-2.2211752141785834,-1.5545680199365974,0.3973116758895001,0.9629273131373184,0.32247308286263726,-3.6300000000000003,0,5,2022
2022-05-13,77.44380187988281,15782.150390625,23.489999771118164,1807.4000244140625,110.48999786376952,104.55999755859376,291.298,0.77,2.9,4.4,0.0328064816699003,-0.16352232651188903,-0.8992227204183023,4.108169907835513,-0.27658647567735395,0.3224603382880386,-3.6300000000000003,0,5,2022
2022-05-16,77.48629760742188,15842.2998046875,24.530000686645508,1813.5,114.1999969482422,104.19000244140624,291.298,0.77,2.9,4.4,0.054872987259813044,0.3811230572117186,0.33750002785990496,3.357769170243796,-0.3538591486483056,0.322351742576354,-3.6300000000000003,0,5,2022
2022-05-17,77.8053970336914,16259.2998046875,22.739999771118164,1818.199951171875,112.4000015258789,103.36000061035156,291.298,0.77,2.9,4.4,0.4118140059887976,2.6321935902047233,0.2591646634615419,-1.5761781702840927,-0.7966232955234354,0.29584349032072305,-3.6300000000000003,0,5,2022
2022-05-18,77.37239837646484,16240.2998046875,22.299999237060547,1815.9000244140625,109.58999633789062,103.80999755859376,291.298,0.77,2.9,4.4,-0.556514938210606,-0.11685620062508173,-0.1264947101296654,-2.500004581709292,0.43536856190491413,0.3185851313587008,-3.6300000000000003,0,5,2022
2022-05-19,77.81999969482422,15809.400390625,24.559999465942383,1841.199951171875,112.20999908447266,102.72000122070312,291.298,0.77,2.9,4.4,0.5785025768252794,-2.6532725334179386,1.3932444747874362,2.3907316672444834,-1.049991680498219,0.3141188672744765,-3.6300000000000003,0,5,2022
2022-05-20,77.42109680175781,16266.150390625,23.100000381469727,1841.800048828125,113.2300033569336,103.1500015258789,291.298,0.77,2.9,4.4,-0.5125968833599726,2.8891038794289337,0.032592747782111964,0.9090137071412485,0.41861399928520004,0.3317690342643838,-3.6300000000000003,0,5,2022
2022-05-23,77.81839752197266,16214.7001953125,23.399999618530277,1847.800048828125,110.29000091552734,102.08000183105467,291.298,0.77,2.9,4.4,0.5131685504690786,-0.31630222318707046,0.3257682615340096,-2.596487109638701,-1.0373239738205808,0.3413777908870304,-3.6300000000000003,0,5,2022
2022-05-24,77.52680206298828,16125.150390625,25.63999938964844,1865.0999755859373,109.7699966430664,101.86000061035156,291.298,0.77,2.9,4.4,-0.3747127520867255,-0.5522754266735541,0.9362445232526051,-0.47148813867470274,-0.2155184333433091,0.3499311490148364,-3.6300000000000003,0,5,2022
2022-05-25,77.47879791259766,16025.7998046875,25.280000686645508,1846.199951171875,110.33000183105467,102.05999755859376,291.298,0.77,2.9,4.4,-0.06191942542866924,-0.6161219184365629,-1.0133518128498498,0.5101623440959102,0.1963449313212351,0.3447930752094881,-3.6300000000000003,0,5,2022
2022-05-26,77.49729919433594,16170.150390625,22.71999931335449,1847.4000244140625,114.08999633789062,101.83000183105467,291.298,0.77,2.9,4.4,0.023879154345096687,0.9007387318995308,0.06500234394577475,3.40795290894087,-0.22535345193109846,0.344392859178798,-3.6300000000000003,0,5,2022
2022-05-27,77.63020324707031,16352.4501953125,21.479999542236328,1851.300048828125,115.06999969482422,101.66999816894533,291.298,0.77,2.9,4.4,0.17149507675242592,1.1273847198922216,0.21110882118231533,0.8589739577440358,-0.15712821293552004,0.3432781766892658,-3.6300000000000003,0,5,2022
2022-05-30,77.69200134277344,16661.400390625,19.979999542236328,1851.300048828125,115.06999969482422,101.66999816894533,291.298,0.77,2.9,4.4,0.0796057373525727,1.8893205092962884,0.0,0.0,0.0,0.34325790521149907,-3.6300000000000003,0,5,2022
2022-05-31,77.5208969116211,16584.55078125,20.479999542236328,1842.699951171875,114.66999816894533,101.75,291.298,0.77,2.9,4.4,-0.2202342946443614,-0.4612433983534836,-0.4645436952099624,-0.34761582249042133,0.07868774711861093,0.34633027542459016,-3.6300000000000003,0,5,2022
2022-06-01,77.5989990234375,16522.75,20.850000381469727,1843.300048828125,115.26000213623048,102.5500030517578,294.957,1.21,3.14,4.4,0.10074975255438545,-0.37264067061659745,0.032566216538310044,0.51452339470337,0.7862437855113535,0.3451032635383857,-3.1900000000000004,0,6,2022
2022-06-02,77.58409881591797,16628.0,20.31999969482422,1866.5,116.87000274658205,101.7699966430664,294.957,1.21,3.14,4.4,-0.01920154603415325,0.6370004993115463,1.2586095891780724,1.3968424262639223,-0.7606108098287545,0.34156791194943786,-3.1900000000000004,0,6,2022
2022-06-03,77.3604965209961,16584.30078125,19.979999542236328,1845.4000244140625,118.87000274658205,102.13999938964844,294.957,1.21,3.14,4.4,-0.288206344256714,-0.2628050201467391,-1.1304567686009959,1.7113031171366977,0.36356761205340593,0.3472883087430046,-3.1900000000000004,0,6,2022
2022-06-06,77.69419860839844,16569.55078125,20.200000762939453,1839.199951171875,118.5,102.44000244140624,294.957,1.21,3.14,4.4,0.4313598055976531,-0.08893953501298846,-0.33597448575715116,-0.3112667098787325,0.29371749907041167,0.35277863530008974,-3.1900000000000004,0,6,2022
2022-06-07,77.82099914550781,16416.349609375,20.43000030517578,1847.5,119.41000366210938,102.31999969482422,294.957,1.21,3.14,4.4,0.16320463996093437,-0.9245946006475991,0.45128583343190254,0.7679355798391407,-0.1171444198770466,0.35330787124627333,-3.1900000000000004,0,6,2022
2022-06-08,77.67060089111328,16356.25,19.84000015258789,1851.9000244140625,122.11000061035156,102.54000091552734,294.957,1.21,3.14,4.9,-0.19326178800830318,-0.36609606157923524,0.2381609967016196,2.2611145343251815,0.21501292157866114,0.3517248591230093,-3.6900000000000004,0,6,2022
2022-06-09,77.72429656982422,16478.099609375,19.13999938964844,1848.800048828125,121.51000213623048,103.22000122070312,294.957,1.21,3.14,4.9,0.06913256508238597,0.744972774168895,-0.16739432718125835,-0.4913589969061216,0.6631561333181324,0.3409515617508131,-3.6900000000000004,0,6,2022
2022-06-10,77.8187026977539,16201.7998046875,19.57999992370605,1871.5,120.66999816894533,104.1500015258789,294.957,1.21,3.14,4.9,0.12146282706446687,-1.6767698414100085,1.2278207795517693,-0.6913043803121521,0.9009884655855283,0.34068925936051714,-3.6900000000000004,0,6,2022
2022-06-13,78.17759704589844,15774.400390625,22.3700008392334,1828.0,120.93000030517578,105.08000183105467,294.957,1.21,3.14,4.9,0.4611929211136623,-2.637974911520913,-2.3243387656959658,0.2154654348021312,0.8929431507926466,0.347532256726873,-3.6900000000000004,0,6,2022
2022-06-14,78.16059875488281,15732.099609375,21.88999938964844,1809.5,118.93000030517578,105.5199966430664,294.957,1.21,3.14,4.9,-0.02174317407791504,-0.268160945598539,-1.0120350109409149,-1.6538493301520352,0.4187236432667163,0.3477191557594835,-3.6900000000000004,0,6,2022
2022-06-15,77.9854965209961,15692.150390625,22.149999618530277,1815.300048828125,115.30999755859376,105.16000366210938,294.957,1.21,3.14,4.9,-0.2240287775121197,-0.2539344381356057,0.32053323172838155,-3.043809583194357,-0.3411609101682922,0.3509394109968836,-3.6900000000000004,0,6,2022
2022-06-16,77.90019989013672,15360.599609375,22.8700008392334,1845.699951171875,117.58999633789062,103.62999725341795,294.957,1.21,3.14,4.9,-0.10937499235695869,-2.1128447854290244,1.6746489024431321,1.977277623424012,-1.4549318708731662,0.3289604955209052,-3.6900000000000004,0,6,2022
2022-06-17,77.97769927978516,15293.5,22.76000022888184,1835.5999755859373,109.55999755859376,104.6999969482422,294.957,1.21,3.14,4.9,0.09948548239637756,-0.43682936266399297,-0.5472165494464609,-6.828811148376046,1.0325192735532562,0.30691519751853247,-3.6900000000000004,0,6,2022
2022-06-20,77.9614028930664,15350.150390625,22.40999984741211,1835.5999755859373,109.55999755859376,104.6999969482422,294.957,1.21,3.14,4.9,-0.020898778585753952,0.37042135956451006,0.0,0.0,0.0,0.29343443057923146,-3.6900000000000004,0,6,2022
2022-06-21,77.93399810791016,15638.7998046875,21.13999938964844,1834.5999755859373,110.6500015258789,104.44000244140624,294.957,1.21,3.14,4.9,-0.03515173424193385,1.8804337854487096,-0.054478100528454476,0.9948922887682565,-0.24832331844717448,0.2789042359151526,-3.6900000000000004,0,6,2022
2022-06-22,78.13490295410156,15413.2998046875,21.299999237060547,1834.300048828125,106.19000244140624,104.1999969482422,294.957,1.21,3.14,4.9,0.2577884505722716,-1.4419265085317434,-0.016348346331818142,-4.030726636212078,-0.229802266903123,0.28063321476417386,-3.6900000000000004,0,6,2022
2022-06-23,78.19309997558594,15556.650390625,20.8799991607666,1825.699951171875,104.2699966430664,104.43000030517578,294.957,1.21,3.14,4.9,0.07448274623000906,0.9300447519609234,-0.46884901201110774,-1.808085275635296,0.22073259469270745,0.27925206092285537,-3.6900000000000004,0,6,2022
2022-06-24,78.14240264892578,15699.25,20.549999237060547,1826.5,107.62000274658205,104.19000244140624,294.957,1.21,3.14,4.9,-0.06483606184687352,0.9166472588529428,0.04382148488373261,3.2128188466172825,-0.22981697124216938,0.2798297166882618,-3.6900000000000004,0,6,2022
2022-06-27,78.2522964477539,15832.0498046875,21.01000022888184,1820.9000244140625,109.56999969482422,103.94000244140624,294.957,1.21,3.14,4.9,0.14063273600870563,0.8458990377725017,-0.30659598061524296,1.8119279859469373,-0.23994624641706652,0.28052640259906986,-3.6900000000000004,0,6,2022
2022-06-28,78.44110107421875,15850.2001953125,21.450000762939453,1817.5,111.76000213623048,104.51000213623048,294.957,1.21,3.14,4.9,0.24127678679808362,0.11464333961117568,-0.18672219059124862,1.998724511733041,0.5483929973405299,0.2742467131048928,-3.6900000000000004,0,6,2022
2022-06-29,79.07319641113281,15799.099609375,21.899999618530277,1813.699951171875,109.77999877929688,105.11000061035156,294.957,1.21,3.14,4.9,0.8058216015045305,-0.32239710103227903,-0.20908109095598704,-1.7716565131415063,0.5741062691195564,0.28671721031923464,-3.6900000000000004,0,6,2022
2022-06-30,78.89830017089844,15780.25,21.84000015258789,1804.0999755859373,105.76000213623048,104.69000244140624,294.957,1.21,3.14,4.9,-0.22118271193315442,-0.11930812414028269,-0.5293034043329481,-3.6618661757760074,-0.3995796465669166,0.2750256487537707,-3.6900000000000004,0,6,2022
2022-07-01,78.96299743652344,15752.0498046875,21.25,1798.9000244140625,108.43000030517578,105.13999938964844,294.913,1.68,2.9,4.9,0.08200083586700213,-0.17870563085186086,-0.28822965701698067,2.5245821813676184,0.4298375563550616,0.25398356556833157,-3.2200000000000006,0,7,2022
2022-07-04,78.95069885253906,15835.349609375,20.96999931335449,1798.9000244140625,108.43000030517578,105.13999938964844,294.913,1.68,2.9,4.9,-0.015575123011590808,0.5288188249805481,0.0,0.0,0.0,0.2398395828319024,-3.2200000000000006,0,7,2022
2022-07-05,78.93949890136719,15810.849609375,20.790000915527344,1761.800048828125,99.5,106.5,294.913,1.68,2.9,4.9,-0.014186006374428128,-0.15471713984448465,-2.0623700640629905,-8.23572837779427,1.2935139987127142,0.22657097578148672,-3.2200000000000006,0,7,2022
2022-07-06,79.36840057373047,15989.7998046875,20.270000457763672,1734.9000244140625,98.52999877929688,107.0999984741211,294.913,1.68,2.9,4.9,0.543329611072374,1.1318189707300252,-1.5268488857152263,-0.9748755986966118,0.5633788489399993,0.24173756492092416,-3.2200000000000006,0,7,2022
2022-07-07,79.04389953613281,16132.900390625,19.200000762939453,1737.9000244140625,102.7300033569336,107.12999725341795,294.913,1.68,2.9,4.9,-0.40885419795779754,0.894949203151052,0.17292062699769684,4.262665817183819,0.028010065102024306,0.25762911634683355,-3.2200000000000006,0,7,2022
2022-07-08,79.22160339355469,16220.599609375,18.399999618530277,1740.5999755859375,104.79000091552734,107.01000213623048,294.913,1.68,2.9,4.9,0.22481666322731186,0.5436047866567373,0.155357105353926,2.005254055561867,-0.11200888664603115,0.25856277093453056,-3.2200000000000006,0,7,2022
2022-07-11,79.3313980102539,16216.0,18.3700008392334,1730.0,104.08999633789062,108.0199966430664,294.913,1.68,2.9,4.9,0.1385917628475397,-0.028356592763323363,-0.6089840132491808,-0.6680070345652545,0.9438318724170669,0.25887825372545037,-3.2200000000000006,0,7,2022
2022-07-12,79.47779846191406,16058.2998046875,18.549999237060547,1723.300048828125,95.83999633789062,108.06999969482422,294.913,1.68,2.9,4.9,0.18454288633769078,-0.97249750439381,-0.38728041455924345,-7.925833692240081,0.04629055111253777,0.2537295022573052,-3.2200000000000006,0,7,2022
2022-07-13,79.47640228271484,15966.650390625,18.520000457763672,1734.199951171875,96.3000030517578,107.95999908447266,294.913,1.68,2.9,4.9,-0.0017566908321997587,-0.5707292501522909,0.6325017138577804,0.47997363464558074,-0.1017864445842398,0.25417825084349055,-3.2200000000000006,0,7,2022
2022-07-14,79.80750274658203,15938.650390625,18.34000015258789,1704.5,95.77999877929688,108.54000091552734,294.913,1.68,2.9,4.9,0.41660222953900927,-0.1753655232310969,-1.7126024684642305,-0.5399836510715739,0.5372377139433615,0.2606818038078293,-3.2200000000000006,0,7,2022
2022-07-15,79.87830352783203,16049.2001953125,17.600000381469727,1702.4000244140625,97.58999633789062,108.05999755859376,294.913,1.68,2.9,4.9,0.08871444264435535,0.6935957686387662,-0.12320185309108167,1.8897448127604077,-0.442236367131732,0.2504813881499329,-3.2200000000000006,0,7,2022
2022-07-18,79.72049713134766,16278.5,17.15999984741211,1709.199951171875,102.5999984741211,107.37000274658205,294.913,1.68,2.9,4.9,-0.19755852279635944,1.4287304158276504,0.39943178220718245,5.133725099121933,-0.6385293610964404,0.24872081893629916,-3.2200000000000006,0,7,2022
2022-07-19,80.0302963256836,16340.5498046875,17.200000762939453,1710.0,104.22000122070312,106.68000030517578,294.913,1.68,2.9,4.9,0.3886067015180794,0.3811764271124396,0.04680838117134822,1.5789500688839109,-0.6426398656567356,0.2544667084678449,-3.2200000000000006,0,7,2022
2022-07-20,79.85590362548828,16520.849609375,16.81999969482422,1699.5,102.26000213623048,107.08000183105467,294.913,1.68,2.9,4.9,-0.2179083524639469,1.103388850696918,-0.6140350877193002,-1.8806362133138133,0.3749545601186899,0.25546285182937606,-3.2200000000000006,0,7,2022
2022-07-21,80.00340270996094,16605.25,16.860000610351562,1712.699951171875,96.3499984741211,106.91000366210938,294.913,1.68,2.9,4.9,0.18470654989317659,0.5108719746296009,0.7766961560385477,-5.779389339573937,-0.1587580930503818,0.2559638460898604,-3.2200000000000006,0,7,2022
2022-07-22,79.7759017944336,16719.44921875,16.649999618530273,1727.0999755859375,94.6999969482422,106.7300033569336,294.913,1.68,2.9,4.9,-0.2843640493043864,0.6877295960614926,0.8407791688327837,-1.7125080975710305,-0.1683661949396953,0.2651683909529702,-3.2200000000000006,0,7,2022
2022-07-25,79.87680053710938,16631.0,17.68000030517578,1719.0,96.6999969482422,106.4800033569336,294.913,1.68,2.9,4.9,0.12647772122436063,-0.5290199311757782,-0.4689928608903826,2.111932486220769,-0.23423591505373764,0.2555828619100038,-3.2200000000000006,0,7,2022
2022-07-26,79.72250366210938,16483.849609375,18.170000076293945,1717.699951171875,94.9800033569336,107.19000244140624,294.913,1.68,2.9,4.9,-0.1931685720540588,-0.884795806776506,-0.07562820407940318,-1.7786904297724226,0.6667910049670489,0.2596355301978781,-3.2200000000000006,0,7,2022
2022-07-27,79.84120178222656,16641.80078125,18.1299991607666,1719.0999755859375,97.26000213623048,106.4499969482422,294.913,1.68,2.9,4.9,0.14888910240484776,0.9582177441437301,0.08150576083485461,2.4005039994878574,-0.6903680159616954,0.25412469146761407,-3.2200000000000006,0,7,2022
2022-07-28,79.84739685058594,16929.599609375,17.010000228881836,1750.300048828125,96.41999816894533,106.3499984741211,294.913,1.68,2.9,4.9,0.007759237362514604,1.7293731123692924,1.814907433266244,-0.8636684647699067,-0.09393938655510858,0.2520260676528172,-3.2200000000000006,0,7,2022
2022-07-29,79.57150268554688,17158.25,16.549999237060547,1762.9000244140625,98.62000274658205,105.9000015258789,294.913,1.68,2.9,4.9,-0.345526812295871,1.3505953826479233,0.7198751776515966,2.2816890887945362,-0.4231283071919223,0.26382043632235086,-3.2200000000000006,0,7,2022
2022-08-01,79.1948013305664,17340.05078125,17.489999771118164,1769.0,93.88999938964844,105.4499969482422,295.097,2.33,2.9,4.9,-0.4734123929632572,1.0595531668439406,0.346019371572992,-4.79619065625867,-0.42493349495064114,0.2814160868152752,-2.5700000000000003,0,8,2022
2022-08-02,78.95570373535156,17345.44921875,18.530000686645508,1771.0999755859375,94.41999816894533,106.23999786376952,295.097,2.33,2.9,4.9,-0.30191072039795763,0.0311327663805816,0.11870975612988666,0.5644890645886136,0.7491711127455725,0.2884156582551189,-2.5700000000000003,0,8,2022
2022-08-03,78.60449981689453,17388.150390625,18.450000762939453,1758.0,90.66000366210938,106.51000213623048,295.097,2.33,2.9,4.9,-0.4448113332435333,0.24618083588656692,-0.7396519545207259,-3.982201418928444,0.2541455928935399,0.29878239844511917,-2.5700000000000003,0,8,2022
2022-08-04,79.11830139160156,17382.0,19.26000022888184,1788.5,88.54000091552734,105.69000244140624,295.097,2.33,2.9,4.9,0.6536541494493342,-0.03537116074355806,1.7349260523321863,-2.338410170909877,-0.7698804604054366,0.32033137795300565,-2.5700000000000003,0,8,2022
2022-08-05,79.15489959716797,17397.5,18.920000076293945,1772.9000244140625,89.01000213623047,106.62000274658205,295.097,2.33,2.9,5.4,0.046257572423424875,0.08917270739845495,-0.8722379416235659,0.5308348947856256,0.8799321446618436,0.31972265073957035,-3.0700000000000003,0,8,2022
2022-08-08,79.41059875488281,17525.099609375,19.299999237060547,1786.800048828125,90.76000213623048,106.44000244140624,295.097,2.33,2.9,5.4,0.3230364248026918,0.7334364671648164,0.7840275380816442,1.9660711807664377,-0.16882414231750298,0.3233489766845627,-3.0700000000000003,0,8,2022
2022-08-09,79.60189819335938,17525.099609375,19.299999237060547,1794.0,90.5,106.37000274658205,295.097,2.33,2.9,5.4,0.2408991261570126,0.0,0.40295225963291603,-0.2864721574600937,-0.06576446187392948,0.32334126001673263,-3.0700000000000003,0,8,2022
2022-08-10,79.57839965820312,17534.75,19.59000015258789,1795.5999755859375,91.93000030517578,105.1999969482422,295.097,2.33,2.9,5.4,-0.029520068854604897,0.05506610997998429,0.0891848152696495,1.5801108344483783,-1.099939614674339,0.29023600108279957,-3.0700000000000003,0,8,2022
2022-08-11,79.0978012084961,17659.0,18.36000061035156,1789.699951171875,94.33999633789062,105.08999633789062,295.097,2.33,2.9,5.4,-0.6039307799242555,0.7085929368824795,-0.32858233984645047,2.6215555582665973,-0.10456332085797548,0.3090788646342044,-3.0700000000000003,0,8,2022
2022-08-12,79.61399841308594,17698.150390625,17.610000610351562,1798.5999755859375,92.08999633789062,105.62999725341795,295.097,2.33,2.9,5.4,0.6526062630100027,0.22170219505635025,0.4972914263217554,-2.384990552619215,0.5138461645683989,0.3305453365485268,-3.0700000000000003,0,8,2022
2022-08-15,79.62760162353516,17698.150390625,17.610000610351562,1781.4000244140625,89.41000366210938,106.5500030517578,295.097,2.33,2.9,5.4,0.01708645554847621,0.0,-0.9562966421297614,-2.910188709257844,0.8709702000016639,0.33045097910668236,-3.0700000000000003,0,8,2022
2022-08-16,79.55290222167969,17825.25,17.68000030517578,1773.199951171875,86.52999877929688,106.5,295.097,2.33,2.9,5.4,-0.09381094034282,0.7181519343531395,-0.46031621925483046,-3.2211215354563283,-0.04692918848018257,0.3311287923302971,-3.0700000000000003,0,8,2022
2022-08-17,79.14600372314453,17944.25,17.68000030517578,1760.300048828125,88.11000061035156,106.56999969482422,295.097,2.33,2.9,5.4,-0.5114816520474741,0.6675923198833145,-0.7274928208307663,1.82595845758029,0.06572741298047635,0.33034033338856483,-3.0700000000000003,0,8,2022
2022-08-18,79.35970306396484,17956.5,17.350000381469727,1755.300048828125,90.5,107.4800033569336,295.097,2.33,2.9,5.4,0.27000648266188865,0.06826699360520383,-0.2840424848779999,2.7125177313500615,0.8539022846160149,0.32520444787074926,-3.0700000000000003,0,8,2022
2022-08-19,79.7667007446289,17758.44921875,18.290000915527344,1747.5999755859375,90.7699966430664,108.16999816894533,295.097,2.33,2.9,5.4,0.5128518189338793,-1.1029475746944017,-0.4386756126012914,0.29833883211758394,0.6419750562533189,0.3357306741680168,-3.0700000000000003,0,8,2022
2022-08-22,79.91790008544922,17490.69921875,19.040000915527344,1734.0,90.2300033569336,109.0500030517578,295.097,2.33,2.9,5.4,0.1895519551502689,-1.50773300473388,-0.7782087305979513,-0.5949028380558663,0.8135387794294235,0.3364617010542923,-3.0700000000000003,0,8,2022
2022-08-23,79.88379669189453,17577.5,19.049999237060547,1746.800048828125,93.73999786376952,108.62000274658205,295.097,2.33,2.9,5.4,-0.04267303510004927,0.49626821755044404,0.7381804399149372,3.89005250609491,-0.39431480343165015,0.3353042569073728,-3.0700000000000003,0,8,2022
2022-08-24,79.85449981689453,17604.94921875,18.43000030517578,1747.800048828125,94.88999938964844,108.68000030517578,295.097,2.33,2.9,5.4,-0.03667436478137498,0.1561611079505143,0.05724753675562244,1.2267991808045497,0.05523619690355197,0.33543408968190563,-3.0700000000000003,0,8,2022
2022-08-25,79.79679870605469,17522.44921875,19.56999969482422,1757.699951171875,92.5199966430664,108.47000122070312,295.097,2.33,2.9,5.4,-0.07225780760277134,-0.46861822192667546,0.5664207613672811,-2.497631743941786,-0.19322698185771925,0.3270907815803773,-3.0700000000000003,0,8,2022
2022-08-26,79.88289642333984,17558.900390625,18.21999931335449,1736.0999755859375,93.05999755859376,108.8000030517578,295.097,2.33,2.9,5.4,0.10789620471156613,0.2080255529346653,-1.2288772933933712,0.5836585982710751,0.3042332694209282,0.3272887261615967,-3.0700000000000003,0,8,2022
2022-08-29,79.95909881591797,17312.900390625,19.81999969482422,1736.5999755859375,97.01000213623048,108.83999633789062,295.097,2.33,2.9,5.4,0.09539262594371323,-1.4009988924553851,0.028800184726174294,4.2445784238815065,0.03675853401750029,0.32553476285107635,-3.0700000000000003,0,8,2022
2022-08-30,79.96790313720703,17759.30078125,18.700000762939453,1723.199951171875,91.63999938964844,108.7699966430664,295.097,2.33,2.9,5.4,0.011011031163987717,2.578426378902554,-0.7716241277465952,-5.535514512246875,-0.06431431199878102,0.317613791395737,-3.0700000000000003,0,8,2022
2022-08-31,79.68229675292969,17759.30078125,18.700000762939453,1712.800048828125,89.55000305175781,108.6999969482422,295.097,2.33,2.9,5.4,-0.3571512732893689,0.0,-0.6035226693615781,-2.2806594847344708,-0.06435570192570017,0.321865015173141,-3.0700000000000003,0,8,2022
2022-09-01,79.54879760742188,17542.80078125,19.8700008392334,1696.5999755859375,86.61000061035156,109.69000244140624,296.349,2.56,3.52,5.4,-0.16753927904682442,-1.2190795272107646,-0.9458239596192963,-3.2830846914734257,0.9107686485358757,0.32106367511520256,-2.8400000000000003,0,9,2022
2022-09-02,79.716796875,17539.44921875,19.549999237060547,1709.800048828125,86.87000274658203,109.52999877929688,296.349,2.56,3.52,5.4,0.21119020353672635,-0.01910505934481499,0.7780309697121623,0.3001987465629741,-0.14586895664883137,0.319658114237224,-2.8400000000000003,0,9,2022
2022-09-05,79.72450256347656,17665.80078125,19.65999984741211,1709.800048828125,86.87000274658203,109.52999877929688,296.349,2.56,3.52,5.4,0.009666329780722016,0.7203850071011875,0.0,0.0,0.0,0.3187496135925857,-2.8400000000000003,0,9,2022
2022-09-06,79.78299713134766,17655.599609375,19.520000457763672,1700.4000244140625,86.87999725341797,110.20999908447266,296.349,2.56,3.52,5.4,0.07337087845047385,-0.05774531254664206,-0.5497733153362105,0.011505130102373862,0.6208347601153408,0.3170591520396701,-2.8400000000000003,0,9,2022
2022-09-07,79.89510345458984,17624.400390625,19.3700008392334,1715.300048828125,81.94000244140625,109.83999633789062,296.349,2.56,3.52,5.4,0.14051405346131585,-0.17671004916441913,0.8762658315767169,-5.685997891554228,-0.3357252061116811,0.31692994195058943,-2.8400000000000003,0,9,2022
2022-09-08,79.6498031616211,17798.75,18.309999465942383,1708.0,83.54000091552734,109.70999908447266,296.349,2.56,3.52,5.4,-0.30702794334345196,0.9892512965589573,-0.4255843654357938,1.9526463588589893,-0.11835147282605041,0.32192941335144126,-2.8400000000000003,0,9,2022
2022-09-09,79.706298828125,17833.349609375,17.719999313354492,1716.199951171875,86.79000091552734,109.0,296.349,2.56,3.52,5.4,0.07093007673761864,0.19439347917691308,0.48009081802546927,3.8903518845855523,-0.6471598672842749,0.3157825862558917,-2.8400000000000003,0,9,2022
2022-09-12,79.65579986572266,17936.349609375,17.940000534057617,1728.0999755859375,87.77999877929688,108.33000183105467,296.349,2.56,3.52,5.4,-0.0633563007501281,0.5775695663245095,0.6933938208037338,1.1406819372350219,-0.6146772192158978,0.3029230073692287,-2.8400000000000003,0,9,2022
2022-09-13,79.35530090332031,18070.05078125,17.469999313354492,1705.0,87.30999755859375,109.81999969482422,296.349,2.56,3.52,5.4,-0.37724680802766475,0.7454201929980142,-1.3367268047154046,-0.5354308808830588,1.3754249409995145,0.3059787109513534,-2.8400000000000003,0,9,2022
2022-09-14,79.60240173339844,18003.75,18.280000686645508,1696.5,88.4800033569336,109.66000366210938,296.349,2.56,3.52,5.4,0.3113854112646752,-0.3669097671756161,-0.49853372434017773,1.3400593643982717,-0.1456893399740089,0.29763276555008766,-2.8400000000000003,0,9,2022
2022-09-15,79.45369720458984,17877.400390625,18.38999938964844,1665.4000244140625,85.0999984741211,109.73999786376952,296.349,2.56,3.52,5.4,-0.18680909818101776,-0.7017960667916379,-1.833184532032861,-3.8200777063461033,0.07294747308839167,0.2769588292562967,-2.8400000000000003,0,9,2022
2022-09-16,79.8490982055664,17530.849609375,19.81999969482422,1671.699951171875,85.11000061035156,109.76000213623048,296.349,2.56,3.52,5.4,0.4976495932699221,-1.9384853148544656,0.37828309507974556,0.011753391785918055,0.018228788819363295,0.2906673433766312,-2.8400000000000003,0,9,2022
2022-09-19,79.68949890136719,17622.25,19.940000534057617,1666.199951171875,85.7300033569336,109.73999786376952,296.349,2.56,3.52,5.4,-0.1998761511223801,0.521368859248672,-0.3290064102798196,0.7284722619384176,-0.018225466537558077,0.28812668118960527,-2.8400000000000003,0,9,2022
2022-09-20,79.7074966430664,17816.25,18.799999237060547,1659.699951171875,84.44999694824219,110.22000122070312,296.349,2.56,3.52,5.4,0.022584834824335154,1.1008809885230342,-0.39010924201674513,-1.4930670227109921,0.4374005524671931,0.2848871334321918,-2.8400000000000003,0,9,2022
2022-09-21,79.76270294189453,17718.349609375,19.32999992370605,1664.5999755859375,82.94000244140625,110.63999938964844,296.349,2.56,3.52,5.4,0.06926111238361177,-0.5495005437451739,0.2952355581262056,-1.7880338204883328,0.38105440418596537,0.2850474591439226,-2.8400000000000003,0,9,2022
2022-09-22,80.05069732666016,17629.80078125,18.81999969482422,1670.800048828125,83.48999786376953,111.3499984741211,296.349,2.56,3.52,5.4,0.3610639736913335,-0.4997577656902563,0.372466258147397,0.6631244347404364,0.641720072658547,0.2675085075637703,-2.8400000000000003,0,9,2022
2022-09-23,81.06220245361328,17327.349609375,20.59000015258789,1645.300048828125,78.73999786376953,113.19000244140624,296.349,2.56,3.52,5.4,1.2635806566750007,-1.7155677232420508,-1.526214942229942,-5.68930425384675,1.6524508239780245,0.3313687873471703,-2.8400000000000003,0,9,2022
2022-09-26,81.25479888916016,17016.30078125,21.88999938964844,1623.300048828125,76.70999908447266,114.0999984741211,296.349,2.56,3.52,5.4,0.23759092365778223,-1.7951321762256445,-1.3371421228407288,-2.5781036758586673,0.8039544244960339,0.3328118725167663,-2.8400000000000003,0,9,2022
2022-09-27,81.61579895019531,17007.400390625,21.56999969482422,1626.699951171875,78.5,114.11000061035156,296.349,2.56,3.52,5.4,0.44428152671647236,-0.052305085220449854,0.2094438638256868,2.3334649157747966,0.008766114254354918,0.33824683248188764,-2.8400000000000003,0,9,2022
2022-09-28,81.72460174560547,16858.599609375,22.100000381469727,1660.4000244140625,82.1500015258789,112.5999984741211,296.349,2.56,3.52,5.4,0.13331094813706645,-0.874917846539458,2.071683423726056,4.6496834724572,-1.3232864149976042,0.31891040573804486,-2.8400000000000003,0,9,2022
2022-09-29,81.42870330810547,16818.099609375,21.299999237060547,1658.5,81.2300033569336,112.25,296.349,2.56,3.52,5.4,-0.36206776317011524,-0.24023347691036756,-0.11443172645898558,-1.119900367446125,-0.3108334625790743,0.3285324513965694,-2.8400000000000003,0,9,2022
2022-09-30,81.48059844970703,17094.349609375,19.96999931335449,1662.4000244140625,79.48999786376953,112.12000274658205,296.349,2.56,3.52,5.9,0.0637307724343783,1.642575596626905,0.23515371806226426,-2.1420724132169333,-0.11581047075096551,0.31850701737418174,-3.3400000000000003,0,9,2022
2022-10-03,81.52130126953125,16887.349609375,21.3700008392334,1692.9000244140625,83.62999725341797,111.75,298.007,3.08,3.98,5.9,0.04995400205527467,-1.2109264448790458,1.8346967969246952,5.208201661728062,-0.3300060092027879,0.31773979124726986,-2.8200000000000003,0,10,2022
2022-10-04,81.49500274658203,17274.30078125,19.56999969482422,1721.0999755859375,86.5199966430664,110.06999969482422,298.007,3.08,3.98,5.9,-0.03225969475422197,2.291367093271912,1.6657777048373124,3.4556970997991154,-1.5033559777859362,0.3176218280157229,-2.8200000000000003,0,10,2022
2022-10-05,81.46549987792969,17274.30078125,19.56999969482422,1711.4000244140625,87.76000213623047,111.06999969482422,298.007,3.08,3.98,5.9,-0.036202058602397,0.0,-0.563590221920296,1.4332010416963303,0.9085127671232485,0.31761652006888996,-2.8200000000000003,1,10,2022
2022-10-06,81.6488037109375,17331.80078125,19.31999969482422,1711.699951171875,88.44999694824219,112.26000213623048,298.007,3.08,3.98,5.9,0.2250079276288508,0.33286441360573793,0.017525228090087275,0.7862292561714224,1.0713986176968726,0.31775639195028815,-2.8200000000000003,1,10,2022
2022-10-07,82.3489990234375,17314.650390625,18.809999465942383,1700.5,92.63999938964844,112.8000030517578,298.007,3.08,3.98,5.9,0.8575695915630455,-0.09895331040011834,-0.6543174324569634,4.737142550562323,0.4810269955918933,0.34828215937726986,-2.8200000000000003,1,10,2022
2022-10-10,82.8322982788086,17241.0,19.6200008392334,1667.300048828125,91.12999725341795,113.13999938964844,298.007,3.08,3.98,5.9,0.5868914754307397,-0.425364584114718,-1.9523640794986807,-1.6299677743728647,0.30141518501078934,0.3593458223342907,-2.8200000000000003,1,10,2022
2022-10-11,82.42070007324219,16983.55078125,20.489999771118164,1678.699951171875,89.3499984741211,113.22000122070312,298.007,3.08,3.98,5.9,-0.49690545127818453,-1.49323831999304,0.6837343015591246,-1.9532523131181145,0.0707104750629961,0.37615059005347684,-2.8200000000000003,1,10,2022
2022-10-12,82.2739028930664,17123.599609375,20.18000030517578,1670.300048828125,87.2699966430664,113.31999969482422,298.007,3.08,3.98,5.9,-0.17810717458761616,0.8246145339619648,-0.5003814015653085,-2.32792598385676,0.08832226907167229,0.36999357479396683,-2.8200000000000003,1,10,2022
2022-10-13,82.19999694824219,17014.349609375,20.290000915527344,1670.0,89.11000061035156,112.36000061035156,298.007,3.08,3.98,5.9,-0.08982914657673646,-0.6380083772817624,-0.017963768146656012,2.1084038479006306,-0.8471576836021621,0.36827032061657,-2.8200000000000003,0,10,2022
2022-10-14,82.19210052490234,17185.69921875,18.26000022888184,1641.699951171875,85.61000061035156,113.30999755859376,298.007,3.08,3.98,5.9,-0.009606354784674753,1.0070888003887335,-1.6946137022829322,-3.9277297452890103,0.8454938973671444,0.36838448670566465,-2.8200000000000003,0,10,2022
2022-10-17,82.41280364990234,17311.80078125,18.420000076293945,1657.0,85.45999908447266,112.04000091552734,298.007,3.08,3.98,5.9,0.2685210909449065,0.7337586960815656,0.931963774330602,-0.17521495714224455,-1.12081605368467,0.3691625314480919,-2.8200000000000003,0,10,2022
2022-10-18,82.1947021484375,17486.94921875,17.450000762939453,1649.0,82.81999969482422,112.12999725341795,298.007,3.08,3.98,5.9,-0.26464516653427195,1.0117285874136073,-0.48280024140011646,-3.089163840311937,0.08032518489398122,0.3754634488794253,-2.8200000000000003,0,10,2022
2022-10-19,82.2863998413086,17512.25,17.489999771118164,1627.5,85.55000305175781,112.9800033569336,298.007,3.08,3.98,5.9,0.11156156111558069,0.14468379208691928,-1.3038204972710687,3.2963093057149617,0.7580541552985043,0.37539291447832496,-2.8200000000000003,0,10,2022
2022-10-20,82.99700164794922,17563.94921875,17.229999542236328,1630.800048828125,85.9800033569336,112.87999725341795,298.007,3.08,3.98,5.9,0.8635713896962827,0.2952174549244013,0.20276797715053085,0.5026303797039278,-0.08851664059497111,0.39219260979543746,-2.8200000000000003,0,10,2022
2022-10-21,82.82569885253906,17576.30078125,17.280000686645508,1651.0,85.05000305175781,112.01000213623048,298.007,3.08,3.98,5.9,-0.20639636614437906,0.07032337856462956,1.23865284320972,-1.0816472073338024,-0.7707256718250233,0.39706732956613916,-2.8200000000000003,0,10,2022
2022-10-24,82.54129791259766,17730.75,17.420000076293945,1648.699951171875,84.58000183105469,111.98999786376952,298.007,3.08,3.98,5.9,-0.34337282254357504,0.8787356376761757,-0.1393124668761403,-0.552617523619725,-0.01785936262784782,0.40495316277049614,-2.8200000000000003,0,10,2022
2022-10-25,82.7614974975586,17656.349609375,16.8799991607666,1652.800048828125,85.31999969482422,110.9499969482422,298.007,3.08,3.98,5.9,0.2667750453767992,-0.41961220267050514,0.24868670938793525,0.8749087819218238,-0.9286551793602382,0.3946524701189617,-2.8200000000000003,0,10,2022
2022-10-26,82.44529724121094,17656.349609375,16.8799991607666,1664.0,87.91000366210938,109.6999969482422,298.007,3.08,3.98,5.9,-0.38206202873140027,0.0,0.6776349734389342,3.035635228022948,-1.1266336497360308,0.4045098256690582,-2.8200000000000003,0,10,2022
2022-10-27,82.04959869384766,17736.94921875,16.600000381469727,1660.699951171875,89.08000183105469,110.58999633789062,298.007,3.08,3.98,5.9,-0.47995284219254364,0.45649078749665506,-0.19832024207482313,1.3309044707156659,0.8113030213376726,0.415513395816053,-2.8200000000000003,0,10,2022
2022-10-28,82.44249725341797,17786.80078125,15.920000076293944,1639.5999755859375,87.9000015258789,110.66999816894533,298.007,3.08,3.98,5.9,0.4788549436254286,0.2810605244745412,-1.2705471311086791,-1.3246523135616028,0.07234092929189195,0.41491947387043193,-2.8200000000000003,0,10,2022
2022-10-31,82.23919677734375,18012.19921875,15.800000190734863,1635.9000244140625,86.52999877929688,111.52999877929688,298.007,3.08,3.98,5.9,-0.24659669811953888,1.26722303955642,-0.22566182160088655,-1.5585924036402687,0.7770855919223107,0.4161983849887493,-2.8200000000000003,0,10,2022
2022-11-01,82.72899627685547,18145.400390625,16.1299991607666,1645.0,88.37000274658203,111.4800033569336,298.786,3.78,3.89,5.9,0.5955791383004616,0.7395053222392978,0.5562672198869079,2.126434754700801,-0.0448268832695109,0.42529284028013303,-2.1200000000000006,0,11,2022
2022-11-02,82.68450164794922,18082.849609375,16.65999984741211,1645.699951171875,90.0,111.3499984741211,298.786,3.78,3.89,5.9,-0.05378359572664193,-0.3447197631545107,0.04255022321428825,1.84451420477183,-0.11661722183148315,0.4264403876181827,-2.1200000000000006,0,11,2022
2022-11-03,82.88839721679688,18052.69921875,15.9399995803833,1627.300048828125,88.16999816894531,112.93000030517578,298.786,3.78,3.89,5.9,0.24659466379297612,-0.16673473084335422,-1.1180593601310962,-2.03333536783854,1.4189509229511899,0.4247257602647888,-2.1200000000000006,0,11,2022
2022-11-04,82.68180084228516,18117.150390625,15.65999984741211,1672.5,92.61000061035156,110.87999725341795,298.786,3.78,3.89,5.9,-0.24924643430052074,0.3570168155688336,2.7776039953065323,5.035729311118531,-1.8152865015655828,0.3702156144395122,-2.1200000000000006,0,11,2022
2022-11-07,81.9749984741211,18202.80078125,15.59000015258789,1676.5,91.79000091552734,110.12000274658205,298.786,3.78,3.89,5.9,-0.854846363968631,0.4727586225111935,0.23916292974588416,-0.8854332031313694,-0.6854207482517638,0.40491926616123464,-2.1200000000000006,0,11,2022
2022-11-08,81.82599639892578,18202.80078125,15.59000015258789,1712.0999755859375,88.91000366210938,109.62000274658205,298.786,3.78,3.89,5.9,-0.18176526742156307,0.0,2.123470061791677,-3.137593664552174,-0.4540501158092458,0.39893148474453144,-2.1200000000000006,0,11,2022
2022-11-09,81.40519714355469,18157.0,15.920000076293944,1710.0999755859375,85.83000183105469,110.5500030517578,298.786,3.78,3.89,5.9,-0.5142610831398553,-0.2516139235956394,-0.1168156082307914,-3.4641791746627515,0.8483855882814639,0.4093753810029203,-2.1200000000000006,0,11,2022
2022-11-10,81.34380340576172,18028.19921875,15.56999969482422,1750.300048828125,86.47000122070312,108.20999908447266,298.786,3.78,3.89,5.9,-0.07541746712400599,-0.7093725904609771,2.3507440393017776,0.745659298607726,-2.116692811116061,0.4042418474877564,-2.1200000000000006,0,11,2022
2022-11-11,80.48290252685547,18349.69921875,14.40999984741211,1766.0,88.95999908447266,106.29000091552734,298.786,3.78,3.89,5.9,-1.0583484455624403,1.7833173247033374,0.8969862728614109,2.8796089147890003,-1.7743260190275834,0.447482272181866,-2.1200000000000006,0,11,2022
2022-11-14,80.49700164794922,18329.150390625,14.90999984741211,1773.5999755859375,85.87000274658203,106.66000366210938,298.786,3.78,3.89,5.9,0.017518156839635424,-0.11198455015547504,0.43034969342794493,-3.473467142188813,0.3481068241556251,0.44729635283214975,-2.1200000000000006,0,11,2022
2022-11-15,80.99199676513672,18403.400390625,14.640000343322754,1773.800048828125,86.91999816894531,106.4000015258789,298.786,3.78,3.89,5.9,0.614923670514278,0.40509242609507723,0.01128062950730424,1.2227732488398813,-0.24376722979884136,0.4630694937045274,-2.1200000000000006,0,11,2022
2022-11-16,81.07140350341797,18409.650390625,15.100000381469728,1773.0,85.58999633789062,106.27999877929688,298.786,3.78,3.89,5.9,0.0980426973686166,0.03396111515991951,-0.04510366479320016,-1.5301447987488226,-0.11278453464387272,0.4635519003150838,-2.1200000000000006,0,11,2022
2022-11-17,81.49530029296875,18343.900390625,14.880000114440918,1760.800048828125,81.63999938964844,106.69000244140624,298.786,3.78,3.89,5.9,0.5228684483461699,-0.357149639481924,-0.6880965127961103,-4.615021751664128,0.38577687882814793,0.4719857522182711,-2.1200000000000006,0,11,2022
2022-11-18,81.52490234375,18307.650390625,14.390000343322754,1751.9000244140625,80.08000183105469,106.93000030517578,298.786,3.78,3.89,5.9,0.03632362930725552,-0.19761337135545398,-0.5054534397580079,-1.9108250493097723,0.2249487845886522,0.4431557823819932,-2.1200000000000006,0,11,2022
2022-11-21,81.5198974609375,18159.94921875,14.800000190734863,1737.4000244140625,79.7300033569336,107.83999633789062,298.786,3.78,3.89,5.9,-0.006139084707390552,-0.8067729540576885,-0.827672800840884,-0.4370610216262061,0.8510203218158985,0.4275216043910919,-2.1200000000000006,0,11,2022
2022-11-22,81.72769927978516,18244.19921875,13.84000015258789,1738.300048828125,80.94999694824219,107.22000122070312,298.786,3.78,3.89,5.9,0.2549093231468236,0.463933015368867,0.051802947013657175,1.5301562021099446,-0.5749213077167581,0.4225696091834162,-2.1200000000000006,0,11,2022
2022-11-23,81.71499633789062,18267.25,14.039999961853027,1744.9000244140625,77.94000244140625,106.08000183105467,298.786,3.78,3.89,5.9,-0.015543006846485685,0.12634580983039712,0.3796798826754211,-3.718338011501676,-1.063233889824211,0.4216099868656091,-2.1200000000000006,0,11,2022
2022-11-24,81.63289642333984,18484.099609375,13.479999542236328,1744.9000244140625,77.94000244140625,106.08000183105467,298.786,3.78,3.89,5.9,-0.10047104966057763,1.1870949889830174,0.0,0.0,0.0,0.4216736190617467,-2.1200000000000006,0,11,2022
2022-11-25,81.65540313720703,18512.75,13.329999923706056,1753.300048828125,76.27999877929688,105.95999908447266,298.786,3.78,3.89,5.9,0.02757064229408357,0.15500019600884762,0.48140433815875294,-2.1298481012460013,-0.11312475915407072,0.42176656610731306,-2.1200000000000006,0,11,2022
2022-11-28,81.6697006225586,18562.75,13.56999969482422,1740.0999755859375,77.23999786376953,106.68000030517578,298.786,3.78,3.89,5.9,0.01750953984946957,0.27008413120686026,-0.7528701804925042,1.2585200574664945,0.6795028566668249,0.4183010456057924,-2.1200000000000006,0,11,2022
2022-11-29,81.65029907226562,18618.05078125,13.619999885559082,1748.4000244140625,78.19999694824219,106.81999969482422,298.786,3.78,3.89,5.9,-0.023756117807549604,0.297912654375021,0.47698689411970197,1.2428781862032556,0.13123302329203224,0.4159337772944387,-2.1200000000000006,0,11,2022
2022-11-30,81.63089752197266,18758.349609375,13.8100004196167,1746.0,80.55000305175781,105.9499969482422,298.786,3.78,3.89,5.9,-0.023761762679885834,0.7535634625419174,-0.13726975409227293,3.0051230117962957,-0.8144567956071325,0.4151761798073469,-2.1200000000000006,0,11,2022
2022-12-01,81.3052978515625,18812.5,13.359999656677246,1801.0999755859375,81.22000122070312,104.7300033569336,298.832,4.1,3.62,5.9,-0.3988681740544564,0.2886735334004964,3.155783252344646,0.8317791974691735,-1.1514805346380386,0.3847875661633019,-1.8000000000000007,0,12,2022
2022-12-02,81.16220092773438,18696.099609375,13.449999809265137,1795.9000244140625,79.9800033569336,104.5500030517578,298.832,4.1,3.62,5.9,-0.17599950754669802,-0.6187396179402005,-0.2887097463972421,-1.5267149041281347,-0.17187081008899208,0.3844501834387573,-1.8000000000000007,0,12,2022
2022-12-05,81.42250061035156,18701.05078125,13.729999542236328,1767.4000244140625,76.93000030517578,105.29000091552734,298.832,4.1,3.62,5.9,0.32071540648455077,0.026482378562620035,-1.5869480267588165,-3.8134570189329753,0.707793249325106,0.3870913681289263,-1.8000000000000007,0,12,2022
2022-12-06,81.89900207519531,18642.75,14.039999961853027,1769.300048828125,74.25,105.58000183105467,298.832,4.1,3.62,5.9,0.5852208680301452,-0.3117513659096294,0.10750392598259939,-3.483686851091139,0.2754306325440936,0.4000771524959828,-1.8000000000000007,0,12,2022
2022-12-07,82.37220001220703,18560.5,14.079999923706056,1785.5,72.01000213623047,105.0999984741211,298.832,4.1,3.62,6.25,0.5777822989555537,-0.4411902750398933,0.9156135604362126,-3.016832139756942,-0.4546347306392917,0.4095615171706668,-2.1500000000000004,0,12,2022
2022-12-08,82.25350189208984,18609.349609375,13.399999618530272,1788.699951171875,71.45999908447266,104.7699966430664,298.832,4.1,3.62,6.25,-0.14409973279770893,0.2631912360927746,0.1792187718776317,-0.7637870232489408,-0.3139884261139536,0.4005414098735781,-2.1500000000000004,0,12,2022
2022-12-09,82.2791976928711,18496.599609375,13.479999542236328,1798.0999755859375,71.0199966430664,104.80999755859376,298.832,4.1,3.62,6.25,0.031239765104418282,-0.6058782405979346,0.5255227075901647,-0.6157325035592631,0.038179743064836735,0.39065226414193915,-2.1500000000000004,0,12,2022
2022-12-12,82.41300201416016,18497.150390625,13.31999969482422,1780.5,73.16999816894531,105.12999725341795,298.832,4.1,3.62,6.25,0.16262229705803488,0.002977743269738653,-0.9788096226519438,3.0273185405575553,0.3053140943403809,0.38909820624108904,-2.1500000000000004,0,12,2022
2022-12-13,82.64469909667969,18608.0,12.880000114440918,1813.9000244140625,75.38999938964844,103.9800033569336,298.832,4.1,3.62,6.25,0.28114141804920223,0.599279386467999,1.8758789336738246,3.0340320845399837,-1.0938779858542969,0.37675757948866256,-2.1500000000000004,0,12,2022
2022-12-14,82.40249633789062,18660.30078125,12.890000343322754,1807.5,77.27999877929688,103.7699966430664,298.832,4.1,3.62,6.25,-0.2930650863713913,0.2810661073194387,-0.3528322580032994,2.5069629990048137,-0.20196836611583446,0.3803913861554276,-2.1500000000000004,0,12,2022
2022-12-15,82.50800323486328,18414.900390625,13.729999542236328,1777.199951171875,76.11000061035156,104.55999755859376,298.832,4.1,3.62,6.25,0.1280384717230243,-1.3150934355333654,-1.6763512491355437,-1.5139728098167993,0.7612999335874449,0.37823606064773796,-2.1500000000000004,0,12,2022
2022-12-16,82.85790252685547,18269.0,14.06999969482422,1790.0,74.29000091552734,104.6999969482422,298.832,4.1,3.62,6.25,0.4240792144686534,-0.792295301794177,0.720236843338018,-2.391275364904788,0.13389383408313194,0.38377136800801287,-2.1500000000000004,0,12,2022
2022-12-19,82.72599792480469,18420.44921875,13.550000190734863,1787.699951171875,75.19000244140625,104.72000122070312,298.832,4.1,3.62,6.25,-0.15919374981526735,0.8289956688926514,-0.12849434793994474,1.2114706081404858,0.01910627797898634,0.34932066635212466,-2.1500000000000004,0,12,2022
2022-12-20,82.58190155029297,18385.30078125,13.779999732971191,1815.9000244140625,76.08999633789062,103.97000122070312,298.832,4.1,3.62,6.25,-0.17418511486884114,-0.19081205394395617,1.5774500202733632,1.1969595255509224,-0.7161955607881798,0.349164172440117,-2.1500000000000004,0,12,2022
2022-12-21,82.63690185546875,18199.099609375,15.5600004196167,1815.9000244140625,78.29000091552734,104.16000366210938,298.832,4.1,3.62,6.25,0.06660091877672691,-1.012771964355863,0.0,2.8913190741490125,0.1827473686404124,0.3336308938325587,-2.1500000000000004,0,12,2022
2022-12-22,82.87860107421875,18127.349609375,15.1899995803833,1787.0,77.48999786376953,104.43000030517578,298.832,4.1,3.62,6.25,0.2924833982434816,-0.39425027358517273,-1.5914986522117425,-1.0218457560384864,0.25921335788567923,0.33559451937992346,-2.1500000000000004,0,12,2022
2022-12-23,82.8749008178711,17806.80078125,16.15999984741211,1795.9000244140625,79.55999755859375,104.30999755859376,298.832,4.1,3.62,6.25,-0.004464670372927859,-1.768316025411787,0.4980427763884965,2.6713121072262203,-0.11491213849595949,0.261063037784284,-2.1500000000000004,0,12,2022
2022-12-26,82.6041030883789,18014.599609375,16.15999984741211,1795.9000244140625,79.55999755859375,104.30999755859376,298.832,4.1,3.62,6.25,-0.3267548157762534,1.1669632893506865,0.0,0.0,0.0,0.2720581137872923,-2.1500000000000004,0,12,2022
2022-12-27,82.90290069580078,18132.30078125,15.289999961853027,1814.800048828125,79.52999877929688,104.18000030517578,298.832,4.1,3.62,6.25,0.3617224765483984,0.6533654614990558,1.0523984719154278,-0.03770585748796851,-0.12462588098993699,0.25869997993023164,-2.1500000000000004,0,12,2022
2022-12-28,82.7761001586914,18122.5,15.399999618530272,1807.9000244140625,78.95999908447266,104.45999908447266,298.832,4.1,3.62,6.25,-0.1529506640239875,-0.05405150382313817,-0.3802085204107186,-0.7167103024935506,0.26876442549113033,0.2620689743314895,-2.1500000000000004,0,12,2022
2022-12-29,82.85199737548828,18191.0,14.8100004196167,1819.5,78.4000015258789,103.83999633789062,298.832,4.1,3.62,6.25,0.09168977114333288,0.377983170092433,0.6416270495763099,-0.7092167744260691,-0.5935312579130492,0.24779479525704923,-2.1500000000000004,0,12,2022
2022-12-30,82.83509826660156,18105.30078125,14.869999885559082,1819.699951171875,80.26000213623047,103.5199966430664,298.832,4.1,3.62,6.25,-0.02039674289339155,-0.471107793689185,0.010989347176426634,2.372449711927116,-0.30816612683898237,0.2481610636985208,-2.1500000000000004,0,12,2022
2023-01-02,82.74980163574219,18197.44921875,14.6899995803833,1819.699951171875,80.26000213623047,103.5199966430664,300.42,4.33,3.53,6.25,-0.1029716058099539,0.5089583355357918,0.0,0.0,0.0,0.24958855388216208,-1.92,0,1,2023
2023-01-03,82.70600128173828,18232.55078125,14.390000343322754,1839.699951171875,76.93000030517578,104.5199966430664,300.42,4.33,3.53,6.25,-0.05293106827821692,0.192892762485819,1.0990822957993807,-4.149017869950288,0.9659969401351276,0.24720001083468626,-1.92,0,1,2023
2023-01-04,82.78569793701172,18042.94921875,15.199999809265137,1852.800048828125,72.83999633789062,104.25,300.42,4.33,3.53,6.25,0.09636139341564487,-1.0399069487028845,0.712077947705847,-5.316526648980114,-0.258320562321146,0.24717780211429388,-1.92,0,1,2023
2023-01-05,82.66649627685547,17992.150390625,14.979999542236328,1834.800048828125,73.66999816894531,105.04000091552734,300.42,4.33,3.53,6.25,-0.14398822879641004,-0.28154392892826285,-0.9715025650708919,1.139486371202536,0.7577946431917004,0.24817869659524922,-1.92,0,1,2023
2023-01-06,82.64520263671875,17859.44921875,15.029999732971191,1864.199951171875,73.7699966430664,103.87999725341795,300.42,4.33,3.53,6.25,-0.025758488741800534,-0.7375503705446151,1.6023491149636415,0.13573839637102125,-1.104344680120728,0.24847824999467652,-1.92,0,1,2023
2023-01-09,82.27339935302734,18101.19921875,14.649999618530272,1872.699951171875,74.62999725341797,103.0,300.42,4.33,3.53,6.25,-0.4498788457519165,1.3536251708490266,0.45595967292331174,1.1657864301019893,-0.8471286837553271,0.2641272985551152,-1.92,0,1,2023
2023-01-10,82.18009948730469,17914.150390625,15.510000228881836,1871.5999755859373,75.12000274658203,103.23999786376952,300.42,4.33,3.53,6.25,-0.1134022253320488,-1.033350475095851,-0.05873741734491178,0.6565798086527685,0.23300763472768882,0.2652015446961506,-1.92,0,1,2023
2023-01-11,81.63739776611328,17895.69921875,15.4399995803833,1874.5999755859373,77.41000366210938,103.19000244140624,300.42,4.33,3.53,6.25,-0.6603809493747836,-0.10299775022909463,0.16029066248843815,3.0484569113404802,-0.04842640778552898,0.29299511035000964,-1.92,0,1,2023
2023-01-12,81.63179779052734,17858.19921875,15.279999732971191,1895.5,78.38999938964844,102.25,300.42,4.33,3.53,6.25,-0.006859571396411468,-0.209547554088918,1.1149058298440595,1.265980727525462,-0.9109433270340195,0.2831371934902718,-1.92,0,1,2023
2023-01-13,81.1156005859375,17956.599609375,14.460000038146973,1918.4000244140625,79.86000061035156,102.1999969482422,300.42,4.33,3.53,6.25,-0.6323482007764225,0.5510095918388247,1.2081257934087208,1.8752407604907262,-0.04890274010542761,0.3050905523299991,-1.92,0,1,2023
2023-01-16,81.27799987792969,17894.849609375,15.020000457763672,1918.4000244140625,79.86000061035156,102.1999969482422,300.42,4.33,3.53,6.25,0.20020722378815137,-0.3438847072569362,0.0,0.0,0.0,0.3014742311894698,-1.92,0,1,2023
2023-01-17,81.65260314941406,18053.30078125,14.59000015258789,1907.199951171875,80.18000030517578,102.38999938964844,300.42,4.33,3.53,6.25,0.46089135073081877,0.8854568511824201,-0.5838236603238345,0.4007008419465663,0.18591237483349676,0.2938316299968971,-1.92,0,1,2023
2023-01-18,81.52549743652344,18165.349609375,14.369999885559082,1904.4000244140625,79.4800033569336,102.36000061035156,300.42,4.33,3.53,6.25,-0.15566645518703126,0.6206556323560042,-0.1468082439962326,-0.8730318602867326,-0.0292985442676974,0.27304932060877785,-1.92,0,1,2023
2023-01-19,81.43599700927734,18107.849609375,13.960000038146973,1922.0999755859373,80.33000183105469,102.05999755859376,300.42,4.33,3.53,6.25,-0.10978212959176226,-0.3165367099256078,0.92942401517353,1.0694494693261003,-0.29308621528814083,0.2726440658139116,-1.92,0,1,2023
2023-01-20,81.23979949951172,18027.650390625,13.789999961853027,1926.4000244140625,81.30999755859375,102.01000213623048,300.42,4.33,3.53,6.25,-0.24092234020696157,-0.44289753051891534,0.2237161897270301,1.2199622870669558,-0.048986305662590546,0.274953461680289,-1.92,0,1,2023
2023-01-23,80.97599792480469,18118.55078125,13.619999885559082,1927.0999755859373,81.62000274658203,102.13999938964844,300.42,4.33,3.53,6.25,-0.3247196279806408,0.5042276095628795,0.03633467415926628,0.38126330992063195,0.1274357912906865,0.2768370673766702,-1.92,0,1,2023
2023-01-24,81.48799896240234,18118.30078125,13.65999984741211,1933.9000244140625,80.12999725341797,101.91999816894533,300.42,4.33,3.53,6.25,0.6322874070327611,-0.0013798013043020418,0.35286435131927085,-1.8255396263466284,-0.21539183671211992,0.2982747592478416,-1.92,0,1,2023
2023-01-25,81.60189819335938,17891.94921875,14.65999984741211,1941.199951171875,80.1500015258789,101.63999938964844,300.42,4.33,3.53,6.25,0.1397742396516355,-1.249297962501228,0.3774717754618351,0.024964773676039442,-0.27472408195372555,0.2964015339760748,-1.92,0,1,2023
2023-01-26,81.50270080566406,17891.94921875,14.65999984741211,1929.0999755859373,81.01000213623047,101.83999633789062,300.42,4.33,3.53,6.25,-0.1215625982869395,0.0,-0.6233245358693296,1.0729888883082461,0.19676992271071558,0.2952519534727735,-1.92,0,1,2023
2023-01-27,81.44509887695312,17604.349609375,17.31999969482422,1928.5999755859373,79.68000030517578,101.93000030517578,300.42,4.33,3.53,6.25,-0.07067487106749981,-1.6074246906178757,-0.025918822576742606,-1.6417748376528762,0.08837781865833616,0.2819281113317056,-1.92,0,1,2023
2023-01-30,81.50800323486328,17648.94921875,17.709999084472656,1922.9000244140625,77.9000015258789,102.27999877929688,300.42,4.33,3.53,6.25,0.07723528951102399,0.25334426073457816,-0.29554864896973454,-2.2339342024089492,0.3433714049575265,0.28227508751261543,-1.92,0,1,2023
2023-01-31,81.57990264892578,17662.150390625,16.8799991607666,1929.5,78.87000274658203,102.0999984741211,300.42,4.33,3.53,6.25,0.08821147765738502,0.07479862801675896,0.34323030329923565,1.2451876786945704,-0.17598778580765195,0.28232908641487364,-1.92,0,1,2023
2023-02-01,81.76840209960938,17616.30078125,16.780000686645508,1927.800048828125,76.41000366210938,101.22000122070312,301.45,4.57,3.75,6.25,0.23106113707291875,-0.25959245256645946,-0.08810319626199048,-3.1190554061179654,-0.8618974207340591,0.2860485013563988,-1.6799999999999997,0,2,2023
2023-02-02,81.71029663085938,17610.400390625,15.729999542236328,1916.300048828125,75.87999725341797,101.75,301.45,4.57,3.75,6.25,-0.07106103000424913,-0.03349392530399564,-0.5965348951511129,-0.6936348426773153,0.5236107220955688,0.27932626536976246,-1.6799999999999997,0,2,2023
2023-02-03,82.0458984375,17854.05078125,14.399999618530272,1862.9000244140625,73.38999938964844,102.91999816894533,301.45,4.57,3.75,6.25,0.41072156200432364,1.3835596307890219,-2.7866212520694877,-3.2814944041888117,1.1498753503148107,0.29152222755920965,-1.6799999999999997,0,2,2023
2023-02-06,82.22599792480469,17764.599609375,14.6899995803833,1866.199951171875,74.11000061035156,103.62000274658205,301.45,4.57,3.75,6.25,0.21951065285961135,-0.5010133160870178,0.17713922994071485,0.9810617613994488,0.6801443743592372,0.2896012492963554,-1.6799999999999997,0,2,2023
2023-02-07,82.75499725341797,17721.5,14.130000114440918,1871.699951171875,77.13999938964844,103.43000030517578,301.45,4.57,3.75,6.25,0.6433480188310359,-0.24261514654264627,0.29471654398802727,4.088515388399072,-0.1833646365277053,0.3063124373791471,-1.6799999999999997,0,2,2023
2023-02-08,82.74189758300781,17871.69921875,13.600000381469728,1877.4000244140625,78.47000122070312,103.41000366210938,301.45,4.57,3.75,6.5,-0.015829461476557505,0.8475536424681795,0.3045399044124819,1.7241403183536397,-0.01933350382616883,0.305056796691429,-1.9299999999999997,0,2,2023
2023-02-09,82.65950012207031,17893.44921875,13.039999961853027,1866.199951171875,78.05999755859375,103.22000122070312,301.45,4.57,3.75,6.5,-0.09958372160226991,0.12170079483646568,-0.596573617584939,-0.5224973311217407,-0.18373700287941386,0.30505314819048246,-1.9299999999999997,0,2,2023
2023-02-10,82.533203125,17856.5,12.75,1862.800048828125,79.72000122070312,103.62999725341795,301.45,4.57,3.75,6.5,-0.15279187133214744,-0.20649578680046465,-0.1821831761176007,2.1265740635763253,0.39720599483250574,0.30620459658692717,-1.9299999999999997,0,2,2023
2023-02-13,82.51300048828125,17770.900390625,13.68000030517578,1851.9000244140625,80.13999938964844,103.3499984741211,301.45,4.57,3.75,6.5,-0.024478192962107403,-0.479375070002519,-0.5851419437593264,0.5268416489138783,-0.27019085855242153,0.3057329481216508,-1.9299999999999997,0,2,2023
2023-02-14,82.59739685058594,17929.849609375,13.449999809265137,1854.0,79.05999755859375,103.2300033569336,301.45,4.57,3.75,6.5,0.10228250312709353,0.89443537049958,0.11339573185662477,-1.3476439222361525,-0.11610558196335496,0.30627846209308013,-1.9299999999999997,0,2,2023
2023-02-15,82.86759948730469,18015.849609375,12.859999656677246,1834.199951171875,78.58999633789062,103.91999816894533,301.45,4.57,3.75,6.5,0.3271321458320653,0.4796470794436125,-1.067963798712246,-0.5944867634922413,0.6684052984343714,0.3117334964747633,-1.9299999999999997,0,2,2023
2023-02-16,82.73770141601562,18035.849609375,12.890000343322754,1842.0,78.48999786376953,103.86000061035156,301.45,4.57,3.75,6.5,-0.15675375187977902,0.11101336008929596,0.42525618993400904,-0.1272407160971989,-0.057734372258388955,0.31195077273192007,-1.9299999999999997,0,2,2023
2023-02-17,82.69529724121094,17944.19921875,13.09000015258789,1840.4000244140625,76.33999633789062,103.86000061035156,301.45,4.57,3.75,6.5,-0.05125133292194217,-0.5081567689351307,-0.08686078099552352,-2.739204464765732,0.0,0.31206747154637926,-1.9299999999999997,0,2,2023
2023-02-20,82.75800323486328,17844.599609375,13.380000114440918,1840.4000244140625,76.33999633789062,103.86000061035156,301.45,4.57,3.75,6.5,0.07582776257450963,-0.5550518480140765,0.0,0.0,0.0,0.3003288513229237,-1.9299999999999997,0,2,2023
2023-02-21,82.69750213623047,17826.69921875,14.010000228881836,1833.0,76.16000366210938,104.18000030517578,301.45,4.57,3.75,6.5,-0.07310603961905304,-0.10031264929920569,-0.40208782416303324,-0.2357776845895776,0.30810677156141164,0.29980122547708,-1.9299999999999997,0,2,2023
2023-02-22,82.86119842529297,17554.30078125,15.59000015258789,1832.0,73.94999694824219,104.58999633789062,301.45,4.57,3.75,6.5,0.19794586877948106,-1.5280363131582653,-0.054555373704312515,-2.9017943902314935,0.39354581638879615,0.27218157447273306,-1.9299999999999997,0,2,2023
2023-02-23,82.83529663085938,17511.25,15.079999923706056,1818.0,75.38999938964844,104.5999984741211,301.45,4.57,3.75,6.5,-0.03125925635379945,-0.2452434977984641,-0.7641921397379958,1.9472650450737872,0.009563186328209738,0.2723936131035381,-1.9299999999999997,0,2,2023
2023-02-24,82.6178970336914,17465.80078125,14.1899995803833,1808.800048828125,76.31999969482422,105.20999908447266,301.45,4.57,3.75,6.5,-0.2624480215683511,-0.2595429723749043,-0.5060479192450451,1.233585770931156,0.5831745881932138,0.2477372911172928,-1.9299999999999997,0,2,2023
2023-02-27,82.91799926757812,17392.69921875,13.880000114440918,1817.0,75.68000030517578,104.66999816894533,301.45,4.57,3.75,6.5,0.3632411918743639,-0.41854114458053093,0.4533365187151306,-0.8385736271063426,-0.5132600705506807,0.25262526305809707,-1.9299999999999997,0,2,2023
2023-02-28,82.6520004272461,17303.94921875,14.020000457763672,1828.9000244140625,77.05000305175781,104.87000274658205,301.45,4.57,3.75,6.5,-0.32079746578742574,-0.5102715736285734,0.6549270453529266,1.8102573216933981,0.191081094043688,0.25089554289512017,-1.9299999999999997,0,2,2023
2023-03-01,82.6353988647461,17450.900390625,13.0,1837.699951171875,77.69000244140625,104.4800033569336,301.821,4.65,3.66,6.5,-0.02008609884114332,0.8492348770636093,0.48115952979068677,0.8306286363396032,-0.3718884136876377,0.24844251756664526,-1.8499999999999996,0,3,2023
2023-03-02,82.4198989868164,17321.900390625,12.970000267028809,1833.5,78.16000366210938,105.02999877929688,301.821,4.65,3.66,6.5,-0.2607839750158547,-0.7392168719804415,-0.2285439018049007,0.6049700166473881,0.5264121407848155,0.253179002504303,-1.8499999999999996,0,3,2023
2023-03-03,82.35569763183594,17594.349609375,12.18000030517578,1847.699951171875,79.68000030517578,104.5199966430664,301.821,4.65,3.66,6.5,-0.07789545458037894,1.5728598629827895,0.7744723846127677,1.9447243754458388,-0.4855775894105796,0.24864258207551634,-1.8499999999999996,0,3,2023
2023-03-06,81.7125015258789,17711.44921875,12.270000457763672,1847.9000244140625,80.45999908447266,104.3499984741211,301.821,4.65,3.66,6.5,-0.7809977019833991,0.6655523618366965,0.01082823226037366,0.9789141268944146,-0.16264655033031428,0.2835869718871099,-1.8499999999999996,0,3,2023
2023-03-07,81.85440063476562,17711.44921875,12.270000457763672,1813.9000244140625,77.58000183105469,105.62000274658205,301.821,4.65,3.66,6.5,0.17365654732988123,0.0,-1.8399263786351705,-3.579414971648631,1.2170620901119644,0.26153576150467345,-1.8499999999999996,0,3,2023
2023-03-08,82.07460021972656,17754.400390625,12.449999809265137,1812.699951171875,76.66000366210938,105.66000366210938,301.821,4.65,3.66,6.5,0.26901374056047533,0.24250512391459367,-0.06615983384062885,-1.1858702593856352,0.03787248105200369,0.26470225952042437,-1.8499999999999996,0,3,2023
2023-03-09,81.9645004272461,17589.599609375,12.729999542236328,1829.300048828125,75.72000122070312,105.30999755859376,301.821,4.65,3.66,6.5,-0.1341459991102134,-0.9282249899975281,0.9157664314779934,-1.2261967081940828,-0.3312569481209726,0.2649435092422538,-1.8499999999999996,0,3,2023
2023-03-10,82.01840209960938,17412.900390625,13.40999984741211,1862.0,76.68000030517578,104.58000183105467,301.821,4.65,3.66,6.5,0.06576221666980686,-1.0045664635585094,1.7875662985316731,1.2678276135713817,-0.6931874888069678,0.26451867505516574,-1.8499999999999996,0,3,2023
2023-03-13,81.95800018310547,17154.30078125,16.219999313354492,1911.699951171875,74.80000305175781,103.5999984741211,301.821,4.65,3.66,6.5,-0.07364434682664012,-1.4851035931626178,2.6691703099825492,-2.451743930537087,-0.9370848534854148,0.26490022024779913,-1.8499999999999996,0,3,2023
2023-03-14,82.41739654541016,17043.30078125,16.219999313354492,1906.199951171875,71.33000183105469,103.5999984741211,301.821,4.65,3.66,6.5,0.5605265639453627,-0.6470680525861194,-0.28770205264839754,-4.639038875843438,0.0,0.2826174498138612,-1.8499999999999996,0,3,2023
2023-03-15,82.30490112304688,16972.150390625,16.299999237060547,1926.5999755859373,67.61000061035156,104.6500015258789,301.821,4.65,3.66,6.5,-0.13649475363044505,-0.41746837386849034,1.0701933132209351,-5.21519854929201,1.013516474153331,0.28176534536436687,-1.8499999999999996,0,3,2023
2023-03-16,82.7156982421875,16985.599609375,16.219999313354492,1919.0,68.3499984741211,104.41999816894533,301.821,4.65,3.66,6.5,0.49911622945331136,0.07924286811309411,-0.3944760553433513,1.094509476540706,-0.21978342434777476,0.2942137993863188,-1.8499999999999996,0,3,2023
2023-03-17,82.622802734375,17100.05078125,14.770000457763672,1969.800048828125,66.73999786376953,103.70999908447266,301.821,4.65,3.66,6.5,-0.11230698620291468,0.6738129621978839,2.6472146340867697,-2.355523988725683,-0.6799455055763737,0.2869687873842789,-1.8499999999999996,0,3,2023
2023-03-20,82.53299713134766,16988.400390625,16.010000228881836,1979.199951171875,67.63999938964844,103.27999877929688,301.821,4.65,3.66,6.5,-0.10869348418990343,-0.6529243219992265,0.4772008381938253,1.3485189611722737,-0.41461798184526666,0.28550104058195486,-1.8499999999999996,0,3,2023
2023-03-21,82.52909851074219,17107.5,15.079999923706056,1938.0,69.33000183105469,103.26000213623048,301.821,4.65,3.66,6.5,-0.00472371141359007,0.7010642946744028,-2.0816467354640267,2.4985252168185035,-0.019361583368260327,0.25947909831787136,-1.8499999999999996,0,3,2023
2023-03-22,82.677001953125,17151.900390625,14.8100004196167,1946.800048828125,70.9000015258789,102.3499984741211,301.821,4.65,3.66,6.5,0.17921368953710548,0.25953757489405316,0.4540788869001444,2.2645314486649415,-0.881274107382668,0.26173023176995025,-1.8499999999999996,0,3,2023
2023-03-23,82.52580261230469,17076.900390625,14.489999771118164,1993.800048828125,69.95999908447266,102.52999877929688,301.821,4.65,3.66,6.5,-0.182879564145344,-0.43726933046436267,2.414218143681035,-1.3258144163271202,0.1758674234091817,0.2632355009981552,-1.8499999999999996,0,3,2023
2023-03-24,82.26529693603516,16945.05078125,15.239999771118164,1982.0999755859373,69.26000213623047,103.12000274658205,301.821,4.65,3.66,6.5,-0.31566572880648014,-0.7720933328590696,-0.5868227984578755,-1.0005674062359304,0.5754452104843821,0.2680235243257121,-1.8499999999999996,0,3,2023
2023-03-27,82.33879852294922,16985.69921875,15.449999809265137,1952.4000244140625,72.80999755859375,102.86000061035156,301.821,4.65,3.66,6.5,0.08934701466063455,0.23988383407489433,-1.4984083314513508,5.125606862357079,-0.25213550165377185,0.26862366416211664,-1.8499999999999996,0,3,2023
2023-03-28,82.21489715576172,16951.69921875,15.100000381469728,1972.4000244140625,73.19999694824219,102.43000030517578,301.821,4.65,3.66,6.5,-0.15047750199193022,-0.20016838613549082,1.0243802371392663,0.5356398883746616,-0.4180442374336346,0.2690512663097042,-1.8499999999999996,0,3,2023
2023-03-29,82.16429901123047,17080.69921875,13.630000114440918,1966.0999755859373,72.97000122070312,102.63999938964844,301.821,4.65,3.66,6.5,-0.061543766740213,0.7609856589321451,-0.3194102996422754,-0.3142018266772406,0.20501716669627523,0.2612470890781262,-1.8499999999999996,0,3,2023
2023-03-30,82.25540161132812,17080.69921875,13.630000114440918,1980.300048828125,74.37000274658203,102.13999938964844,301.821,4.65,3.66,6.5,0.11087857036935489,0.0,0.7222457361536705,1.9185987425770934,-0.4871395196543893,0.2612710625346383,-1.8499999999999996,0,3,2023
2023-03-31,82.10050201416016,17359.75,12.9399995803833,1969.0,75.66999816894531,102.51000213623048,301.821,4.65,3.66,6.5,-0.1883154104576623,1.6337198944623932,-0.5706230646619459,1.7480104536140129,0.36225058624734796,0.26304405868298614,-1.8499999999999996,0,3,2023
2023-04-03,82.18479919433594,17398.05078125,12.59000015258789,1983.9000244140625,80.41999816894531,102.08999633789062,302.845,4.83,3.46,6.5,0.10267559650396496,0.2206297973761151,0.7567305441372518,6.2772566604202495,-0.4097217730828717,0.263439807529461,-1.67,0,4,2023
2023-04-04,82.14089965820312,17398.05078125,12.59000015258789,2022.199951171875,80.70999908447266,101.58999633789062,302.845,4.83,3.46,6.5,-0.05341563958684015,0.0,1.9305371382877246,0.3606079608682755,-0.4897639513524288,0.2633347348843259,-1.67,0,4,2023
2023-04-05,82.11479949951172,17557.05078125,12.40999984741211,2020.9000244140625,80.61000061035156,101.8499984741211,302.845,4.83,3.46,6.5,-0.031774863435896084,0.9138954817361267,-0.06428280037585887,-0.12389849492679961,0.2559328138626027,0.2600325579015695,-1.67,0,4,2023
2023-04-06,81.94999694824219,17599.150390625,11.800000190734863,2011.9000244140625,80.69999694824219,101.81999969482422,302.845,4.83,3.46,6.5,-0.2006977454417469,0.23978747854371818,-0.4453461275309434,0.11164413498225834,-0.029453882912422458,0.2618980823091409,-1.67,0,4,2023
2023-04-07,81.831298828125,17599.150390625,11.800000190734863,2011.9000244140625,80.69999694824219,101.81999969482422,302.845,4.83,3.46,6.5,-0.1448421287826962,0.0,0.0,0.0,0.0,0.25925036334574,-1.67,0,4,2023
2023-04-10,81.88480377197266,17624.05078125,12.270000457763672,1989.0999755859373,79.73999786376953,102.58000183105467,302.845,4.83,3.46,6.5,0.06538444899919504,0.14148632219350699,-1.1332595333490958,-1.1895899885700834,0.7464173428681331,0.24911468808251608,-1.67,0,4,2023
2023-04-11,81.98390197753906,17722.30078125,11.979999542236328,2004.800048828125,81.52999877929688,102.1999969482422,302.845,4.83,3.46,6.5,0.12102148506378807,0.5574768321964241,0.7893053860986932,2.2447967939319913,-0.37044733479174585,0.24505970498136984,-1.67,0,4,2023
2023-04-12,82.07009887695312,17812.400390625,12.270000457763672,2010.9000244140625,83.26000213623047,101.5,302.845,4.83,3.46,6.5,0.10513881058951124,0.5083967961446945,0.3042685274026846,2.121922461469361,-0.6849285412373396,0.24624094335339336,-1.67,0,4,2023
2023-04-13,81.96060180664062,17828.0,11.90999984741211,2041.300048828125,82.16000366210938,101.01000213623048,302.845,4.83,3.46,6.5,-0.13341895746545873,0.08757724412713497,1.5117620988104763,-1.321160756543427,-0.48275651602908143,0.24307003865672133,-1.67,0,4,2023
2023-04-14,81.68070220947266,17828.0,11.90999984741211,2002.199951171875,82.5199966430664,101.5500030517578,302.845,4.83,3.46,6.5,-0.34150505364552997,0.0,-1.9154507774933327,0.43816086284214073,0.5346014296673474,0.24996418731975487,-1.67,0,4,2023
2023-04-17,81.84480285644531,17706.849609375,12.270000457763672,1994.199951171875,80.83000183105469,102.0999984741211,302.845,4.83,3.46,6.5,0.20090503942022941,-0.6795512150830185,-0.39956049321235865,-2.0479821628224926,0.5416005965878545,0.20873349282740733,-1.67,0,4,2023
2023-04-18,82.00370025634766,17660.150390625,12.079999923706056,2007.4000244140625,80.86000061035156,101.75,302.845,4.83,3.46,6.5,0.1941447646725214,-0.26373533282438855,0.661923255711172,0.037113421523327084,-0.3427996859469151,0.20933494559264545,-1.67,0,4,2023
2023-04-19,82.10790252685547,17618.75,12.149999618530272,1995.199951171875,79.16000366210938,101.97000122070312,302.845,4.83,3.46,6.5,0.12707020559081794,-0.2344283016240789,-0.607754961333562,-2.102395418513703,0.21621741592445787,0.20474575046121266,-1.67,0,4,2023
2023-04-20,82.34010314941406,17624.44921875,11.9399995803833,2007.5999755859373,77.29000091552734,101.83999633789062,302.845,4.83,3.46,6.5,0.2827993596385525,0.03234746363958152,0.6214928186410118,-2.3623075544109917,-0.1274932639562465,0.2093168692774969,-1.67,0,4,2023
2023-04-21,82.14089965820312,17624.05078125,11.630000114440918,1979.5,77.87000274658203,101.81999969482422,302.845,4.83,3.46,6.5,-0.2419276677968929,-0.002260708945023282,-1.3996800123359243,0.7504228544240599,-0.019635353285030188,0.21424694963038007,-1.67,0,4,2023
2023-04-24,82.05480194091797,17743.400390625,11.670000076293944,1989.0999755859373,78.76000213623047,101.3499984741211,302.845,4.83,3.46,6.5,-0.10481711016486761,0.6771973756565242,0.4849697189157398,1.1429297011133155,-0.4616001002865966,0.21471758758783235,-1.67,0,4,2023
2023-04-25,81.85230255126953,17769.25,11.520000457763672,1994.0,77.06999969482422,101.86000061035156,302.845,4.83,3.46,6.5,-0.24678554436612377,0.14568576938982503,0.24634379740613443,-2.1457623102689505,0.5032088247743705,0.19196858887532345,-1.67,0,4,2023
2023-04-26,81.9916000366211,17813.599609375,11.649999618530272,1985.699951171875,74.30000305175781,101.47000122070312,302.845,4.83,3.46,6.5,0.17018151109959856,0.24958627615121465,-0.416251194991224,-3.5941308603020916,-0.3828778591316917,0.1938589756349809,-1.67,0,4,2023
2023-04-27,81.76689910888672,17915.05078125,11.43000030517578,1989.9000244140625,74.76000213623047,101.5,302.845,4.83,3.46,6.5,-0.27405359528782647,0.5695152810193838,0.2115160067214017,0.6191104516539703,0.029564185410446697,0.17385520954083863,-1.67,0,4,2023
2023-04-28,81.76509857177734,18065.0,10.949999809265137,1990.0999755859373,76.77999877929688,101.66999816894533,302.845,4.83,3.46,6.5,-0.0022020366786557055,0.8370013603697934,0.010048302398191211,2.7019751007838266,0.16748588073431936,0.1734006646559658,-1.67,0,4,2023
2023-05-01,81.74479675292969,18065.0,10.949999809265137,1983.4000244140625,75.66000366210938,102.1500015258789,303.334,5.06,3.57,6.5,-0.02482944337165449,0.0,-0.3366640497496687,-1.458706870270876,0.47211897863512764,0.1728406260442375,-1.4400000000000004,0,5,2023
2023-05-02,81.77469635009766,18147.650390625,11.899999618530272,2014.300048828125,71.66000366210938,101.95999908447266,303.334,5.06,3.57,6.5,0.03657675883437239,0.4575166931912511,1.5579320375974648,-5.286809154627637,-0.18600336619487567,0.17322807831405396,-1.4400000000000004,0,5,2023
2023-05-03,81.77870178222656,18089.849609375,11.84000015258789,2028.5999755859373,68.5999984741211,101.33999633789062,303.334,5.06,3.57,6.5,0.004898131460806532,-0.318502836487633,0.7099203897717121,-4.270171687984825,-0.6080842998717251,0.1688199566786377,-1.4400000000000004,0,5,2023
2023-05-04,81.77999877929688,18255.80078125,11.729999542236328,2048.0,68.55999755859375,101.4000015258789,303.334,5.06,3.57,6.5,0.001585983932295143,0.9173717607303677,0.9563257738115283,-0.058310373785841474,0.059211752670895734,0.1666412608839197,-1.4400000000000004,0,5,2023
2023-05-05,81.71610260009766,18069.0,12.300000190734863,2017.4000244140625,71.33999633789062,101.20999908447266,303.334,5.06,3.57,6.5,-0.0781317928013836,-1.0232406865540389,-1.4941394329071045,4.054840837648799,-0.18737913071703582,0.1580265178490935,-1.4400000000000004,0,5,2023
2023-05-08,81.72979736328125,18264.400390625,12.640000343322754,2026.300048828125,73.16000366210938,101.37000274658205,303.334,5.06,3.57,6.5,0.016758952945439276,1.0814123118324304,0.4411630963793378,2.5511738402656636,0.1580907652966701,0.1568106509603457,-1.4400000000000004,0,5,2023
2023-05-09,81.78710174560547,18265.94921875,12.68000030517578,2036.199951171875,73.70999908447266,101.63999938964844,303.334,5.06,3.57,6.5,0.07011443093332126,0.00848003817193188,0.4885704044411021,0.7517706326306994,0.26634767263582493,0.15587484446839886,-1.4400000000000004,0,5,2023
2023-05-10,82.1050033569336,18315.099609375,13.079999923706056,2030.5,72.55999755859375,101.4800033569336,303.334,5.06,3.57,6.5,0.3886940661095295,0.26908205008338015,-0.27993081762891503,-1.5601703163243719,-0.157414436910297,0.17227707917727578,-1.4400000000000004,0,5,2023
2023-05-11,81.9198989868164,18297.0,13.220000267028809,2014.699951171875,70.87000274658203,102.05999755859376,303.334,5.06,3.57,6.5,-0.22544834364416344,-0.09882342854272697,-0.7781358693979334,-2.3290998744135982,0.5715354577001452,0.1755722220771379,-1.4400000000000004,0,5,2023
2023-05-12,82.10030364990234,18314.80078125,12.850000381469728,2014.5,70.04000091552734,102.68000030517578,303.334,5.06,3.57,6.5,0.22022080754149354,0.09728797753729701,-0.009924612931011545,-1.1711609974429105,0.6074884983473305,0.17737771743145203,-1.4400000000000004,0,5,2023
2023-05-15,82.20030212402344,18398.849609375,13.170000076293944,2018.0,71.11000061035156,102.43000030517578,303.334,5.06,3.57,6.5,0.12180037061435556,0.45891205221868514,0.17374038222883748,1.5276980023382736,-0.2434748726694358,0.17779280234210784,-1.4400000000000004,0,5,2023
2023-05-16,82.2667007446289,18286.5,13.289999961853027,1988.4000244140625,70.86000061035156,102.55999755859376,303.334,5.06,3.57,6.5,0.08077661381984402,-0.6106338807060685,-1.4667976008888806,-0.35156799023231544,0.12691326079339316,0.17807009185729483,-1.4400000000000004,0,5,2023
2023-05-17,82.2959976196289,18181.75,13.109999656677246,1980.699951171875,72.83000183105469,102.87999725341795,303.334,5.06,3.57,6.5,0.03561206993210053,-0.5728269488420423,-0.38724970567511896,2.780131532224872,0.31201219036824934,0.1780118943559021,-1.4400000000000004,0,5,2023
2023-05-18,82.45030212402344,18129.94921875,12.800000190734863,1956.5,71.86000061035156,103.58000183105467,303.334,5.06,3.57,6.5,0.18749940320028635,-0.2849053652701161,-1.2217878410890615,-1.331870378025335,0.6804088222440718,0.1764583002334977,-1.4400000000000004,0,5,2023
2023-05-19,82.72509765625,18203.400390625,12.300000190734863,1978.699951171875,71.55000305175781,103.1999969482422,303.334,5.06,3.57,6.5,0.33328626475279677,0.40513721791914925,1.1346767785266998,-0.43139097684490313,-0.3668708979483126,0.18250386025493917,-1.4400000000000004,0,5,2023
2023-05-22,82.90480041503906,18314.400390625,12.56999969482422,1974.800048828125,71.98999786376953,103.1999969482422,303.334,5.06,3.57,6.5,0.21722882641466157,0.6097761825706316,-0.19709417496271975,0.6149473001328065,0.0,0.18541836207439263,-1.4400000000000004,0,5,2023
2023-05-23,82.82499694824219,18348.0,12.609999656677246,1972.4000244140625,72.91000366210938,103.48999786376952,303.334,5.06,3.57,6.5,-0.09625916279559776,0.1834600568861644,-0.1215325275835788,1.277963363856216,0.2810086473866491,0.1864434063255253,-1.4400000000000004,0,5,2023
2023-05-24,82.8906021118164,18285.400390625,13.109999656677246,1962.800048828125,74.33999633789062,103.88999938964844,303.334,5.06,3.57,6.5,0.0792093763857471,-0.34117947119577385,-0.48671544651746057,1.9613120339539991,0.3865122563877721,0.1861630855099896,-1.4400000000000004,0,5,2023
2023-05-25,82.71369934082031,18321.150390625,12.520000457763672,1943.0999755859373,71.83000183105469,104.20999908447266,303.334,5.06,3.57,6.5,-0.21341716248780562,0.19551116867164708,-1.003671935607986,-3.3763715771890745,0.30801780412379465,0.18918247081294945,-1.4400000000000004,0,5,2023
2023-05-26,82.74210357666016,18499.349609375,11.899999618530272,1944.0999755859373,72.66999816894531,104.20999908447266,303.334,5.06,3.57,6.5,0.03434042494316891,0.9726420827874671,0.05146415586252395,1.1694226875648805,0.0,0.1756469428174506,-1.4400000000000004,0,5,2023
2023-05-29,82.57479858398438,18598.650390625,12.300000190734863,1944.0999755859373,72.66999816894531,104.20999908447266,303.334,5.06,3.57,6.5,-0.20220055503032963,0.5367798508963517,0.0,0.0,0.0,0.1785606398730318,-1.4400000000000004,0,5,2023
2023-05-30,82.57969665527344,18633.849609375,12.010000228881836,1958.0,69.45999908447266,104.16999816894533,303.334,5.06,3.57,6.5,0.0059316781549023645,0.18925684396833287,0.7149850619114106,-4.417227418954872,-0.0383849111205814,0.17587190323829385,-1.4400000000000004,0,5,2023
2023-05-31,82.68389892578125,18534.400390625,11.970000267028809,1963.9000244140625,68.08999633789062,104.31999969482422,303.334,5.06,3.57,6.5,0.12618388626783883,-0.533701950132548,0.30132913248530624,-1.9723621719544338,0.14399685947543706,0.17585397568401198,-1.4400000000000004,0,5,2023
2023-06-01,82.66680145263672,18487.75,11.600000381469728,1978.0,70.0999984741211,103.55999755859376,304.014,5.08,3.75,6.5,-0.020678116739369923,-0.25169624936233204,0.7179579108230971,2.951978622903728,-0.728529657260113,0.16901660898292187,-1.42,0,6,2023
2023-06-02,82.27670288085938,18534.099609375,11.130000114440918,1952.4000244140625,71.73999786376953,104.0199966430664,304.014,5.08,3.75,6.5,-0.4718926641922194,0.2507044360454902,-1.2942353683487062,2.3395141588396395,0.444186071182906,0.18541262346780568,-1.42,0,6,2023
2023-06-05,82.40979766845703,18593.849609375,11.140000343322754,1958.0,72.1500015258789,104.0,304.014,5.08,3.75,6.5,0.16176485315702038,0.3223787573137793,0.28682521593483834,0.5715133458575661,-0.01922384513721731,0.18632056458252388,-1.42,0,6,2023
2023-06-06,82.51119995117188,18599.0,11.380000114440918,1965.5,71.73999786376953,104.12999725341795,304.014,5.08,3.75,6.5,0.1230463920355529,0.027699431442118616,0.3830439223697635,-0.568265631931153,0.12499735905573406,0.18057901931160386,-1.42,0,6,2023
2023-06-07,82.51719665527344,18726.400390625,11.4399995803833,1942.699951171875,72.52999877929688,104.0999984741211,304.014,5.08,3.75,6.5,0.007267745597094866,0.6849851638528914,-1.1600126597875904,1.101200082313225,-0.028808969641913595,0.1785595095321422,-1.42,0,6,2023
2023-06-08,82.61810302734375,18634.55078125,11.260000228881836,1963.5999755859373,71.29000091552734,103.33999633789062,304.014,5.08,3.75,6.5,0.12228526435751341,-0.49048192636628185,1.0758235929050786,-1.7096344748918968,-0.7300693058313601,0.17041792592129765,-1.42,0,6,2023
2023-06-09,82.48829650878906,18563.400390625,11.119999885559082,1962.199951171875,70.16999816894531,103.55999755859376,304.014,5.08,3.75,6.5,-0.1571163144616472,-0.381819725413457,-0.07129886084076276,-1.5710516653087758,0.21289067979430865,0.17388536804118346,-1.42,0,6,2023
2023-06-12,82.4448013305664,18601.5,11.25,1955.300048828125,67.12000274658203,103.62999725341795,304.014,5.08,3.75,6.5,-0.05272890829794985,0.20524046550352004,-0.3516411433824196,-4.346580450265847,0.06759337241639685,0.1742601777116891,-1.42,0,6,2023
2023-06-13,82.33719635009766,18716.150390625,11.109999656677246,1944.5999755859373,69.41999816894531,103.33999633789062,304.014,5.08,3.75,6.5,-0.13051760539430912,0.6163502439319402,-0.5472343361624055,3.426691490235978,-0.27984263554321487,0.17664956227243866,-1.42,0,6,2023
2023-06-14,82.29039764404297,18755.900390625,11.15999984741211,1955.300048828125,68.2699966430664,103.01000213623048,304.014,5.08,3.75,6.5,-0.05683786688059911,0.21238341844009856,0.5502454682981162,-1.6565853589914914,-0.3193286368824322,0.1772264092117407,-1.42,0,6,2023
2023-06-15,82.04499816894531,18688.099609375,11.079999923706056,1957.800048828125,70.62000274658203,102.12000274658205,304.014,5.08,3.75,6.5,-0.2982115558113563,-0.36149041015322014,0.12785761456397537,3.4422238451278675,-0.863993176576594,0.18656214319858683,-1.42,0,6,2023
2023-06-16,81.9126968383789,18826.0,10.84000015258789,1958.4000244140625,71.77999877929688,102.3000030517578,304.014,5.08,3.75,6.5,-0.1612545962813905,0.7379048352023077,0.030645396413020443,1.642588484281804,0.17626351384110173,0.18853761718819492,-1.42,0,6,2023
2023-06-19,81.91480255126953,18755.44921875,11.229999542236328,1958.4000244140625,71.77999877929688,102.3000030517578,304.014,5.08,3.75,6.5,0.0025706794818169953,-0.37475183921172883,0.0,0.0,0.0,0.1885331555005327,-1.42,0,6,2023
2023-06-20,81.98139953613281,18816.69921875,11.130000114440918,1935.5,70.5,102.54000091552734,304.014,5.08,3.75,6.5,0.08130030567015112,0.3265717567498605,-1.1693231274807592,-1.7832248552030583,0.23460201037150963,0.18867184085426944,-1.42,0,6,2023
2023-06-21,81.9917984008789,18856.849609375,11.289999961853027,1933.300048828125,72.52999877929688,102.06999969482422,304.014,5.08,3.75,6.5,0.012684419642661204,0.21337637466720683,-0.11366319668689728,2.879430892619683,-0.4583589004356625,0.1744703916012326,-1.42,0,6,2023
2023-06-22,81.94149780273438,18771.25,11.550000190734863,1912.699951171875,69.51000213623047,102.38999938964844,304.014,5.08,3.75,6.5,-0.06134832888845532,-0.4539443817404343,-1.0655406370437381,-4.163789733756951,0.31351003799449106,0.16981305324882082,-1.42,0,6,2023
2023-06-23,81.91929626464844,18665.5,11.239999771118164,1919.0999755859373,69.16000366210938,102.9000015258789,304.014,5.08,3.75,6.5,-0.027094376697123224,-0.5633615236065759,0.3346068164084448,-0.503522462040995,0.49809760647583357,0.164731697709247,-1.42,0,6,2023
2023-06-26,81.98480224609375,18691.19921875,11.399999618530272,1923.699951171875,69.37000274658203,102.69000244140624,304.014,5.08,3.75,6.5,0.07996404318915129,0.13768299134766515,0.23969442157556475,0.3036423848365333,-0.2040807399015021,0.1637760690560354,-1.42,0,6,2023
2023-06-27,82.00650024414062,18817.400390625,10.779999732971191,1914.0,67.69999694824219,102.48999786376952,304.014,5.08,3.75,6.5,0.02646587837309422,0.675190341711196,-0.5042341018913099,-2.4073889753768674,-0.1947653840507435,0.16305238713017806,-1.42,0,6,2023
2023-06-28,81.99839782714844,18972.099609375,10.890000343322754,1912.300048828125,69.55999755859375,102.91000366210938,304.014,5.08,3.75,6.5,-0.00988021311489895,0.822107281232487,-0.08881667564655249,2.7474160918700807,0.4098017436766188,0.1628207968827894,-1.42,0,6,2023
2023-06-29,82.02649688720703,18972.099609375,10.890000343322754,1909.199951171875,69.86000061035156,103.33999633789062,304.014,5.08,3.75,6.5,0.03426781596127526,0.0,-0.16211355839005348,0.43128674854409077,0.41783369981509555,0.15869967767122578,-1.42,0,6,2023
2023-06-30,82.07540130615234,19189.05078125,10.800000190734863,1921.0999755859373,70.63999938964844,102.91000366210938,304.014,5.08,3.75,6.5,0.059620270036098155,1.143527476356887,0.623299011020717,1.1165169946782072,-0.41609511420467316,0.14515460161061144,-1.42,0,6,2023
2023-07-03,82.09629821777344,19322.55078125,11.539999961853027,1921.699951171875,69.79000091552734,102.98999786376952,304.609,5.12,3.9,6.5,0.025460626799911346,0.695709243369369,0.031230836164830578,-1.2032821085296463,0.07773219202555914,0.13811791099422416,-1.38,0,7,2023
2023-07-04,81.95010375976562,19389.0,11.699999809265137,1921.699951171875,69.79000091552734,102.98999786376952,304.609,5.12,3.9,6.5,-0.1780767966175656,0.3438946519135566,0.0,0.0,0.0,0.14021081255594617,-1.38,0,7,2023
2023-07-05,82.0071029663086,19398.5,11.880000114440918,1919.5999755859373,71.79000091552734,103.37000274658205,304.609,5.12,3.9,6.5,0.06955355018227749,0.04899685388621844,-0.10927697555787041,2.865740039781306,0.36897260966564094,0.1399497346403122,-1.38,0,7,2023
2023-07-06,82.39409637451172,19497.30078125,11.84000015258789,1908.699951171875,71.80000305175781,103.16999816894533,304.609,5.12,3.9,6.5,0.47190230383107323,0.509321758125636,-0.567827909600549,0.013932492133883478,-0.1934841562566625,0.1638229847523772,-1.38,0,7,2023
2023-07-07,82.76840209960938,19331.80078125,11.529999732971191,1926.199951171875,73.86000061035156,102.2699966430664,304.609,5.12,3.9,6.5,0.45428706857382206,-0.848835445771845,0.9168544269755774,2.8690772577109502,-0.8723481068644845,0.18461041211323448,-1.38,0,7,2023
2023-07-10,82.61530303955078,19355.900390625,11.460000038146973,1925.0,72.98999786376953,101.97000122070312,304.609,5.12,3.9,6.5,-0.1849728352546265,0.12466303397029588,-0.06229629333885933,-1.1779078518719954,-0.2933366893618894,0.1839815342651495,-1.38,0,7,2023
2023-07-11,82.52529907226562,19439.400390625,11.010000228881836,1931.300048828125,74.83000183105469,101.7300033569336,304.609,5.12,3.9,6.5,-0.10894345717290532,0.43139300324381846,0.32727526379869865,2.5208987822131323,-0.23536124438213735,0.1850846684736704,-1.38,0,7,2023
2023-07-12,82.39990234375,19384.30078125,10.9399995803833,1956.199951171875,75.75,100.5199966430664,304.609,5.12,3.9,6.5,-0.15194943844532016,-0.2834429471475497,1.2892819196508976,1.2294509507328577,-1.1894295428475643,0.18540650623485264,-1.38,0,7,2023
2023-07-13,82.00180053710938,19413.75,10.9399995803833,1959.199951171875,76.88999938964844,99.7699966430664,304.609,5.12,3.9,6.5,-0.48313383307161395,0.1519230385574888,0.15335855612319538,1.5049496893048575,-0.746120200006728,0.20445892184664327,-1.38,0,7,2023
2023-07-14,82.03079986572266,19564.5,10.68000030517578,1960.0999755859373,75.41999816894531,99.91000366210938,304.609,5.12,3.9,6.5,0.035364258374004365,0.7765114931427508,0.045938364459630066,-1.9118236862686544,0.1403297822529348,0.1865656999509912,-1.38,0,7,2023
2023-07-17,82.07679748535156,19711.44921875,11.31999969482422,1952.4000244140625,74.1500015258789,99.83999633789062,304.609,5.12,3.9,6.5,0.05607359638599707,0.7511013251041421,-0.3928346139371319,-1.6838990637755513,-0.07007038499919904,0.18419692349400074,-1.38,0,7,2023
2023-07-18,82.06159973144531,19749.25,11.710000038146973,1977.199951171875,75.75,99.94000244140624,304.609,5.12,3.9,6.5,-0.01851650450782616,0.1917706853032497,1.2702277426602349,2.1577861647955388,0.10016637338121637,0.18238710064490085,-1.38,0,7,2023
2023-07-19,82.07540130615234,19833.150390625,11.600000381469728,1977.5,75.3499984741211,100.27999877929688,304.609,5.12,3.9,6.5,0.016818554296049726,0.4248282371482448,0.015175441813419788,-0.5280548196421209,0.3402004498548772,0.18244114560049274,-1.38,0,7,2023
2023-07-20,82.06169891357422,19979.150390625,11.789999961853027,1968.300048828125,75.62999725341797,100.87999725341795,304.609,5.12,3.9,6.5,-0.016694883436529917,0.7361412439498949,-0.46523141197850615,0.37159759119709257,0.5983231765305463,0.180517525323679,-1.38,0,7,2023
2023-07-21,82.0823974609375,19745.0,11.489999771118164,1964.300048828125,77.06999969482422,101.06999969482422,304.609,5.12,3.9,6.5,0.025223152380848823,-1.1719737128305097,-0.2032210486598074,1.9040096439262744,0.18834501048703434,0.17888631718347545,-1.38,0,7,2023
2023-07-24,81.99030303955078,19672.349609375,11.649999618530272,1960.300048828125,78.73999786376953,101.3499984741211,304.609,5.12,3.9,6.5,-0.11219752862426935,-0.3679432292985618,-0.20363487759348375,2.1668589276735872,0.2770345108759509,0.17963200638511578,-1.38,0,7,2023
2023-07-25,81.81420135498047,19680.599609375,10.239999771118164,1962.0999755859373,79.62999725341797,101.3499984741211,304.609,5.12,3.9,6.5,-0.2147835512760099,0.04193703428323481,0.09181894164049798,1.1303015161217678,0.0,0.18208974512342369,-1.38,0,7,2023
2023-07-26,81.95010375976562,19778.30078125,10.460000038146973,1968.9000244140625,78.77999877929688,100.88999938964844,304.609,5.12,3.9,6.5,0.16611102050057003,0.4964339187534694,0.346569946115749,-1.0674350162489965,-0.4538718218038418,0.18510459853933503,-1.38,0,7,2023
2023-07-27,81.97550201416016,19659.900390625,10.510000228881836,1945.4000244140625,80.08999633789062,101.7699966430664,304.609,5.12,3.9,6.5,0.030992339520374834,-0.598637830087223,-1.1935598409570591,1.6628555202999218,0.8722343728235327,0.17724426996829543,-1.38,0,7,2023
2023-07-28,82.3749008178711,19646.05078125,10.140000343322754,1960.4000244140625,80.58000183105469,101.62000274658205,304.609,5.12,3.9,6.5,0.48721727088898437,-0.07044597937843067,0.7710496459214289,0.6118185985385605,-0.14738518368083708,0.1958075599592678,-1.38,0,7,2023
2023-07-31,82.25279998779297,19753.80078125,10.40999984741211,1970.5,81.80000305175781,101.86000061035156,304.609,5.12,3.9,6.5,-0.14822576885171745,0.5484562836559181,0.5151997276145792,1.5140248113433952,0.23617187294120434,0.1981637017613767,-1.38,0,7,2023
2023-08-01,82.2332992553711,19733.55078125,10.279999732971191,1940.699951171875,81.37000274658203,102.3000030517578,306.082,5.33,4.17,6.5,-0.023708290082247174,-0.10251191770254131,-1.512308999143619,-0.5256727251021109,0.431967837001479,0.19785959609800158,-1.17,0,8,2023
2023-08-02,82.30729675292969,19526.55078125,11.279999732971191,1937.4000244140625,79.48999786376953,102.58999633789062,306.082,5.33,4.17,6.5,0.08998483367279597,-1.0489749274959825,-0.170037967786818,-2.3104397435840918,0.28347338952288137,0.1983927701773929,-1.17,0,8,2023
2023-08-03,82.7332992553711,19381.650390625,11.1899995803833,1932.0,81.55000305175781,102.54000091552734,306.082,5.33,4.17,6.5,0.5175756211750926,-0.7420685416911321,-0.27872531981079085,2.591527542268568,-0.048733233402808995,0.21809019221025291,-1.17,0,8,2023
2023-08-04,82.7843017578125,19517.0,10.56999969482422,1939.5999755859373,82.81999969482422,102.0199966430664,306.082,5.33,4.17,6.5,0.06164688571645982,0.6983389270114548,0.3933734775329878,1.5573226186887723,-0.5071233351063853,0.2178586555703234,-1.17,0,8,2023
2023-08-07,82.69529724121094,19597.30078125,11.100000381469728,1933.5,81.94000244140625,102.0500030517578,306.082,5.33,4.17,6.5,-0.10751376131907797,0.41144018676027017,-0.31449657984732315,-1.0625419665063918,0.02941228159061282,0.21921641752502521,-1.17,0,8,2023
2023-08-08,82.74829864501953,19570.849609375,11.329999923706056,1924.0999755859373,82.91999816894531,102.52999877929688,306.082,5.33,4.17,6.5,0.06409240377236447,-0.13497354646058168,-0.48616624846458123,1.1959918212595122,0.4703534671092857,0.21930904321588868,-1.17,0,8,2023
2023-08-09,82.84500122070312,19632.55078125,11.140000343322754,1915.4000244140625,84.4000015258789,102.48999786376952,306.082,5.33,4.17,6.5,0.11686352138602363,0.3152707884763739,-0.4521569191967445,1.7848569580502849,-0.03901386521369954,0.21972964882922072,-1.17,0,8,2023
2023-08-10,82.86630249023438,19543.099609375,11.399999618530272,1914.4000244140625,82.81999969482422,102.5199966430664,306.082,5.33,4.17,6.5,0.025712196532534648,-0.4556268458015711,-0.0522084153312008,-1.87204005034316,0.029269957968747207,0.21973548306023188,-1.17,0,8,2023
2023-08-11,82.79989624023438,19428.30078125,11.520000457763672,1912.9000244140625,83.19000244140625,102.83999633789062,306.082,5.33,4.17,6.5,-0.08013661525181348,-0.5874136161590715,-0.07835353013323498,0.44675531024562787,0.31213393025979475,0.22065735449881163,-1.17,0,8,2023
2023-08-14,82.89730072021484,19434.55078125,12.0,1910.5999755859373,82.51000213623047,103.19000244140624,306.082,5.33,4.17,6.5,0.11763840826304328,0.032169565781225984,-0.12023884148517627,-0.8174062810669236,0.3403404472765992,0.22123968184328635,-1.17,0,8,2023
2023-08-15,83.2333984375,19434.55078125,12.0,1902.5,80.98999786376953,103.20999908447266,306.082,5.33,4.17,6.5,0.40543867455891114,0.0,-0.4239493190327903,-1.8422060757570802,0.019378469418862565,0.22763622451565005,-1.17,0,8,2023
2023-08-16,83.19419860839844,19465.0,12.130000114440918,1896.0999755859373,79.37999725341797,103.41999816894533,306.082,5.33,4.17,6.5,-0.04709627365629965,0.15667570139761278,-0.33640075763798905,-1.9879005467560162,0.20346777088990908,0.228322292764517,-1.17,0,8,2023
2023-08-17,83.23699951171875,19365.25,12.239999771118164,1884.0999755859373,80.38999938964844,103.44000244140624,306.082,5.33,4.17,6.5,0.051446980722502644,-0.5124582584125403,-0.6328780209119422,1.2723635313391046,0.019342750739781422,0.21386178831665356,-1.17,0,8,2023
2023-08-18,83.09829711914062,19310.150390625,12.140000343322754,1886.0999755859373,81.25,103.37999725341795,306.082,5.33,4.17,6.5,-0.16663550271126537,-0.28452826260957353,0.10615147953483284,1.0697855664647538,-0.058009654458657245,0.20148773886904675,-1.17,0,8,2023
2023-08-21,83.16729736328125,19393.599609375,11.960000038146973,1893.300048828125,80.72000122070312,103.33000183105467,306.082,5.33,4.17,6.5,0.08303448630444521,0.43215209131937105,0.3817439868186723,-0.6523061899038507,-0.048360827714788446,0.19830268160800155,-1.17,0,8,2023
2023-08-22,83.1135025024414,19396.44921875,11.75,1896.4000244140625,80.3499984741211,103.55999755859376,306.082,5.33,4.17,6.5,-0.06468270888358996,0.014693555773015454,0.16373398330900013,-0.45837802401709205,0.22258368669647588,0.1974547119795929,-1.17,0,8,2023
2023-08-23,83.07330322265625,19444.0,11.729999542236328,1918.5,78.88999938964844,103.36000061035156,306.082,5.33,4.17,6.5,-0.04836672571220113,0.24515199000461063,1.165364654156531,-1.8170492995627008,-0.19312181629691505,0.1951667305580168,-1.17,0,8,2023
2023-08-24,82.5447006225586,19386.69921875,11.699999809265137,1918.199951171875,79.05000305175781,103.9800033569336,306.082,5.33,4.17,6.5,-0.6363086329682521,-0.2946964680621278,-0.015639761695329657,0.20281868848686102,0.5998478549930741,0.21039115475326886,-1.17,0,8,2023
2023-08-25,82.64140319824219,19265.80078125,12.079999923706056,1911.0999755859373,79.83000183105469,104.08000183105467,306.082,5.33,4.17,6.5,0.11715176741118327,-0.6236153774081932,-0.3701374083343145,0.9867156852431336,0.09617087025648452,0.21109617563046074,-1.17,0,8,2023
2023-08-28,82.66429901123047,19306.05078125,12.399999618530272,1917.9000244140625,80.0999984741211,104.05999755859376,306.082,5.33,4.17,6.5,0.02770501480156007,0.2089194238900971,0.35581858170661285,0.3382145019084515,-0.019220092341443173,0.21101541854443023,-1.17,0,8,2023
2023-08-29,82.69149780273438,19342.650390625,12.229999542236328,1936.5,81.16000366210938,103.5500030517578,306.082,5.33,4.17,6.5,0.03290270628220071,0.18957584743610756,0.9698094451831452,1.3233523198265207,-0.4900965969644622,0.21086700377515288,-1.17,0,8,2023
2023-08-30,82.49469757080078,19347.44921875,11.800000190734863,1944.300048828125,81.62999725341797,103.16000366210938,306.082,5.33,4.17,6.5,-0.2379933090619235,0.02480956863764039,0.40279105748128874,0.579095083910186,-0.3766290469865874,0.21629931177890807,-1.17,0,8,2023
2023-08-31,82.70040130615234,19253.80078125,12.0600004196167,1938.199951171875,83.62999725341797,103.62000274658205,306.082,5.33,4.17,6.5,0.24935388747260312,-0.4840350603388277,-0.3137426067507776,2.4500797100250438,0.44590836384550414,0.2202785508212162,-1.17,0,8,2023
2023-09-01,82.68240356445312,19435.30078125,11.369999885559082,1939.800048828125,85.55000305175781,104.23999786376952,307.276,5.33,4.38,6.5,-0.021762580852047186,0.9426710188917609,0.08255586093077749,2.295833865116359,0.5983353606964892,0.22045183080536238,-1.17,0,9,2023
2023-09-04,82.6969985961914,19528.80078125,10.960000038146973,1939.800048828125,85.55000305175781,104.23999786376952,307.276,5.33,4.38,6.5,0.017651920008465716,0.48108337016425917,0.0,0.0,0.0,0.21894464580931142,-1.17,0,9,2023
2023-09-05,82.7345962524414,19574.900390625,10.81999969482422,1926.199951171875,86.69000244140625,104.80999755859376,307.276,5.33,4.38,6.5,0.04546435407357663,0.23605960187407238,-0.7011082232143528,1.332553300972683,0.5468147606537466,0.21406013005201407,-1.17,0,9,2023
2023-09-06,83.08609771728516,19611.05078125,10.68000030517578,1918.0999755859373,87.54000091552734,104.86000061035156,307.276,5.33,4.38,6.5,0.4248542698767066,0.18467726478093027,-0.4205158234486417,0.9805034608178831,0.04770828444093933,0.2243835858346346,-1.17,0,9,2023
2023-09-07,83.25740051269531,19727.05078125,10.869999885559082,1917.5,86.87000274658203,105.05999755859376,307.276,5.33,4.38,6.5,0.20617504024926792,0.5915032360780392,-0.03127968268462622,-0.7653623051613101,0.19072758638001286,0.22624745938737084,-1.17,0,9,2023
2023-09-08,83.24150085449219,19819.94921875,10.779999732971191,1918.4000244140625,87.51000213623047,105.08999633789062,307.276,5.33,4.38,6.5,-0.019096990904365896,0.47091903665750223,0.04693738795631397,0.7367323234873657,0.028553950118004323,0.2110341936074067,-1.17,0,9,2023
2023-09-11,83.03130340576172,19996.349609375,11.350000381469728,1923.300048828125,87.29000091552734,104.56999969482422,307.276,5.33,4.38,6.5,-0.2525152076461201,0.8900143420050854,0.2554224536959637,-0.25140122881112115,-0.49481079188021804,0.2149803740317929,-1.17,0,9,2023
2023-09-12,82.94329833984375,19993.19921875,11.6899995803833,1911.300048828125,88.83999633789062,104.70999908447266,307.276,5.33,4.38,6.5,-0.10599022574402372,-0.01575482868895195,-0.6239276085554968,1.7756849651809015,0.13388102711773264,0.21623195309956195,-1.17,0,9,2023
2023-09-13,82.84300231933594,20070.0,11.829999923706056,1909.0999755859373,88.5199966430664,104.7699966430664,307.276,5.33,4.38,6.5,-0.12092118653983519,0.3841345269944396,-0.11510873154304546,-0.36019778029610094,0.057298786284354364,0.217601192132867,-1.17,0,9,2023
2023-09-14,82.93679809570312,20103.099609375,11.31999969482422,1910.0,90.16000366210938,105.41000366210938,307.276,5.33,4.38,6.5,0.11322112156875175,0.1649208239910216,0.047143912082781014,1.8526966575200587,0.6108686069957292,0.19742461414694115,-1.17,0,9,2023
2023-09-15,83.0282974243164,20192.349609375,10.899999618530272,1923.699951171875,90.7699966430664,105.31999969482422,307.276,5.33,4.38,6.5,0.11032416335592377,0.44396138771742866,0.7172749304646509,0.6765671652400274,-0.08538465435753428,0.19807647017370125,-1.17,0,9,2023
2023-09-18,83.08580017089844,20133.30078125,10.84000015258789,1931.5,91.4800033569336,105.1999969482422,307.276,5.33,4.38,6.5,0.06925680565044168,-0.2924316846098174,0.40547117669642585,0.7822041865432006,-0.1139410813992936,0.19708693264779814,-1.17,0,9,2023
2023-09-19,83.25489807128906,20133.30078125,10.84000015258789,1932.0,91.1999969482422,105.1999969482422,307.276,5.33,4.38,6.5,0.20352202186511015,0.0,0.025886616619197333,-0.3060848255534876,0.0,0.19988686756082533,-1.17,0,9,2023
2023-09-20,83.19499969482422,19901.400390625,11.130000114440918,1945.5999755859373,90.27999877929688,105.16000366210938,307.276,5.33,4.38,6.5,-0.07194576878053471,-1.1518249945432046,0.703932483744163,-1.0087699558448904,-0.03801643278802391,0.19972181312587922,-1.17,0,9,2023
2023-09-21,83.08699798583984,19742.349609375,10.81999969482422,1919.199951171875,89.62999725341797,105.36000061035156,307.276,5.33,4.38,6.5,-0.129817548386979,-0.7991939166498319,-1.356909166598419,-0.7199839772571659,0.19018347401813518,0.2014252681773522,-1.17,0,9,2023
2023-09-22,82.89129638671875,19674.25,10.65999984741211,1925.4000244140625,90.02999877929688,105.58000183105467,307.276,5.33,4.38,6.5,-0.2355381754849839,-0.3449417659114995,0.32305509586958436,0.4462808637023086,0.20880905412741235,0.20575010066355662,-1.17,0,9,2023
2023-09-25,82.97480010986328,19674.55078125,10.899999618530272,1916.5999755859373,89.68000030517578,106.0,307.276,5.33,4.38,6.5,0.10073883119761096,0.0015288066889551644,-0.45705041635715205,-0.3887576128697834,0.3978008729507154,0.20545082735725967,-1.17,0,9,2023
2023-09-26,83.0282974243164,19664.69921875,11.1899995803833,1900.4000244140625,90.38999938964844,106.2300033569336,307.276,5.33,4.38,6.5,0.06447417093176089,-0.05007261720755274,-0.8452442543166683,0.7917028122843117,0.21698429899394966,0.19138837159682906,-1.17,0,9,2023
2023-09-27,83.29869842529297,19716.44921875,11.59000015258789,1871.5999755859373,93.68000030517578,106.66999816894533,307.276,5.33,4.38,6.5,0.3256733058064176,0.2631619198663282,-1.515472977169896,3.639784199295071,0.4141907164714631,0.20064274572818247,-1.17,0,9,2023
2023-09-28,83.22270202636719,19523.55078125,12.81999969482422,1860.4000244140625,91.70999908447266,106.22000122070312,307.276,5.33,4.38,6.5,-0.09123359711789014,-0.9783629666773708,-0.5984158643926318,-2.1029047974867265,-0.4218589631261538,0.20117891103414132,-1.17,0,9,2023
2023-09-29,83.19300079345703,19638.30078125,11.449999809265137,1848.0999755859373,90.79000091552734,106.16999816894533,307.276,5.33,4.38,6.5,-0.035688859153770736,0.5877516917168757,-0.6611507561122054,-1.003160154977123,-0.04707498699223489,0.19885439947388228,-1.17,0,9,2023
2023-10-02,83.03479766845703,19638.30078125,11.449999809265137,1830.0,88.81999969482422,106.9000015258789,307.696,5.33,4.8,6.5,-0.19016398433898685,0.0,-0.9793829243571417,-2.169843816320749,0.6875797019153529,0.20134957325546288,-1.17,0,10,2023
2023-10-03,83.3593978881836,19528.75,11.789999961853027,1824.5999755859373,89.2300033569336,107.0,307.696,5.33,4.8,6.5,0.3909207089570321,-0.5578424654468894,-0.29508330131490235,0.46161187065763,0.09354394077991657,0.21351636566609666,-1.17,0,10,2023
2023-10-04,83.22979736328125,19436.099609375,11.65999984741211,1818.5,84.22000122070312,106.8000030517578,307.696,5.33,4.8,6.5,-0.15547200218046786,-0.47443072713306833,-0.3343185173494523,-5.614705757871263,-0.186913035740377,0.21541415254552274,-1.17,0,10,2023
2023-10-05,83.44979858398438,19545.75,10.9399995803833,1816.5999755859373,82.30999755859375,106.33000183105467,307.696,5.33,4.8,6.5,0.26432987664606333,0.5641584105285702,-0.10448305823825832,-2.267874180034868,-0.4400760367725409,0.18307082859049792,-1.17,0,10,2023
2023-10-06,83.22489929199219,19653.5,10.300000190734863,1830.199951171875,82.79000091552734,106.04000091552734,307.696,5.33,4.8,6.5,-0.2695024982784733,0.5512707366051472,0.748649992772954,0.5831653154793282,-0.2727366787673935,0.1906519958171561,-1.17,0,10,2023
2023-10-09,83.12460327148438,19512.349609375,11.399999618530272,1849.5,86.37999725341797,106.08000183105467,307.696,5.33,4.8,6.5,-0.1205120358943601,-0.718194675884698,1.054532255656948,4.336268025354406,0.037722477538637555,0.1924547081137513,-1.17,1,10,2023
2023-10-10,83.27030181884766,19689.849609375,11.270000457763672,1861.0,85.97000122070312,105.83000183105467,307.696,5.33,4.8,6.5,0.17527728449713287,0.9096802976240159,0.621789672884554,-0.474642331270303,-0.23567118748560878,0.19456117119411168,-1.17,1,10,2023
2023-10-11,83.25029754638672,19811.349609375,10.989999771118164,1872.800048828125,83.48999786376953,105.81999969482422,307.696,5.33,4.8,6.5,-0.024023297651132314,0.6170692128707245,0.634070329292058,-2.8847310942416993,-0.00945113489313476,0.18847375857209653,-1.17,1,10,2023
2023-10-12,83.21800231933594,19794.0,10.619999885559082,1869.300048828125,82.91000366210938,106.56999969482422,307.696,5.33,4.8,6.5,-0.038792926875474976,-0.08757409120068171,-0.18688594130430447,-0.6946870481498002,0.7087507107946811,0.1842341736674557,-1.17,1,10,2023
2023-10-13,83.26239776611328,19751.05078125,10.619999885559082,1927.4000244140625,87.69000244140625,106.6500015258789,307.696,5.33,4.8,6.5,0.053348368790429035,-0.21698099802970328,3.108113950051017,5.765285934345443,0.07506974878839223,0.18414386132858654,-1.17,1,10,2023
2023-10-16,83.28230285644531,19731.75,11.06999969482422,1921.0999755859373,86.66000366210938,106.23999786376952,307.696,5.33,4.8,6.5,0.02390645821652715,-0.09772027556287366,-0.3268677362417538,-1.174590889064131,-0.38443849624315574,0.18414059086958687,-1.17,0,10,2023
2023-10-17,83.19950103759766,19811.5,10.699999809265137,1922.699951171875,86.66000366210938,106.25,307.696,5.33,4.8,6.5,-0.09942306589478811,0.4041709427698992,0.08328434783566596,0.0,0.009414661550821712,0.18544483225274977,-1.17,0,10,2023
2023-10-18,83.26429748535156,19671.099609375,10.970000267028809,1955.300048828125,88.31999969482422,106.56999969482422,307.696,5.33,4.8,6.5,0.07788081292052773,-0.7086812741337156,1.6955374465152717,1.9155273050613264,0.30117618336396035,0.16937341728885633,-1.17,0,10,2023
2023-10-19,83.26860046386719,19624.69921875,10.899999618530272,1968.4000244140625,89.37000274658203,106.25,307.696,5.33,4.8,6.5,0.005167855426124746,-0.23588102112443998,0.6699726517057414,1.188862155101833,-0.3002718361082679,0.16515738192468354,-1.17,0,10,2023
2023-10-20,83.12229919433594,19542.650390625,10.81999969482422,1982.5,88.75,106.16000366210938,307.696,5.33,4.8,6.5,-0.17569800466952223,-0.41808960845935994,0.7163165723966358,-0.6937481565711834,-0.08470243566176539,0.1682466577820615,-1.17,0,10,2023
2023-10-23,83.15979766845703,19281.75,10.90999984741211,1976.300048828125,85.48999786376953,105.54000091552734,307.696,5.33,4.8,6.5,0.04511241205373828,-1.3350307425555652,-0.31273398092686033,-3.6732418436399628,-0.5840266816073192,0.1617769403289339,-1.17,0,10,2023
2023-10-24,83.02940368652344,19281.75,10.90999984741211,1975.0,83.73999786376953,106.2699966430664,307.696,5.33,4.8,6.5,-0.15679930157291855,0.0,-0.06578195597859438,-2.0470230947819967,0.6916768250962324,0.16324133436451307,-1.17,0,10,2023
2023-10-25,82.98780059814453,19122.150390625,11.3100004196167,1984.0999755859373,85.38999938964844,106.52999877929688,307.696,5.33,4.8,6.5,-0.05010645209012621,-0.8277236732921023,0.46075825751581423,1.970386395952839,0.24466184665814517,0.16188520288109437,-1.17,0,10,2023
2023-10-26,83.1709976196289,18857.25,11.729999542236328,1987.199951171875,83.20999908447266,106.5999984741211,307.696,5.33,4.8,6.5,0.22075174924984786,-1.3853064912347501,0.15624089632995108,-2.5529925292868128,0.06570890418315933,0.1654925222255912,-1.17,0,10,2023
2023-10-27,83.28250122070312,19047.25,10.90999984741211,1988.5999755859373,85.54000091552734,106.55999755859376,307.696,5.33,4.8,6.5,0.13406548468273272,1.0075700327460302,0.07045211596532486,2.800146444767204,-0.03752431153837277,0.1660469606579141,-1.17,0,10,2023
2023-10-30,83.41339874267578,19140.900390625,11.489999771118164,1996.199951171875,82.30999755859375,106.12000274658205,307.696,5.33,4.8,6.5,0.15717289953356417,0.49167407696648624,0.38217719396775873,-3.7760151068075065,-0.4129080537654706,0.16788852522975697,-1.17,0,10,2023
2023-10-31,83.29650115966797,19079.599609375,11.829999923706056,1985.199951171875,81.0199966430664,106.66000366210938,307.696,5.33,4.8,6.5,-0.14014245285512983,-0.3202606982899536,-0.5510470027585423,-1.5672469369337971,0.5088587462788396,0.16617418858835495,-1.17,0,10,2023
2023-11-01,83.2771987915039,18989.150390625,12.050000190734863,1978.800048828125,80.44000244140625,106.87999725341795,308.148,5.33,4.5,6.5,-0.023173083977512388,-0.4740624572936891,-0.32238074255301896,-0.7158654970270129,0.20625687582527252,0.1656656396761202,-1.17,0,11,2023
2023-11-02,85.19400024414062,19133.25,11.079999923706056,1985.5999755859373,82.45999908447266,106.12000274658205,308.148,5.33,4.5,6.5,2.301712209887974,0.7588523257266999,0.34363890186071,2.511184214020634,-0.711072723022177,0.4496436677765715,-1.17,0,11,2023
2023-11-03,83.24729919433594,19230.599609375,10.880000114440918,1991.5,80.51000213623047,105.0199966430664,308.148,5.33,4.5,6.5,-2.2850212975397577,0.5087980838331285,0.2971406369161267,-2.3647792504152165,-1.0365681069029797,0.6224339520274841,-1.17,0,11,2023
2023-11-06,83.15850067138672,19411.75,11.109999656677246,1981.5999755859373,80.81999969482422,105.22000122070312,308.148,5.33,4.5,6.5,-0.10666835297794552,0.941990339899168,-0.4971139550119408,0.3850422933403985,0.1904442811176965,0.6226139483825243,-1.17,0,11,2023
2023-11-07,83.2228012084961,19406.69921875,11.1899995803833,1966.800048828125,77.37000274658203,105.54000091552734,308.148,5.33,4.5,6.5,0.07732286728385773,-0.026019195847870602,-0.746867528267714,-4.2687416001848,0.3041243975591801,0.6226576672077466,-1.17,0,11,2023
2023-11-08,83.23269653320312,19443.5,11.039999961853027,1951.5,75.33000183105469,105.58999633789062,308.148,5.33,4.5,6.5,0.01189016058500414,0.18962926582819506,-0.7779158251110085,-2.6366819737737024,0.04737106493233334,0.6197953478351896,-1.17,0,11,2023
2023-11-09,83.21769714355469,19395.30078125,10.979999542236328,1964.199951171875,75.73999786376953,105.91000366210938,308.148,5.33,4.5,6.5,-0.018021030524284498,-0.24789373698150818,0.650778948084807,0.5442665906664423,0.3030659487805343,0.6195710263569085,-1.17,0,11,2023
2023-11-10,83.31939697265625,19425.349609375,11.109999656677246,1932.5999755859373,77.16999816894531,105.86000061035156,308.148,5.33,4.5,6.5,0.12220937684219724,0.1549283945833313,-1.608796271840074,1.888038480998988,-0.047212775024862985,0.6199134303086915,-1.17,0,11,2023
2023-11-13,83.29889678955078,19443.55078125,11.1899995803833,1945.5,78.26000213623047,105.66000366210938,308.148,5.33,4.5,6.5,-0.024604334465117006,0.09369804014345284,0.6674958386125196,1.4124711586734229,-0.18892588993867365,0.6188344371427306,-1.17,0,11,2023
2023-11-14,83.19760131835938,19443.55078125,11.1899995803833,1961.800048828125,78.26000213623047,104.11000061035156,308.148,5.33,4.5,6.5,-0.12160481722504057,0.0,0.8378334015998412,0.0,-1.466972362327923,0.615088637079451,-1.17,0,11,2023
2023-11-15,82.98159790039062,19675.44921875,11.140000343322754,1960.0999755859373,76.66000366210938,104.38999938964844,308.148,5.33,4.5,6.5,-0.2596269778766813,1.1926753508604282,-0.08665884391242384,-2.0444651551834947,0.2689451327013481,0.6162621436756173,-1.17,0,11,2023
2023-11-16,83.18620300292969,19765.19921875,11.649999618530272,1983.9000244140625,72.9000015258789,104.37000274658205,308.148,5.33,4.5,6.5,0.24656683857144923,0.4561522280999375,1.2142262703212614,-4.904776880527228,-0.01915570761884533,0.6159998272521306,-1.17,0,11,2023
2023-11-17,83.12030029296875,19731.80078125,11.829999923706056,1981.5999755859373,75.88999938964844,103.81999969482422,308.148,5.33,4.5,6.5,-0.079223125448602,-0.16897597201204206,-0.11593572255761408,4.101505900117308,-0.5269742620331974,0.6141989673415926,-1.17,0,11,2023
2023-11-20,83.29149627685547,19694.0,12.149999618530272,1977.699951171875,77.5999984741211,103.47000122070312,308.148,5.33,4.5,6.5,0.20596170043096773,-0.19157289123818977,-0.19681189251675724,2.2532601109836126,-0.3371204730783117,0.614925325733638,-1.17,1,11,2023
2023-11-21,83.32219696044922,19783.400390625,12.229999542236328,1999.300048828125,77.7699966430664,103.58999633789062,308.148,5.33,4.5,6.5,0.036859325340610205,0.45394734754240496,1.092182747107362,0.21906980964954137,0.11597092468527137,0.6141497156890044,-1.17,1,11,2023
2023-11-22,83.345703125,19811.849609375,11.869999885559082,1991.4000244140625,77.0999984741211,103.91999816894533,308.148,5.33,4.5,6.5,0.02821116750191255,0.14380348265852216,-0.3951395098846233,-0.8615124056393308,0.31856534677181525,0.6141418655463925,-1.17,1,11,2023
2023-11-23,83.54830169677734,19802.0,11.31999969482422,1991.4000244140625,77.0999984741211,103.91999816894533,308.148,5.33,4.5,6.5,0.24308220361821675,-0.04971574875239915,0.0,0.0,0.0,0.6155931290075819,-1.17,1,11,2023
2023-11-24,83.34400177001953,19794.69921875,11.329999923706056,2002.199951171875,75.54000091552734,103.4000015258789,308.148,5.33,4.5,6.5,-0.244529119812964,-0.03686890844358803,0.5423283431459369,-2.0233431770006693,-0.5003816899814106,0.6173536742874006,-1.17,1,11,2023
2023-11-27,83.31449890136719,19794.69921875,11.329999923706056,2011.800048828125,74.86000061035156,103.1999969482422,308.148,5.33,4.5,6.5,-0.03539891057038336,0.0,0.47947746930225854,-0.9001857253565504,-0.19342802193929032,0.6173863534825705,-1.17,0,11,2023
2023-11-28,83.364501953125,19889.69921875,12.18000030517578,2039.699951171875,76.41000366210938,102.75,308.148,5.33,4.5,6.5,0.06001722679387367,0.4799264638990497,1.3868128872947194,2.070535718835509,-0.43604356739262995,0.6171593082777201,-1.17,0,11,2023
2023-11-29,83.41809844970703,20096.599609375,12.710000038146973,2047.0999755859373,77.86000061035156,102.7699966430664,308.148,5.33,4.5,6.5,0.06429174927737868,1.040238911355451,0.3627996563813518,1.8976532898155263,0.01946145310598446,0.617111573473011,-1.17,0,11,2023
2023-11-30,83.3302993774414,20133.150390625,12.6899995803833,2038.0999755859373,75.95999908447266,103.5,308.148,5.33,4.5,6.5,-0.10525182651887066,0.18187545137213768,-0.43964633419645294,-2.440279361655051,0.710327314176129,0.6174581944007173,-1.17,0,11,2023
2023-12-01,83.35269927978516,20267.900390625,12.380000114440918,2071.0,74.06999969482422,103.2699966430664,308.741,5.33,4.02,6.5,0.02688086147668578,0.6692941610506598,1.6142497820600843,-2.4881508852397816,-0.2222254656363276,0.6165287103014623,-1.17,0,12,2023
2023-12-04,83.21859741210938,20686.80078125,12.989999771118164,2024.0999755859373,73.04000091552734,103.63999938964844,308.741,5.33,4.02,6.5,-0.16088485296157362,2.066816900376933,-2.2646076491580236,-1.3905748393959416,0.3582867808748613,0.6172831106347062,-1.17,0,12,2023
2023-12-05,83.41709899902344,20855.099609375,13.460000038146973,2018.5,72.31999969482422,104.0500030517578,308.741,5.33,4.02,6.5,0.238530320249275,0.8135565760247543,-0.27666496978817623,-0.9857628856492329,0.395603690200641,0.6179470101379372,-1.17,0,12,2023
2023-12-06,83.31590270996094,20937.69921875,13.739999771118164,2030.5,69.37999725341797,104.1500015258789,308.741,5.33,4.02,6.5,-0.12131360389754375,0.39606432442005346,0.5945008669804297,-4.065268879718564,0.09610617125246357,0.6183517739093038,-1.17,0,12,2023
2023-12-07,83.28959655761719,20901.150390625,12.670000076293944,2029.9000244140625,69.33999633789062,103.54000091552734,308.741,5.33,4.02,6.5,-0.031573987063826525,-0.17455990623970186,-0.02954816970881513,-0.057654824316633047,-0.5856942884441496,0.6171715991064308,-1.17,0,12,2023
2023-12-08,83.35489654541016,20969.400390625,12.470000267028809,1998.300048828125,71.2300033569336,104.01000213623048,308.741,5.33,4.02,6.5,0.07840113350505717,0.3265370504707432,-1.5567257109156851,2.7257097185772183,0.45393202293535495,0.6168587384022621,-1.17,0,12,2023
2023-12-11,83.43009948730469,20997.099609375,12.760000228881836,1978.0,71.31999969482422,104.0999984741211,308.741,5.33,4.02,6.5,0.09022018502964357,0.1320935183362959,-1.0158659026220707,0.12634610929280754,0.08652661863495226,0.6164091641554447,-1.17,0,12,2023
2023-12-12,83.34349822998047,20906.400390625,12.710000038146973,1977.800048828125,68.61000061035156,103.87000274658205,308.741,5.33,4.02,6.5,-0.10380097573465807,-0.43196070141755527,-0.010108754897619754,-3.799774391571298,-0.22093730154686408,0.6161548223204938,-1.17,0,12,2023
2023-12-13,83.39600372314453,20926.349609375,12.06999969482422,1982.300048828125,69.47000122070312,102.87000274658205,308.741,5.33,4.02,6.5,0.06299890726830792,0.09542158562574343,0.22752552780380686,1.2534624729646282,-0.9627418634422846,0.6162260057811778,-1.17,0,12,2023
2023-12-14,83.2853012084961,21182.69921875,12.31999969482422,2030.199951171875,71.58000183105469,101.95999908447266,308.741,5.33,4.02,6.5,-0.13274318876950186,1.2250087289956912,2.416380021383091,3.0372831053337546,-0.884615182086812,0.43812156588246104,-1.17,0,12,2023
2023-12-15,83.29660034179688,21456.650390625,13.130000114440918,2021.0999755859373,71.43000030517578,102.5500030517578,308.741,5.33,4.02,6.5,0.013566779655982408,1.2932779200891975,-0.4482305095458661,-0.2095578681779675,0.5786621935886194,0.13288293964242845,-1.17,0,12,2023
2023-12-18,83.04170227050781,21418.650390625,13.899999618530272,2026.300048828125,72.47000122070312,102.51000213623048,308.741,5.33,4.02,6.5,-0.3060125746346398,-0.17710126840955187,0.2572892635199997,1.4559721560745809,-0.03900625483855835,0.1430987349635463,-1.17,0,12,2023
2023-12-19,83.11119842529297,21453.099609375,13.869999885559082,2038.4000244140625,73.44000244140625,102.16999816894533,308.741,5.33,4.02,6.5,0.08368825889282228,0.1608374856572503,0.5971462909915681,1.3384865521790745,-0.33167882177322916,0.14322903306941887,-1.17,0,12,2023
2023-12-20,83.09159851074219,21150.150390625,14.449999809265137,2034.5,74.22000122070312,102.41000366210938,308.741,5.33,4.02,6.5,-0.023582760111917622,-1.412146609423337,-0.19132772602784565,1.0620898057828843,0.23490799399563667,0.14323655946177236,-1.17,0,12,2023
2023-12-21,83.26719665527344,21255.05078125,13.760000228881836,2039.0999755859373,73.88999938964844,101.83999633789062,308.741,5.33,4.02,6.5,0.21133080561515083,0.49597940765233606,0.2260985788123504,-0.4446265502925373,-0.5565934028275432,0.14856971429778218,-1.17,0,12,2023
2023-12-22,83.13159942626953,21349.400390625,13.710000038146973,2057.10009765625,73.55999755859375,101.6999969482422,308.741,5.33,4.02,6.5,-0.16284591585961072,0.44389265566107117,0.8827483833959926,-0.4466123071871553,-0.1374699476460406,0.14973330670434712,-1.17,0,12,2023
2023-12-25,83.16500091552734,21349.400390625,13.710000038146973,2057.10009765625,73.55999755859375,101.6999969482422,308.741,5.33,4.02,6.5,0.04017905283710821,0.0,0.0,0.0,0.0,0.1499438278853059,-1.17,0,12,2023
2023-12-26,83.17230224609375,21441.349609375,14.68000030517578,2058.199951171875,75.56999969482422,101.47000122070312,308.741,5.33,4.02,6.5,0.008779330831520937,0.43068759341071683,0.05346621279529451,2.7324662900232166,-0.22615116464175244,0.14833606156184728,-1.17,0,12,2023
2023-12-27,83.18280029296875,21654.75,15.5600004196167,2081.89990234375,74.11000061035156,100.98999786376952,308.741,5.33,4.02,6.5,0.01262204675294143,0.9952749920727699,1.151489249544535,-1.9319823876784437,-0.4730495231685006,0.14005917493673886,-1.17,0,12,2023
2023-12-28,83.26719665527344,21778.69921875,15.140000343322754,2073.89990234375,71.7699966430664,101.2300033569336,308.741,5.33,4.02,6.5,0.10145890978356942,0.5723881307796219,-0.3842643919140354,-3.1574739549500297,0.23765273615297122,0.1339129654770708,-1.17,0,12,2023
2023-12-29,82.302001953125,21731.400390625,14.5,2062.39990234375,71.6500015258789,101.33000183105467,308.741,5.33,4.02,6.5,-1.1591535933944686,-0.21717930740454694,-0.5545108511265995,-0.1671939846733861,0.09878343455989036,0.25091056633798814,-1.17,0,12,2023
2024-01-01,83.24859619140625,21741.900390625,14.5,2062.39990234375,71.6500015258789,101.33000183105467,309.698,5.33,4.06,6.5,1.150147281739744,0.048317180721269004,0.0,0.0,0.0,0.32895430434240197,-1.17,0,1,2024
2024-01-02,83.20259857177734,21665.80078125,14.579999923706056,2064.39990234375,70.37999725341797,102.1999969482422,309.698,5.33,4.06,6.5,-0.05525332766350699,-0.3500136051024061,0.09697440335054708,-1.772511158987533,0.8585760401327747,0.32901674788463803,-1.17,0,1,2024
2024-01-03,83.25700378417969,21517.349609375,14.100000381469728,2034.199951171875,72.69999694824219,102.45999908447266,309.698,5.33,4.06,6.5,0.06538883801257,-0.685186637566948,-1.462892491788459,3.296390715206443,0.25440522895723294,0.3292132442559881,-1.17,0,1,2024
2024-01-04,83.31809997558594,21658.599609375,13.329999923706056,2042.300048828125,72.19000244140625,102.41999816894533,309.698,5.33,4.06,6.5,0.07338264485787782,0.6564470186349425,0.3981957452896312,-0.7015055409136051,-0.03904051911454154,0.32628360655146416,-1.17,0,1,2024
2024-01-05,83.2406005859375,21710.80078125,12.630000114440918,2042.4000244140625,73.80999755859375,102.41000366210938,309.698,5.33,4.06,6.5,-0.09301627097970666,0.24101822286055619,0.004895244750890981,2.2440712874367774,-0.009758354827804627,0.3236692633376418,-1.17,0,1,2024
2024-01-08,83.19110107421875,21513.0,13.460000038146973,2026.5999755859373,70.7699966430664,102.20999908447266,309.698,5.33,4.06,6.5,-0.05946558694953641,-0.911070868564301,-0.7736020681187616,-4.118684481887502,-0.1952978913042691,0.3237805203282703,-1.17,0,1,2024
2024-01-09,83.05069732666016,21544.849609375,13.260000228881836,2026.4000244140625,72.23999786376953,102.56999969482422,309.698,5.33,4.06,6.5,-0.16877255589312634,0.14804820050666745,-0.009866336439534606,2.0771531587279624,0.3522166261385351,0.32490260605982796,-1.17,0,1,2024
2024-01-10,83.131103515625,21618.69921875,12.970000267028809,2021.699951171875,71.37000274658203,102.36000061035156,309.698,5.33,4.06,6.5,0.09681579029805487,0.34277152411805734,-0.23194202455394386,-1.2043122133366335,-0.20473733557323515,0.32522026994190106,-1.17,0,1,2024
2024-01-11,83.02559661865234,21647.19921875,12.770000457763672,2014.300048828125,72.0199966430664,102.29000091552734,309.698,5.33,4.06,6.5,-0.1269162714203853,0.13183031833516878,-0.3660237682382439,0.9107382254031071,-0.06838578976828824,0.32546079088843527,-1.17,0,1,2024
2024-01-12,83.07610321044922,21894.55078125,13.100000381469728,2046.699951171875,72.68000030517578,102.4000015258789,309.698,5.33,4.06,6.5,0.060832555084022744,1.1426492637705898,1.6084943433625654,0.9164172353136602,0.10753798940954518,0.3256585372956188,-1.17,0,1,2024
2024-01-15,82.87210083007812,22097.44921875,13.789999961853027,2046.699951171875,72.68000030517578,102.4000015258789,309.698,5.33,4.06,6.5,-0.2455608441988555,0.9267074694848665,0.0,0.0,0.0,0.3273687550488571,-1.17,0,1,2024
2024-01-16,82.8593978881836,22032.30078125,13.56999969482422,2026.0,72.4000015258789,103.36000061035156,309.698,5.33,4.06,6.5,-0.015328369580702716,-0.29482333845447517,-1.011381817839141,-0.3852487315921693,0.9374990919605031,0.32389499422294266,-1.17,0,1,2024
2024-01-17,83.08899688720703,21571.94921875,15.079999923706056,2002.5999755859373,72.55999755859375,103.4499969482422,309.698,5.33,4.06,6.5,0.2770946988213341,-2.0894393512082443,-1.1549863975351737,0.22098899080500445,0.08707075982894441,0.32782016350381893,-1.17,0,1,2024
2024-01-18,83.17759704589844,21462.25,14.06999969482422,2018.5999755859373,74.08000183105469,103.54000091552734,309.698,5.33,4.06,6.5,0.10663284190526312,-0.5085271508735612,0.7989613599849621,2.094824040248211,0.08700238756911283,0.32845624862651596,-1.17,0,1,2024
2024-01-19,83.16059875488281,21622.400390625,13.880000114440918,2026.5,73.41000366210938,103.29000091552734,309.698,5.33,4.06,6.5,-0.02043614100349922,0.746195718645537,0.3913615629451028,-0.9044251517073332,-0.24145257657856023,0.32809709724906216,-1.17,0,1,2024
2024-01-22,83.12470245361328,21622.400390625,13.880000114440918,2019.800048828125,75.19000244140625,103.33000183105467,309.698,5.33,4.06,6.5,-0.043165034652214995,0.0,-0.33061688486922813,2.424735990328819,0.03872680334280343,0.32763402796512875,-1.17,0,1,2024
2024-01-23,83.09510040283203,21238.80078125,14.850000381469728,2023.699951171875,74.37000274658203,103.62000274658205,309.698,5.33,4.06,6.5,-0.03561161713363514,-1.774084294273448,0.19308358498222322,-1.090570113311573,0.2806550957015652,0.32720933018717446,-1.17,0,1,2024
2024-01-24,83.22139739990234,21453.94921875,14.380000114440918,2013.9000244140625,75.08999633789062,103.23999786376952,309.698,5.33,4.06,6.5,0.1519909073556036,1.0129971071150878,-0.4842578936733011,0.9681236583545472,-0.3667292730553995,0.3282902139535971,-1.17,0,1,2024
2024-01-25,83.09760284423828,21352.599609375,13.869999885559082,2016.9000244140625,77.36000061035156,103.56999969482422,309.698,5.33,4.06,6.5,-0.14875327683959716,-0.47240537554001927,0.14896469356133757,3.023044857062396,0.31964532921644473,0.32851550626764464,-1.17,0,1,2024
2024-01-26,83.14610290527344,21352.599609375,13.869999885559082,2016.800048828125,78.01000213623047,103.47000122070312,309.698,5.33,4.06,6.5,0.058365174656205276,0.0,-0.004956893486407488,0.8402294735658566,-0.09655158290600152,0.3287139677732875,-1.17,0,1,2024
2024-01-29,83.12129974365234,21737.599609375,15.68000030517578,2025.199951171875,76.77999877929688,103.61000061035156,309.698,5.33,4.06,6.5,-0.029830816784459646,1.8030591452244726,0.4164965361157513,-1.576725193245876,0.1353043278213617,0.3238389329007664,-1.17,0,1,2024
2024-01-30,83.1530990600586,21522.099609375,16.100000381469727,2031.5,77.81999969482422,103.4000015258789,309.698,5.33,4.06,6.5,0.0382565196938911,-0.9913698102483215,0.3110828056498649,1.3545206200338944,-0.20268225387084504,0.32355808838470934,-1.17,0,1,2024
2024-01-31,83.10970306396484,21725.69921875,16.049999237060547,2048.39990234375,75.8499984741211,103.2699966430664,309.698,5.33,4.06,6.5,-0.05218806825516564,0.9460025419002926,0.8318928055008667,-2.5314844878290943,-0.1257300588916932,0.3236787735323524,-1.17,0,1,2024
2024-02-01,83.05359649658203,21697.44921875,14.460000038146973,2053.0,73.81999969482422,103.0500030517578,310.967,5.33,4.21,6.5,-0.06750904565214766,-0.13003033741542103,0.2245702926946258,-2.676333315932078,-0.2130275960683714,0.32143337230590235,-1.17,0,2,2024
2024-02-02,82.92759704589844,21853.80078125,14.699999809265137,2036.0999755859373,72.27999877929688,103.91999816894533,310.967,5.33,4.21,6.5,-0.15170860263562513,0.7205988175093214,-0.8231867712646279,-2.0861567622511346,0.8442456006047427,0.32125482008538886,-1.17,0,2,2024
2024-02-05,82.99929809570312,21771.69921875,15.619999885559082,2025.699951171875,72.77999877929688,104.4499969482422,310.967,5.33,4.21,6.5,0.08646223013673016,-0.37568550808078083,-0.5107816187203351,0.6917543005592997,0.5100065325590597,0.32160357829876485,-1.17,0,2,2024
2024-02-06,83.10369873046875,21929.400390625,15.789999961853027,2034.5,73.30999755859375,104.18000030517578,310.967,5.33,4.21,6.5,0.12578496103092807,0.7243402101531293,0.43442015304557824,0.7282203739850113,-0.2584936821015016,0.3224990842029581,-1.17,0,2,2024
2024-02-07,83.07060241699219,21930.5,15.510000228881836,2035.199951171875,73.86000061035156,104.04000091552734,310.967,5.33,4.21,6.5,-0.03982531942881007,0.005014315737827957,0.03440408807446893,0.7502429001149835,-0.13438221274556517,0.3225578476164922,-1.17,0,2,2024
2024-02-08,83.01260375976562,21717.94921875,15.829999923706056,2032.199951171875,76.22000122070312,104.1500015258789,310.967,5.33,4.21,6.5,-0.06981851044660647,-0.9692017110872975,-0.14740566391389098,3.1952350268743546,0.10572915165665275,0.32214247065423574,-1.17,0,2,2024
2024-02-09,82.98529815673828,21782.5,15.449999809265137,2023.300048828125,76.83999633789062,104.08000183105467,310.967,5.33,4.21,6.5,-0.03289332196634298,0.29722318898448563,-0.43794422584342296,0.8134283747808446,-0.0672104597202905,0.23827842220275153,-1.17,0,2,2024
2024-02-12,83.0145034790039,21616.05078125,16.059999465942383,2018.199951171875,76.91999816894531,104.16999816894533,310.967,5.33,4.21,6.5,0.0351933690838413,-0.7641419430735708,-0.25206828118271574,0.10411482934342686,0.08646842458432946,0.10915937314248723,-1.17,0,2,2024
2024-02-13,82.99019622802734,21743.25,15.8100004196167,1992.9000244140625,77.87000274658203,104.95999908447266,310.967,5.33,4.21,6.5,-0.029280728014846602,0.5884480011507653,-1.2535887112236854,1.2350553825419386,0.7583766241850975,0.10888522982210799,-1.17,0,2,2024
2024-02-14,83.07460021972656,21840.05078125,15.4399995803833,1990.300048828125,76.63999938964844,104.72000122070312,310.967,5.33,4.21,6.5,0.1017035692593149,0.44519922849619586,-0.13046191751149294,-1.5795599249386005,-0.228656503299296,0.10993138937158987,-1.17,0,2,2024
2024-02-15,83.04309844970703,21910.75,15.229999542236328,2002.0999755859373,78.02999877929688,104.3000030517578,310.967,5.33,4.21,6.5,-0.03791985749701521,0.32371361888359207,0.5928717514105397,1.8136735395592574,-0.40106776551707135,0.1089903495698873,-1.17,0,2,2024
2024-02-16,83.00959777832031,22040.69921875,15.220000267028809,2011.5,79.19000244140625,104.27999877929688,310.967,5.33,4.21,6.5,-0.04034130711898509,0.5930843022260657,0.469508242779515,1.486612431444967,-0.01917955117508585,0.10804305836330619,-1.17,0,2,2024
2024-02-19,83.01599884033203,22122.25,15.220000267028809,2011.5,79.19000244140625,104.27999877929688,310.967,5.33,4.21,6.5,0.007711231210660863,0.37000088082788096,0.0,0.0,0.0,0.10766095736978255,-1.17,0,2,2024
2024-02-20,83.02100372314453,22196.94921875,16.06999969482422,2027.5,78.18000030517578,104.08000183105467,310.967,5.33,4.21,6.5,0.006028817194780878,0.33766555730090353,0.7954262987819982,-1.275416220599035,-0.1917884067734632,0.10324142689290948,-1.17,0,2,2024
2024-02-21,82.8291015625,22055.05078125,15.93000030517578,2022.300048828125,77.91000366210938,104.01000213623048,310.967,5.33,4.21,6.5,-0.2311489286307311,-0.6392700010330099,-0.25647108122688334,-0.3453525735641727,-0.0672556625602394,0.10967476476670959,-1.17,0,2,2024
2024-02-22,82.93840026855469,22217.44921875,15.199999809265137,2019.699951171875,78.61000061035156,103.95999908447266,310.967,5.33,4.21,6.5,0.1319568895386647,0.736332185814148,-0.12857130957182328,0.8984686373241901,-0.048075233853306365,0.11050817857811172,-1.17,0,2,2024
2024-02-23,82.87229919433594,22212.69921875,14.970000267028809,2038.5999755859373,76.48999786376953,103.94000244140624,310.967,5.33,4.21,6.5,-0.07969899829839422,-0.02137959201901074,0.9357837733815932,-2.696861379114235,-0.019234939633050452,0.11066801000136221,-1.17,0,2,2024
2024-02-26,82.88179779052734,22122.05078125,15.600000381469728,2028.5,77.58000183105469,103.83000183105467,310.967,5.33,4.21,6.5,0.011461726395611826,-0.40809285088362346,-0.495436854061293,1.4250281052778702,-0.10583087143333225,0.10119666496684829,-1.17,0,2,2024
2024-02-27,82.85199737548828,22198.349609375,15.729999542236328,2034.0,78.87000274658203,103.83000183105467,310.967,5.33,4.21,6.5,-0.03595531930229434,0.3448994348646428,0.2711363076164597,1.6628008315036746,0.0,0.1013774034187437,-1.17,0,2,2024
2024-02-28,82.94819641113281,21951.150390625,16.329999923706055,2033.0,78.54000091552734,103.9800033569336,310.967,5.33,4.21,6.5,0.11610949487259603,-1.1135927809948543,-0.0491642084562427,-0.41841234888125856,0.14446838412176533,0.08978905514295314,-1.17,0,2,2024
2024-02-29,82.91190338134766,21982.80078125,15.56999969482422,2045.699951171875,78.26000213623047,104.16000366210938,310.967,5.33,4.21,6.5,-0.04375385042161284,0.14418556686905948,0.6246901707759545,-0.3565046804596128,0.17311050140851325,0.08747443158401122,-1.17,0,2,2024
2024-03-01,82.910400390625,22338.75,15.239999771118164,2086.89990234375,79.97000122070312,103.86000061035156,312.345,5.33,4.21,6.5,-0.0018127562646186313,1.6192168700068565,2.0139782057614797,2.185023048550372,-0.28802135292833597,0.08746850165316919,-1.17,0,3,2024
2024-03-04,82.84609985351562,22405.599609375,14.920000076293944,2117.699951171875,78.73999786376953,103.83000183105467,312.345,5.33,4.21,6.5,-0.07755424748454587,0.29925402887358565,1.4758757137097955,-1.538080953055132,-0.028883862045636644,0.08814080119457139,-1.17,0,3,2024
2024-03-05,82.9104995727539,22356.30078125,14.380000114440918,2133.5,78.1500015258789,103.8000030517578,312.345,5.33,4.21,6.5,0.07773415930520944,-0.22002905070378498,0.746094781717388,-0.7492968680433476,-0.02889220723090169,0.08947540737487349,-1.17,0,3,2024
2024-03-06,82.88480377197266,22474.05078125,14.300000190734863,2150.300048828125,79.12999725341797,103.37000274658205,312.345,5.33,4.21,6.5,-0.03099221559834664,0.5266971542034149,0.7874407700082076,1.253993228924699,-0.4142584706489316,0.08432572109243915,-1.17,0,3,2024
2024-03-07,82.81909942626953,22493.55078125,13.609999656677246,2158.0,78.93000030517578,102.81999969482422,312.345,5.33,4.21,6.5,-0.0792718842453799,0.08676673462120199,0.3580872900073251,-0.2527447936105487,-0.5320722038734904,0.08138497972663324,-1.17,0,3,2024
2024-03-08,82.7522964477539,22493.55078125,13.609999656677246,2178.60009765625,78.01000213623047,102.73999786376952,312.345,5.33,4.21,6.5,-0.08066131964534762,0.0,0.9545921064064045,-1.165587438728266,-0.07780765540960077,0.08124779764344753,-1.17,0,3,2024
2024-03-11,82.7520980834961,22332.650390625,14.0,2182.5,77.93000030517578,102.87000274658205,312.345,5.33,4.21,6.5,-0.00023970846287912906,-0.7153178801771132,0.17900955517011763,-0.10255329940253022,0.1265377511345811,0.08125110839411792,-1.17,0,3,2024
2024-03-12,82.7782974243164,22335.69921875,13.640000343322754,2160.39990234375,77.55999755859375,102.95999908447266,312.345,5.33,4.21,6.5,0.031660032104419145,0.013651886684606929,-1.0126047036082442,-0.47478858608122065,0.08748550159205504,0.08111136458483247,-1.17,0,3,2024
2024-03-13,82.83509826660156,21997.69921875,14.43000030517578,2175.39990234375,79.72000122070312,102.79000091552734,312.345,5.33,4.21,6.5,0.06861803643289921,-1.5132725270416536,0.6943158988170106,2.784945500388347,-0.165110888167197,0.08219432082452761,-1.17,0,3,2024
2024-03-14,82.83110046386719,22146.650390625,13.619999885559082,2163.0,81.26000213623047,103.36000061035156,312.345,5.33,4.21,6.5,-0.0048262183760638955,0.6771215952804832,-0.5700056495539285,1.9317622829230663,0.5545283488154196,0.08150206168848514,-1.17,0,3,2024
2024-03-15,82.9655990600586,22023.349609375,13.6899995803833,2157.300048828125,81.04000091552734,103.43000030517578,312.345,5.33,4.21,6.5,0.16237692779426105,-0.5567468627318717,-0.26352062745608196,-0.2707374045281208,0.06772416254920977,0.08269053105484188,-1.17,0,3,2024
2024-03-18,82.88890075683594,22055.69921875,13.899999618530272,2160.699951171875,82.72000122070312,103.58000183105467,312.345,5.33,4.21,6.5,-0.09244591022253834,0.14688778023679294,0.15759988257531,2.073050698662926,0.14502709604207187,0.08280760040105964,-1.17,0,3,2024
2024-03-19,82.86360168457031,21817.44921875,14.109999656677246,2156.300048828125,83.47000122070312,103.80999755859376,312.345,5.33,4.21,6.5,-0.030521664583105235,-1.0802196640288697,-0.20363319494517418,0.9066731007401074,0.22204646019821084,0.07917127497798035,-1.17,0,3,2024
2024-03-20,83.04239654541016,21839.099609375,13.470000267028809,2157.89990234375,81.68000030517578,103.41000366210938,312.345,5.33,4.21,6.5,0.21577008144111343,0.09923428906801757,0.0741943829428715,-2.1444841132737036,-0.385313462952952,0.088956023950534,-1.17,0,3,2024
2024-03-21,83.05460357666016,22011.94921875,12.510000228881836,2182.39990234375,81.06999969482422,104.0,312.345,5.33,4.21,6.5,0.014699757904179656,0.79146856998078,1.1353631358614003,-0.7468175906861663,0.5705408732199935,0.08803805645693445,-1.17,0,3,2024
2024-03-22,83.22660064697266,22096.75,12.220000267028809,2158.10009765625,80.62999725341797,104.43000030517578,312.345,5.33,4.21,6.5,0.20708914726652594,0.38524885010076115,-1.11344417956597,-0.5427438547706553,0.41346183189978625,0.09538077476555079,-1.17,0,3,2024
2024-03-25,83.59359741210938,22096.75,12.220000267028809,2174.800048828125,81.94999694824219,104.2300033569336,312.345,5.33,4.21,6.5,0.44096089745804257,0.0,0.7738265333480765,1.637107453539266,-0.19151292507683104,0.12368709972943451,-1.17,0,3,2024
2024-03-26,83.41739654541016,22004.69921875,12.81999969482422,2175.60009765625,81.62000274658203,104.29000091552734,312.345,5.33,4.21,6.5,-0.21078272996263303,-0.416580634029895,0.03678723607516421,-0.40267750329334717,0.05756265629992541,0.13059144879551443,-1.17,0,3,2024
2024-03-27,83.34549713134766,22123.650390625,12.699999809265137,2190.60009765625,81.3499984741211,104.3499984741211,312.345,5.33,4.21,6.5,-0.08619234960582922,0.5405716783151604,0.6894649442312106,-0.3308064976415892,0.057529540768097576,0.130904201075621,-1.17,0,3,2024
2024-03-28,83.36499786376953,22326.900390625,12.829999923706056,2217.39990234375,83.16999816894531,104.5500030517578,312.345,5.33,4.21,6.5,0.023397463681984476,0.9187001078543977,1.2234001411838502,2.2372461327128335,0.19166706330744354,0.13059341249946466,-1.17,0,3,2024
2024-03-29,83.39299774169922,22326.900390625,12.829999923706056,2217.39990234375,83.16999816894531,104.5500030517578,312.345,5.33,4.21,6.5,0.03358709128193915,0.0,0.0,0.0,0.0,0.13024962431188664,-1.17,0,3,2024
2024-04-01,83.36479949951172,22462.0,12.079999923706056,2236.5,83.70999908447266,105.0199966430664,313.023,5.33,4.54,6.5,-0.0338136809457823,0.6050979178091831,0.8613736131250604,0.6492736893301654,0.44953952901936045,0.13055491317306006,-1.17,0,4,2024
2024-04-02,83.40969848632812,22453.30078125,11.649999618530272,2261.0,85.1500015258789,104.81999969482422,313.023,5.33,4.54,6.5,0.05385844755336766,-0.03872860275131451,1.0954616588419341,1.7202275201952055,-0.19043701641119348,0.13074537029970607,-1.17,0,4,2024
2024-04-03,83.35030364990234,22434.650390625,11.369999885559082,2294.39990234375,85.43000030517578,104.25,313.023,5.33,4.54,6.5,-0.07120854948962085,-0.08306302403686683,1.4772181487726632,0.32883003438559655,-0.5437890636173726,0.12338851553516784,-1.17,0,4,2024
2024-04-04,83.37329864501953,22514.650390625,11.220000267028809,2288.800048828125,86.58999633789062,104.12000274658205,313.023,5.33,4.54,6.5,0.02758837593894725,0.3565912488363576,-0.24406615036484114,1.3578321767190316,-0.12469760519707718,0.12161028625036545,-1.17,0,4,2024
2024-04-05,83.47779846191406,22513.69921875,11.34000015258789,2325.699951171875,86.91000366210938,104.3000030517578,313.023,5.33,4.54,6.5,0.12533966940597718,-0.004224679746289706,1.6121942308871873,0.3695661597790334,0.17287773763687841,0.12172052690394808,-1.17,0,4,2024
2024-04-08,83.29679870605469,22666.30078125,11.609999656677246,2331.699951171875,86.43000030517578,104.13999938964844,313.023,5.33,4.54,6.5,-0.21682382524972343,0.6778164752814453,0.25798684808746586,-0.5522993173487367,-0.15340714997866822,0.12944416965901379,-1.17,0,4,2024
2024-04-09,83.26959991455078,22642.75,11.359999656677246,2343.5,85.2300033569336,104.1500015258789,313.023,5.33,4.54,6.5,-0.0326528653278646,-0.10390218270411866,0.5060706383852809,-1.388403267389926,0.009604509591976118,0.1293992155198654,-1.17,0,4,2024
2024-04-10,83.22429656982422,22753.80078125,11.109999656677246,2329.60009765625,86.20999908447266,105.25,313.023,5.33,4.54,6.5,-0.05440562314824593,0.49044741142307835,-0.593125766748448,1.1498248139624634,1.0561675064860943,0.12863116013838746,-1.17,0,4,2024
2024-04-11,83.4126968383789,22753.80078125,11.109999656677246,2354.800048828125,85.0199966430664,105.27999877929688,313.023,5.33,4.54,6.5,0.22637652262595953,0.0,1.0817286278974603,-1.3803531539772207,0.028502403132413257,0.13399755363892046,-1.17,0,4,2024
2024-04-12,83.34929656982422,22519.400390625,11.529999732971191,2356.199951171875,85.66000366210938,106.04000091552734,313.023,5.33,4.54,6.5,-0.07600793519184634,-1.0301592814249916,0.0594488837575291,0.7527723409939346,0.7218865359446713,0.13509730999629196,-1.17,0,4,2024
2024-04-15,83.61109924316406,22272.5,12.470000267028809,2365.800048828125,85.41000366210938,106.20999908447266,313.023,5.33,4.54,6.5,0.314103038794733,-1.0963897188301042,0.40743985464710697,-0.29185149347662476,0.16031513341907555,0.14419388356823565,-1.17,0,4,2024
2024-04-16,83.50599670410156,22147.900390625,12.619999885559082,2390.800048828125,85.36000061035156,106.26000213623048,313.023,5.33,4.54,6.5,-0.1257040512729457,-0.5594325260972033,1.0567249760766284,-0.05854472498986185,0.04707942019475109,0.14667024479529264,-1.17,0,4,2024
2024-04-17,83.6675033569336,22147.900390625,12.619999885559082,2371.699951171875,82.69000244140625,105.9499969482422,313.023,5.33,4.54,6.5,0.19340725122332092,0.0,-0.7988998354593546,-3.1279266047961163,-0.291742124746841,0.14946636804161423,-1.17,0,4,2024
2024-04-18,83.5958023071289,21995.849609375,13.039999961853027,2382.300048828125,82.7300033569336,106.1500015258789,313.023,5.33,4.54,6.5,-0.08569760890175804,-0.6865245850318225,0.4469409231556698,0.04837454873178881,0.18877261292835623,0.14963500578686062,-1.17,0,4,2024
2024-04-19,83.54499816894531,22147.0,13.460000038146973,2398.39990234375,83.13999938964844,106.1500015258789,313.023,5.33,4.54,6.5,-0.06077355175914123,0.6871768688606394,0.6758113245871167,0.4955832419659689,0.0,0.14916552756257193,-1.17,0,4,2024
2024-04-22,83.38529968261719,22336.400390625,12.699999809265137,2332.199951171875,82.8499984741211,106.08000183105467,313.023,5.33,4.54,6.5,-0.19115266003738585,0.8551965982977361,-2.7601715254901182,-0.3488103411791066,-0.06594412983326192,0.15455849610084532,-1.17,0,4,2024
2024-04-23,83.38619995117188,22368.0,10.199999809265137,2327.699951171875,83.36000061035156,105.69000244140624,313.023,5.33,4.54,6.5,0.0010796490006237391,0.14147135985376202,-0.19295086588689836,0.615572897553851,-0.3676464771084409,0.154617486547541,-1.17,0,4,2024
2024-04-24,83.2833023071289,22402.400390625,10.279999732971191,2324.5,82.80999755859375,105.86000061035156,313.023,5.33,4.54,6.5,-0.12339888866889082,0.15379287654238016,-0.13747266567858407,-0.6597925236693336,0.16084602613153365,0.15668904227560154,-1.17,0,4,2024
2024-04-25,83.3405990600586,22570.349609375,10.729999542236328,2329.800048828125,83.56999969482422,105.5999984741211,313.023,5.33,4.54,6.5,0.06879740757443908,0.7496929606716884,0.22800812338674703,0.9177661618607225,-0.24560942256884877,0.15689388542080074,-1.17,0,4,2024
2024-04-26,83.30180358886719,22419.94921875,10.93000030517578,2334.800048828125,83.8499984741211,105.94000244140624,313.023,5.33,4.54,6.5,-0.04655050675055339,-0.6663626980883297,0.2146106916992796,0.335047002895017,0.32197345852089665,0.15500750793701393,-1.17,0,4,2024
2024-04-29,83.40229797363281,22643.400390625,12.239999771118164,2345.39990234375,82.62999725341797,105.58000183105467,313.023,5.33,4.54,6.5,0.12063890628539742,0.996662256880243,0.4539940591891556,-1.4549806116927466,-0.3398155579151241,0.15486275214952275,-1.17,0,4,2024
2024-04-30,83.45110321044922,22604.849609375,12.869999885559082,2291.39990234375,81.93000030517578,106.22000122070312,313.023,5.33,4.54,6.5,0.058517856224815645,-0.170251731563964,-2.302379220960915,-0.8471462804184426,0.6061748234031716,0.15470036764222034,-1.17,0,4,2024
2024-05-01,83.49839782714844,22604.849609375,12.869999885559082,2299.89990234375,79.0,105.76000213623048,313.175,5.33,4.48,6.5,0.056673446940469496,0.0,0.37095227207202264,-3.5762239646796146,-0.433062586317301,0.15055946303434994,-1.17,0,5,2024
2024-05-02,83.40640258789062,22648.19921875,13.449999809265137,2299.199951171875,78.94999694824219,105.3000030517578,313.175,5.33,4.48,6.5,-0.11017605325583935,0.19177127972140884,-0.030433984155642246,-0.06329500222508333,-0.4349461754739381,0.15237951437739733,-1.17,0,5,2024
2024-05-03,83.40630340576172,22475.849609375,14.619999885559082,2299.0,78.11000061035156,105.02999877929688,313.175,5.33,4.48,6.5,-0.00011891428695065542,-0.7609859296553445,-0.008696554285025915,-1.063959937124892,-0.2564143063967572,0.14796721880565775,-1.17,0,5,2024
2024-05-06,83.37999725341797,22442.69921875,16.600000381469727,2321.60009765625,78.4800033569336,105.0500030517578,313.175,5.33,4.48,6.5,-0.0315397653049998,-0.14749338156797576,0.9830403504240914,0.4736944612608207,0.019046246494736074,0.12330719714186286,-1.17,0,5,2024
2024-05-07,83.4728012084961,22302.5,17.010000228881836,2315.199951171875,78.37999725341797,105.41000366210938,313.175,5.33,4.48,6.5,0.11130242040673366,-0.6246985595782073,-0.2756782484130804,-0.1274287706905297,0.34269452631447983,0.11903090222284592,-1.17,0,5,2024
2024-05-08,83.46990203857422,22302.5,17.079999923706055,2313.60009765625,78.98999786376953,105.5500030517578,313.175,5.33,4.48,6.5,-0.0034731911232155355,0.0,-0.06910217473075075,0.7782605661228903,0.1328141398203364,0.11786311401844432,-1.17,0,5,2024
2024-05-09,83.46430206298828,21957.5,18.200000762939453,2332.10009765625,79.26000213623047,105.2300033569336,313.175,5.33,4.48,6.5,-0.006708975869351708,-1.546911781190452,0.7996196066356154,0.34182083778075967,-0.3031735533605695,0.11782957651957725,-1.17,0,5,2024
2024-05-10,83.45939636230469,22055.19921875,18.46999931335449,2367.300048828125,78.26000213623047,105.30999755859376,313.175,5.33,4.48,6.5,-0.005877603433246392,0.44494691449390444,1.509367081080737,-1.261670417673244,0.07601843495987914,0.11770851162141086,-1.17,0,5,2024
2024-05-13,83.5248031616211,22104.05078125,20.600000381469727,2336.10009765625,79.12000274658203,105.22000122070312,313.175,5.33,4.48,6.5,0.07836960506215629,0.22149680905385605,-1.3179550765995973,1.0989018488071656,-0.08545849394836491,0.11828839346952358,-1.17,0,5,2024
2024-05-14,83.50550079345703,22217.849609375,20.200000762939453,2353.39990234375,78.0199966430664,105.01000213623048,313.175,5.33,4.48,6.5,-0.023109743972349328,0.5148324587705533,0.7405420985537647,-1.3903008914684878,-0.1995809561265438,0.11805936138153396,-1.17,0,5,2024
2024-05-15,83.52420043945312,22200.55078125,20.270000457763672,2388.699951171875,78.62999725341797,104.3499984741211,313.175,5.33,4.48,6.5,0.022393310402812894,-0.07786004689536163,1.4999596453186603,0.7818516234270767,-0.6285150449317767,0.11724013051406998,-1.17,0,5,2024
2024-05-16,83.40509796142578,22403.849609375,20.0,2380.0,79.2300033569336,104.45999908447266,313.175,5.33,4.48,6.5,-0.1425963701546351,0.9157377676264788,-0.36421280821004043,0.763075320455453,0.10541505698138387,0.12028797037773516,-1.17,0,5,2024
2024-05-17,83.47010040283203,22466.099609375,19.799999237060547,2412.199951171875,80.05999755859375,104.4499969482422,313.175,5.33,4.48,6.5,0.07793581327164567,0.27785403439750667,1.3529391248686906,1.047575623493291,-0.009575087419222417,0.11890634867958715,-1.17,0,5,2024
2024-05-20,83.30039978027344,22466.099609375,19.799999237060547,2433.89990234375,79.80000305175781,104.56999969482422,313.175,5.33,4.48,6.5,-0.20330707851027308,0.0,0.8995917258572517,-0.32474958126954556,0.11489013890684241,0.11808010773689905,-1.17,0,5,2024
2024-05-21,83.31500244140625,22529.05078125,21.809999465942383,2421.699951171875,79.26000213623047,104.66000366210938,313.175,5.33,4.48,6.5,0.017530121309539126,0.2802051667603722,-0.5012511467758718,-0.6766928507222048,0.08607054370071143,0.11795387337200339,-1.17,0,5,2024
2024-05-22,83.31680297851562,22597.80078125,21.46999931335449,2389.199951171875,77.56999969482422,104.94000244140624,313.175,5.33,4.48,6.5,0.002161119914312337,0.3051615474950031,-1.3420324835978548,-2.1322260861178277,0.26753178817080503,0.11747417038969424,-1.17,0,5,2024
2024-05-23,83.26709747314453,22967.650390625,21.3799991607666,2335.0,76.87000274658203,105.11000061035156,313.175,5.33,4.48,6.5,-0.05965844054759417,1.6366619608483068,-2.2685397739645285,-0.9024067951477588,0.1619955831811959,0.11016405025668939,-1.17,0,5,2024
2024-05-24,83.2863998413086,22957.099609375,21.709999084472656,2332.5,77.72000122070312,104.72000122070312,313.175,5.33,4.48,6.5,0.02318126697076206,-0.04593757337192361,-0.10706638115631772,1.105760951932444,-0.3710392801672513,0.1094694463249807,-1.17,0,5,2024
2024-05-27,83.05220031738281,22932.44921875,23.190000534057617,2332.5,77.72000122070312,104.72000122070312,313.175,5.33,4.48,6.5,-0.2811977998472992,-0.10737589261899938,0.0,0.0,0.0,0.10392221262051944,-1.17,0,5,2024
2024-05-28,83.14569854736328,22888.150390625,24.200000762939453,2355.199951171875,79.83000183105469,104.61000061035156,313.175,5.33,4.48,6.5,0.11257766756711529,-0.19317094176221072,0.9732026225884205,2.7148746490105458,-0.10504259842371022,0.10484845975295652,-1.17,0,5,2024
2024-05-29,83.20649719238281,22704.69921875,24.18000030517578,2340.300048828125,79.2300033569336,105.0999984741211,313.175,5.33,4.48,6.5,0.07312301908786178,-0.8015115627261094,-0.6326385297492965,-0.7515952152811867,0.46840441727427073,0.09875200344083,-1.17,0,5,2024
2024-05-30,83.3656005859375,22488.650390625,24.18000030517578,2342.89990234375,77.91000366210938,104.72000122070312,313.175,5.33,4.48,6.5,0.19121510810247155,-0.9515599658179275,0.11109060639156176,-1.6660351368124715,-0.3615578105945816,0.10498651070255981,-1.17,0,5,2024
2024-05-31,83.3208999633789,22530.69921875,24.600000381469727,2322.89990234375,76.98999786376953,104.66999816894533,313.175,5.33,4.48,6.5,-0.05361998503509158,0.18697799732139142,-0.8536429567474357,-1.1808570852208544,-0.04774928492639052,0.10487325154618359,-1.17,0,5,2024
2024-06-03,83.45079803466797,23263.900390625,20.940000534057617,2346.60009765625,74.22000122070312,104.13999938964844,313.044,5.33,4.31,6.5,0.1559009460365246,3.2542317695352763,1.0202848296901212,-3.5978655928368686,-0.5063521434684914,0.10320414411165098,-1.17,0,6,2024
2024-06-04,83.09339904785156,21884.5,26.75,2325.5,73.25,104.11000061035156,313.044,5.33,4.31,6.5,-0.4282750977024019,-5.929359941641077,-0.8991773961538829,-1.3069269802606143,-0.028806202681674886,0.12978058978349571,-1.17,0,6,2024
2024-06-05,83.62940216064453,22620.349609375,18.88999938964844,2354.10009765625,74.06999969482422,104.2699966430664,313.044,5.33,4.31,6.5,0.6450610023598813,3.3624236760035675,1.2298472438722952,1.1194535082924562,0.1536797923127997,0.17494171227340236,-1.17,0,6,2024
2024-06-06,83.38079833984375,22821.400390625,16.799999237060547,2370.300048828125,75.55000305175781,104.0999984741211,313.044,5.33,4.31,6.5,-0.2972684419329408,0.8888049244237806,0.6881589779467623,1.9981144363863335,-0.16303651521850648,0.18354100267707263,-1.17,0,6,2024
2024-06-07,83.47309875488281,23290.150390625,16.8799991607666,2305.199951171875,75.52999877929688,104.88999938964844,313.044,5.33,4.31,6.5,0.11069744698637418,2.0539931466807104,-2.7464918497738466,-0.02647818881917896,0.758886577432305,0.18435701297584578,-1.17,0,6,2024
2024-06-10,83.52760314941406,23259.19921875,16.399999618530273,2307.699951171875,77.73999786376953,105.1500015258789,313.044,5.33,4.31,6.5,0.065295760363826,-0.13289382574128705,0.10845046212710763,2.9259885081295955,0.2478807681794315,0.1834554850817622,-1.17,0,6,2024
2024-06-11,83.52980041503906,23264.849609375,14.770000457763672,2307.5,77.9000015258789,105.2300033569336,313.044,5.33,4.31,6.5,0.0026305862279585313,0.02429314342191624,-0.008664522082846293,0.20581896900713215,0.07608352819186148,0.18317859535142378,-1.17,0,6,2024
2024-06-12,83.5968017578125,23322.94921875,14.390000343322754,2336.0,78.5,104.6500015258789,313.044,5.33,4.31,6.5,0.08021250193406271,0.2497312914139238,1.2351029252437806,0.7702162546450841,-0.5511753421572729,0.1834652728986571,-1.17,0,6,2024
2024-06-13,83.5343017578125,23398.900390625,13.489999771118164,2300.199951171875,78.62000274658203,105.1999969482422,313.044,5.33,4.31,6.5,-0.07476362574380113,0.32564994745150067,-1.5325363368204226,0.15286974086883287,0.5255570132287835,0.18281752164046203,-1.17,0,6,2024
2024-06-14,83.52210235595703,23465.599609375,12.81999969482422,2331.39990234375,78.44999694824219,105.5500030517578,313.044,5.33,4.31,6.5,-0.014604062760759096,0.28505279152657437,1.3564016969907167,-0.21623733452137417,0.33270543124426233,0.18285136774819039,-1.17,0,6,2024
2024-06-17,83.55180358886719,23465.599609375,12.81999969482422,2312.39990234375,80.33000183105469,105.31999969482422,313.044,5.33,4.31,6.5,0.035560925877531346,0.0,-0.8149610017955,2.396437165004417,-0.21790937970962432,0.18280208590575925,-1.17,0,6,2024
2024-06-18,83.51010131835938,23557.900390625,12.970000267028809,2330.39990234375,81.56999969482422,105.26000213623048,313.044,5.33,4.31,6.5,-0.049911873492303194,0.3933450786960613,0.778412072313106,1.5436298213678867,-0.05696691869311321,0.1819987214611594,-1.17,0,6,2024
2024-06-19,83.37409973144531,23516.0,13.710000038146973,2330.39990234375,81.56999969482422,105.26000213623048,313.044,5.33,4.31,6.5,-0.16285645061738796,-0.17786131162043084,0.0,0.0,0.0,0.18446302165135264,-1.17,0,6,2024
2024-06-20,83.41950225830078,23567.0,13.350000381469728,2353.800048828125,82.16999816894531,105.58999633789062,313.044,5.33,4.31,6.5,0.05445639233492283,0.21687361796223215,1.0041257923518065,0.7355626779034674,0.3135038903315346,0.18476597894555466,-1.17,0,6,2024
2024-06-21,83.60160064697266,23501.099609375,13.18000030517578,2316.39990234375,80.7300033569336,105.8000030517578,313.044,5.33,4.31,6.5,0.21829234620462934,-0.279629951309035,-1.5889262345370136,-1.7524581283925866,0.1988888352596918,0.18907086197971662,-1.17,0,6,2024
2024-06-24,83.5625,23537.849609375,14.0600004196167,2330.0,81.62999725341797,105.47000122070312,313.044,5.33,4.31,6.5,-0.04677021333331366,0.156375661610908,0.5871221822488115,1.1148195950211992,-0.3119109844384793,0.188795922628039,-1.17,0,6,2024
2024-06-25,83.46040344238281,23721.30078125,14.3100004196167,2316.60009765625,80.83000183105469,105.61000061035156,313.044,5.33,4.31,6.5,-0.12217987448578382,0.7793879853915442,-0.5751031048819688,-0.9800262762226009,0.13273858730264987,0.1901063163320225,-1.17,0,6,2024
2024-06-26,83.41459655761719,23868.80078125,14.050000190734863,2299.199951171875,80.9000015258789,106.0500030517578,313.044,5.33,4.31,6.5,-0.054884571456992326,0.6218040121837909,-0.7511070426863498,0.0866011298261915,0.41662952264305275,0.1902930950841256,-1.17,0,6,2024
2024-06-27,83.58039855957031,24044.5,14.149999618530272,2324.5,81.73999786376953,105.91000366210938,313.044,5.33,4.31,6.5,0.1987685714437193,0.7361040898544724,1.1003848888927692,1.03831436594215,-0.1320126219893636,0.19193139565352235,-1.17,0,6,2024
2024-06-28,83.45089721679688,24010.599609375,13.800000190734863,2327.699951171875,81.54000091552734,105.87000274658205,313.044,5.33,4.31,6.5,-0.1549422412494672,-0.14099020825968367,0.13766191318025367,-0.24467452100440656,-0.037768779288260834,0.1936723281624435,-1.17,0,6,2024
2024-07-01,83.36750030517578,24141.94921875,13.829999923706056,2327.60009765625,83.37999725341797,105.9000015258789,313.569,5.33,4.25,6.5,-0.09993530854969235,0.5470484349075377,-0.004289793260281449,2.256556680440558,0.028335485518660164,0.19084010044696348,-1.17,0,7,2024
2024-07-02,83.44129943847656,24123.849609375,13.640000343322754,2323.0,82.80999755859375,105.72000122070312,313.569,5.33,4.25,6.5,0.0885226653439597,-0.07497161563467802,-0.19763264578318562,-0.683616830895073,-0.16997195711256907,0.1914674070683419,-1.17,0,7,2024
2024-07-03,83.4791030883789,24286.5,13.210000038146973,2359.800048828125,83.87999725341797,105.4000015258789,313.569,5.33,4.25,6.5,0.0453056821463127,0.6742306607722792,1.5841605177841167,1.292114148496526,-0.30268604911967145,0.1916055739632136,-1.17,0,7,2024
2024-07-04,83.49120330810547,24302.150390625,12.859999656677246,2359.800048828125,83.87999725341797,105.4000015258789,313.569,5.33,4.25,6.5,0.014494908640494408,0.06444070008029268,0.0,0.0,0.0,0.19119835168123478,-1.17,0,7,2024
2024-07-05,83.49340057373047,24323.849609375,12.699999809265137,2388.5,83.16000366210938,104.87999725341795,313.569,5.33,4.25,6.5,0.002631733090363575,0.0892892949850621,1.2162026687865923,-0.858361486509529,-0.4933626802019253,0.19118310871405753,-1.17,0,7,2024
2024-07-08,83.47209930419922,24320.55078125,13.600000381469728,2355.199951171875,82.33000183105469,105.01000213623048,313.569,5.33,4.25,6.5,-0.02551251881570682,-0.013562113637344275,-1.3941824922807156,-0.9980781559691843,0.12395584116806635,0.18336474363531963,-1.17,0,7,2024
2024-07-09,83.45760345458984,24433.19921875,14.279999732971191,2360.10009765625,81.41000366210938,105.12000274658205,313.569,5.33,4.25,6.5,-0.017366101643789822,0.4631820986013446,0.20805649566768558,-1.1174518990454962,0.10475250748862575,0.18256152559925845,-1.17,0,7,2024
2024-07-10,83.49299621582031,24324.44921875,14.43000030517578,2372.199951171875,82.0999984741211,105.0500030517578,313.569,5.33,4.25,6.5,0.042408072800381724,-0.4450911197766749,0.5126839123324123,0.8475553138107328,-0.06659027111424187,0.18229658158873294,-1.17,0,7,2024
2024-07-11,83.49590301513672,24315.94921875,14.0,2415.0,82.62000274658203,104.44000244140624,313.569,5.33,4.25,6.5,0.003481488805223698,-0.03494426502141934,1.804234453633713,0.6333791499701924,-0.580676432775562,0.1791133194127908,-1.17,0,7,2024
2024-07-12,83.51850128173828,24502.150390625,13.729999542236328,2414.0,82.20999908447266,104.08999633789062,313.569,5.33,4.25,6.5,0.027065120305924673,0.7657573644356042,-0.041407867494824835,-0.4962522978448347,-0.33512647963789277,0.17880264214846983,-1.17,0,7,2024
2024-07-15,83.52030181884766,24586.69921875,14.1899995803833,2422.89990234375,81.91000366210938,104.19000244140624,313.569,5.33,4.25,6.5,0.0021558541900779105,0.3450669707641296,0.3686786389291541,-0.3649135454374952,0.09607657511196965,0.17660868903487914,-1.17,0,7,2024
2024-07-16,83.58760070800781,24613.0,14.220000267028809,2462.39990234375,80.76000213623047,104.2699966430664,313.569,5.33,4.25,6.5,0.08057788070034988,0.10697158254551198,1.6302778320222977,-1.4039817781266728,0.07677723369394762,0.15712864719289307,-1.17,0,7,2024
2024-07-17,83.52960205078125,24613.0,14.220000267028809,2454.800048828125,82.8499984741211,103.75,313.569,5.33,4.25,6.5,-0.0693866754582051,0.0,-0.3086360387031917,2.5879102062987824,-0.49870208095089685,0.10440411067801046,-1.17,0,7,2024
2024-07-18,83.57209777832031,24800.849609375,14.510000228881836,2451.800048828125,82.81999969482422,104.16999816894533,313.569,5.33,4.25,6.5,0.05087505087504329,0.7632129743428306,-0.12220954620854041,-0.03620854538246565,0.4048175122364661,0.08886653891451991,-1.17,0,7,2024
2024-07-19,83.67430114746094,24530.900390625,14.829999923706056,2395.5,80.12999725341797,104.4000015258789,313.569,5.33,4.25,6.5,0.12229365046181329,-1.0884676251089243,-2.296274072391602,-3.248010687416558,0.2207961610602549,0.08935397734758048,-1.17,0,7,2024
2024-07-22,83.73030090332031,24509.25,15.4399995803833,2392.0,79.77999877929688,104.30999755859376,313.569,5.33,4.25,6.5,0.06692587221097668,-0.08825762723847497,-0.1461072844917588,-0.4367883266165551,-0.08621069537324555,0.08939046895649216,-1.17,0,7,2024
2024-07-23,83.67130279541016,24479.05078125,12.75,2404.60009765625,76.95999908447266,104.4499969482422,313.569,5.33,4.25,6.5,-0.07046207558513151,-0.12321559717249908,0.5267599354619623,-3.5347201528862615,0.13421473772903258,0.09053398722772732,-1.17,0,7,2024
2024-07-24,83.70680236816406,24413.5,11.760000228881836,2413.300048828125,77.58999633789062,104.38999938964844,313.569,5.33,4.25,6.5,0.042427417248069865,-0.2677831825905974,0.36180449216294264,0.8186035095016919,-0.05744141727787033,0.0897205440446324,-1.17,0,7,2024
2024-07-25,83.74299621582031,24406.099609375,12.619999885559082,2351.89990234375,78.27999877929688,104.36000061035156,313.569,5.33,4.25,6.5,0.04323883678778451,-0.030312698404566518,-2.544240054782676,0.889293045460926,-0.02873721570291199,0.08871023581831944,-1.17,0,7,2024
2024-07-26,83.73760223388672,24834.849609375,12.25,2380.0,77.16000366210938,104.31999969482422,313.569,5.33,4.25,6.5,-0.006441114095911971,1.756732976027453,1.1947828914082192,-1.4307551541297592,-0.0383297386866599,0.08864988211620771,-1.17,0,7,2024
2024-07-29,83.72779846191406,24836.099609375,12.949999809265137,2377.300048828125,75.80999755859375,104.55999755859376,313.569,5.33,4.25,6.5,-0.011707729515919585,0.00503324972633834,-0.11344332654936728,-1.7496190246794496,0.23005930259933915,0.08857471181327697,-1.17,0,7,2024
2024-07-30,83.75050354003906,24857.30078125,12.880000114440918,2405.0,74.7300033569336,104.5500030517578,313.569,5.33,4.25,6.5,0.027117729764891685,0.08536433743000504,1.1651853196036122,-1.4246065643590433,-0.009558633386885784,0.08798096351462224,-1.17,0,7,2024
2024-07-31,83.73899841308594,24951.150390625,13.25,2426.5,77.91000366210938,104.0999984741211,313.569,5.33,4.25,6.5,-0.013737382423761879,0.377553501085659,0.8939708939708968,4.255319366154864,-0.43042043472149016,0.08190303954605306,-1.17,0,7,2024
2024-08-01,83.7177963256836,25010.900390625,12.93000030517578,2435.0,76.30999755859375,104.41999816894533,314.062,5.33,3.87,6.5,-0.025319251249877883,0.23946791656728195,0.35029878425716365,-2.053659386867379,0.3073964452591005,0.08185910540524485,-1.17,0,8,2024
2024-08-02,83.743896484375,24717.69921875,14.31999969482422,2425.699951171875,73.5199966430664,103.20999908447266,314.062,5.33,3.87,6.5,0.03117635656566531,-1.172293549195469,-0.38193219006673607,-3.656140747986625,-1.158780986104757,0.0721456566283746,-1.17,0,8,2024
2024-08-05,83.73529815673828,24055.599609375,20.3700008392334,2401.699951171875,72.94000244140625,102.69000244140624,314.062,5.33,3.87,6.5,-0.010267408130837374,-2.678645789462286,-0.9894051400877291,-0.7888931285946366,-0.5038239004738543,0.07153555435927765,-1.17,0,8,2024
2024-08-06,84.00260162353516,23992.55078125,18.739999771118164,2389.10009765625,73.19999694824219,102.97000122070312,314.062,5.33,3.87,6.5,0.31922435661067006,-0.26209626510589334,-0.5246222996955541,0.35644981921243435,0.27266410813131525,0.08764809680924926,-1.17,0,8,2024
2024-08-07,83.93489837646484,24297.5,16.170000076293945,2390.5,75.2300033569336,103.1999969482422,314.062,5.33,3.87,6.5,-0.08059660744048625,1.2710162480444431,0.058595382634796245,2.773232914376722,0.22336187706371025,0.08854317993510481,-1.17,0,8,2024
2024-08-08,83.94239807128906,24117.0,16.600000381469727,2422.199951171875,76.19000244140625,103.20999908447266,314.062,5.33,3.87,6.5,0.008935133024867703,-0.7428747813561065,1.326080366947302,1.2760853936399252,0.009691992757976386,0.08191906062677207,-1.17,0,8,2024
2024-08-09,83.98899841308594,24367.5,15.34000015258789,2432.10009765625,76.83999633789062,103.13999938964844,314.062,5.33,3.87,6.5,0.05551466585134168,1.0386864037815746,0.4087254018639186,0.8531222938130911,-0.06782259029662896,0.07568807498681641,-1.17,0,8,2024
2024-08-12,83.94979858398438,24347.0,15.869999885559082,2462.39990234375,80.05999755859375,103.13999938964844,314.062,5.33,3.87,6.5,-0.046672575982831255,-0.08412844977941925,1.2458288504120008,4.19052755617495,0.0,0.07333040161720637,-1.17,0,8,2024
2024-08-13,83.88999938964844,24139.0,16.170000076293945,2466.699951171875,78.3499984741211,102.55999755859376,314.062,5.33,3.87,6.5,-0.07123208791991464,-0.8543146999630324,0.17462837064086134,-2.1358969980247,-0.5623442257969291,0.0742206294161427,-1.17,0,8,2024
2024-08-14,83.88200378417969,24143.75,15.4399995803833,2439.39990234375,76.9800033569336,102.56999969482422,314.062,5.33,3.87,6.5,-0.009531059157141808,0.019677699987563635,-1.1067438021862053,-1.7485579372921167,0.009752473155755226,0.07419779046088724,-1.17,0,8,2024
2024-08-15,83.97149658203125,24143.75,15.4399995803833,2453.10009765625,78.16000366210938,102.9800033569336,314.062,5.33,3.87,6.5,0.10668891277541004,0.0,0.5616215405820579,1.532866008987388,0.39973058723725696,0.07601695204416063,-1.17,0,8,2024
2024-08-16,83.94830322265625,24541.150390625,14.399999618530272,2498.60009765625,76.6500015258789,102.45999908447266,314.062,5.33,3.87,6.5,-0.02762051448296221,1.6459762490292462,1.8547958986048663,-1.9319371359785231,-0.5049565503106201,0.07644309702358908,-1.17,0,8,2024
2024-08-19,83.88980102539062,24572.650390625,14.31999969482422,2501.800048828125,74.37000274658203,101.88999938964844,314.062,5.33,3.87,6.5,-0.06968836178911086,0.12835584110202358,0.1280697609383985,-2.9745580351059675,-0.5563143665014869,0.07772769686154012,-1.17,0,8,2024
2024-08-20,83.87860107421875,24698.849609375,13.81999969482422,2511.300048828125,74.04000091552734,101.44000244140624,314.062,5.33,3.87,6.5,-0.013350790006627644,0.5135759339910173,0.3797265894390778,-0.4437297550992092,-0.44164977027953967,0.07767050457588455,-1.17,0,8,2024
2024-08-21,83.77940368652344,24770.19921875,13.329999923706056,2508.39990234375,71.93000030517578,101.04000091552734,314.062,5.33,3.87,6.5,-0.11826304495414774,0.28887826964991703,-0.11548387002693339,-2.849811702135008,-0.39432326128929773,0.08129877858574718,-1.17,0,8,2024
2024-08-22,83.88860321044922,24811.5,13.0,2478.89990234375,73.01000213623047,101.51000213623048,314.062,5.33,3.87,6.5,0.13034172973391822,0.1667357653657442,-1.1760485229024398,1.50146229177337,0.4651635158792855,0.08412044090722925,-1.17,0,8,2024
2024-08-23,83.94059753417969,24823.150390625,13.550000190734863,2508.39990234375,74.83000183105469,100.72000122070312,314.062,5.33,3.87,6.5,0.061980199622624355,0.046955607782672715,1.1900440179980043,2.4928087132886967,-0.7782493339593688,0.08452400919744708,-1.17,0,8,2024
2024-08-26,83.81379699707031,25010.599609375,13.800000190734863,2517.699951171875,77.41999816894531,100.8499984741211,314.062,5.33,3.87,6.5,-0.15105984569354636,0.7551387144671073,0.3707562266860087,3.461173693057118,0.12906796251235253,0.08989977890769188,-1.17,0,8,2024
2024-08-27,83.88369750976562,25017.75,13.630000114440918,2516.0,75.52999877929688,100.5500030517578,314.062,5.33,3.87,6.5,0.08339976853424247,0.02858944102370753,-0.06752000654739465,-2.44122892579266,-0.2974669577613054,0.08997574031332921,-1.17,0,8,2024
2024-08-28,83.92160034179688,25052.349609375,13.949999809265137,2501.0,74.5199966430664,101.08999633789062,314.062,5.33,3.87,6.5,0.04518498010515071,0.138300244326528,-0.59618441971383,-1.3372198498000198,0.5370395522065419,0.08883401260251388,-1.17,0,8,2024
2024-08-29,83.94149780273438,25151.94921875,13.789999961853027,2525.699951171875,75.91000366210938,101.33999633789062,314.062,5.33,3.87,6.5,0.02370958234407805,0.397565940632294,0.9876030056727325,1.8652805712012777,0.24730439119255987,0.08860067315837479,-1.17,0,8,2024
2024-08-30,83.89510345458984,25235.900390625,13.390000343322754,2493.800048828125,73.55000305175781,101.6999969482422,314.062,5.33,3.87,6.5,-0.05526985979397159,0.3337760073577778,-1.2630123514453473,-3.108945457118406,0.3552404019744104,0.08708597467647783,-1.17,0,8,2024
2024-09-02,83.86380004882812,25278.69921875,14.0600004196167,2493.800048828125,73.55000305175781,101.6999969482422,314.732,5.13,3.72,6.5,-0.03731255397838584,0.1695950113232314,0.0,0.0,0.0,0.08676664958253848,-1.37,0,9,2024
2024-09-03,83.92729949951172,25279.849609375,13.84000015258789,2489.89990234375,70.33999633789062,101.83000183105467,314.732,5.13,3.72,6.5,0.07571735438487437,0.004550829989491412,-0.15639371272799796,-4.3643869213822795,0.12783174701433975,0.0864666186659917,-1.37,0,9,2024
2024-09-04,83.95030212402344,25198.69921875,14.380000114440918,2493.39990234375,69.19999694824219,101.36000061035156,314.732,5.13,3.72,6.5,0.027407797759360086,-0.3210082017058524,0.14056789980614326,-1.6206986764290554,-0.4615547601412029,0.08631705349857455,-1.37,0,9,2024
2024-09-05,83.98249816894531,25145.099609375,14.210000038146973,2511.39990234375,69.1500015258789,101.11000061035156,314.732,5.13,3.72,6.5,0.03835131513203471,-0.21270784221717465,0.7219058596689809,-0.07224772336431595,-0.2466456180885923,0.08625619635076633,-1.37,0,9,2024
2024-09-06,83.98359680175781,24852.150390625,15.220000267028809,2493.5,67.66999816894531,101.18000030517578,314.732,5.13,3.72,6.5,0.00130816876904305,-1.1650350298901935,-0.7127459998324093,-2.140279572343484,0.06923122777338087,0.08621823320308897,-1.37,0,9,2024
2024-09-09,83.98259735107422,24936.400390625,14.239999771118164,2501.800048828125,68.70999908447266,101.5500030517578,314.732,5.13,3.72,6.5,-0.0011900546316834237,0.3390048695012693,0.3328674083868055,1.5368714994359323,0.36568763141533456,0.08614905668462124,-1.37,0,9,2024
2024-09-10,83.98090362548828,25041.099609375,13.359999656677246,2512.300048828125,65.75,101.62999725341795,314.732,5.13,3.72,6.5,-0.0020167578038354783,0.41986500501236534,0.4196978093800263,-4.307959720438371,0.07877321443248153,0.08611556765681785,-1.37,0,9,2024
2024-09-11,83.98200225830078,24918.44921875,13.630000114440918,2512.10009765625,67.30999755859375,101.68000030517578,314.732,5.13,3.72,6.5,0.0013081936071968059,-0.4897963449619458,-0.00795888898574848,2.372619860979097,0.049201075577265385,0.08602117595107782,-1.37,0,9,2024
2024-09-12,83.99259948730469,25388.900390625,13.18000030517578,2551.199951171875,68.97000122070312,101.37000274658205,314.732,5.13,3.72,6.5,0.012618452429014049,1.887963282727112,1.5564608095077315,2.466206688931072,-0.3048756467971425,0.08576716520785019,-1.37,0,9,2024
2024-09-13,83.93479919433594,25356.5,12.550000190734863,2581.300048828125,68.6500015258789,101.11000061035156,314.732,5.13,3.72,6.5,-0.06881593535807973,-0.12761636040355961,1.1798407899162866,-0.46396939127233416,-0.25648824029379513,0.0868900174192,-1.37,0,9,2024
2024-09-16,83.88480377197266,25383.75,12.460000038146973,2580.39990234375,70.08999633789062,100.76000213623048,314.732,5.13,3.72,6.5,-0.05956459399816261,0.10746751326089488,-0.03487182688365342,2.0975889002258663,-0.3461561388668932,0.08770244552141307,-1.37,0,9,2024
2024-09-17,83.88400268554688,25418.55078125,12.59000015258789,2564.300048828125,71.19000244140625,100.88999938964844,314.732,5.13,3.72,6.5,-0.0009549839658173909,0.13709866056039743,-0.6239286205599992,1.5694195477093498,0.12901672356278038,0.0647464599458765,-1.37,0,9,2024
2024-09-18,83.77059936523438,25377.55078125,13.369999885559082,2570.699951171875,70.91000366210938,100.5999984741211,314.732,5.13,3.72,6.5,-0.1351906402673797,-0.16129951842196455,0.24957696922693895,-0.3933119394501139,-0.2874426774524319,0.06765540702164603,-1.37,0,9,2024
2024-09-19,83.69170379638672,25415.80078125,12.470000267028809,2588.0,71.94999694824219,100.61000061035156,314.732,5.13,3.72,6.5,-0.09418049941802842,0.15072376499098983,0.6729703643647111,1.4666383195923283,0.00994248149321919,0.0694395617859304,-1.37,0,9,2024
2024-09-20,83.61470031738281,25790.94921875,12.789999961853027,2619.89990234375,71.91999816894531,100.72000122070312,314.732,5.13,3.72,6.5,-0.09200849727142302,1.4760441377741573,1.2326082822160078,-0.04169392712893849,0.10933367427119478,0.06986623134113326,-1.37,0,9,2024
2024-09-23,83.48709869384766,25939.05078125,13.789999961853027,2626.5,70.37000274658203,100.91999816894533,314.732,5.13,3.72,6.5,-0.1526066864448561,0.5742385099666292,0.2519217490082548,-2.155166103761885,0.19856726153522075,0.07407934002258791,-1.37,0,9,2024
2024-09-24,83.55960083007812,25940.400390625,13.390000343322754,2651.199951171875,71.55999755859375,100.37000274658205,314.732,5.13,3.72,6.5,0.08684232338260767,0.0052030021699067674,0.9404131418951023,1.6910540934567786,-0.5449816016074083,0.07579346411760529,-1.37,0,9,2024
2024-09-25,83.56759643554688,26004.150390625,12.739999771118164,2659.199951171875,69.69000244140625,100.91999816894533,314.732,5.13,3.72,6.5,0.00956874540964936,0.24575565157058943,0.3017501564325231,-2.613184992993234,0.5479679259867476,0.0759048353185286,-1.37,0,9,2024
2024-09-26,83.62409973144531,26216.05078125,12.0,2669.89990234375,67.66999816894531,100.55999755859376,314.732,5.13,3.72,6.5,0.06761388182561223,0.8148714241454025,0.4023748258253246,-2.898556753760073,-0.3567188038875124,0.07410314070375755,-1.37,0,9,2024
2024-09-27,83.61710357666016,26178.94921875,11.960000038146973,2644.300048828125,68.18000030517578,100.41999816894533,314.732,5.13,3.72,6.5,-0.008366194443498731,-0.14152231703233875,-0.9588319582000904,0.7536606325260875,-0.13921976237804,0.0740626058798656,-1.37,0,9,2024
2024-09-30,83.71640014648438,25810.849609375,12.789999961853027,2636.10009765625,68.16999816894531,100.77999877929688,314.732,5.13,3.72,6.5,0.1187515060638189,-1.4060900852023384,-0.31009911963315595,-0.014670190944121586,0.35849493817545763,0.07703345008204532,-1.37,0,9,2024
2024-10-01,83.82730102539062,25796.900390625,11.989999771118164,2667.300048828125,69.83000183105469,101.19000244140624,315.631,4.83,4.1,6.5,0.1324721066746859,-0.05404401234794243,1.1835647363927837,2.435094186148268,0.4068303900332859,0.08110344951214998,-1.67,0,10,2024
2024-10-02,83.87210083007812,25796.900390625,11.989999771118164,2647.10009765625,70.0999984741211,101.68000030517578,315.631,4.83,4.1,6.5,0.05344297638061324,0.0,-0.7573182919840549,0.38664848344072134,0.4842354500913082,0.07863752362544615,-1.67,0,10,2024
2024-10-03,83.91960144042969,25250.099609375,13.170000076293944,2657.10009765625,73.70999908447266,101.98999786376952,315.631,4.83,4.1,6.5,0.05663457798414928,-2.119637526098739,0.3777718873892999,5.1497870027547465,0.3048756467971314,0.07563915293669826,-1.67,0,10,2024
2024-10-04,84.0093994140625,25014.599609375,14.130000114440918,2645.800048828125,74.37999725341797,102.5199966430664,315.631,4.83,4.1,6.5,0.1070047665759688,-0.9326695880144675,-0.4252774985064489,0.9089651027908596,0.5196576040768397,0.07731366411476716,-1.67,0,10,2024
2024-10-07,84.02780151367188,24795.75,15.079999923706056,2644.800048828125,77.13999938964844,102.54000091552734,315.631,4.83,4.1,6.5,0.021904810339945513,-0.8748875168602677,-0.037795751059988,3.7106779216822927,0.019512556687439897,0.07169221503054915,-1.67,0,10,2024
2024-10-08,83.96410369873047,25013.150390625,14.59000015258789,2615.0,73.56999969482422,102.5500030517578,315.631,4.83,4.1,6.5,-0.07580564264916267,0.8767647303469239,-1.1267410873396222,-4.627948824307726,0.009754375015758043,0.0718509313814425,-1.67,0,10,2024
2024-10-09,83.91459655761719,24981.94921875,14.119999885559082,2606.0,73.23999786376953,102.93000030517578,315.631,4.83,4.1,6.25,-0.05896226950854455,-0.12473907279866303,-0.34416826003823564,-0.44855488979688163,0.37054826144296005,0.07226814693846878,-1.42,0,10,2024
2024-10-10,83.94219970703125,24998.44921875,13.5,2620.60009765625,75.8499984741211,102.98999786376952,315.631,4.83,4.1,6.25,0.032894336082645026,0.06604768849507447,0.5602493344685433,3.5636273709432675,0.058289671053968206,0.07239251116050432,-1.42,0,10,2024
2024-10-11,83.94599914550781,24964.25,13.220000267028809,2657.60009765625,75.55999755859375,102.88999938964844,315.631,4.83,4.1,6.25,0.004526255554204717,-0.13680536120755926,1.4118903541632033,-0.3823347677802347,-0.09709532594937009,0.07163599927084956,-1.42,0,10,2024
2024-10-14,84.16829681396484,25127.94921875,13.0,2647.800048828125,73.83000183105469,103.3000030517578,315.631,4.83,4.1,6.25,0.26481031939558086,0.6557345754428789,-0.3687555865447112,-2.289565621276679,0.3984873792803434,0.08575685607178583,-1.42,0,10,2024
2024-10-15,84.04850006103516,25057.349609375,13.0,2661.39990234375,70.58000183105469,103.26000213623048,315.631,4.83,4.1,6.25,-0.14233001909789156,-0.2809604904896901,0.5136284184919404,-4.402004496000123,-0.03872305357752737,0.0893457140328038,-1.42,0,10,2024
2024-10-16,84.05619812011719,24971.30078125,13.050000190734863,2674.0,70.38999938964844,103.58999633789062,315.631,4.83,4.1,6.25,0.00915906777210207,-0.34340754096676696,0.4734387209210489,-0.2692015251870572,0.31957601668919366,0.08924889952525511,-1.42,0,10,2024
2024-10-17,84.03929901123047,24749.849609375,13.390000343322754,2691.0,70.66999816894531,103.83000183105467,315.631,4.83,4.1,6.25,-0.02010453632766973,-0.8868227322834543,0.6357516828721099,0.39778204535410033,0.23168790582943632,0.08911651842432866,-1.42,0,10,2024
2024-10-18,84.05380249023438,24854.05078125,13.039999961853027,2713.699951171875,69.22000122070312,103.48999786376952,315.631,4.83,4.1,6.25,0.017257972370732233,0.4210173941240125,0.843550768185608,-2.0517857447453047,-0.3274621605404482,0.08915801373433752,-1.42,0,10,2024
2024-10-21,84.0687026977539,24781.099609375,13.760000228881836,2723.10009765625,70.55999755859375,104.01000213623048,315.631,4.83,4.1,6.25,0.017726988045851932,-0.293518237799828,0.3463959410956896,1.9358513641427821,0.502468144936552,0.08919553448028951,-1.42,0,10,2024
2024-10-22,84.07350158691406,24472.099609375,14.399999618530272,2744.199951171875,72.08999633789062,104.08000183105467,315.631,4.83,4.1,6.25,0.005708294533124381,-1.2469180337869368,0.7748467834063577,2.168365691943719,0.067300926244096,0.08919034585956116,-1.42,0,10,2024
2024-10-23,84.08399963378906,24435.5,14.619999885559082,2714.39990234375,70.7699966430664,104.43000030517578,315.631,4.83,4.1,6.25,0.01248674871017208,-0.1495564743491773,-1.0859284803718228,-1.8310441973630964,0.33627831280136355,0.08920330755908941,-1.42,0,10,2024
2024-10-24,84.06759643554688,24399.400390625,13.970000267028809,2734.89990234375,70.19000244140625,104.05999755859376,315.631,4.83,4.1,6.25,-0.01950810893109889,-0.14773427748562273,0.7552313858506743,-0.8195481548280981,-0.3543069477168981,0.08929012154492087,-1.42,0,10,2024
2024-10-25,84.08180236816406,24180.80078125,14.630000114440918,2740.89990234375,71.77999877929688,104.26000213623048,315.631,4.83,4.1,6.25,0.016898226212624934,-0.8959220549493163,0.21938645706405246,2.2652746581935723,0.19220121307814697,0.08827805935143386,-1.42,0,10,2024
2024-10-28,84.10199737548828,24339.150390625,14.289999961853027,2742.89990234375,67.37999725341797,104.31999969482422,315.631,4.83,4.1,6.25,0.024018285473692558,0.6548567634608204,0.07296873549778038,-6.129843411404423,0.05754609376982245,0.08745681556392408,-1.42,0,10,2024
2024-10-29,84.10279846191406,24466.849609375,14.520000457763672,2768.39990234375,67.20999908447266,104.27999877929688,315.631,4.83,4.1,6.25,0.0009525177175007116,0.5246658848009123,0.9296730069591863,-0.25229767865074804,-0.0383444360087859,0.08745027973455351,-1.42,0,10,2024
2024-10-30,84.08930206298828,24340.849609375,15.510000228881836,2788.5,68.61000061035156,103.98999786376952,315.631,4.83,4.1,6.25,-0.016047502785410117,-0.5149825253829232,0.7260547018237196,2.0830256583091344,-0.27809831120263473,0.08329608310294516,-1.42,0,10,2024
2024-10-31,84.08910369873047,24205.349609375,15.550000190734863,2738.300048828125,69.26000213623047,103.9800033569336,315.631,4.83,4.1,6.25,-0.00023589713904481613,-0.5566773640794054,-1.8002492799668257,0.9473859788609929,-0.009611027061484645,0.08087029469282679,-1.42,0,10,2024
2024-11-01,84.09149932861328,24304.349609375,15.899999618530272,2738.60009765625,69.48999786376953,104.27999877929688,316.528,4.64,4.36,6.25,0.0028489183228730397,0.4090004961616156,0.01095748540242969,0.3320758308477556,0.28851261076947576,0.07832312320362031,-1.6100000000000003,0,11,2024
2024-11-04,84.13359832763672,23995.349609375,16.690000534057617,2736.10009765625,71.47000122070312,103.88999938964844,316.528,4.64,4.36,6.25,0.05006332311774386,-1.27137736646451,-0.0912875159151394,2.849335757378002,-0.3739925145893497,0.07145138931180667,-1.6100000000000003,0,11,2024
2024-11-05,84.15249633789062,24213.30078125,16.1200008392334,2740.300048828125,71.98999786376953,103.41999816894533,316.528,4.64,4.36,6.25,0.02246190657424485,0.908305881860727,0.15350137136695974,0.7275732953475611,-0.45240275624637283,0.07051361708447484,-1.6100000000000003,0,11,2024
2024-11-06,84.11630249023438,24484.05078125,14.869999885559082,2667.60009765625,71.69000244140625,105.08999633789062,316.528,4.64,4.36,6.25,-0.04300983242484513,1.1181870759630508,-2.6529923685898793,-0.416718198729471,1.614772963172184,0.0715204915256003,-1.6100000000000003,0,11,2024
2024-11-07,84.2511978149414,24199.349609375,14.9399995803833,2698.39990234375,72.36000061035156,104.51000213623048,316.528,4.64,4.36,6.25,0.16036763470754778,-1.1628025706147627,1.154588527514333,0.9345768532968313,-0.5519023902097353,0.07546355672790361,-1.6100000000000003,0,11,2024
2024-11-08,84.306396484375,24148.19921875,14.470000267028809,2687.5,70.37999725341797,105.0,316.528,4.64,4.36,6.25,0.06551677704906833,-0.2113709312467793,-0.4039394729551615,-2.736323024091214,0.46885260142928153,0.07554487094535942,-1.6100000000000003,0,11,2024
2024-11-11,84.38289642333984,24141.30078125,14.270000457763672,2611.199951171875,68.04000091552734,105.54000091552734,316.528,4.64,4.36,6.25,0.09074037339387164,-0.028567088740283353,-2.8390715843023218,-3.324803110555652,0.514286586216528,0.07454329245631944,-1.6100000000000003,0,11,2024
2024-11-12,84.39649963378906,23883.44921875,14.59000015258789,2600.0,68.12000274658203,106.0199966430664,316.528,4.64,4.36,6.25,0.016120814792808247,-1.0680930776533315,-0.4289197066983941,0.11758058491799783,0.4547998136964715,0.07181445758333914,-1.6100000000000003,0,11,2024
2024-11-13,84.39530181884766,23559.05078125,15.4399995803833,2580.800048828125,68.43000030517578,106.4800033569336,316.528,4.64,4.36,6.25,-0.001419270878066925,-1.3582562322921432,-0.7384596604567362,0.4550756695459901,0.4338867463049123,0.07169999896701565,-1.6100000000000003,0,11,2024
2024-11-14,84.4229965209961,23532.69921875,14.779999732971191,2568.199951171875,68.69999694824219,106.66999816894533,316.528,4.64,4.36,6.25,0.03281545483169168,-0.11185324376894457,-0.488224481473154,0.3945588804067146,0.1784323873233351,0.07142033223671454,-1.6100000000000003,0,11,2024
2024-11-15,84.47380065917969,23532.69921875,14.779999732971191,2565.699951171875,67.0199966430664,106.69000244140624,316.528,4.64,4.36,6.25,0.06017807976166356,0.0,-0.09734444542992549,-2.445415400005735,0.0187534197096495,0.06994895987520268,-1.6100000000000003,0,11,2024
2024-11-18,84.47750091552734,23453.80078125,15.170000076293944,2610.60009765625,69.16000366210938,106.27999877929688,316.528,4.64,4.36,6.25,0.004380359731404049,-0.33527151631265184,1.7500154865679907,3.19308732651864,-0.38429436004047135,0.0699918522674791,-1.6100000000000003,0,11,2024
2024-11-19,84.39849853515625,23518.5,15.65999984741211,2627.10009765625,69.38999938964844,106.20999908447266,316.528,4.64,4.36,6.25,-0.09351884172105196,0.2758581406631766,0.6320385881703361,0.33255597941077575,-0.06586346972922152,0.07087797515083397,-1.6100000000000003,0,11,2024
2024-11-20,84.39759826660156,23518.5,15.65999984741211,2648.199951171875,68.87000274658203,106.68000030517578,316.528,4.64,4.36,6.25,-0.0010666878798915036,0.0,0.8031613844653007,-0.7493826886298849,0.4425206899110412,0.06950691118016987,-1.6100000000000003,0,11,2024
2024-11-21,84.38310241699219,23349.900390625,15.989999771118164,2672.10009765625,70.0999984741211,106.97000122070312,316.528,4.64,4.36,6.25,-0.01717566602260634,-0.7168807933116472,0.9025053593026078,1.785967298513147,0.2718418772944764,0.0697663172127369,-1.6100000000000003,0,11,2024
2024-11-22,84.48829650878906,23907.25,16.100000381469727,2709.89990234375,71.23999786376953,107.48999786376952,316.528,4.64,4.36,6.25,0.1246625079948327,2.3869464111237804,1.414610355377599,1.6262473815449319,0.4861144593179212,0.07239504977765167,-1.6100000000000003,0,11,2024
2024-11-25,84.43599700927734,24221.900390625,15.300000190734863,2616.800048828125,68.94000244140625,106.81999969482422,316.528,4.64,4.36,6.25,-0.06190147236105892,1.3161295867362366,-3.4355458456271526,-3.228516972672435,-0.6233121055546409,0.057590367232250965,-1.6100000000000003,0,11,2024
2024-11-26,84.37750244140625,24194.5,15.3100004196167,2620.300048828125,68.7699966430664,107.01000213623048,316.528,4.64,4.36,6.25,-0.0692768131400956,-0.11312238174179257,0.13375114394267307,-0.2465996407301163,0.17787159890383375,0.05219243493192558,-1.6100000000000003,0,11,2024
2024-11-27,84.33910369873047,24274.900390625,14.630000114440918,2639.89990234375,68.72000122070312,106.08000183105467,316.528,4.64,4.36,6.25,-0.04550827123905865,0.3323085437806128,0.7480003492115639,-0.07269946895994694,-0.8690779241288693,0.053275572780037805,-1.6100000000000003,0,11,2024
2024-11-28,84.42030334472656,23914.150390625,15.210000038146973,2639.89990234375,68.72000122070312,106.08000183105467,316.528,4.64,4.36,6.25,0.09627757758270405,-1.4861029054492936,0.0,0.0,0.0,0.055121710472671046,-1.6100000000000003,0,11,2024
2024-11-29,84.47160339355469,24131.099609375,14.43000030517578,2657.0,68.0,105.73999786376952,316.528,4.64,4.36,6.25,0.06076743010343666,0.9072001940535257,0.647755531983174,-1.047731676241892,-0.32051655487964625,0.0557494330455506,-1.6100000000000003,0,11,2024
2024-12-02,84.55699920654297,24276.05078125,14.699999809265137,2634.89990234375,68.0999984741211,106.4499969482422,317.604,4.48,4.39,6.25,0.10109410684489006,0.6006820004948565,-0.8317688240967236,0.14705657958984375,0.671457441664991,0.0578486758802277,-1.7699999999999996,0,12,2024
2024-12-03,84.73709869384766,24457.150390625,14.369999885559082,2644.699951171875,69.94000244140625,106.37000274658205,317.604,4.48,4.39,6.25,0.2129918149824217,0.7460011144599932,0.3719324904679633,2.701914843631581,-0.07514720897460192,0.06770565878580684,-1.7699999999999996,0,12,2024
2024-12-04,84.68309783935547,24467.44921875,14.449999809265137,2653.800048828125,68.54000091552734,106.33999633789062,317.604,4.48,4.39,6.25,-0.06372752351043731,0.04210968146538541,0.34408809408483787,-2.00171786818536,-0.028209464996353795,0.06964141350758342,-1.7699999999999996,0,12,2024
2024-12-05,84.70700073242188,24708.400390625,14.529999732971191,2626.60009765625,68.30000305175781,105.70999908447266,317.604,4.48,4.39,6.25,0.02822628561811591,0.9847825562885104,-1.0249435025779796,-0.3501573687828219,-0.5924367830671962,0.06916402917034097,-1.7699999999999996,0,12,2024
2024-12-06,84.68379974365234,24677.80078125,14.140000343322754,2638.60009765625,67.19999694824219,105.97000122070312,317.604,4.48,4.39,6.25,-0.027389694557622413,-0.12384293961259507,0.45686437043490624,-1.610550592043225,0.2459579401024259,0.0698187224879188,-1.7699999999999996,0,12,2024
2024-12-09,84.66600036621094,24619.0,14.109999656677246,2664.89990234375,68.37000274658203,106.1500015258789,317.604,4.48,4.39,6.25,-0.02101863342846011,-0.23827399277279726,0.9967332568076914,1.7410801361211092,0.1698596801946728,0.07029657330412545,-1.7699999999999996,0,12,2024
2024-12-10,84.84729766845703,24610.05078125,13.779999732971191,2697.60009765625,68.58999633789062,106.4000015258789,317.604,4.48,4.39,6.25,0.21413235709957235,-0.03635086213900074,1.2270703032313035,0.3217691713777171,0.23551577617175745,0.07837428081588148,-1.7699999999999996,0,12,2024
2024-12-11,84.8740005493164,24641.80078125,13.270000457763672,2733.800048828125,70.29000091552734,106.70999908447266,317.604,4.48,4.39,6.25,0.031471692785922656,0.12901233029631864,1.3419317119437668,2.478502213736955,0.29135108472564397,0.0779026245885751,-1.7699999999999996,0,12,2024
2024-12-12,84.85710144042969,24548.69921875,13.1899995803833,2687.5,70.0199966430664,106.95999908447266,317.604,4.48,4.39,6.25,-0.01991081930549088,-0.3778196379659149,-1.6936150413770057,-0.3841289926648672,0.2342798258315959,0.07825662985548906,-1.7699999999999996,0,12,2024
2024-12-13,84.83920288085938,24768.30078125,13.050000190734863,2656.0,71.29000091552734,107.0,317.604,4.48,4.39,6.25,-0.02109258891299648,0.8945547808588916,-1.1720930232558158,1.813773683730524,0.03739801408912946,0.07866764193146855,-1.7699999999999996,0,12,2024
2024-12-16,84.802001953125,24668.25,14.020000457763672,2651.39990234375,70.70999908447266,106.86000061035156,317.604,4.48,4.39,6.25,-0.04384874736107491,-0.4039468921733236,-0.17319644790098065,-0.8135808999945704,-0.13084055107330794,0.07968480700535933,-1.7699999999999996,0,12,2024
2024-12-17,84.91729736328125,24336.0,14.489999771118164,2644.39990234375,70.08000183105469,106.95999908447266,317.604,4.48,4.39,6.25,0.13595835888400298,-1.3468730047733413,-0.2640114753648559,-0.8909592159170421,0.09357895709332098,0.08214704111376826,-1.7699999999999996,0,12,2024
2024-12-18,84.91539764404297,24198.849609375,14.369999885559082,2636.5,70.58000183105469,108.02999877929688,317.604,4.48,4.39,6.25,-0.002237140485239486,-0.5635699812006956,-0.29874083480143643,0.7134703009931131,1.00037369482322,0.08122626401882811,-1.7699999999999996,0,12,2024
2024-12-19,85.16549682617188,23951.69921875,14.510000228881836,2592.199951171875,69.91000366210938,108.41000366210938,317.604,4.48,4.39,6.25,0.2945274815497001,-1.0213311567061067,-1.6802597696994104,-0.9492747967746795,0.35175866620977825,0.09159425232306619,-1.7699999999999996,0,12,2024
2024-12-20,85.27940368652344,23587.5,15.06999969482422,2628.699951171875,69.45999908447266,107.62000274658205,317.604,4.48,4.39,6.25,0.13374766143154915,-1.520556915080562,1.408070391464178,-0.6436912517008175,-0.7287158830744045,0.09318509366461913,-1.7699999999999996,0,12,2024
2024-12-23,84.94499969482422,23753.44921875,13.520000457763672,2612.300048828125,69.23999786376953,108.04000091552734,317.604,4.48,4.39,6.25,-0.3921274976645517,0.7035472972972912,-0.6238788240719106,-0.31673081428574834,0.3902603217120326,0.12128140357175347,-1.7699999999999996,0,12,2024
2024-12-24,85.0988998413086,23727.650390625,13.18000030517578,2620.0,70.0999984741211,108.26000213623048,317.604,4.48,4.39,6.25,0.18117622819151524,-0.10861087115143775,0.2947575327470142,1.242057534495622,0.20362941395672962,0.12469177249986403,-1.7699999999999996,0,12,2024
2024-12-25,85.18150329589844,23727.650390625,13.18000030517578,2620.0,70.0999984741211,108.26000213623048,317.604,4.48,4.39,6.25,0.09706759399226161,0.0,0.0,0.0,0.0,0.12519398495953873,-1.7699999999999996,0,12,2024
2024-12-26,85.41339874267578,23750.19921875,14.039999961853027,2638.800048828125,69.62000274658203,108.12999725341795,317.604,4.48,4.39,6.25,0.27223685636517114,0.09503186263191132,0.7175591155772931,-0.6847300113940302,-0.12008579368854022,0.13271941463201595,-1.7699999999999996,0,12,2024
2024-12-27,85.26090240478516,23813.400390625,13.239999771118164,2617.199951171875,70.5999984741211,108.0,317.604,4.48,4.39,6.25,-0.17853912867938915,0.2661079652128029,-0.8185575737669981,1.4076352899701217,-0.12022311728473456,0.13843705056192454,-1.7699999999999996,0,12,2024
2024-12-30,85.38600158691406,23644.900390625,13.970000267028809,2606.10009765625,70.98999786376953,108.12999725341795,317.604,4.48,4.39,6.25,0.14672514435161155,-0.7075847935867907,-0.42411178827413964,0.5524070794298952,0.1203678272388542,0.13992416666064583,-1.7699999999999996,0,12,2024
2024-12-31,85.7865982055664,23644.80078125,14.449999809265137,2629.199951171875,71.72000122070312,108.48999786376952,317.604,4.48,4.39,6.25,0.46915959432130006,-0.0004212721278373799,0.8863762959987476,1.0283186067063577,0.3329331540699476,0.1584794002778557,-1.7699999999999996,0,12,2024
2025-01-01,85.7865982055664,23742.900390625,14.449999809265137,2629.199951171875,71.72000122070312,108.48999786376952,318.961,4.33,4.63,6.25,0.0,0.41488871182535636,0.0,0.0,0.0,0.15846661953985522,-1.92,0,1,2025
2025-01-02,85.78569793701172,24188.650390625,13.739999771118164,2658.89990234375,73.12999725341797,109.38999938964844,318.961,4.33,4.63,6.25,-0.0010494279683803676,1.8774033191665485,1.1296193413755873,1.9659732413777942,0.8295709683846075,0.1582421220029445,-1.92,0,1,2025
2025-01-03,85.80400085449219,24004.75,13.539999961853027,2645.0,73.95999908447266,108.9499969482422,318.961,4.33,4.63,6.25,0.021335628106577964,-0.7602755327609123,-0.5227689215189235,1.1349676770511463,-0.40223278531974493,0.15779940612629,-1.92,0,1,2025
2025-01-06,85.75900268554688,23616.05078125,15.649999618530272,2638.39990234375,73.55999755859375,108.26000213623048,318.961,4.33,4.63,6.25,-0.052442972935051735,-1.6192595996625703,-0.2495311023156921,-0.5408349524478107,-0.6333132917291429,0.15757401095557394,-1.92,0,1,2025
2025-01-07,85.68070220947266,23707.900390625,14.65999984741211,2656.699951171875,74.25,108.54000091552734,318.961,4.33,4.63,6.25,-0.09130292286784192,0.38892874268343647,0.6936040594857751,0.9380131379920664,0.258635482885472,0.15820840899640734,-1.92,0,1,2025
2025-01-08,85.80650329589844,23688.94921875,14.470000267028809,2664.5,73.31999969482422,109.08999633789062,318.961,4.33,4.63,6.25,0.14682546148865327,-0.07993610384197103,0.2935991633034929,-1.252525663536408,0.5067214093643857,0.1580502759433384,-1.92,0,1,2025
2025-01-09,85.90750122070312,23526.5,14.65999984741211,2683.800048828125,73.91999816894531,109.18000030517578,318.961,4.33,4.63,6.25,0.11770427756088164,-0.6857594959147506,0.7243403575952323,0.8183285278483776,0.08250432698373444,0.1582791717957699,-1.92,0,1,2025
2025-01-10,85.91999816894531,23431.5,14.920000076293944,2708.5,76.56999969482422,109.6500015258789,318.961,4.33,4.63,6.25,0.014546981421426075,-0.4037999702463213,0.9203349997202626,3.584958862988996,0.4304828900800528,0.15847964292456693,-1.92,0,1,2025
2025-01-13,86.18800354003906,23085.94921875,16.0,2673.5,78.81999969482422,109.95999908447266,318.961,4.33,4.63,6.25,0.31192432123516856,-1.4747275302477436,-1.2922281705741168,2.9384876700634166,0.2827155077791632,0.16504957933715245,-1.92,0,1,2025
2025-01-14,86.65059661865234,23176.05078125,15.470000267028809,2677.5,77.5,109.2699966430664,318.961,4.33,4.63,6.25,0.5367255994024545,0.3902874499386977,0.14961660744343686,-1.6747014716252284,-0.6275031349137983,0.18456691259202948,-1.92,0,1,2025
2025-01-15,86.535400390625,23213.19921875,15.260000228881836,2712.5,80.04000091552734,109.08999633789062,318.961,4.33,4.63,6.25,-0.1329433754903242,0.16028803979861728,1.3071895424836555,3.2774205361643105,-0.1647298533043462,0.1867754670722877,-1.92,0,1,2025
2025-01-16,86.43099975585938,23311.80078125,15.470000267028809,2746.39990234375,78.68000030517578,108.95999908447266,318.961,4.33,4.63,6.25,-0.12064500111440557,0.4247650725383689,1.2497659850230436,-1.6991511679102511,-0.11916514600964767,0.1899382427016049,-1.92,0,1,2025
2025-01-17,86.6061019897461,23203.19921875,15.75,2744.300048828125,77.87999725341797,109.3499984741211,318.961,4.33,4.63,6.25,0.20259193389100538,-0.46586517926727744,-0.07645840337501264,-1.0167806922405265,0.3579289582648526,0.1906222056222652,-1.92,0,1,2025
2025-01-20,86.56900024414062,23344.75,16.420000076293945,2744.300048828125,77.87999725341797,109.3499984741211,318.961,4.33,4.63,6.25,-0.042839643804615246,0.6100485537167577,0.0,0.0,0.0,0.19104248322917416,-1.92,0,1,2025
2025-01-21,86.21109771728516,23024.650390625,17.059999465942383,2755.0,75.88999938964844,108.05999755859376,318.961,4.33,4.63,6.25,-0.41343035710948994,-1.3711845677293555,0.38989727732010593,-2.5552104955707255,-1.1796990704417976,0.20874126490641381,-1.92,0,1,2025
2025-01-22,86.45189666748047,23155.349609375,16.770000457763672,2767.60009765625,75.44000244140625,108.16999816894533,318.961,4.33,4.63,6.25,0.2793131703124452,0.5676490914416465,0.45735381692377786,-0.5929594832801754,0.10179586603442647,0.21271109321282672,-1.92,0,1,2025
2025-01-23,86.47270202636719,23205.349609375,16.700000762939453,2763.10009765625,74.62000274658203,108.0500030517578,318.961,4.33,4.63,6.25,0.024065821212393423,0.21593282262408753,-0.16259574509376318,-1.0869560820350066,-0.11093197672067401,0.21228081686743225,-1.92,0,1,2025
2025-01-24,86.44020080566406,23092.19921875,16.75,2777.300048828125,74.66000366210938,107.44000244140624,318.961,4.33,4.63,6.25,-0.03758552692526562,-0.48760476583936674,0.5139137443453512,0.05360615660010559,-0.5645539964116097,0.21252760256717568,-1.92,0,1,2025
2025-01-27,86.2030029296875,22829.150390625,18.1299991607666,2737.5,73.16999816894531,107.33999633789062,318.961,4.33,4.63,6.25,-0.27440690068482043,-1.1391241935562957,-1.4330482169155112,-1.995721162709041,-0.09308088350998833,0.22052609422026218,-1.92,0,1,2025
2025-01-28,86.46839904785156,22957.25,18.200000762939453,2766.800048828125,73.7699966430664,107.87000274658205,318.961,4.33,4.63,6.25,0.3078734024852148,0.5611229817278129,1.0703214183789944,0.8200061352136911,0.4937641389729963,0.22489625446079448,-1.92,0,1,2025
2025-01-29,86.58460235595703,23163.099609375,18.63999938964844,2769.10009765625,72.62000274658203,108.0,318.961,4.33,4.63,6.25,0.13438818040467648,0.8966649288351114,0.08313028724642457,-1.5588910787790566,0.12051288598124987,0.22496324843038715,-1.92,0,1,2025
2025-01-30,86.6406021118164,23249.5,17.389999389648438,2823.0,72.7300033569336,107.8000030517578,318.961,4.33,4.63,6.25,0.06467634467979266,0.3730087599762788,1.9464772107505413,0.15147425804351577,-0.18518235948351558,0.2207567278133578,-1.92,0,1,2025
2025-01-31,86.64700317382812,23508.400390625,16.25,2812.5,72.52999877929688,108.37000274658205,318.961,4.33,4.63,6.25,0.007388062704660747,1.1135740150325812,-0.37194473963868546,-0.27499596920842473,0.5287566592651949,0.22045687696869593,-1.92,0,1,2025
2025-02-01,86.64700317382812,23482.150390625,16.25,2812.5,72.52999877929688,108.37000274658205,319.679,4.33,4.45,6.25,0.0,-0.11166221250199504,0.0,0.0,0.0,0.20416026052840308,-1.92,0,2,2025
2025-02-03,86.55400085449219,23361.05078125,14.350000381469728,2833.89990234375,73.16000366210938,108.98999786376952,319.679,4.33,4.45,6.25,-0.10733472125903365,-0.5157091976693451,0.7608854166666568,0.868612840777172,0.5721095335185167,0.20535657843871552,-1.92,0,2,2025
2025-02-04,86.94339752197266,23739.25,14.020000457763672,2853.300048828125,72.69999694824219,107.95999908447266,319.679,4.33,4.45,6.25,0.4498886979645178,1.6189306820631133,0.6845741611526401,-0.6287680301271359,-0.945039727943009,0.21749059439164528,-1.92,0,2,2025
2025-02-05,87.13009643554688,23696.30078125,14.079999923706056,2871.60009765625,71.02999877929688,107.58000183105467,319.679,4.33,4.45,6.25,0.21473616041636223,-0.1809207062143936,0.6413643330515084,-2.2971089945632905,-0.3519796745465431,0.2158805641105102,-1.92,0,2,2025
2025-02-06,87.33409881591797,23603.349609375,14.18000030517578,2856.0,70.61000061035156,107.69000244140624,319.679,4.33,4.45,6.25,0.2341353776900812,-0.39226026346081966,-0.5432545314712378,-0.5912968832370691,0.10225005435890999,0.21284965325053926,-1.92,0,2,2025
2025-02-07,87.58830261230469,23559.94921875,13.6899995803833,2867.300048828125,71.0,108.04000091552734,319.679,4.33,4.45,6.25,0.29107049804513174,-0.18387386257991967,0.39565997297357214,0.5523288291704898,0.3250055401489593,0.21601020155658524,-1.92,0,2,2025
2025-02-10,87.51309967041016,23381.599609375,14.449999809265137,2914.300048828125,72.31999969482422,108.31999969482422,319.679,4.33,4.45,6.25,-0.08585957217073226,-0.7570033692307909,1.6391727129920985,1.8591544997524245,0.2591621408035705,0.20549852290430723,-1.92,0,2,2025
2025-02-11,87.49009704589844,23071.80078125,14.869999885559082,2912.5,73.31999969482422,107.95999908447266,319.679,4.33,4.45,6.25,-0.026284778619833915,-1.3249684936046169,-0.06176607754746488,1.38274336866675,-0.332349161157508,0.20584820334195225,-1.92,0,2,2025
2025-02-12,86.81120300292969,23045.25,14.899999618530272,2909.0,71.37000274658203,107.94000244140624,319.679,4.33,4.45,6.25,-0.7759667275401338,-0.11507892904301098,-0.1201716738197467,-2.659570316910187,-0.018522270503884553,0.2568287032030045,-1.92,0,2,2025
2025-02-13,86.8740005493164,23031.400390625,14.960000038146973,2925.89990234375,71.29000091552734,107.30999755859376,319.679,4.33,4.45,6.25,0.07233806722457548,-0.06009745771905495,0.5809522978257098,-0.11209447663713679,-0.5836620979830509,0.25687011903093016,-1.92,0,2,2025
2025-02-14,86.75409698486328,22929.25,15.020000457763672,2883.60009765625,70.73999786376953,106.56999969482422,319.679,4.33,4.45,6.25,-0.13802007930445725,-0.4435266153706374,-1.445702385567471,-0.7715009744627688,-0.6895889298343283,0.25842141612193564,-1.92,0,2,2025
2025-02-17,86.43460083007812,22959.5,15.720000267028809,2883.60009765625,70.73999786376953,106.56999969482422,319.679,4.33,4.45,6.25,-0.36827788645059645,0.13192755977626813,0.0,0.0,0.0,0.2679994722035234,-1.92,0,2,2025
2025-02-18,86.85479736328125,22945.30078125,15.670000076293944,2931.60009765625,71.8499984741211,107.0500030517578,319.679,4.33,4.45,6.25,0.4861438928019046,-0.06184463402948426,1.664585877875835,1.5691272884813978,0.45041133368501907,0.2800105991227574,-1.92,0,2,2025
2025-02-19,86.88719940185547,22932.900390625,15.420000076293944,2919.39990234375,72.25,107.16999816894533,319.679,4.33,4.45,6.25,0.03730598603401969,-0.05404326900405598,-0.41616164913672593,0.5567175147860093,0.112092586423862,0.2796342981966901,-1.92,0,2,2025
2025-02-20,86.872802734375,22913.150390625,14.68000030517578,2940.0,72.56999969482422,106.33999633789062,319.679,4.33,4.45,6.25,-0.016569376823716286,-0.08612081186238907,0.7056278120620485,0.4429061520058397,-0.774472189265385,0.2797826635690104,-1.92,0,2,2025
2025-02-21,86.45120239257812,22795.900390625,14.529999732971191,2937.60009765625,70.4000015258789,106.61000061035156,319.679,4.33,4.45,6.25,-0.48530763199383653,-0.5117148798882476,-0.08162933142006334,-2.990213832259503,0.2539066031213899,0.29044209374464897,-1.92,0,2,2025
2025-02-24,86.52940368652344,22553.349609375,14.4399995803833,2947.89990234375,70.69999694824219,106.5999984741211,319.679,4.33,4.45,6.25,0.0904571501391116,-1.0640105330068539,0.3506197012900891,0.42612985207537424,-0.009381986842893486,0.27349887979681836,-1.92,0,2,2025
2025-02-25,86.69010162353516,22547.55078125,13.720000267028809,2904.5,68.93000030517578,106.30999755859376,319.679,4.33,4.45,6.25,0.1857148323752389,-0.025711604818956513,-1.4722312080286182,-2.503531427819128,-0.2720458908803236,0.2745165863887148,-1.92,0,2,2025
2025-02-26,87.0811996459961,22547.55078125,13.720000267028809,2916.800048828125,68.62000274658203,106.41999816894533,319.679,4.33,4.45,6.25,0.4511449578861182,0.0,0.4234824867662246,-0.4497280679258475,0.10347155759355964,0.2850453009911318,-1.92,0,2,2025
2025-02-27,87.16220092773438,22545.05078125,13.3100004196167,2883.199951171875,70.3499984741211,107.23999786376952,319.679,4.33,4.45,6.25,0.09301810501873842,-0.011087678764998277,-1.1519506683274172,2.5211245384644476,0.7705315814067415,0.2833934844837294,-1.92,0,2,2025
2025-02-28,87.3270034790039,22124.69921875,13.90999984741211,2836.800048828125,69.76000213623047,107.61000061035156,319.679,4.33,4.45,6.25,0.1890757111631114,-1.8644959666695105,-1.6093196146486743,-0.8386586363717696,0.34502308276065374,0.28473148833047196,-1.92,0,2,2025
2025-03-03,87.46399688720703,22119.30078125,13.760000228881836,2890.199951171875,68.37000274658203,106.75,319.785,4.33,4.28,6.25,0.15687405126187937,-0.024400049223838316,1.8823992323959926,-1.9925449356122171,-0.7991827947901986,0.27293637277592847,-1.92,0,3,2025
2025-03-04,87.32959747314453,22082.650390625,13.829999923706056,2909.60009765625,68.26000213623047,105.73999786376952,319.785,4.33,4.28,6.25,-0.15366255698995301,-0.16569416451024388,0.6712389043017186,-0.16089016517856214,-0.9461378325344105,0.27175360857799785,-1.92,0,3,2025
2025-03-05,87.21700286865234,22337.30078125,13.670000076293944,2915.300048828125,66.30999755859375,105.73999786376952,319.785,4.33,4.28,6.25,-0.12893063491654644,1.1531695069225467,0.19590153218878026,-2.856730906256022,0.0,0.2733778822491367,-1.92,0,3,2025
2025-03-06,86.88929748535156,22544.69921875,13.729999542236328,2916.60009765625,66.36000061035156,104.05999755859376,319.785,4.33,4.28,6.25,-0.3757356622243746,0.9284847776867,0.04459399740508463,0.07540801326924029,-1.5888030443694467,0.2830163739051533,-1.92,0,3,2025
2025-03-07,87.12879943847656,22552.5,13.470000267028809,2904.699951171875,67.04000091552734,103.83999633789062,319.785,4.33,4.28,6.25,0.27564033782800923,0.03460139864501777,-0.40801433470216697,1.0247141333957543,-0.2114176685226843,0.2812541376713198,-1.92,0,3,2025
2025-03-10,87.07379913330078,22460.30078125,13.989999771118164,2891.0,66.02999877929688,103.91000366210938,319.785,4.33,4.28,6.25,-0.06312528754011115,-0.4088203913091726,-0.47164772273114997,-1.5065664117503652,0.067418457904167,0.27701198215485745,-1.92,0,3,2025
2025-03-11,87.3551025390625,22497.900390625,14.06999969482422,2912.89990234375,66.25,103.44000244140624,319.785,4.33,4.28,6.25,0.32306320450203874,0.16740474556060647,0.7575199703822255,0.33318374189050814,-0.45231566176388016,0.28171515937720576,-1.92,0,3,2025
2025-03-12,87.20010375976562,22470.5,13.6899995803833,2939.10009765625,67.68000030517578,103.61000061035156,319.785,4.33,4.28,6.25,-0.17743528974459855,-0.12179087892316698,0.8994540214519287,2.1584910266804203,0.1643447070118098,0.28414261362374504,-1.92,0,3,2025
2025-03-13,87.3405990600586,22397.19921875,13.279999732971191,2984.300048828125,66.55000305175781,103.83000183105467,319.785,4.33,4.28,6.25,0.1611182719231996,-0.3262089461738671,1.5378840349098422,-1.6696176836919374,0.21233589364648697,0.28525684822636016,-1.92,0,3,2025
2025-03-14,86.9220962524414,22397.19921875,13.279999732971191,2994.5,67.18000030517578,103.72000122070312,319.785,4.33,4.28,6.25,-0.47916182407841124,0.0,0.3417870524071498,0.9466524786302388,-0.10594299182478117,0.29986003238639863,-1.92,0,3,2025
2025-03-17,86.93900299072266,22508.75,13.420000076293944,3000.0,67.58000183105469,103.37000274658205,319.785,4.33,4.28,6.25,0.019450449322055974,0.4980568336268254,0.18367006177992806,0.5954175707976184,-0.33744549749505914,0.29902699504695335,-1.92,0,3,2025
2025-03-18,86.91639709472656,22834.30078125,13.210000038146973,3035.10009765625,66.9000015258789,103.23999786376952,319.785,4.33,4.28,6.25,-0.02600201890802234,1.446329899483545,1.1700032552083295,-1.0062152807804536,-0.1257665467333302,0.2875771588297411,-1.92,0,3,2025
2025-03-19,86.57610321044922,22907.599609375,13.300000190734863,3035.89990234375,67.16000366210938,103.43000030517578,319.785,4.33,4.28,6.25,-0.39151862669418724,0.32100316461272094,0.026351838877336498,0.3886429451423812,0.1840395634809866,0.2931677013045323,-1.92,0,3,2025
2025-03-20,86.33709716796875,23190.650390625,12.600000381469728,3040.0,68.26000213623047,103.8499984741211,319.785,4.33,4.28,6.25,-0.27606468022647324,1.2356195589090069,0.13505378267197887,1.637877328975934,0.40606996781018534,0.29266424689618376,-1.92,0,3,2025
2025-03-21,86.33609771728516,23350.400390625,12.579999923706056,3018.199951171875,68.27999877929688,104.08999633789062,319.785,4.33,4.28,6.25,-0.001157614416491537,0.6888551951288902,-0.7171068693462179,0.0292948175221186,0.23110049811829736,0.2861293054517559,-1.92,0,3,2025
2025-03-24,85.98699951171875,23658.349609375,13.699999809265137,3013.10009765625,69.11000061035156,104.26000213623048,319.785,4.33,4.28,6.25,-0.4043479086923263,1.3188177230298859,-0.16897003505831343,1.2155855973833951,0.16332577992221875,0.2934138621317048,-1.92,0,3,2025
2025-03-25,85.53209686279297,23668.650390625,13.640000343322754,3023.699951171875,69.0,104.18000030517578,319.785,4.33,4.28,6.25,-0.5290365421621535,0.04353972876416368,0.3517922794489925,-0.15916742783979032,-0.07673300346777712,0.3056307668581312,-1.92,0,3,2025
2025-03-26,85.59040069580078,23486.849609375,13.470000267028809,3020.89990234375,69.6500015258789,104.5500030517578,319.785,4.33,4.28,6.25,0.06816602789634363,-0.7681079328545448,-0.0926033956193284,0.942031196925952,0.35515717555976156,0.2763198605621798,-1.92,0,3,2025
2025-03-27,86.09539794921875,23591.94921875,13.300000190734863,3060.199951171875,69.91999816894531,104.06999969482422,319.785,4.33,4.28,6.25,0.5900162276524457,0.4474827877002596,1.3009384653107636,0.38764772024604266,-0.45911367089673805,0.29923260355685394,-1.92,0,3,2025
2025-03-28,85.69490051269531,23519.349609375,12.720000267028809,3086.5,69.36000061035156,104.04000091552734,319.785,4.33,4.28,6.25,-0.4651786809321212,-0.30773044101545244,0.8594225621777918,-0.8009118610681987,-0.028825578346158842,0.30911936762710823,-1.92,0,3,2025
2025-03-31,85.53880310058594,23519.349609375,12.720000267028809,3122.800048828125,71.4800033569336,104.20999908447266,319.785,4.33,4.28,6.25,-0.18215484372521296,0.0,1.1760910036651584,3.0565206573334835,0.16339693142000122,0.3041411506108096,-1.92,0,3,2025
2025-04-01,85.46810150146484,23165.69921875,13.779999732971191,3118.89990234375,71.19999694824219,104.26000213623048,320.302,4.33,4.28,6.25,-0.08265441712804744,-1.5036571865236992,-0.12489260994595908,-0.39172691038247276,0.04798296919406031,0.2878742303462099,-1.92,0,4,2025
2025-04-02,85.61009979248047,23332.349609375,13.720000267028809,3139.89990234375,71.70999908447266,103.80999755859376,320.302,4.33,4.28,6.25,0.16614185704497686,0.7193842458686373,0.6733143306144385,0.7162951658568284,-0.4316176562597085,0.29022288724248035,-1.92,0,4,2025
2025-04-03,85.65119934082031,23250.099609375,13.600000381469728,3097.0,66.94999694824219,102.06999969482422,320.302,4.33,4.28,6.25,0.048007826692719746,-0.35251486188494496,-1.3662824828182485,-6.637849947011299,-1.6761370818715537,0.2907103226383632,-1.92,0,4,2025
2025-04-04,85.28289794921875,22904.44921875,13.760000228881836,3012.0,61.9900016784668,103.0199966430664,320.302,4.33,4.28,6.25,-0.4300014412361386,-1.4866619775066536,-2.744591540200192,-7.408507088670779,0.9307308230455114,0.287996238702234,-1.92,0,4,2025
2025-04-07,85.529296875,22161.599609375,22.790000915527344,2951.300048828125,60.70000076293945,103.26000213623048,320.302,4.33,4.28,6.25,0.28891950403464595,-3.2432546283055363,-2.0152706232362205,-2.080982223905059,0.2329698126429136,0.29344159303407996,-1.92,0,4,2025
2025-04-08,86.0270004272461,22535.849609375,20.440000534057617,2968.39990234375,59.58000183105469,102.95999908447266,320.302,4.33,4.28,6.25,0.5819100243200648,1.6887318902814252,0.579400712659317,-1.8451382500946911,-0.29053171174839854,0.3121890526112003,-1.92,0,4,2025
2025-04-09,86.435302734375,22399.150390625,21.43000030517578,3056.5,62.34999847412109,102.9000015258789,320.302,4.33,4.28,6.0,0.47462111325642375,-0.6065856008070525,2.9679322380616213,4.649205367467113,-0.0582726875750339,0.313450907189401,-1.67,0,4,2025
2025-04-10,86.20929718017578,22399.150390625,21.43000030517578,3155.199951171875,60.06999969482422,100.87000274658205,320.302,4.33,4.28,6.0,-0.2614736653306582,0.0,3.22918210933667,-3.6567743946989806,-1.9727879000918436,0.31554903407099505,-1.67,0,4,2025
2025-04-11,86.2603988647461,22828.55078125,20.11000061035156,3222.199951171875,61.5,99.77999877929688,320.302,4.33,4.28,6.0,0.05927630341715506,1.9170387409190415,2.123478734687345,2.3805565381066485,-1.0806026941662883,0.31323569236303794,-1.67,0,4,2025
2025-04-14,86.19300079345703,22828.55078125,20.11000061035156,3204.800048828125,61.52999877929688,99.63999938964844,320.302,4.33,4.28,6.0,-0.07813327109087442,0.0,-0.5400007016144959,0.048778502921753564,-0.14030806911322635,0.3110609762582612,-1.67,0,4,2025
2025-04-15,86.0447998046875,23328.55078125,16.1299991607666,3218.699951171875,61.33000183105469,100.22000122070312,320.302,4.33,4.28,6.0,-0.1719408622570917,2.190239778210845,0.4337213595847489,-0.3250397403054883,0.5820973851942357,0.3112922517845291,-1.67,0,4,2025
2025-04-16,85.72669982910156,23437.19921875,15.869999885559082,3326.60009765625,62.470001220703125,99.37999725341795,320.302,4.33,4.28,6.0,-0.369691110105419,0.4657316201027051,3.352289685936416,1.858795623043985,-0.8381600050426319,0.3164861696026736,-1.67,0,4,2025
2025-04-17,85.62049865722656,23851.650390625,15.470000267028809,3308.699951171875,64.68000030517578,99.37999725341795,320.302,4.33,4.28,6.0,-0.12388342498511618,1.7683476937954135,-0.5380913232397977,3.537696560409609,0.0,0.31103179488201627,-1.67,0,4,2025
2025-04-21,85.62049865722656,24125.55078125,15.520000457763672,3406.199951171875,63.08000183105469,98.27999877929688,320.302,4.33,4.28,6.0,0.0,1.1483498464016417,2.9467767231497577,-2.4737143886393254,-1.1068610429884496,0.305140176420157,-1.67,0,4,2025
2025-04-22,85.15889739990234,24167.25,15.229999542236328,3400.800048828125,64.30999755859375,98.91999816894533,320.302,4.33,4.28,6.0,-0.5391247009342903,0.17284255654137493,-0.15853157246075167,1.949898053004695,0.6512000382556726,0.31755275214445916,-1.67,0,4,2025
2025-04-23,85.2323989868164,24328.94921875,15.960000038146973,3276.300048828125,62.27000045776367,99.83999633789062,320.302,4.33,4.28,6.0,0.08631110683468002,0.6690840652122221,-3.660903264303972,-3.172130583540156,0.9300426465577161,0.3102118284733138,-1.67,0,4,2025
2025-04-24,85.4999008178711,24246.69921875,16.25,3332.0,62.790000915527344,99.29000091552734,320.302,4.33,4.28,6.0,0.31384993762297864,-0.33807460922566923,1.7000869988021305,0.8350737978818135,-0.5508768454897783,0.3178463804575144,-1.67,0,4,2025
2025-04-25,85.2573013305664,24039.349609375,17.15999984741211,3282.39990234375,63.02000045776367,99.47000122070312,320.302,4.33,4.28,6.0,-0.2837424195631155,-0.855166336268387,-1.4885983690351101,0.36629963192029713,0.18128744437106992,0.3173040839183582,-1.67,0,4,2025
2025-04-28,85.38490295410156,24328.5,16.940000534057617,3332.5,62.04999923706055,99.01000213623048,320.302,4.33,4.28,6.0,0.1496665054414592,1.2028211882747275,1.5263252238240987,-1.5391958325249866,-0.4624500641675855,0.31072504125628203,-1.67,0,4,2025
2025-04-29,85.1603012084961,24335.94921875,17.3700008392334,3318.800048828125,60.41999816894531,99.23999786376952,320.302,4.33,4.28,6.0,-0.26304620352640695,0.03061930965739812,-0.41110131048387455,-2.626915532888008,0.2322954475069805,0.31254109056640367,-1.67,0,4,2025
2025-04-30,85.1707992553711,24334.19921875,18.21999931335449,3305.0,58.209999084472656,99.47000122070312,320.302,4.33,4.28,6.0,0.012327395190037116,-0.007191007773188485,-0.4158144095784855,-3.6577278243092537,0.2317647741683082,0.31279866264653666,-1.67,0,4,2025
2025-05-01,84.53119659423828,24334.19921875,18.21999931335449,3210.0,59.2400016784668,100.25,320.62,4.33,4.42,6.0,-0.7509647281987664,0.0,-2.874432677760963,1.769459904129933,0.7841547901122681,0.331950425167316,-1.67,0,5,2025
2025-05-02,84.69670104980469,24346.69921875,18.26000022888184,3231.89990234375,58.290000915527344,100.0,320.62,4.33,4.42,6.0,0.19579097686366342,0.05136803511647248,0.6822399484034181,-1.6036474274523371,-0.24937655860348684,0.33347190691286666,-1.67,0,5,2025
2025-05-05,84.52629852294922,24461.150390625,18.34000015258789,3311.300048828125,57.130001068115234,99.83000183105467,320.62,4.33,4.42,6.0,-0.201191456979255,0.4700890697612925,2.456763788593652,-1.9900494582135275,-0.16999816894532893,0.3341838623660521,-1.67,0,5,2025
2025-05-06,84.2208023071289,24379.599609375,19.0,3411.39990234375,59.09000015258789,99.23999786376952,320.62,4.33,4.42,6.0,-0.36142149976834403,-0.3333889859949313,3.022977442079,3.4307702570069543,-0.5910086712045071,0.3327921466287995,-1.67,0,5,2025
2025-05-07,84.79319763183594,24414.400390625,19.059999465942383,3381.39990234375,58.06999969482422,99.61000061035156,320.62,4.33,4.42,6.0,0.6796365138147964,0.14274549954715887,-0.8794043752944014,-1.7261811730068133,0.3728363105065302,0.3479485998519735,-1.67,1,5,2025
2025-05-08,84.81719970703125,24273.80078125,21.01000022888184,3296.60009765625,59.90999984741211,100.63999938964844,320.62,4.33,4.42,6.0,0.02830660461647927,-0.5758880297096702,-2.507831286938955,3.168589912618658,1.034031495819332,0.3476433822437538,-1.67,1,5,2025
2025-05-09,86.08219909667969,24008.0,21.6299991607666,3335.39990234375,61.02000045776367,100.33999633789062,320.62,4.33,4.42,6.0,1.4914420589431154,-1.09501096942064,1.1769642522029056,1.8527801922528564,-0.29809524401553933,0.4318161404721368,-1.67,1,5,2025
2025-05-12,85.4083023071289,24924.69921875,18.38999938964844,3220.0,61.95000076293945,101.79000091552734,320.62,4.33,4.42,6.0,-0.782852664804623,3.8183073090219954,-3.4598520633960517,1.5240909508342337,1.4450913200693138,0.44724594666399686,-1.67,1,5,2025
2025-05-13,84.9656982421875,24578.349609375,18.200000762939453,3240.300048828125,63.66999816894531,101.0,320.62,4.33,4.42,6.0,-0.5182213590311124,-1.389583907654357,0.6304362990100953,2.7764283855099103,-0.7761085651064481,0.45582778677850844,-1.67,1,5,2025
2025-05-14,85.060302734375,24666.900390625,17.229999542236328,3181.39990234375,63.150001525878906,101.04000091552734,320.62,4.33,4.42,6.0,0.11134433559039092,0.36027960647213586,-1.817737419276233,-0.8167059180473335,0.03960486685876674,0.45630473615959977,-1.67,1,5,2025
2025-05-15,85.48760223388672,25062.099609375,16.889999389648438,3220.699951171875,61.619998931884766,100.87999725341795,320.62,4.33,4.42,6.0,0.5023489051597663,1.6021438141461841,1.2353067842610033,-2.422806899485419,-0.15835675045485775,0.46495213955950565,-1.67,0,5,2025
2025-05-16,85.44490051269531,25019.80078125,16.549999237060547,3182.0,62.4900016784668,101.08999633789062,320.62,4.33,4.42,6.0,-0.04995077657526936,-0.16877607536591732,-1.201600638326883,1.41188374174388,0.20816721866590004,0.464920229381655,-1.67,0,5,2025
2025-05-19,85.50029754638672,24945.44921875,17.360000610351562,3228.89990234375,62.68999862670898,100.43000030517578,320.62,4.33,4.42,6.0,0.0648336335568489,-0.29717088137536374,1.473912707220304,0.3200463160030642,-0.6528796682401916,0.4581235294679182,-1.67,0,5,2025
2025-05-20,85.37210083007812,24683.900390625,17.389999389648438,3280.300048828125,62.560001373291016,100.12000274658205,320.62,4.33,4.42,6.0,-0.14993715810057706,-1.0484831354666824,1.5918779782261305,-0.2073652197570386,-0.3086702754672377,0.4558947788186448,-1.67,0,5,2025
2025-05-21,85.53610229492188,24813.44921875,17.549999237060547,3309.300048828125,61.56999969482422,99.55999755859376,320.62,4.33,4.42,6.0,0.19210194343250997,0.524831270888626,0.8840654686561367,-1.582483466647533,-0.5593339718594881,0.44398588873074474,-1.67,0,5,2025
2025-05-22,85.60030364990234,24609.69921875,17.260000228881836,3292.300048828125,61.20000076293945,99.95999908447266,320.62,4.33,4.42,6.0,0.07505761106474385,-0.8211272774042211,-0.5137037968503289,-0.6009402853966006,0.4017693206987971,0.4345883519064102,-1.67,0,5,2025
2025-05-23,85.97489929199219,24853.150390625,17.280000686645508,3363.60009765625,61.52999877929688,99.11000061035156,320.62,4.33,4.42,6.0,0.43761017907355537,0.9892488718005854,2.1656607165408293,0.53921243830648,-0.8503386173531191,0.4405306285344821,-1.67,0,5,2025
2025-05-26,85.19930267333984,25001.150390625,18.020000457763672,3363.60009765625,61.52999877929688,98.93000030517578,320.62,4.33,4.42,6.0,-0.9021198338578174,0.5954979456279652,0.0,0.0,-0.1816166926317031,0.4694749644624539,-1.67,0,5,2025
2025-05-27,85.158203125,24826.19921875,18.540000915527344,3299.10009765625,60.88999938964844,99.5199966430664,320.62,4.33,4.42,6.0,-0.04823930132084042,-0.6997724870316469,-1.91758824257805,-1.0401420483430734,0.5963775761352652,0.46942336691784714,-1.67,0,5,2025
2025-05-28,85.3604965209961,24752.44921875,18.020000457763672,3293.60009765625,61.84000015258789,99.87999725341795,320.62,4.33,4.42,6.0,0.23755009919497194,-0.29706520659956714,-0.16671212867737095,1.5601917760914796,0.361736959902359,0.4713796142802847,-1.67,0,5,2025
2025-05-29,85.38590240478516,24833.599609375,16.420000076293945,3317.10009765625,60.93999862670898,99.27999877929688,320.62,4.33,4.42,6.0,0.02976304593402812,0.3278479228775888,0.7135049581982633,-1.4553711572739214,-0.6007193538449473,0.4669439665885521,-1.67,0,5,2025
2025-05-30,85.36129760742188,24750.69921875,16.079999923706055,3288.89990234375,60.790000915527344,99.33000183105467,320.62,4.33,4.42,6.0,-0.02881599499485743,-0.333823496911434,-0.8501460457109866,-0.24613999764006023,0.050365685306830166,0.46648242737367573,-1.67,0,5,2025
2025-06-02,85.52429962158203,24716.599609375,17.15999984741211,3370.60009765625,62.52000045776367,98.6999969482422,321.435,4.33,4.38,6.0,0.19095540804663358,-0.13777230725331435,2.4841192416430236,2.8458620104979238,-0.6342543755148755,0.46791087330143377,-1.67,0,6,2025
2025-06-03,85.36370086669922,24542.5,16.559999465942383,3350.199951171875,63.40999984741211,99.25,321.435,4.33,4.38,6.0,-0.18778143240389955,-0.7043833380258491,-0.6052378179944973,1.4235434790978552,0.5572472834484588,0.4583200069575649,-1.67,0,6,2025
2025-06-04,85.70880126953125,24620.19921875,15.75,3373.5,62.84999847412109,98.79000091552734,321.435,4.33,4.38,6.0,0.4042706669558749,0.3165904807986175,0.6954823344193173,-0.8831436281952265,-0.46347514808328105,0.46381248529842456,-1.67,0,6,2025
2025-06-05,85.9041976928711,24750.900390625,15.079999923706056,3350.699951171875,63.369998931884766,98.73999786376952,321.435,4.33,4.38,6.0,0.2279770810530657,0.5308696762106768,-0.67585738337409,0.8273674946512433,-0.050615498830275385,0.4621961842785143,-1.67,0,6,2025
2025-06-06,85.87750244140625,25003.05078125,14.630000114440918,3322.699951171875,64.58000183105469,99.19000244140624,321.435,4.33,4.38,5.75,-0.031075607690655982,1.018752395450262,-0.8356462950437349,1.9094254687782586,0.4557469995670749,0.45882136520503014,-1.42,0,6,2025
2025-06-09,85.7853012084961,25103.19921875,14.6899995803833,3332.10009765625,65.29000091552734,98.94000244140624,321.435,4.33,4.38,5.75,-0.10736366369418215,0.4005448710087123,0.2829068715957783,1.0994101336975204,-0.2520415302415979,0.4588164117756505,-1.42,0,6,2025
2025-06-10,85.75599670410156,25104.25,14.020000457763672,3320.89990234375,64.9800033569336,99.0500030517578,321.435,4.33,4.38,5.75,-0.034160286181550426,0.00418584595869298,-0.3361302177079861,-0.4748009714302559,0.11117910616256221,0.4558994784370483,-1.42,0,6,2025
2025-06-11,85.65280151367188,25141.400390625,13.670000076293944,3321.300048828125,68.1500015258789,98.62999725341795,321.435,4.33,4.38,5.75,-0.12033583002453163,0.14798446727146697,0.01204933891842952,4.878421060603189,-0.42403410943901987,0.4566617812506633,-1.42,0,6,2025
2025-06-12,85.46980285644531,24888.19921875,14.020000457763672,3380.89990234375,68.04000091552734,97.91999816894533,321.435,4.33,4.38,5.75,-0.21365168913635157,-1.0071084662786611,1.7944736289831509,-0.16140954935971452,-0.7198612027214946,0.43543230349999046,-1.42,0,6,2025
2025-06-13,85.68840026855469,24718.599609375,15.079999923706056,3431.199951171875,72.9800033569336,98.18000030517578,321.435,4.33,4.38,5.75,0.2557598178581699,-0.6814458847919758,1.4877710160320134,7.2604385287109885,0.2655250623900818,0.4363196949004862,-1.42,0,6,2025
2025-06-16,86.24919891357422,24946.5,14.84000015258789,3396.39990234375,71.7699966430664,98.0,321.435,4.33,4.38,5.75,0.6544627315505203,0.921979376770854,-1.0142238669664128,-1.6579976133314744,-0.1833370387209987,0.4478424618364768,-1.42,0,6,2025
2025-06-17,86.10420227050781,24853.400390625,14.399999618530272,3386.60009765625,74.83999633789062,98.81999969482422,321.435,4.33,4.38,5.75,-0.1681136113643178,-0.37319707924959866,-0.2885350656363417,4.27755307011124,0.8367343824736917,0.44280952129890394,-1.42,0,6,2025
2025-06-18,86.36270141601562,24812.05078125,14.279999732971191,3389.800048828125,75.13999938964844,98.91000366210938,321.435,4.33,4.38,5.75,0.30021664296442374,-0.16637405234334324,0.09448860448830754,0.400859254994268,0.09107869617801523,0.4301737336341008,-1.42,0,6,2025
2025-06-19,86.61360168457031,24793.25,14.260000228881836,3389.800048828125,75.13999938964844,98.91000366210938,321.435,4.33,4.38,5.75,0.29051924550864694,-0.07577278241026608,0.0,0.0,0.0,0.43212400810733537,-1.42,0,6,2025
2025-06-20,86.58380126953125,25112.400390625,13.670000076293944,3368.10009765625,74.93000030517578,98.70999908447266,321.435,4.33,4.38,5.75,-0.034406160763977844,1.287247095983779,-0.6401543117381503,-0.27947709100140106,-0.20220864445619213,0.338882529597349,-1.42,0,6,2025
2025-06-23,86.5802993774414,24971.900390625,14.050000190734863,3377.699951171875,68.51000213623047,98.41999816894533,321.435,4.33,4.38,5.75,-0.004044511835354925,-0.559484548726974,0.285022809218316,-8.567994318427697,-0.2937908197923833,0.30321861881482276,-1.42,0,6,2025
2025-06-24,86.23300170898438,25044.349609375,13.640000343322754,3317.39990234375,64.37000274658203,97.86000061035156,321.435,4.33,4.38,5.75,-0.4011278211721203,0.29012296868362597,-1.7852399472962133,-6.042912363972997,-0.5689875726602733,0.2963834776532707,-1.42,0,6,2025
2025-06-25,85.90480041503906,25244.75,12.960000038146973,3327.10009765625,64.91999816894531,97.68000030517578,321.435,4.33,4.38,5.75,-0.3805982482819159,0.8001820520425307,0.29240355694371,0.8544281480436622,-0.18393654614052846,0.3063032238802121,-1.42,0,6,2025
2025-06-26,86.006103515625,25549.0,12.59000015258789,3333.5,65.23999786376953,97.1500015258789,321.435,4.33,4.38,5.75,0.11792484249599777,1.2052010814129765,0.19235677184039623,0.4929138999533844,-0.5425867911967974,0.29379361962184164,-1.42,0,6,2025
2025-06-27,85.66639709472656,25637.80078125,12.390000343322754,3273.699951171875,65.5199966430664,97.4000015258789,321.435,4.33,4.38,5.75,-0.3949794340313506,0.3475704773181043,-1.7939117692552853,0.4291826923133124,0.25733401551559787,0.30325078922865606,-1.42,0,6,2025
2025-06-30,85.4552993774414,25517.05078125,12.789999961853027,3294.39990234375,65.11000061035156,96.87999725341795,321.435,4.33,4.38,5.75,-0.24641834423331233,-0.4709842354665206,0.6323105807074736,-0.625757102748925,-0.5338852816370698,0.30658344236609536,-1.42,0,6,2025
2025-07-01,85.71399688720703,25541.80078125,12.529999732971191,3336.699951171875,65.44999694824219,96.81999969482422,322.169,4.33,4.39,5.75,0.30272845762671086,0.09699396772837598,1.2839986061810915,0.5221875820971444,-0.06192976909030756,0.3101345029768889,-1.42,0,7,2025
2025-07-02,85.6427993774414,25453.400390625,12.449999809265137,3348.0,67.44999694824219,96.77999877929688,322.169,4.33,4.39,5.75,-0.08306404128991529,-0.34610085397696055,0.338659423786547,3.055767904132378,-0.0413147238725764,0.30874495351600817,-1.42,0,7,2025
2025-07-03,85.69409942626953,25405.30078125,12.390000343322754,3331.60009765625,67.0,97.18000030517578,322.169,4.33,4.39,5.75,0.05990001401290357,-0.188971251922454,-0.48984176653972256,-0.6671563656073909,0.41331011668133133,0.3086380877318742,-1.42,0,7,2025
2025-07-04,85.31909942626953,25461.0,12.31999969482422,3332.5,66.5,97.18000030517578,322.169,4.33,4.39,5.75,-0.4376030584493651,0.21924250859925998,0.027011115301123212,-0.7462686567164201,0.0,0.30761170266689614,-1.42,0,7,2025
2025-07-07,85.49629974365234,25461.30078125,12.5600004196167,3332.199951171875,67.93000030517578,97.4800033569336,322.169,4.33,4.39,5.75,0.20769126558344286,0.0011813410706551508,-0.009003715772692988,2.1503763987605673,0.3087086343030565,0.2618246481792889,-1.42,0,7,2025
2025-07-08,85.89199829101562,25522.5,12.199999809265137,3307.0,68.33000183105469,97.51000213623048,322.169,4.33,4.39,5.75,0.4628253486405054,0.24036171315751087,-0.7562556731630865,0.5888436980449052,0.03077429038143009,0.274112417645141,-1.42,0,7,2025
2025-07-09,85.7073974609375,25476.099609375,11.9399995803833,3311.60009765625,68.37999725341797,97.47000122070312,322.169,4.33,4.39,5.75,-0.21492203435838908,-0.181801902732881,0.13910183417751298,0.07316759991737865,-0.04102237170652279,0.27468736705199803,-1.42,0,7,2025
2025-07-10,85.70850372314453,25355.25,11.670000076293944,3317.39990234375,66.56999969482422,97.6500015258789,322.169,4.33,4.39,5.75,0.0012907429694619665,-0.4743646446198069,0.17513602235985637,-2.646969335032079,0.1846725176172015,0.2746798002211037,-1.42,0,7,2025
2025-07-11,85.73480224609375,25149.849609375,11.81999969482422,3356.0,68.44999694824219,97.8499984741211,322.169,4.33,4.39,5.75,0.030683679923027007,-0.8100901810276007,1.1635648035372315,2.8240908247505025,0.20480997963854275,0.27458273096717667,-1.42,0,7,2025
2025-07-14,85.82129669189453,25082.30078125,11.979999542236328,3351.5,66.9800033569336,98.08000183105467,322.169,4.33,4.39,5.75,0.10088603873197322,-0.2685854157148504,-0.1340882002383803,-2.1475436915214363,0.23505708791033975,0.2730798574376404,-1.42,0,7,2025
2025-07-15,85.96839904785156,25195.80078125,11.479999542236328,3329.800048828125,66.5199966430664,98.62000274658205,322.169,4.33,4.39,5.75,0.17140542222886523,0.4525103218794291,-0.6474698246121124,-0.6867821600662349,0.550571885650597,0.2718939127365108,-1.42,0,7,2025
2025-07-16,85.99310302734375,25212.05078125,11.239999771118164,3352.5,66.37999725341797,98.38999938964844,322.169,4.33,4.39,5.75,0.02873611671940779,0.06449487413033861,0.6817211495886655,-0.21046211171603657,-0.23322181152705124,0.2622512150511473,-1.42,0,7,2025
2025-07-17,85.88520050048828,25111.44921875,11.239999771118164,3340.10009765625,67.54000091552734,98.7300033569336,322.169,4.33,4.39,5.75,-0.1254781174964248,-0.3990217351728331,-0.3698703159955241,1.747519900732808,0.3455676078812253,0.2601154078693287,-1.42,0,7,2025
2025-07-18,86.04650115966797,24968.400390625,11.390000343322754,3353.0,67.33999633789062,98.4800033569336,322.169,4.33,4.39,5.75,0.18780960891948695,-0.5696558047242783,0.3862130465132507,-0.2961275909469818,-0.25321583257339464,0.26228637484646455,-1.42,0,7,2025
2025-07-21,86.14859771728516,25090.69921875,11.199999809265137,3401.89990234375,67.19999694824219,97.8499984741211,322.169,4.33,4.39,5.75,0.11865277058475954,0.48981443028652816,1.4583925542424714,-0.20789931283329288,-0.6397287381572192,0.2621375184298437,-1.42,0,7,2025
2025-07-22,86.19529724121094,25060.900390625,10.75,3439.199951171875,66.20999908447266,97.38999938964844,322.169,4.33,4.39,5.75,0.05420810687950528,-0.11876443882732346,1.0964475704422494,-1.4732111737029263,-0.4701063787898918,0.26206929132113294,-1.42,0,7,2025
2025-07-23,86.3427963256836,25219.900390625,10.520000457763672,3394.10009765625,65.25,97.20999908447266,322.169,4.33,4.39,5.75,0.17112196279094327,0.6344544590244583,-1.3113472364483347,-1.449930671722044,-0.18482421840421148,0.26219083813898497,-1.42,0,7,2025
2025-07-24,86.39869689941406,25062.099609375,10.720000267028809,3371.0,66.02999877929688,97.37999725341795,322.169,4.33,4.39,5.75,0.06474260286823963,-0.6256994627491075,-0.6805956510299027,1.1954004280411823,0.17487724570142138,0.258274113923198,-1.42,0,7,2025
2025-07-25,86.4302978515625,24837.0,11.279999732971191,3334.0,65.16000366210938,97.6500015258789,322.169,4.33,4.39,5.75,0.03657572773954065,-0.8981674037030651,-1.097597152180363,-1.3175755463746608,0.2772687205549129,0.2549322116807759,-1.42,0,7,2025
2025-07-28,86.506103515625,24680.900390625,12.0600004196167,3309.10009765625,66.70999908447266,98.66000366210938,322.169,4.33,4.39,5.75,0.08770728083420387,-0.6284962329387578,-0.7468477007723462,2.3787528165297056,1.0343083670744324,0.2263899471148343,-1.42,0,7,2025
2025-07-29,86.77760314941406,24821.099609375,11.529999732971191,3323.39990234375,69.20999908447266,98.91000366210938,322.169,4.33,4.39,5.75,0.3138502634557172,0.5680474234370125,0.432135754902907,3.747564134777348,0.25339549029026465,0.23036858730410825,-1.42,0,7,2025
2025-07-30,87.06320190429688,24855.05078125,11.210000038146973,3295.800048828125,70.0,99.94000244140624,322.169,4.33,4.39,5.75,0.3291157447516291,0.1367835124523431,-0.8304704316853595,1.1414548850999573,1.0413494501683385,0.2316108713554056,-1.42,0,7,2025
2025-07-31,87.714599609375,24768.349609375,11.539999961853027,3293.199951171875,69.26000213623047,100.02999877929688,322.169,4.33,4.39,5.75,0.7481894656185206,-0.34882717656889994,-0.0788912439386169,-1.0571398053850434,0.09005036591169802,0.26255896711202437,-1.42,0,7,2025
2025-08-01,87.4894027709961,24565.349609375,11.979999542236328,3347.699951171875,67.33000183105469,98.69000244140624,323.291,4.33,4.26,5.75,-0.25673814779043624,-0.8195943742782208,1.654925325156964,-2.786601567495739,-1.3395944759003409,0.26788679150794525,-1.42,0,8,2025
2025-08-04,87.24530029296875,24722.75,11.970000267028809,3374.39990234375,66.29000091552734,98.77999877929688,323.291,4.33,4.26,5.75,-0.27900805159943864,0.6407415043054421,0.7975610586763882,-1.544632240077648,0.09119093693819025,0.2739061456300087,-1.42,0,8,2025
2025-08-05,87.89330291748047,24649.55078125,11.710000038146973,3381.89990234375,65.16000366210938,98.77999877929688,323.291,4.33,4.26,5.75,0.7427364251549662,-0.29608040671041946,0.22226174185195902,-1.7046269992633034,0.0,0.2914688278681111,-1.42,0,8,2025
2025-08-06,87.72309875488281,24574.19921875,11.960000038146973,3380.0,64.3499984741211,98.18000030517578,323.291,4.33,4.26,5.75,-0.19364861365769315,-0.3056914228121266,-0.05617855047789222,-1.2431018147092243,-0.6074088697466618,0.2835257572079921,-1.42,0,8,2025
2025-08-07,87.76249694824219,24596.150390625,11.6899995803833,3400.300048828125,63.880001068115234,98.4000015258789,323.291,4.33,4.26,5.75,0.04491199458134254,0.08932609229541644,0.6005931605954196,-0.7303767166286335,0.22407946630604858,0.28341558433353686,-1.42,0,8,2025
2025-08-08,87.43319702148438,24363.30078125,12.029999732971191,3439.10009765625,63.880001068115234,98.18000030517578,323.291,4.33,4.26,5.75,-0.37521713511867727,-0.9466912735407229,1.1410772070393316,0.0,-0.22357847285729981,0.28232372520808413,-1.42,0,8,2025
2025-08-11,87.48829650878906,24585.05078125,12.220000267028809,3353.10009765625,63.959999084472656,98.5199966430664,323.291,4.33,4.26,5.75,0.06301895525009371,0.9101804471857822,-2.5006541699268636,0.12523170792080318,0.3462989782377246,0.27600512602178606,-1.42,0,8,2025
2025-08-12,87.66449737548828,24487.400390625,12.229999542236328,3348.89990234375,63.16999816894531,98.0999984741211,323.291,4.33,4.26,5.75,0.20139935709173606,-0.39719417907191357,-0.12526304584333792,-1.2351484159403792,-0.42630753477077565,0.27378096160162946,-1.42,0,8,2025
2025-08-13,87.59559631347656,24619.349609375,12.140000343322754,3358.699951171875,62.650001525878906,97.83999633789062,323.291,4.33,4.26,5.75,-0.07859631216112772,0.5388453516712133,0.2926348685807545,-0.8231702677522601,-0.2650378596071645,0.27369299722506135,-1.42,0,8,2025
2025-08-14,87.44999694824219,24631.30078125,12.359999656677246,3335.199951171875,63.959999084472656,98.25,323.291,4.33,4.26,5.75,-0.166217676871927,0.048543816407109475,-0.6996754798475169,2.09097769622979,0.4190552713160711,0.27722929749115716,-1.42,0,8,2025
2025-08-15,87.69180297851562,24631.30078125,12.359999656677246,3336.0,62.79999923706055,97.8499984741211,323.291,4.33,4.26,5.75,0.27650776296372914,0.0,0.023988031897270723,-1.8136333083433653,-0.4071262349912508,0.26259072658350185,-1.42,0,8,2025
2025-08-18,87.51280212402344,24876.94921875,12.34000015258789,3331.699951171875,63.41999816894531,98.16999816894533,323.291,4.33,4.26,5.75,-0.20412495628131522,0.9973019276634965,-0.12889834616681695,0.9872594576703086,0.32703086337693144,0.26705011236238263,-1.42,0,8,2025
2025-08-19,87.29509735107422,24980.650390625,11.789999961853027,3313.39990234375,62.34999847412109,98.2699966430664,323.291,4.33,4.26,5.75,-0.24876905740109923,0.41685646806257637,-0.549270615491293,-1.6871644997116575,0.10186256084978584,0.26327386446734513,-1.42,0,8,2025
2025-08-20,87.0791015625,25050.55078125,11.789999961853027,3343.39990234375,63.209999084472656,98.22000122070312,323.291,4.33,4.26,5.75,-0.24743175175754306,0.27981813736617234,0.9054144046657164,1.3793113574950944,-0.050875571457353885,0.26448459876334984,-1.42,0,8,2025
2025-08-21,87.01820373535156,25083.75,11.369999885559082,3336.89990234375,63.52000045776367,98.62000274658205,323.291,4.33,4.26,5.75,-0.06993391761710432,0.13252889742787488,-0.19441287880170854,0.4904309093197945,0.4072505812539262,0.2652858117706772,-1.42,0,8,2025
2025-08-22,87.29340362548828,24870.099609375,11.729999542236328,3374.39990234375,63.65999984741211,97.72000122070312,323.291,4.33,4.26,5.75,0.3162555400174405,-0.8517482060098724,1.1237975695243652,0.22040206020075281,-0.9125953161769784,0.26962329810668106,-1.42,0,8,2025
2025-08-25,87.3301010131836,24967.75,11.760000228881836,3373.800048828125,64.80000305175781,98.43000030517578,323.291,4.33,4.26,5.75,0.042039130302162775,0.39264173509054867,-0.017776598298513413,1.7907684685488423,0.726564751947878,0.269532811140478,-1.42,0,8,2025
2025-08-26,87.60859680175781,24712.05078125,12.1899995803833,3388.60009765625,63.25,98.2300033569336,323.291,4.33,4.26,5.75,0.31890011043520516,-1.0241179872034878,0.43867593259612203,-2.3919799054944124,-0.20318698325928475,0.27298712721898005,-1.42,0,8,2025
2025-08-27,87.60070037841797,24712.05078125,12.1899995803833,3404.60009765625,64.1500015258789,98.2300033569336,323.291,4.33,4.26,5.75,-0.009013297356774697,0.0,0.4721713846100206,1.4229273136425302,0.0,0.2732391938108913,-1.42,0,8,2025
2025-08-28,87.65910339355469,24500.900390625,12.18000030517578,3431.800048828125,64.5999984741211,97.80999755859376,323.291,4.33,4.26,5.75,0.06666957556780151,-0.8544430103923584,0.7989176523433672,0.7014761302237105,-0.4275738409716623,0.2709324541197389,-1.42,0,8,2025
2025-08-29,87.5916976928711,24426.849609375,11.75,3473.699951171875,64.01000213623047,97.7699966430664,323.291,4.33,4.26,5.75,-0.07689526594969465,-0.30223697933294824,1.2209307578411543,-0.9133070461711856,-0.04089655099254186,0.27122388098961514,-1.42,0,8,2025
2025-09-01,88.17430114746094,24625.05078125,11.289999961853027,3473.699951171875,64.01000213623047,97.7699966430664,324.245,4.22,4.12,5.75,0.6651354750911054,0.8114070174605414,0.0,0.0,0.0,0.2928122270510808,-1.5300000000000002,0,9,2025
2025-09-02,88.00140380859375,24579.599609375,11.399999618530272,3549.39990234375,65.58999633789062,98.4000015258789,324.245,4.22,4.12,5.75,-0.19608586245332127,-0.18457290617897026,2.179231143620708,2.4683551772073153,0.6443744547854457,0.2970462589224724,-1.5300000000000002,0,9,2025
2025-09-03,87.99829864501953,24715.05078125,10.93000030517578,3593.199951171875,63.970001220703125,98.13999938964844,324.245,4.22,4.12,5.75,-0.0035285386821515274,0.5510715147017065,1.2340127918300414,-2.4698813960013055,-0.26422980914495575,0.29669866791742583,-1.5300000000000002,0,9,2025
2025-09-04,88.072998046875,24734.30078125,10.850000381469728,3565.800048828125,63.47999954223633,98.3499984741211,324.245,4.22,4.12,5.75,0.08488732510250063,0.07788776228048189,-0.7625487786955487,-0.7659866642432012,0.2139790969825528,0.2967237829772176,-1.5300000000000002,0,9,2025
2025-09-05,88.19290161132812,24741.0,10.779999732971191,3613.199951171875,61.869998931884766,97.7699966430664,324.245,4.22,4.12,5.75,0.13614111829065578,0.027084730671167456,1.329292211977151,-2.5362328638335097,-0.5897324250668912,0.29695829636076365,-1.5300000000000002,0,9,2025
2025-09-08,88.1863021850586,24773.150390625,10.84000015258789,3638.10009765625,62.2599983215332,97.4499969482422,324.245,4.22,4.12,5.75,-0.007482944941095138,0.12994782193525012,0.6891438841157616,0.630352992373262,-0.32729846150291175,0.29724602515987164,-1.5300000000000002,0,9,2025
2025-09-09,87.98049926757812,24868.599609375,10.6899995803833,3643.300048828125,62.630001068115234,97.79000091552734,324.245,4.22,4.12,5.75,-0.23337288488249897,0.3852930178235292,0.14293040412012292,0.5942864705379636,0.3489009522142261,0.29821001109712647,-1.5300000000000002,0,9,2025
2025-09-10,88.21829986572266,24973.099609375,10.539999961853027,3643.60009765625,63.66999816894531,97.77999877929688,324.245,4.22,4.12,5.75,0.27028784801652606,0.42020862308871365,0.008235633192543723,1.6605414068235458,-0.010228178890303585,0.2964747400057477,-1.5300000000000002,0,9,2025
2025-09-11,88.05339813232422,25005.5,10.359999656677246,3636.89990234375,62.369998931884766,97.54000091552734,324.245,4.22,4.12,5.75,-0.18692463315370667,0.12974116602184615,-0.1838894261971813,-2.041776777833515,-0.24544678540162623,0.26768503341547634,-1.5300000000000002,0,9,2025
2025-09-12,88.2676010131836,25114.0,10.119999885559082,3649.39990234375,62.68999862670898,97.5500030517578,324.245,4.22,4.12,5.75,0.2432647523011866,0.4339045410009845,0.343699313581447,0.513066699221354,0.01025439423474328,0.26585814690213927,-1.5300000000000002,0,9,2025
2025-09-15,88.27729797363281,25069.19921875,10.399999618530272,3682.199951171875,63.29999923706055,97.3000030517578,324.245,4.22,4.12,5.75,0.010985866091184349,-0.17838966811339896,0.8987792433232666,0.9730429473828073,-0.2562788233510971,0.25943490301204836,-1.5300000000000002,0,9,2025
2025-09-16,88.12349700927734,25239.099609375,10.270000457763672,3688.89990234375,64.5199966430664,96.62999725341795,324.245,4.22,4.12,5.75,-0.17422482097425585,0.6777256391098607,0.18195511543968035,1.9273260990682273,-0.6885979211978421,0.22553018625553134,-1.5300000000000002,0,9,2025
2025-09-17,87.88459777832031,25330.25,10.25,3681.800048828125,64.05000305175781,96.87000274658205,324.245,4.22,4.12,5.75,-0.27109594950808225,0.3611475529465391,-0.19246533393638687,-0.728446397647331,0.24837576320597687,0.22835498218289652,-1.5300000000000002,0,9,2025
2025-09-18,87.91069793701172,25423.599609375,9.890000343322754,3643.699951171875,63.56999969482422,97.3499984741211,324.245,4.22,4.12,5.75,0.029698217152041018,0.36853015416349333,-1.0348225637178965,-0.7494197253132273,0.49550502108970385,0.2282833492783592,-1.5300000000000002,0,9,2025
2025-09-19,88.20690155029297,25327.05078125,9.970000267028809,3671.5,62.68000030517578,97.63999938964844,324.245,4.22,4.12,5.75,0.33693693740604047,-0.37976065391384095,0.7629620770278844,-1.4000305079770237,0.2978951413177944,0.22428041614615513,-1.5300000000000002,0,9,2025
2025-09-22,88.09919738769531,25202.349609375,10.5600004196167,3740.699951171875,62.63999938964844,97.33000183105467,324.245,4.22,4.12,5.75,-0.12210400853526204,-0.49236357186648316,1.884786903768898,-0.06381766964356217,-0.3174903323756362,0.22587070487376143,-1.5300000000000002,0,9,2025
2025-09-23,88.30439758300781,25169.5,10.630000114440918,3780.60009765625,63.40999984741211,97.26000213623048,324.245,4.22,4.12,5.75,0.23291948326098488,-0.13034343973540308,1.0666492101799152,1.2292472306296265,-0.07191995634161508,0.226798441809186,-1.5300000000000002,0,9,2025
2025-09-24,88.80799865722656,25056.900390625,10.520000457763672,3732.10009765625,64.98999786376953,97.87000274658205,324.245,4.22,4.12,5.75,0.5703012398055929,-0.447365300760838,-1.2828651205417652,2.491717426524964,0.6271854790802278,0.246697530721118,-1.5300000000000002,0,9,2025
2025-09-25,88.77860260009766,24890.849609375,10.779999732971191,3736.89990234375,64.9800033569336,98.5500030517578,324.245,4.22,4.12,5.75,-0.03310068639466035,-0.6626948212322681,0.12860868041868478,-0.015378530796217316,0.6947995157785991,0.24392814993643847,-1.5300000000000002,0,9,2025
2025-09-26,88.77310180664062,24654.69921875,11.43000030517578,3775.300048828125,65.72000122070312,98.1500015258789,324.245,4.22,4.12,5.75,-0.006196080244480484,-0.9487437927231501,1.0275936601965352,1.1388085957840577,-0.4058868731529275,0.2403325948171492,-1.5300000000000002,0,9,2025
2025-09-29,88.67680358886719,24634.900390625,11.369999885559082,3820.89990234375,63.45000076293945,97.91000366210938,324.245,4.22,4.12,5.75,-0.10847679737854277,-0.08030448049409777,1.2078471360118748,-3.454048106512475,-0.24452150793523586,0.23758545891393815,-1.5300000000000002,0,9,2025
2025-09-30,88.70449829101562,24611.099609375,11.06999969482422,3840.800048828125,62.369998931884766,97.7699966430664,324.245,4.22,4.12,5.75,0.031231055955549536,-0.09661407544825362,0.5208235492420998,-1.7021305249305896,-0.14299562231264717,0.23108529351587298,-1.5300000000000002,0,9,2025
2025-10-01,88.8406982421875,24836.30078125,10.289999961853027,3867.5,61.77999877929688,97.70999908447266,324.245,4.09,4.06,5.75,0.15354345472429198,0.9150390492475902,0.6951663932628138,-0.9459678734838994,-0.06136602296590299,0.22457418960560876,-1.6600000000000001,0,10,2025
2025-10-02,88.68299865722656,24836.30078125,10.289999961853027,3839.699951171875,60.47999954223633,97.8499984741211,324.245,4.09,4.06,5.75,-0.17750826826128385,0.0,-0.7188118636877849,-2.1042396612934167,0.14328051474794545,0.2276738855994835,-1.6600000000000001,0,10,2025
2025-10-03,88.72019958496094,24894.25,10.0600004196167,3880.800048828125,60.880001068115234,97.72000122070312,324.245,4.09,4.06,5.75,0.04194820686900247,0.23332467769816567,1.0703986816393396,0.6613781893294535,-0.13285360801753576,0.22262264041432087,-1.6600000000000001,0,10,2025
2025-10-06,88.73509979248047,25077.650390625,10.1899995803833,3948.5,61.68999862670898,98.11000061035156,324.245,4.09,4.06,5.75,0.01679460550048084,0.7367178791287232,1.744484392910639,1.3304821688282953,0.39909883828963544,0.22271825724407407,-1.6600000000000001,0,10,2025
2025-10-07,88.72109985351562,25108.30078125,10.050000190734863,3976.60009765625,61.72999954223633,98.58000183105467,324.245,4.09,4.06,5.75,-0.015777227948787775,0.12222193924698033,0.7116651299544197,0.06484181620654006,0.47905536416184,0.2172792003106864,-1.6600000000000001,0,10,2025
2025-10-08,88.74259948730469,25046.150390625,10.3100004196167,4043.300048828125,62.54999923706055,98.8499984741211,324.245,4.09,4.06,5.75,0.024232830549397733,-0.24752925801897474,1.6773110077421993,1.3283649779766593,0.2738858166478231,0.21709317034402575,-1.6600000000000001,0,10,2025
2025-10-09,88.7771987915039,25181.80078125,10.119999885559082,3946.300048828125,61.5099983215332,99.54000091552734,324.245,4.09,4.06,5.75,0.03898838257963,0.5416017571936882,-2.399030465921359,-1.662671348061584,0.6980297946963532,0.21704970968869214,-1.6600000000000001,0,10,2025
2025-10-10,88.86540222167969,25285.349609375,10.100000381469728,3975.89990234375,58.900001525878906,98.9800033569336,324.245,4.09,4.06,5.75,0.09935369822033913,0.41120501676790155,0.7500659643053353,-4.24320739209092,-0.5625854464970104,0.216090177649027,-1.6600000000000001,0,10,2025
2025-10-13,88.7573013305664,25227.349609375,11.010000228881836,4108.60009765625,59.4900016784668,99.2699966430664,324.245,4.09,4.06,5.75,-0.12164564432355363,-0.22938183927065925,3.3376140891845596,1.0016980259816455,0.2929816895308246,0.18401726712095678,-1.6600000000000001,0,10,2025
2025-10-14,88.66510009765625,25145.5,11.15999984741211,4138.7001953125,58.70000076293945,99.0500030517578,324.245,4.09,4.06,5.75,-0.10388016707127967,-0.3244479132464395,0.7326120075161535,-1.3279557795226826,-0.22161136168827866,0.18099197250442103,-1.6600000000000001,0,10,2025
2025-10-15,88.78250122070312,25323.55078125,10.529999732971191,4176.89990234375,58.27000045776367,98.79000091552734,324.245,4.09,4.06,5.75,0.1324096210544745,0.7080820872521931,0.9229880210824382,-0.7325388408636391,-0.2624958386872489,0.18194689929688818,-1.6600000000000001,0,10,2025
2025-10-16,87.80950164794922,25585.30078125,10.869999885559082,4280.2001953125,57.459999084472656,98.38999938964844,324.245,4.09,4.06,5.75,-1.0959362029406505,1.0336228211479837,2.4731330743833713,-1.3900830048527935,-0.40490082211958045,0.27402856276022236,-1.6600000000000001,0,10,2025
2025-10-17,87.9906997680664,25709.849609375,11.630000114440918,4189.89990234375,57.540000915527344,98.43000030517578,324.245,4.09,4.06,5.75,0.20635365958874274,0.48679837376106594,-2.1097212477968474,0.13923047742669947,0.0406554688235472,0.27561169279569564,-1.6600000000000001,0,10,2025
2025-10-20,88.0022964477539,25843.150390625,11.359999656677246,4336.39990234375,57.52000045776367,98.58999633789062,324.245,4.09,4.06,5.75,0.013179437961130525,0.5184813729964155,3.4965035779983777,-0.034759223923253035,0.16254803639010884,0.27563699094658883,-1.6600000000000001,0,10,2025
2025-10-21,87.87999725341797,25868.599609375,11.300000190734863,4087.699951171875,57.81999969482422,98.93000030517578,324.245,4.09,4.06,5.75,-0.13897273056794335,0.09847568259027106,-5.735171035251085,0.5215563885136554,0.344866598959892,0.27348927701652653,-1.6600000000000001,0,10,2025
2025-10-22,88.00160217285156,25868.599609375,11.300000190734863,4044.39990234375,58.5,98.9000015258789,324.245,4.09,4.06,5.75,0.1383761074581269,0.0,-1.0592765943036375,1.1760641798077565,-0.03032323784932789,0.26997433616129674,-1.6600000000000001,0,10,2025
2025-10-23,87.74030303955078,25891.400390625,11.729999542236328,4125.5,61.790000915527344,98.94000244140624,324.245,4.09,4.06,5.75,-0.2969254273206712,0.08814076368377499,2.005244278866991,5.623933188935637,0.040445818918266596,0.2732179211802095,-1.6600000000000001,0,10,2025
2025-10-24,87.77899932861328,25795.150390625,11.59000015258789,4118.39990234375,61.5,98.9499969482422,324.245,4.09,4.06,5.75,0.04410320881278462,-0.37174505259611745,-0.1721027186098678,-0.46933308177774524,0.010101583373089973,0.26920400334870137,-1.6600000000000001,0,10,2025
2025-10-27,87.8290023803711,25966.05078125,11.859999656677246,4001.89990234375,61.310001373291016,98.77999877929688,324.245,4.09,4.06,5.75,0.056964709258777724,0.6625291500029773,-2.8287685208447266,-0.30894085643736746,-0.17180209619839237,0.26950630999900876,-1.6600000000000001,0,10,2025
2025-10-28,88.22209930419922,25936.19921875,11.949999809265137,3966.199951171875,60.150001525878906,98.69000244140624,324.245,4.09,4.06,5.75,0.4475707490399383,-0.1149638146805021,-0.8920750654199727,-1.8920238483593477,-0.09110785483174011,0.28064692698542393,-1.6600000000000001,0,10,2025
2025-10-29,88.22550201416016,26053.900390625,11.970000267028809,3983.699951171875,60.47999954223633,99.22000122070312,324.245,4.09,4.06,5.75,0.003856981400085502,0.45381040946781415,0.44122838524138785,0.5486251171838097,0.5370339104121102,0.2757972930705093,-1.6600000000000001,0,10,2025
2025-10-30,88.34559631347656,25877.849609375,12.06999969482422,4001.300048828125,60.56999969482422,99.52999877929688,324.245,4.09,4.06,5.75,0.13612197899097733,-0.6757175647810088,0.441802793181556,0.1488097772306407,0.31243454422480443,0.2766987942199464,-1.6600000000000001,0,10,2025
2025-10-31,88.6344985961914,25722.099609375,12.149999618530272,3982.199951171875,60.97999954223633,99.8000030517578,324.245,4.09,4.06,5.75,0.3270137899004322,-0.6018660837397216,-0.47734729770749773,0.6769025086310831,0.27127928842805016,0.2763085826223291,-1.6600000000000001,0,10,2025
2025-11-03,88.77539825439453,25763.349609375,12.670000076293944,4000.300048828125,61.04999923706055,99.87000274658205,325.063,3.88,4.09,5.75,0.15896706184919118,0.16036793506921665,0.4545250835765735,0.11479123540454328,0.07013997262901306,0.2762123029285802,-1.87,0,11,2025
2025-11-04,88.72339630126953,25597.650390625,12.649999618530272,3947.699951171875,60.560001373291016,100.22000122070312,325.063,3.88,4.09,5.75,-0.05857698658358057,-0.6431586779760301,-1.3149038075696118,-0.8026173135020742,0.35045405476676894,0.27379376218314255,-1.87,0,11,2025
2025-11-05,88.73200225830078,25597.650390625,12.649999618530272,3980.300048828125,59.59999847412109,100.1999969482422,325.063,3.88,4.09,5.75,0.009699760593062656,0.0,0.8257997836581543,-1.585209506935914,-0.019960359426529628,0.2530096754306559,-1.87,0,11,2025
2025-11-06,88.55690002441406,25509.69921875,12.40999984741211,3979.89990234375,59.43000030517578,99.7300033569336,325.063,3.88,4.09,5.75,-0.197338310226558,-0.34359080045569534,-0.010053173867952125,-0.28523183439194133,-0.4690554946337744,0.2554587031322302,-1.87,0,11,2025
2025-11-07,88.6729965209961,25492.30078125,12.5600004196167,3999.39990234375,59.75,99.5999984741211,325.063,3.88,4.09,5.75,0.1310981939860456,-0.06820322478444663,0.48996207137059766,0.5384480787161472,-0.13035684190966235,0.2567191442564968,-1.87,0,11,2025
2025-11-10,88.65799713134766,25574.349609375,12.300000190734863,4111.7998046875,60.130001068115234,99.62000274658205,325.063,3.88,4.09,5.75,-0.016915397287697864,0.32185728871263475,2.810419190086022,0.6359850512388965,0.020084611212256576,0.2559705293131564,-1.87,0,11,2025
2025-11-11,88.70709991455078,25694.94921875,12.489999771118164,4106.7998046875,61.040000915527344,99.45999908447266,325.063,3.88,4.09,5.75,0.055384494114374405,0.47156471705849246,-0.12160125097286922,1.5133873794235697,-0.16061399086327866,0.25611136121965383,-1.87,0,11,2025
2025-11-12,88.46649932861328,25875.80078125,12.109999656677246,4204.39990234375,58.4900016784668,99.4800033569336,325.063,3.88,4.09,5.75,-0.2712303594292531,0.7038409025849734,2.3765487069725033,-4.177587154019646,0.020112882209000205,0.25907842516551216,-1.87,0,11,2025
2025-11-13,88.59400177001953,25879.150390625,12.15999984741211,4186.89990234375,58.68999862670898,99.18000030517578,325.063,3.88,4.09,5.75,0.1441251121881093,0.012944949620363744,-0.4162306252134762,0.3419335655717948,-0.3015712119363356,0.25872247646643903,-1.87,0,11,2025
2025-11-14,88.81610107421875,25910.05078125,11.9399995803833,4087.60009765625,60.09000015258789,99.2699966430664,325.063,3.88,4.09,5.75,0.2506933875453088,0.1194026471448284,-2.371678497303309,2.3854175475168438,0.09074040896723812,0.26274931745271274,-1.87,0,11,2025
2025-11-17,88.68199920654297,26013.44921875,11.789999961853027,4068.300048828125,59.90999984741211,99.58999633789062,325.063,3.88,4.09,5.75,-0.15098823980543852,0.39906690408659795,-0.4721608857772397,-0.29955118109286083,0.32235288168167564,0.2642475864864177,-1.87,0,11,2025
2025-11-18,88.63590240478516,25910.05078125,12.100000381469728,4061.300048828125,60.7400016784668,99.5500030517578,325.063,3.88,4.09,5.75,-0.05197988562531952,-0.39748069020186794,-0.17206203859069236,1.385414510380012,-0.040157935137519196,0.26439691857066727,-1.87,0,11,2025
2025-11-19,88.55680084228516,26052.650390625,11.970000267028809,4077.699951171875,59.43999862670898,100.2300033569336,325.063,3.88,4.09,5.75,-0.08924325285114554,0.5503640675154298,0.40380917801141614,-2.1402749684458544,0.6830741178603938,0.26480729986604606,-1.87,0,11,2025
2025-11-20,88.48719787597656,26192.150390625,12.140000343322754,4056.5,59.13999938964844,100.16000366210938,325.063,3.88,4.09,5.75,-0.07859697464969173,0.5354541588221684,-0.5198997333235034,-0.504709360685851,-0.0698390626357015,0.26497871775825543,-1.87,0,11,2025
2025-11-21,88.69219970703125,26068.150390625,13.630000114440918,4076.699951171875,58.060001373291016,100.18000030517578,325.063,3.88,4.09,5.75,0.23167400027970242,-0.47342428227803435,0.49796502334216175,-1.8261718422446616,0.01996469881717644,0.2679559899091524,-1.87,0,11,2025
2025-11-24,89.63400268554688,25959.5,13.239999771118164,4091.89990234375,58.84000015258789,100.13999938964844,325.063,3.88,4.09,5.75,1.0618780249295856,-0.4167936312968079,0.3728493966671742,1.3434356886799836,-0.03992904312786205,0.3302494602624025,-1.87,0,11,2025
2025-11-25,89.14779663085938,25884.80078125,12.239999771118164,4139.2001953125,57.95000076293945,99.66000366210938,325.063,3.88,4.09,5.75,-0.5424348351297015,-0.2877529180069005,1.155949414638835,-1.5125754373562672,-0.4793246759183467,0.34586794105033636,-1.87,0,11,2025
2025-11-26,89.15059661865234,26205.30078125,11.970000267028809,4165.2001953125,58.650001525878906,99.5999984741211,325.063,3.88,4.09,5.75,0.00314083791050912,1.2381783530362567,0.6281406738781081,1.2079391781252946,-0.0602098994414324,0.34520677376028436,-1.87,0,11,2025
2025-11-27,89.16300201416016,26215.55078125,11.789999961853027,4165.2001953125,58.650001525878906,99.5999984741211,325.063,3.88,4.09,5.75,0.013915100939687619,0.03911422381892571,0.0,0.0,0.0,0.2743033730663289,-1.87,0,11,2025
2025-11-28,89.36479949951172,26202.94921875,11.619999885559082,4218.2998046875,58.54999923706055,99.45999908447266,325.063,3.88,4.09,5.75,0.22632423852162464,-0.04806903583736144,1.2748393086785548,-0.1705068818697919,-0.14056163834662572,0.2747163978301866,-1.87,0,11,2025
2025-12-01,89.3499984741211,26175.75,11.630000114440918,4239.2998046875,59.31999969482422,99.41000366210938,326.031,3.72,4.14,5.75,-0.01656247814969536,-0.10380212747401751,0.4978309027884764,1.3151160850507493,-0.05026686388848178,0.27491502909939175,-2.03,0,12,2025
2025-12-02,89.61270141601562,26032.19921875,11.229999542236328,4186.60009765625,58.63999938964844,99.36000061035156,326.031,3.72,4.14,5.75,0.2940156087082757,-0.5484113396941881,-1.2431229084807538,-1.1463255372118786,-0.05029981884697721,0.27595942885396335,-2.03,0,12,2025
2025-12-03,89.91719818115234,25986.0,11.210000038146973,4199.2998046875,58.95000076293945,98.8499984741211,326.031,3.72,4.14,5.75,0.3397919718133746,-0.17746951904364927,0.3033417745907929,0.5286517334884833,-0.5132871709919606,0.28021168914430317,-2.03,0,12,2025
2025-12-04,90.17050170898438,26033.75,10.81999969482422,4211.7998046875,59.66999816894531,98.98999786376952,326.031,3.72,4.14,5.75,0.281707540888565,0.18375278996383138,0.2976686729070144,1.221369629665059,0.1416281151335408,0.2737690881424878,-2.03,0,12,2025
2025-12-05,89.8364028930664,26186.44921875,10.31999969482422,4212.89990234375,60.08000183105469,98.98999786376952,326.031,3.72,4.14,5.75,-0.3705189719318991,0.5865433091659877,0.02611941942316509,0.68711861017412,0.0,0.2864164992018827,-2.03,0,12,2025
2025-12-08,89.93800354003906,25960.55078125,11.130000114440918,4187.2001953125,58.880001068115234,99.08999633789062,326.031,3.72,4.14,5.75,0.11309518602786728,-0.862653945989178,-0.6100241550233032,-1.9973380931542994,0.10101876581383173,0.28646003283248367,-2.03,0,12,2025
2025-12-09,90.12999725341795,25839.650390625,10.949999809265137,4206.7001953125,58.25,99.22000122070312,326.031,3.72,4.14,5.75,0.21347339925488207,-0.46570811090926867,0.4657049840088856,-1.0699746207314398,0.13119879666680934,0.27918464911368096,-2.03,0,12,2025
2025-12-10,89.91690063476562,25758.0,10.90999984741211,4196.39990234375,58.459999084472656,98.79000091552734,326.031,3.72,4.14,5.75,-0.2364325143083823,-0.31598875909956137,-0.2448544581386547,0.36051344973846433,-0.43338066910451056,0.284593223575875,-2.03,0,12,2025
2025-12-11,89.79299926757812,25898.55078125,10.399999618530272,4285.5,57.59999847412109,98.3499984741211,326.031,3.72,4.14,5.75,-0.13779541589269417,0.54565875164998,2.1232508752677903,-1.4710924115973745,-0.4453916766156141,0.2865770477500841,-2.03,0,12,2025
2025-12-12,90.25299835205078,26046.94921875,10.109999656677246,4300.10009765625,57.43999862670898,98.4000015258789,326.031,3.72,4.14,5.75,0.5122883612584062,0.5729990019651465,0.34068597961147695,-0.27777752022684066,0.05084194461981717,0.2945363669965269,-2.03,0,12,2025
2025-12-15,90.5770034790039,26027.30078125,10.25,4306.7001953125,56.81999969482422,98.1500015258789,326.031,3.72,4.14,5.75,0.358996524070343,-0.07543469807149705,0.1534870702160518,-1.0793853529036612,-0.25406503671064895,0.29906561550519956,-2.03,0,12,2025
2025-12-16,90.7769012451172,25860.099609375,10.0600004196167,4304.5,55.27000045776367,98.1500015258789,326.031,3.72,4.14,5.75,0.22069372846897917,-0.6424068837574293,-0.051087728718490766,-2.7279113787143094,0.0,0.2993546648566369,-2.03,0,12,2025
2025-12-17,90.94889831542967,25818.55078125,9.84000015258789,4347.5,55.93999862670898,98.37000274658205,326.031,3.72,4.14,5.75,0.18947228640031621,-0.1606677033445636,0.9989545824137469,1.2122275436876606,0.22414795444005708,0.29976560030972715,-2.03,0,12,2025
2025-12-18,90.4136962890625,25815.55078125,9.710000038146973,4339.5,56.150001525878906,98.43000030517578,326.031,3.72,4.14,5.75,-0.588464551281298,-0.011619552256891819,-0.1840138010350767,0.3754074085187131,0.06099172198692493,0.3201768468347179,-2.03,0,12,2025
2025-12-19,90.25579833984376,25966.400390625,9.520000457763672,4361.39990234375,56.65999984741211,98.5999984741211,326.031,3.72,4.14,5.75,-0.1746394138272156,0.5843362036054733,0.5046641858220902,0.9082783751985346,0.17270971087903764,0.32300802258784356,-2.03,0,12,2025
2025-12-22,89.56999969482422,26172.400390625,9.68000030517578,4444.60009765625,58.0099983215332,98.29000091552734,326.031,3.72,4.14,5.75,-0.7598388775392317,0.7933329106115661,1.9076488553088078,2.3826305643429135,-0.31439915151226794,0.35587501560587853,-2.03,0,12,2025
2025-12-23,89.60389709472656,26177.150390625,9.380000114440918,4482.7998046875,58.380001068115234,97.94000244140624,326.031,3.72,4.14,5.75,0.03784459084272829,0.018148889399149937,0.8594633081026481,0.6378258184584151,-0.3560875682785958,0.35585432239939613,-2.03,0,12,2025
2025-12-24,89.50789642333984,26142.099609375,9.1899995803833,4480.60009765625,58.34999847412109,97.9800033569336,326.031,3.72,4.14,5.75,-0.10713894651839251,-0.13389838361685946,-0.0490699368048908,-0.05139190381161507,0.04084226519320833,0.3522413740668266,-2.03,0,12,2025
2025-12-26,90.10590362548828,26042.30078125,9.149999618530272,4529.10009765625,56.7400016784668,98.0199966430664,326.031,3.72,4.14,5.75,0.6681055259304403,-0.3817552133005053,1.0824442919012078,-2.7592062343726353,0.04081780441169691,0.37013837674013284,-2.03,0,12,2025
2025-12-29,89.82929992675781,25942.099609375,9.720000267028809,4325.10009765625,58.08000183105469,98.04000091552734,326.031,3.72,4.14,5.75,-0.3069762219800043,-0.3847631310177624,-4.504206036549451,2.3616498289537935,0.020408358647250324,0.37406237815840193,-2.03,0,12,2025
2025-12-30,89.9000015258789,25938.849609375,9.68000030517578,4370.10009765625,57.95000076293945,98.23999786376952,326.031,3.72,4.14,5.75,0.07870661262945333,-0.012527898855285713,1.0404383478751278,-0.2238310330867188,0.2039952533400058,0.3723972807425549,-2.03,0,12,2025
2025-12-31,89.76940155029297,26129.599609375,9.479999542236328,4325.60009765625,57.41999816894531,98.27999877929688,326.031,3.72,4.14,5.75,-0.14527249540517984,0.7353834224439026,-1.0182833117224455,-0.9145860000283057,0.04071754519257009,0.373632462507681,-2.03,0,12,2025
2026-01-01,89.76940155029297,26146.55078125,9.479999542236328,4325.60009765625,57.41999816894531,98.27999877929688,326.588,3.64,4.21,5.75,0.0,0.06487344669803274,0.0,0.0,0.0,0.37289747814744795,-2.11,0,1,2026
2026-01-02,89.96189880371094,26328.55078125,9.449999809265137,4314.39990234375,57.31999969482422,98.41999816894533,326.588,3.64,4.21,5.75,0.21443526423658987,0.6960765170238581,-0.2589281269567367,-0.17415269472296213,0.1424495231861389,0.3733583971588683,-2.11,0,1,2026
2026-01-05,90.00700378417969,26250.30078125,10.020000457763672,4436.89990234375,58.31999969482422,98.2699966430664,326.588,3.64,4.21,5.75,0.05013787066363573,-0.2972058760474017,2.8393288237711367,1.7445917748152073,-0.1524096003552411,0.3718775256676322,-2.11,0,1,2026
2026-01-06,90.23300170898438,26178.69921875,10.020000457763672,4482.2001953125,57.130001068115234,98.58000183105467,326.588,3.64,4.21,5.75,0.2510892656160335,-0.27276473171363724,1.0209897443217208,-2.0404640482441505,0.31546270334603665,0.3218848496422666,-2.11,0,1,2026
2026-01-07,90.16609954833984,26140.75,9.949999809265137,4449.2998046875,55.9900016784668,98.68000030517578,326.588,3.64,4.21,5.75,-0.07414378262655674,-0.1449622016468255,-0.734023229471259,-1.995447870356648,0.10143890471059347,0.3044142096039965,-2.11,0,1,2026
2026-01-08,89.8644027709961,25876.849609375,10.600000381469728,4449.7001953125,57.7599983215332,98.93000030517578,326.588,3.64,4.21,5.75,-0.3346011182196129,-1.0095364158449915,0.008998958096251286,3.1612727094222137,0.25334414189992494,0.3119128532885239,-2.11,0,1,2026
2026-01-09,89.90540313720703,25683.30078125,10.93000030517578,4490.2998046875,59.119998931884766,99.12999725341795,326.588,3.64,4.21,5.75,0.045624702269941864,-0.7479613285493514,0.9124122433634918,2.3545717622442286,0.2021600602701179,0.31192051100585116,-2.11,0,1,2026
2026-01-12,90.23600006103516,25790.25,11.369999885559082,4604.2998046875,59.5,98.86000061035156,326.588,3.64,4.21,5.75,0.3677164133546018,0.41641539637333747,2.538805980861092,0.6427623054476861,-0.2723662368073754,0.3160594596623495,-2.11,0,1,2026
2026-01-13,90.13269805908205,25732.30078125,11.199999809265137,4589.2001953125,61.150001525878906,99.12999725341795,326.588,3.64,4.21,5.75,-0.11447981058916312,-0.2246942885392733,-0.32794583357990126,2.773111808199835,0.2731100964995514,0.31709099434084936,-2.11,0,1,2026
2026-01-14,90.27300262451172,25665.599609375,11.31999969482422,4626.2998046875,62.02000045776367,99.12999725341795,326.588,3.64,4.21,5.75,0.1556644463674095,-0.259211846006413,0.808411221913885,1.422729207155582,0.0,0.3141042351145805,-2.11,0,1,2026
2026-01-15,90.18319702148438,25665.599609375,11.31999969482422,4616.2998046875,59.18999862670898,99.31999969482422,326.588,3.64,4.21,5.75,-0.0994822376750748,0.0,-0.21615546813174014,-4.563047097979234,0.1916699754571205,0.3091205386969873,-2.11,0,1,2026
2026-01-16,90.36160278320312,25694.349609375,11.369999885559082,4588.39990234375,59.43999862670898,99.38999938964844,326.588,3.64,4.21,5.75,0.1978259449775921,0.11201764399650926,-0.604378041378939,0.42236865315146144,0.07047895191230058,0.3069527988187679,-2.11,0,1,2026
2026-01-19,90.7020034790039,25585.5,11.829999923706056,4588.39990234375,59.43999862670898,99.38999938964844,326.588,3.64,4.21,5.75,0.3767094488324574,-0.4236324757381116,0.0,0.0,0.0,0.30553328055649326,-2.11,0,1,2026
2026-01-20,90.90450286865234,25232.5,12.729999542236328,4759.60009765625,60.34000015258789,98.63999938964844,326.588,3.64,4.21,5.75,0.2232579015691849,-1.3796877137441155,3.731152448701147,1.5141344997853023,-0.7546030834145623,0.30719380424857223,-2.11,0,1,2026
2026-01-21,91.11840057373048,25157.5,13.779999732971191,4831.7998046875,60.619998931884766,98.76000213623048,326.588,3.64,4.21,5.75,0.23529935077826192,-0.29723570791637677,1.516928009704066,0.46403509875507787,0.12165728641988505,0.3076538847825038,-2.11,0,1,2026
2026-01-22,91.53690338134766,25289.900390625,13.350000381469728,4908.7998046875,59.36000061035156,98.36000061035156,326.588,3.64,4.21,5.75,0.4592956032832607,0.526285960946038,1.5936090714126827,-2.078519207743623,-0.4050238125017036,0.3125291959440083,-2.11,0,1,2026
2026-01-23,91.55829620361328,25048.650390625,14.1899995803833,4976.2001953125,61.06999969482422,97.5999984741211,326.588,3.64,4.21,5.75,0.023370707851566586,-0.9539381186706164,1.3730523408316264,2.8807261908526005,-0.7726739848662456,0.31038961924454683,-2.11,0,1,2026
2026-01-26,91.5009994506836,25048.650390625,14.1899995803833,5079.7001953125,60.630001068115234,97.04000091552734,326.588,3.64,4.21,5.75,-0.06257953162678298,0.0,2.079900243914934,-0.7204824445844471,-0.5737679993327416,0.2993984927254859,-2.11,0,1,2026
2026-01-27,91.71309661865234,25175.400390625,14.449999809265137,5079.89990234375,62.38999938964844,96.22000122070312,326.588,3.64,4.21,5.75,0.23179765165632915,0.5060152863462841,0.0039314727950712225,2.902850553401648,-0.8450120435778086,0.2956941048652732,-2.11,0,1,2026
2026-01-28,91.5343017578125,25342.75,13.529999732971191,5301.60009765625,63.209999084472656,96.4499969482422,326.588,3.64,4.21,5.75,-0.1949501951540089,0.6647346488174222,4.364263067668173,1.3143127149321199,0.23903110020913054,0.296767330467802,-2.11,0,1,2026
2026-01-29,92.04080200195312,25418.900390625,13.369999885559082,5318.39990234375,65.41999816894531,96.27999877929688,326.588,3.64,4.21,5.75,0.5533447400743352,0.30048195489833507,0.31688177867144063,3.4962808360734954,-0.1762552351728508,0.31069794130624084,-2.11,0,1,2026
2026-01-30,91.78189849853516,25320.650390625,13.630000114440918,4713.89990234375,65.20999908447266,96.98999786376952,326.588,3.64,4.21,5.75,-0.2812920984896161,-0.3865234077404689,-11.366200569716556,-0.32100136097579224,0.7374315470237702,0.29386966547737736,-2.11,0,1,2026
2026-02-02,91.68699645996094,25088.400390625,13.869999885559082,4622.5,62.13999938964844,97.61000061035156,327.46,3.64,4.13,5.75,-0.10339951572884143,-0.917235522852089,-1.9389444883695095,-4.7078664896887386,0.6392440047817027,0.2922711874870327,-2.11,0,2,2026
2026-02-03,90.24559783935548,25727.55078125,12.899999618530272,4903.7001953125,63.209999084472656,97.44000244140624,327.46,3.64,4.13,5.75,-1.572086202251055,2.547593233021894,6.083292489183334,1.7219177749178805,-0.17416060637468478,0.3910747710820815,-2.11,0,2,2026
2026-02-04,90.4228973388672,25776.0,12.25,4920.39990234375,65.13999938964844,97.62000274658205,327.46,3.64,4.13,5.75,0.19646332204183992,0.18831648283172964,0.34055318159975645,3.053314876016011,0.1847293726044974,0.39231360243462404,-2.11,0,2,2026
2026-02-05,90.125,25642.80078125,12.170000076293944,4861.39990234375,63.290000915527344,97.81999969482422,327.46,3.64,4.13,5.75,-0.32944900864081417,-0.516756745616076,-1.1990895287168901,-2.8400345278711825,0.2048729180651243,0.39708501849006234,-2.11,0,2,2026
2026-02-06,90.3147964477539,25693.69921875,11.9399995803833,4951.2001953125,63.54999923706055,97.62999725341795,327.46,3.64,4.13,5.75,0.2105924524315128,0.19849016468285186,1.8472105725236831,0.4108047365652956,-0.194236804333503,0.3798949682741419,-2.11,0,2,2026
2026-02-09,90.58799743652344,25867.30078125,12.1899995803833,5050.89990234375,64.36000061035156,96.81999969482422,327.46,3.64,4.13,5.75,0.3024985932704505,0.6756581098813275,2.0136472592168664,1.274589115681124,-0.8296605360862852,0.3787415680787684,-2.11,0,2,2026
2026-02-10,90.8227996826172,25935.150390625,11.670000076293944,5003.7998046875,63.959999084472656,96.8000030517578,327.46,3.64,4.13,5.75,0.2591979652252441,0.26229876069705504,-0.9325090294185823,-0.6215064047320307,-0.020653421947380846,0.38098962178498486,-2.11,0,2,2026
2026-02-11,90.58789825439452,25953.849609375,11.550000190734863,5071.60009765625,64.62999725341797,96.83000183105467,327.46,3.64,4.13,5.75,-0.2586370702549967,0.07209990483325601,1.3549761304446184,1.0475268582484487,0.03099047350323403,0.3833913910199714,-2.11,0,2,2026
2026-02-12,90.73570251464844,25807.19921875,11.729999542236328,4923.7001953125,62.84000015258789,96.93000030517578,327.46,3.64,4.13,5.75,0.16316115408576692,-0.565042923620962,-2.9162374693560533,-2.769607267367502,0.10327220100190271,0.384093489898374,-2.11,0,2,2026
2026-02-13,90.56410217285156,25471.099609375,13.289999961853027,5022.0,62.88999938964844,96.87999725341795,327.46,3.64,4.13,5.75,-0.1891210813837807,-1.302348257655217,1.9964620262842958,0.07956594038691644,-0.051586765294953096,0.38470998283398883,-2.11,0,2,2026
2026-02-16,90.57119750976562,25682.75,13.329999923706056,5022.0,62.88999938964844,96.87999725341795,327.46,3.64,4.13,5.75,0.007834601949152642,0.8309432803093486,0.0,0.0,0.0,0.3846844617237043,-2.11,0,2,2026
2026-02-17,90.78299713134766,25725.400390625,12.670000076293944,4882.89990234375,62.33000183105469,97.16000366210938,327.46,3.64,4.13,5.75,0.23384875921419468,0.166066292063749,-2.7698147681451624,-0.8904397583535784,0.28902396431638167,0.38434245346447315,-2.11,0,2,2026
2026-02-18,90.6261978149414,25819.349609375,12.220000267028809,4986.5,65.19000244140625,97.6999969482422,327.46,3.64,4.13,5.75,-0.17271881449274495,0.3652002197183979,2.1216920217128177,4.588481511846543,0.5557773423010115,0.38560300047326995,-2.11,0,2,2026
2026-02-19,90.7935028076172,25454.349609375,13.460000038146973,4975.89990234375,66.43000030517578,97.93000030517578,327.46,3.64,4.13,5.75,0.18460996567177812,-1.4136684522350174,-0.21257590807680637,1.9021288807038461,0.23541797760282535,0.3808686776276024,-2.11,0,2,2026
2026-02-20,91.04109954833984,25571.25,14.359999656677246,5059.2998046875,66.38999938964844,97.8000030517578,327.46,3.64,4.13,5.75,0.2727031484260234,0.4592550680687868,1.6760767696405443,-0.06021513675084078,-0.13274507608789232,0.383335625838827,-2.11,0,2,2026
2026-02-23,90.72660064697266,25713.0,14.170000076293944,5204.7001953125,66.30999755859375,97.6999969482422,327.46,3.64,4.13,5.75,-0.34544716938551545,0.554333479982394,2.8739231956620648,-0.12050283444823284,-0.10225572637525548,0.3845874936099877,-2.11,0,2,2026
2026-02-24,91.02010345458984,25424.650390625,14.149999618530272,5155.7998046875,65.62999725341797,97.87999725341795,327.46,3.64,4.13,5.75,0.3235024849649548,-1.1214156627970318,-0.9395428898871239,-1.0254868499654402,0.1842377797320882,0.38765472354639774,-2.11,0,2,2026
2026-02-25,90.91799926757812,25482.5,13.489999771118164,5206.39990234375,65.41999816894531,97.6999969482422,327.46,3.64,4.13,5.75,-0.1121776213566461,0.2275335490801167,0.9814209157276821,-0.31997423931283686,-0.18389896835583341,0.387825902763949,-2.11,0,2,2026
2026-02-26,90.95099639892578,25496.55078125,13.0600004196167,5176.5,65.20999908447266,97.79000091552734,327.46,3.64,4.13,5.75,0.03629328803260723,0.05513894339252978,-0.5742913127032345,-0.32100136097579224,0.09212279436694448,0.38712117301174903,-2.11,0,2,2026
2026-02-27,91.00740051269533,25178.650390625,13.699999809265137,5230.5,67.0199966430664,97.61000061035156,327.46,3.64,4.13,5.75,0.062015938255521874,-1.2468368500212268,1.0431758910460776,2.775644201818017,-0.18406821095263703,0.3858708038740674,-2.11,0,2,2026
2026-03-02,91.07959747314452,24865.69921875,17.1299991607666,5294.39990234375,71.2300033569336,98.37999725341795,330.293,3.64,4.25,5.75,0.07933086764644326,-1.2429227421638323,1.2216786606203955,6.281717285497268,0.7888501570040285,0.3802892787096781,-2.11,0,3,2026
2026-03-03,91.56340026855467,24865.69921875,17.1299991607666,5107.39990234375,74.55999755859375,99.0500030517578,330.293,3.64,4.25,5.75,0.5311867957616068,0.0,-3.532033912232768,4.6749881296138,0.681038643062748,0.39014457139457454,-2.11,0,3,2026
2026-03-04,92.00859832763672,24480.5,21.13999938964844,5120.2001953125,74.66000366210938,98.7699966430664,330.293,3.64,4.25,5.75,0.4862183555615962,-1.5491187895474101,0.2506224931178025,0.13412836211137424,-0.2826919738155631,0.3974340489067182,-2.11,0,3,2026
2026-03-05,92.1230010986328,24765.900390625,17.860000610351562,5065.2998046875,81.01000213623047,99.31999969482422,330.293,3.64,4.25,5.75,0.12433921728565167,1.1658274570576665,-1.0722313294558417,8.505221219730231,0.5568523544102311,0.38967965138680577,-2.11,0,3,2026
2026-03-06,91.78690338134766,24450.44921875,19.8799991607666,5146.10009765625,90.9000015258789,98.98999786376952,330.293,3.64,4.25,5.75,-0.36483583174335976,-1.2737318930444053,1.5951729627923683,12.208368261757263,-0.3322612082850229,0.3960270360540662,-2.11,0,3,2026
2026-03-09,91.93620300292967,24028.05078125,23.36000061035156,5091.5,94.7699966430664,99.18000030517578,330.293,3.64,4.25,5.75,0.16265895904747918,-1.7275692308183932,-1.0609995262454652,4.257420299476822,0.19194105011270945,0.3967561415237032,-2.11,0,3,2026
2026-03-10,91.220703125,24261.599609375,18.90999984741211,5229.7001953125,83.44999694824219,98.83000183105467,330.293,3.64,4.25,5.75,-0.7782569374840009,0.9719840791548862,2.714331637287626,-11.944708342091538,-0.35289218899391406,0.4200366725624707,-2.11,0,3,2026
2026-03-11,92.16510009765624,23866.849609375,21.059999465942383,5167.39990234375,87.25,99.2300033569336,330.293,3.64,4.25,5.75,1.0352879777325574,-1.6270567743087438,-1.1912784794927855,4.553628748620175,0.40473694067384436,0.4602060417252022,-2.11,0,3,2026
2026-03-12,92.22879791259766,23639.150390625,21.520000457763672,5115.7998046875,95.7300033569336,99.73999786376952,330.293,3.64,4.25,5.75,0.06911272800000923,-0.9540396930332928,-0.9985698539191068,9.719201555224743,0.5139519193619879,0.4493610943655501,-2.11,0,3,2026
2026-03-13,92.38990020751952,23151.099609375,22.649999618530277,5052.5,98.70999908447266,100.36000061035156,330.293,3.64,4.25,5.75,0.17467678053717517,-2.064586811222946,-1.2373393624492413,3.1129171869220817,0.6216189691811369,0.44695124062183234,-2.11,0,3,2026
2026-03-16,92.5635986328125,23408.80078125,21.600000381469727,4994.0,93.5,99.70999908447266,330.293,3.64,4.25,5.75,0.18800585876035392,1.1131271353117311,-1.1578426521523966,-5.278086447973839,-0.6476699102489492,0.4472763565962969,-2.11,0,3,2026
2026-03-17,92.28269958496094,23581.150390625,19.790000915527344,5001.0,96.20999908447266,99.58000183105467,330.293,3.64,4.25,5.75,-0.30346599743367175,0.7362598835607637,0.1401682018422168,2.898394742751509,-0.13037534310661458,0.3365989324322153,-2.11,0,3,2026
2026-03-18,92.39129638671876,23777.80078125,18.71999931335449,4889.89990234375,96.31999969482422,100.08999633789062,330.293,3.64,4.25,5.75,0.11767839719278861,0.8339304375208911,-2.221557641596683,0.11433386487715858,0.5121455085943749,0.3359251049257173,-2.11,0,3,2026
2026-03-19,93.24659729003906,23002.150390625,22.799999237060547,4600.7001953125,96.13999938964844,99.2300033569336,330.293,3.64,4.25,5.75,0.9257375280679048,-3.2620779262169552,-5.9142255016843,-0.18687739383937974,-0.8592197146793823,0.36135873295750665,-2.11,0,3,2026
2026-03-20,93.0822982788086,23114.5,22.809999465942383,4570.39990234375,98.31999969482422,99.6500015258789,330.293,3.64,4.25,5.75,-0.1761983986605209,0.4884308965338757,-0.6586017710874081,2.267526855643509,0.4232572354498032,0.36468561576468567,-2.11,0,3,2026
2026-03-23,93.89530181884766,22512.650390625,26.729999542236328,4404.10009765625,88.12999725341797,98.9499969482422,330.293,3.64,4.25,5.75,0.8734244373767908,-2.6037751600726855,-3.6386269963426976,-10.364119683721551,-0.70246318807623,0.389593106703021,-2.11,0,3,2026
2026-03-24,93.2436981201172,22912.400390625,24.739999771118164,4399.2998046875,92.3499984741211,99.43000030517578,330.293,3.64,4.25,5.75,-0.6939683733991231,1.7756683156527453,-0.10899600059736114,4.788382335436259,0.48509688907283355,0.41585882940879526,-2.11,0,3,2026
2026-03-25,94.29969787597656,23306.44921875,24.63999938964844,4549.7998046875,90.31999969482422,99.5999984741211,330.293,3.64,4.25,5.75,1.132515952444324,1.719805962740728,3.420998947142473,-2.198157891540986,0.17097271288699645,0.4518165030101259,-2.11,0,3,2026
2026-03-26,94.6937026977539,23306.44921875,24.63999938964844,4375.5,94.4800033569336,99.9000015258789,330.293,3.64,4.25,5.75,0.41782193437729376,0.0,-3.830933495313904,4.605849951467356,0.301207887905508,0.454747926819304,-2.11,0,3,2026
2026-03-27,94.30950164794922,22819.599609375,26.799999237060547,4492.0,99.63999938964844,100.1500015258789,330.293,3.64,4.25,5.75,-0.405730306091201,-2.088905112938999,2.6625528511027285,5.461468934564939,0.2502502464279077,0.4618737449774062,-2.11,0,3,2026
2026-03-30,94.78179931640624,22331.400390625,27.88999938964844,4526.0,102.87999725341795,100.51000213623048,330.293,3.64,4.25,5.75,0.5007954237952195,-2.139385559374285,0.756901157613532,3.251704018081436,0.3594614127475193,0.46590086950054016,-2.11,0,3,2026
2026-03-31,94.35590362548828,22331.400390625,27.88999938964844,4647.60009765625,101.37999725341795,99.95999908447266,330.293,3.64,4.25,5.75,-0.44934332750553585,0.0,2.6867012297006276,-1.4580093701841212,-0.5472122575545857,0.4783255629676492,-2.11,0,3,2026
2026-04-01,93.48429870605467,22679.400390625,25.01000022888184,4783.2001953125,100.12000274658205,99.6500015258789,332.407,3.64,4.32,5.75,-0.9237417966904693,1.5583438293735208,2.9176369482527553,-1.2428433033849107,-0.3101216100770299,0.5130969279178579,-2.11,0,4,2026
2026-04-02,92.6426010131836,22713.099609375,25.520000457763672,4651.5,111.54000091552734,100.02999877929688,332.407,3.64,4.32,5.75,-0.9003626325717606,0.14858954897207788,-2.753390824861668,11.406310283321641,0.3813319092818013,0.5445524252190858,-2.11,0,4,2026
2026-04-03,92.97360229492188,22713.099609375,25.520000457763672,4651.5,111.54000091552734,100.02999877929688,332.407,3.64,4.32,5.75,0.3572884160400136,0.0,0.0,0.0,0.0,0.5458627263211117,-2.11,0,4,2026
2026-04-06,92.97100067138672,22968.25,25.46999931335449,4656.7998046875,112.41000366210938,99.9800033569336,332.407,3.64,4.32,5.75,-0.0027982389312009026,1.123362266767347,0.11393754030957215,0.7799916975443688,-0.04998042884474252,0.5403955636940501,-2.11,0,4,2026
2026-04-07,92.81659698486328,23123.650390625,24.700000762939453,4657.10009765625,112.9499969482422,99.63999938964844,332.407,3.64,4.32,5.75,-0.16607725571244902,0.6765878576948658,0.00644848353685834,0.48037831913605444,-0.34007197026322267,0.5402714671285049,-2.11,0,4,2026
2026-04-08,92.86019897460938,23997.349609375,19.700000762939453,4749.5,94.41000366210938,99.12999725341795,332.407,3.64,4.32,5.75,0.04697650114580121,3.7783792956159967,1.9840651995058467,-16.41433712886998,-0.5118447805645632,0.5392360439608467,-2.11,0,4,2026
2026-04-09,92.2748031616211,23775.099609375,20.43000030517578,4792.2001953125,97.87000274658205,98.81999969482422,332.407,3.64,4.32,5.75,-0.6304055122134167,-0.9261439434677166,0.8990461166964892,3.664864898063036,-0.3127182156590358,0.554281777722342,-2.11,0,4,2026
2026-04-10,92.46980285644533,24050.599609375,18.850000381469727,4761.89990234375,96.56999969482422,98.6500015258789,332.407,3.64,4.32,5.75,0.21132496428379888,1.1587753764504383,-0.6322835385380698,-1.32829571398293,-0.17202810106283772,0.5550662992102738,-2.11,0,4,2026
2026-04-13,94.50879669189452,23842.650390625,20.5,4742.39990234375,99.08000183105467,98.37000274658205,332.407,3.64,4.32,5.75,2.205037506800589,-0.8646321593950623,-0.40950041789837854,2.5991530953323405,-0.28383048653416454,0.679955339255064,-2.11,0,4,2026
2026-04-14,94.9468002319336,23842.650390625,20.5,4825.0,91.27999877929688,98.12000274658205,332.407,3.64,4.32,5.75,0.4634526682918194,0.0,1.7417362381318302,-7.872429256771618,-0.25414251603107507,0.6786730333568021,-2.11,0,4,2026
2026-04-15,93.16539764404295,24231.30078125,18.670000076293945,4800.0,91.29000091552734,98.05999755859376,332.407,3.64,4.32,5.75,-1.8762112925755026,1.6300637062472756,-0.5181347150259086,0.01095764281795475,-0.06115489839850774,0.7664815945194078,-2.11,0,4,2026
2026-04-16,93.38680267333984,24196.75,18.09000015258789,4785.39990234375,94.69000244140624,98.22000122070312,332.407,3.64,4.32,5.75,0.23764727559347776,-0.1425873978533332,-0.30416870117186967,3.724396419959497,0.1631691475555641,0.7671674858392443,-2.11,0,4,2026
2026-04-17,93.0478973388672,24353.55078125,17.209999084472656,4857.60009765625,83.8499984741211,98.0999984741211,332.407,3.64,4.32,5.75,-0.3629049552730801,0.6480241406387144,1.5087599111024863,-11.44788645875565,-0.12217750467380384,0.767131712978342,-2.11,0,4,2026
2026-04-20,92.60330200195312,24364.849609375,18.790000915527344,4806.60009765625,89.61000061035156,98.0500030517578,332.407,3.64,4.32,5.75,-0.4778134161322556,0.04639499277327985,-1.0499011646637357,6.869412332795921,-0.05096373408862709,0.7727319764918115,-2.11,0,4,2026
2026-04-21,93.12359619140624,24576.599609375,17.530000686645508,4698.39990234375,92.12999725341795,98.41000366210938,332.407,3.64,4.32,5.75,0.5618527398106643,0.8690798564113589,-2.2510754611198003,2.8121823746258157,0.3671602235050919,0.7632538386900957,-2.11,0,4,2026
2026-04-22,93.622802734375,24378.099609375,18.299999237060547,4732.5,92.95999908447266,98.58999633789062,332.407,3.64,4.32,5.75,0.5360687982267187,-0.8076788618238351,0.7257810821773569,0.9009029152271086,0.18290079167078144,0.7467843577997377,-2.11,0,4,2026
2026-04-23,93.80049896240234,24173.05078125,18.59000015258789,4705.10009765625,95.8499984741211,98.8000030517578,332.407,3.64,4.32,5.75,0.18980015854843657,-0.8411190019346093,-0.5789731081616512,3.108863401582318,0.21301016499426506,0.7471878922541786,-2.11,0,4,2026
2026-04-24,94.11289978027344,23897.94921875,19.709999084472656,4722.2998046875,94.4000015258789,98.51000213623048,332.407,3.64,4.32,5.75,0.3330481408167163,-1.1380506539678703,0.36555454027040746,-1.51277722621318,-0.2935231847871478,0.7485912382299029,-2.11,0,4,2026
2026-04-27,94.25029754638672,24092.69921875,18.3799991607666,4675.39990234375,96.37000274658205,98.4800033569336,332.407,3.64,4.32,5.75,0.145992490332425,0.8149234824183171,-0.9931580857529543,2.0868656661653606,-0.030452521212420702,0.7483911336232633,-2.11,0,4,2026
2026-04-28,94.2584991455078,23995.69921875,18.049999237060547,4591.5,99.93000030517578,98.62000274658205,332.407,3.64,4.32,5.75,0.008701934460253469,-0.4026115924964935,-1.794496815164226,3.69409303427668,0.1421602202236194,0.7452850710088464,-2.11,0,4,2026
2026-04-29,94.64550018310548,24177.650390625,17.440000534057617,4545.2001953125,106.87999725341795,98.91999816894533,332.407,3.64,4.32,5.75,0.4105741562893561,0.7582657634449097,-1.0083808055646348,6.954865332750537,0.304193281290166,0.7478004109844598,-2.11,0,4,2026
2026-04-30,94.9166030883789,23997.55078125,18.459999084472656,4614.7001953125,105.06999969482422,98.08000183105467,332.407,3.64,4.32,5.75,0.2864403534758031,-0.7449012061355398,1.529085563088639,-1.6934857832211048,-0.8491673609374972,0.731899348738821,-2.11,0,4,2026
2026-05-01,94.75910186767578,23997.55078125,18.459999084472656,4629.89990234375,101.94000244140624,98.20999908447266,332.407,3.64,4.32,5.75,-0.16593642795715846,0.0,0.3293758291533111,-2.9789637979528494,0.13254205851453982,0.7317866826455909,-2.11,0,5,2026
2026-05-04,94.90299987792967,24119.30078125,18.299999237060547,4519.5,106.41999816894533,98.47000122070312,332.407,3.64,4.32,5.75,0.1518566632837448,0.5073434414612388,-2.384498686199743,4.394737708696961,0.2647410026008101,0.7158866439653995,-2.11,0,5,2026
2026-05-05,95.2593994140625,24032.80078125,17.90999984741211,4555.7998046875,102.2699966430664,98.4800033569336,332.407,3.64,4.32,5.75,0.37554085391531267,-0.35863394542201554,0.8031818716119021,-3.899644425186566,0.010157546568989595,0.7047183116934164,-2.11,0,5,2026
2026-05-06,95.18299865722656,24330.94921875,16.68000030517578,4681.89990234375,95.08000183105467,98.0199966430664,332.407,3.64,4.32,5.75,-0.08020285379277681,1.240589643353629,2.7679025212324904,-7.0304048577468965,-0.46710672033583034,0.6760895249713472,-2.11,0,5,2026
2026-05-07,94.60800170898438,24326.650390625,16.6200008392334,4699.7998046875,94.80999755859376,98.25,332.407,3.64,4.32,5.75,-0.6040962738659506,-0.017668148029703623,0.38232133785665035,-0.2839758805859849,0.2346494233938179,0.6817674732761733,-2.11,0,5,2026
2026-05-08,94.25299835205078,24176.150390625,16.84000015258789,4720.39990234375,95.41999816894533,97.83999633789062,332.407,3.64,4.32,5.75,-0.37523607995186836,-0.6186630612244115,0.43831862020387025,0.6433927075829571,-0.41730652631997156,0.6811653552463762,-2.11,0,5,2026
2026-05-11,94.42530059814452,23815.849609375,18.549999237060547,4718.7001953125,98.06999969482422,97.94000244140624,332.407,3.64,4.32,5.75,0.18280823857736994,-1.4903149402549887,-0.03600769143322635,2.777197208898441,0.10221392810587648,0.6755587051221253,-2.11,0,5,2026
2026-05-12,95.3914031982422,23379.55078125,19.280000686645508,4677.60009765625,102.18000030517578,98.29000091552734,332.407,3.64,4.32,5.75,1.0231395547356747,-1.8319683541890175,-0.8710046401565918,4.190884697808839,0.35736008310853773,0.6957541373157007,-2.11,0,5,2026
2026-05-13,95.63300323486328,23412.599609375,19.43000030517578,4697.7001953125,101.0199966430664,98.4800033569336,332.407,3.64,4.32,5.75,0.2532723374652379,0.14135784059419176,0.42970962110080446,-1.135255097518939,0.1933080065484427,0.6724030272148815,-2.11,0,5,2026
2026-05-14,95.69580078125,23689.599609375,18.61000061035156,4678.10009765625,101.16999816894533,98.87999725341795,332.407,3.64,4.32,5.75,0.0656651409686404,1.1831236369372666,-0.41722751221560106,0.1484869638324282,0.40616763083831664,0.6465713141778818,-2.11,0,5,2026
2026-05-15,95.70989990234376,23643.5,18.790000915527344,4555.7998046875,105.41999816894533,99.2699966430664,332.407,3.64,4.32,5.75,0.01473327040335537,-0.19459851637491088,-2.614315436089598,4.20085013039424,0.3944168694189232,0.6450795715351411,-2.11,0,5,2026
2026-05-18,95.97029876708984,23649.94921875,19.6299991607666,4552.5,108.66000366210938,98.97000122070312,332.407,3.64,4.32,5.75,0.27207098221999626,0.027276920718177777,-0.0724308536144358,3.0734258674256942,-0.30220150348341246,0.6455395014824181,-2.11,0,5,2026
2026-05-19,96.27020263671876,23618.0,18.68000030517578,4506.2998046875,107.7699966430664,99.3000030517578,332.407,3.64,4.32,5.75,0.3124965468292995,-0.1350921241076941,-1.014831308347064,-0.8190750865521235,0.3334362200509311,0.6444477486745205,-2.11,0,5,2026
2026-05-20,96.56580352783205,23659.0,18.440000534057617,4531.2998046875,98.26000213623048,99.11000061035156,332.407,3.64,4.32,5.75,0.30705335920893084,0.173596409518173,0.5547788891896444,-8.824343326587424,-0.19134182836550995,0.6451268258343676,-2.11,0,5,2026
2026-05-21,96.5282974243164,23654.69921875,17.81999969482422,4539.7998046875,96.3499984741211,99.19000244140624,332.407,3.64,4.32,5.75,-0.038839943484580974,-0.018178203854768427,0.18758414508805998,-1.9438261964021764,0.08072024070426842,0.6298633448756525,-2.11,0,5,2026
2026-05-22,96.17389678955078,23719.30078125,17.90999984741211,4521.0,96.5999984741211,99.31999969482422,332.407,3.64,4.32,5.75,-0.3671468825434232,0.2731024474358801,-0.41411087484714004,0.2594706839223804,0.1310588267146917,0.6368085789547463,-2.11,0,5,2026
