,goldstein_DirectFX_IndiaChina,goldstein_DirectFX_IndiaPak,goldstein_OilSupply,goldstein_RiskOff_RusUkr,goldstein_Combined
2015-01-01,0.0,0.0,0.0,4.4,4.4
2015-01-02,0.0,0.5,4.086538461538461,3.98518412276119,4.086538461538461
2015-01-03,0.0,5.0,3.7012745895400014,3.6094755664336073,5.0
2015-01-04,0.0,4.5286183213195335,3.540625,3.2691874361012867,4.5286183213195335
2015-01-05,0.0,4.10167678003819,3.872093023255814,2.960980423791184,4.10167678003819
2015-01-06,0.0,3.7149857228423713,3.5070462813939645,2.681830039249846,3.7149857228423713
2015-01-07,0.0,3.36475048158089,3.2279411764705883,2.428996930082388,3.36475048158089
2015-01-08,0.0,3.0475341355111887,3.1248,2.2,3.1248
2015-01-09,0.0,2.7602237841845314,2.830205306091856,1.992592061380595,2.830205306091856
2015-01-10,0.0,2.5,2.563383920452667,1.804737783216804,2.563383920452667
2015-01-11,0.0,2.2643091606597667,2.321717477347568,1.6345937180506434,2.321717477347568
2015-01-12,0.0,2.0508383900190945,2.102834460968793,1.4804902118955918,2.102834460968793
2015-01-13,0.0,1.8574928614211856,1.9045869333290724,1.340915019624923,1.9045869333290724
2015-01-14,0.0,1.682375240790445,5.604347826086957,1.2144984650411936,5.604347826086957
2015-01-15,0.0,2.0,5.075990448852938,1.1,5.075990448852938
2015-01-16,0.0,5.0,4.597444669103676,0.9962960306902976,5.0
2015-01-17,0.0,4.5286183213195335,4.164014431951145,0.9023688916084018,4.5286183213195335
2015-01-18,0.0,4.10167678003819,3.771446409354581,0.8172968590253218,4.10167678003819
2015-01-19,0.0,3.7149857228423713,3.415888261455585,0.7402451059477958,3.7149857228423713
2015-01-20,0.0,3.36475048158089,3.093850832881618,1.1904761904761905,3.36475048158089
2015-01-21,0.0,3.0475341355111887,2.8021739130434784,1.0782424574570315,3.0475341355111887
2015-01-22,0.0,2.7602237841845314,2.537995224426469,0.9765897095329024,2.7602237841845314
2015-01-23,0.0,2.5,2.298722334551837,0.8845204102005645,2.5
2015-01-24,0.0,2.2643091606597667,2.0820072159755725,0.8011310670430691,2.2643091606597667
2015-01-25,0.0,2.0508383900190945,2.1390625,0.7256033655979021,2.1390625
2015-01-26,0.0,7.5,2.097938144329897,0.657196139091555,7.5
2015-01-27,0.0,6.792927481979301,1.9001522234814952,0.5952380952380952,6.792927481979301
2015-01-28,0.0,6.152515170057285,1.7210128345108695,0.5391212287285159,6.152515170057285
2015-01-29,0.0,5.572478584263557,1.558762050718397,0.488294854766451,5.572478584263557
2015-01-30,0.0,5.047125722371336,1.411807676292188,0.4422602051002822,5.047125722371336
2015-01-31,0.0,4.571301203266783,3.0666666666666664,6.748809523809523,6.748809523809523
2015-02-01,0.0,4.140335676276797,3.452980132450332,8.85945945945946,8.85945945945946
2015-02-02,0.0,3.75,3.1274458181933844,8.024222085019153,8.024222085019153
2015-02-03,0.0,3.3964637409896503,2.8505050505050504,7.267727829710912,7.267727829710912
2015-02-04,0.0,3.076257585028642,2.581769879346207,6.582553080798537,6.582553080798537
2015-02-05,0.0,6.5,2.33837007540763,5.961974096552519,6.5
2015-02-06,0.0,5.887203817715394,2.117917113103267,5.3999010249760415,5.887203817715394
2015-02-07,0.0,5.332179814049646,1.9182476482871256,4.890818143003727,5.332179814049646
2015-02-08,0.0,9.0,1.7374022889722371,4.42972972972973,9.0
2015-02-09,0.0,8.15151297837516,6.777348066298342,4.012111042509576,8.15151297837516
2015-02-10,0.0,7.383018204068741,6.138404524599637,3.633863914855456,7.383018204068741
2015-02-11,0.0,6.686974301116268,5.559698238754527,3.2912765403992683,6.686974301116268
2015-02-12,0.0,6.056550866845603,5.035550261006338,2.98098704827626,6.056550866845603
2015-02-13,0.0,5.4855614439201394,4.560817033983732,2.699950512488021,5.4855614439201394
2015-02-14,0.0,4.968402811532156,4.130839916056988,2.445409071501863,4.968402811532156
2015-02-15,0.0,4.5,3.741399465258745,2.214864864864865,4.5
2015-02-16,0.0,4.07575648918758,3.388674033149171,2.006055521254788,4.07575648918758
2015-02-17,0.0,3.69150910203437,3.0692022622998185,1.816931957427728,3.69150910203437
2015-02-18,0.0,3.343487150558134,2.779849119377263,1.6456382701996344,3.343487150558134
2015-02-19,0.0,3.028275433422801,2.517775130503169,1.4904935241381294,3.028275433422801
2015-02-20,0.0,2.74278072196007,2.280408516991866,1.3499752562440104,2.74278072196007
2015-02-21,0.0,2.4842014057660777,2.0654199580284947,1.2227045357509314,2.4842014057660777
2015-02-22,0.0,2.25,1.870699732629372,1.1074324324324325,2.25
2015-02-23,0.0,2.03787824459379,1.6943370165745857,1.003027760627394,2.03787824459379
2015-02-24,0.0,1.845754551017185,1.5346011311499093,0.908465978713864,1.845754551017185
2015-02-25,0.0,1.6717435752790673,1.3899245596886318,0.8228191350998172,1.6717435752790673
2015-02-26,1.9294117647058824,1.5141377167114003,1.2588875652515847,0.7452467620690647,1.9294117647058824
2015-02-27,1.747513893403302,1.3713903609800349,1.1402042584959329,0.6749876281220052,1.747513893403302
2015-02-28,1.582764686885325,1.2421007028830389,1.032709979014247,1.492749391727494,1.582764686885325
2015-03-01,1.4335474318732913,1.125,0.935349866314686,1.3520184489031437,1.4335474318732913
2015-03-02,1.2983978328923904,1.018939122296895,0.8471685082872927,1.2245551036929587,1.2983978328923904
2015-03-03,1.1759896428796115,0.9228772755085928,0.7673005655749546,1.109108535609855,1.1759896428796115
2015-03-04,1.0651216484853248,0.8358717876395336,0.6949622798443159,1.0045458469389332,1.0651216484853248
2015-03-05,0.9647058823529412,0.7570688583557003,0.6294437826257924,0.90984094541062,0.9647058823529412
2015-03-06,0.873756946701651,0.6856951804900174,0.5701021292479664,0.8240644749746441,0.873756946701651
2015-03-07,0.7913823434426623,0.6210503514415194,0.7510571957517295,0.7463746958637469,0.7913823434426623
2015-03-08,0.7167737159366456,0.5625,0.6802502754080307,1.201213681500552,1.201213681500552
2015-03-09,0.6491989164461952,0.5094695611484473,0.6161187720590933,1.0879676571726171,1.0879676571726171
2015-03-10,0.5879948214398059,0.4017274044853288,0.5580333518511406,0.9853980530550006,0.9853980530550006
2015-03-11,0.5325608242426624,0.3638540168256806,0.8907673690205011,0.8924983353714947,0.8924983353714947
2015-03-12,0.4823529411764705,0.3295511933764966,0.8067890854759678,0.8083568626621073,0.8083568626621073
2015-03-13,0.4368784733508255,0.2984823144275038,0.7307279667854198,0.7321479396831992,0.7321479396831992
2015-03-14,0.3956911717213312,0.9763968072976056,0.6618376116570047,0.6631237147131371,0.9763968072976056
2015-03-15,3.224,3.070336391437309,0.5994419867776548,0.89830866807611,3.224
2015-03-16,2.920053093586835,2.78087632697542,0.5429287927778937,0.8136194184899238,2.920053093586835
2015-03-17,2.644761187768625,2.5187054967329314,0.4917434556291732,0.7369143610309628,2.644761187768625
2015-03-18,2.3954227940887605,2.2812511717025936,0.4453836845102505,0.667440775321659,2.3954227940887605
2015-03-19,2.169591110523358,2.066183170340804,0.4033945427379839,0.6045169047034759,2.169591110523358
2015-03-20,1.965050010577614,1.871390992081488,0.6674816005414094,0.547525266037507,1.965050010577614
2015-03-21,1.7797922960421857,1.6949631066185131,1.0767065217391305,0.4959065902325612,1.7797922960421857
2015-03-22,1.612,1.5351681957186545,0.975198576206411,0.9387265135699372,1.612
2015-03-23,1.4600265467934177,1.39043816348771,0.8832604278266152,0.8502268176122455,1.4600265467934177
2015-03-24,1.322380593884312,1.2593527483664655,0.7999898711904277,0.7700705487032032,1.322380593884312
2015-03-25,1.1977113970443802,1.1406255858512968,0.724569757508605,1.567007172353836,1.567007172353836
2015-03-26,1.084795555261679,2.7937062937062938,1.143331141072016,1.4192754780721395,2.7937062937062938
2015-03-27,0.9825250052888072,2.5303259012128025,1.03554207055878,1.285471386599406,2.5303259012128025
2015-03-28,0.8898961480210926,2.4931034482758623,1.058838017965807,1.164281854577219,2.4931034482758623
2015-03-29,0.8059999999999999,6.17375,0.959014649493923,1.0545176275636556,6.17375
2015-03-30,0.7300132733967087,5.591711472249294,0.868602262422402,0.955101569667836,5.591711472249294
2015-03-31,0.6611902969421561,5.064545404152155,0.7867136239091373,0.8650580934237614,5.064545404152155
2015-04-01,0.5988556985221902,4.587078621279618,0.7125451461733209,0.783503586176918,4.587078621279618
2015-04-02,0.5423977776308394,4.154625657132004,0.6453690007455611,0.7096377390360697,4.154625657132004
2015-04-03,0.4912625026444035,3.76294277382244,0.7168098985297163,0.6427356932997029,3.76294277382244
2015-04-04,0.4449480740105463,3.40818631752185,0.6492316878769738,0.5821409272886096,3.40818631752185
2015-04-05,0.4029999999999999,3.086875,0.5880245033001736,1.831006711409396,3.086875
2015-04-06,0.3650066366983543,2.795855736124647,0.532587707805997,1.6583861079495237,2.795855736124647
2015-04-07,0.330595148471078,2.532272702076077,0.4823772902559624,1.5020395424564013,2.532272702076077
2015-04-08,0.2994278492610951,2.293539310639809,0.5687577326673693,1.3604327582628934,2.293539310639809
2015-04-09,0.2711988888154197,2.077312828566002,0.6262564949254601,1.2321761427985216,2.077312828566002
2015-04-10,0.2456312513222017,1.8814713869112203,0.7479871175523349,1.1160110910740435,1.8814713869112203
2015-04-11,0.2224740370052731,1.7040931587609247,1.5171985246953177,1.4875779162956366,1.7040931587609247
2015-04-12,0.2014999999999999,1.5434375,1.3741626072028363,1.3473345212253511,1.5434375
2015-04-13,0.1825033183491771,2.3557894736842107,1.2446115918901963,1.2203127595534813,2.3557894736842107
2015-04-14,0.1265759763890334,2.133694274339604,1.1272741715921226,1.1052661441307787,2.133694274339604
2015-04-15,0.3622377622377622,1.932537396573783,1.0209988933244771,1.0010657020489682,1.932537396573783
2015-04-16,0.3280873133487438,1.7503448521518372,0.924742858871239,2.3061496467565834,2.3061496467565834
2015-04-17,0.2971564436447247,1.875433070866142,0.8375614906387394,2.088734308401287,2.088734308401287
2015-04-18,0.2691416229975312,2.89532293986637,0.7585992623476587,1.8918160914789504,2.89532293986637
2015-04-19,0.2437679369872589,5.378873239436619,0.8319902875787236,1.7134626024877369,5.378873239436619
2015-04-20,0.2207863891181532,4.871772780033605,0.8595529359430605,1.5519236269043628,4.871772780033605
2015-04-21,0.1999714573716905,4.412479893793196,0.7785174347711479,1.4056139540175514,4.412479893793196
2015-04-22,0.1811188811188811,3.996487457897187,0.705121663714261,1.2730978209732553,3.996487457897187
2015-04-23,0.1640436566743719,3.6197132645513856,0.8849344135802469,1.1530748233782917,3.6197132645513856
2015-04-24,0.1485782218223623,3.278459961554149,0.8015060397011328,1.0443671542006434,3.278459961554149
2015-04-25,0.25,2.9693787695213305,1.5598229063224098,1.3250157529930688,2.9693787695213305
2015-04-26,0.2264309160659766,2.6894366197183097,2.6984006141641608,1.2497358490566035,2.6984006141641608
2015-04-27,0.2050838390019095,2.439506172839506,2.44400529191274,1.1969742813918305,2.44400529191274
2015-04-28,0.1857492861421185,2.209518469858617,2.2135934284715857,1.084127932171865,2.2135934284715857
2015-04-29,0.1682375240790445,2.0012131647791267,2.0049039512257885,0.981920323257554,2.0049039512257885
2015-04-30,0.1523767067755594,1.81254612057692,1.815888953201406,0.8893484731960314,1.815888953201406
2015-05-01,0.1380111892092265,1.6416659139762566,1.6446935965899272,0.8055039579506204,1.6446935965899272
2015-05-02,0.125,1.5366771159874608,1.4896379108948126,0.9370420624151966,1.5366771159874608
2015-05-03,0.1132154580329883,1.3918048282826554,1.3492003070820804,2.3155763239875387,2.3155763239875387
2015-05-04,0.1025419195009547,1.260590569012364,1.5855020551967116,2.097272273044741,2.097272273044741
2015-05-05,0.0928746430710592,1.1417467093024014,1.4360267311307204,1.8995491281011752,1.8995491281011752
2015-05-06,0.0841187620395222,1.0341070132106285,1.300643392900636,1.7204665967531054,1.7204665967531054
2015-05-07,0.0761883533877797,0.9366151932461344,1.178023499718604,1.5582673102548756,1.5582673102548756
2015-05-08,0.0690055946046132,0.8483145448321362,1.3589598912304557,1.411359578146708,1.411359578146708
2015-05-09,0.0625,0.7683385579937304,1.2308421322729284,1.278301768712998,1.278301768712998
2015-05-10,0.0566077290164941,0.6959024141413277,1.114802846172637,1.157788161993769,1.157788161993769
2015-05-11,0.0512709597504773,0.6877966101694916,1.0097033187673128,1.0486361365223704,1.0486361365223704
2015-05-12,0.0464373215355296,0.6229536660310057,0.914512189693358,0.9497745640505876,0.9497745640505876
2015-05-13,0.0420593810197611,1.3052083333333333,0.8282953314630771,0.8602332983765527,1.3052083333333333
2015-05-14,0.0380941766938898,1.1821580742944533,0.7502066827054255,0.7791336551274378,1.1821580742944533
2015-05-15,0.0345027973023066,1.070708542789136,0.6794799456152278,0.705679789073354,1.070708542789136
2015-05-16,0.03125,0.969766064733644,1.6563776457482362,1.0807751937984496,1.6563776457482362
2015-05-17,0.028303864508247,4.525,1.5002204307119158,1.2653390232337598,4.525
2015-05-18,0.0256354798752386,4.098399580794178,1.3587851457079725,1.1460474966593934,4.098399580794178
2015-05-19,0.0232186607677648,3.7120174859345614,1.230683861117991,1.0380023380948231,3.7120174859345614
2015-05-20,0.0210296905098805,3.362062079172345,1.1146594962422398,0.9401432811737458,3.362062079172345
2015-05-21,0.0190470883469449,3.045099185830705,1.0095734833430816,0.8515100175577773,3.045099185830705
2015-05-22,0.0172513986511533,2.7580183926376254,1.6234819919386296,0.7712327732598535,2.7580183926376254
2015-05-23,0.015625,2.498002524687001,1.470426058605122,0.6985237733973294,2.498002524687001
2015-05-24,0.0141519322541235,2.2625,1.86200389794472,1.2414016872160931,2.2625
2015-05-25,0.0087741979975566,2.049199790397089,1.6864609933201693,1.1243668849687565,2.049199790397089
2015-05-26,0.007946998761324,1.8560087429672805,1.5274676305080916,1.0183656950308964,1.8560087429672805
2015-05-27,0.0071977848380071,1.6810310395861727,1.383463579348296,0.9223579088640436,1.6810310395861727
2015-05-28,0.3136986301369863,1.5225495929153527,1.2530357024629986,0.8642941315107237,1.5225495929153527
2015-05-29,0.2841242727622393,1.379009196318813,1.1349040878882852,1.092783505154639,1.379009196318813
2015-05-30,0.3264705882352942,1.2490012623435,1.4744832893579596,1.1087448559670785,1.4744832893579596
2015-05-31,0.2956921374508637,1.13125,1.4475697710881157,2.041432791728212,2.041432791728212
2015-06-01,0.267815366226023,4.646428571428571,1.3110981973475926,1.848973988472573,4.646428571428571
2015-06-02,0.2425667148444137,4.208380311454795,1.1874926635114642,2.305213004484305,4.208380311454795
2015-06-03,0.2196984137973405,3.8116296363069178,1.0755402064821096,2.2948867179380588,3.8116296363069178
2015-06-04,3.246153846153846,3.4522831610128035,0.9741422168781352,2.078533207241429,3.4522831610128035
2015-06-05,2.940118356302836,3.126814554669098,0.8823036581850298,1.8825767127569173,3.126814554669098
2015-06-06,2.6629347710401787,2.8320299359286114,2.89697247706422,1.7050942785360952,2.89697247706422
2015-06-07,2.411883038522278,2.5650365308743392,2.623856527198292,1.5443442378711345,2.623856527198292
2015-06-08,2.1844995434263628,2.3232142857142857,2.3764889483168057,1.398749122009494,2.3764889483168057
2015-06-09,4.0471264367816095,2.7757575757575754,2.152442278352176,1.2668801801723617,4.0471264367816095
2015-06-10,3.665578186061168,2.51406932262345,1.949517907465684,1.1474433589690294,3.665578186061168
2015-06-11,3.320000906325165,3.492877492877493,1.7657245026979227,1.0392666036207143,3.492877492877493
2015-06-12,3.0070033862363195,4.447478991596639,1.5992584666641272,1.1912288512911844,4.447478991596639
2015-06-13,2.7235141254359347,4.028186969005652,1.44848623853211,2.093788525367472,4.028186969005652
2015-06-14,2.466751193364344,3.6484242619079192,1.3119282635991458,1.8963938153895488,3.6484242619079192
2015-06-15,2.2341949296813186,3.30446419128458,1.1882444741584026,1.7176087553620325,3.30446419128458
2015-06-16,2.0235632183908048,2.9929314157591365,1.0762211391760876,1.555678895678268,2.9929314157591365
2015-06-17,1.832789093030584,2.710768808771927,0.974758953732842,1.409015189811749,2.710768808771927
2015-06-18,1.6600004531625825,2.4552074584532155,0.8828622513489616,1.335054443273621,2.4552074584532155
2015-06-19,1.5035016931181595,2.2237394957983194,0.7996292333320635,1.2091904023535942,2.2237394957983194
2015-06-20,1.3617570627179674,2.014093484502826,0.724243119266055,1.095192362012445,2.014093484502826
2015-06-21,1.2333755966821722,1.82421213095396,1.7795250320924263,3.4065061475409832,3.4065061475409832
2015-06-22,1.117097464840659,1.6522320956422898,1.6117579327160985,3.085353230288344,3.085353230288344
2015-06-23,1.0117816091954024,1.4964657078795682,1.459807300726044,2.79447743328524,2.79447743328524
2015-06-24,0.916394546515292,1.3553844043859635,1.3221820175327952,2.531024340577904,2.531024340577904
2015-06-25,0.8300002265812912,1.491304347826087,1.197531541743648,2.292408640089357,2.292408640089357
2015-06-26,0.75175084655908,1.350709638445739,1.5721440731117284,2.076288753491972,2.076288753491972
2015-06-27,0.6808785313589836,1.2233696830896514,1.423928090649538,1.8805438578826883,1.8805438578826883
2015-06-28,0.616687798341086,1.1080348721173334,1.628711547035221,1.7032530737704916,1.7032530737704916
2015-06-29,0.5585487324203295,2.97948717948718,1.4751625904096766,1.542676615144172,2.97948717948718
2015-06-30,0.5058908045977012,2.6985920458324606,1.3360896667708888,1.3972387166426197,2.6985920458324606
2015-07-01,0.458197273257646,2.4441786761048085,1.2101280287728713,1.265512170288952,2.4441786761048085
2015-07-02,0.4150001132906456,2.2137504666373515,1.096041592448623,1.1462043200446788,2.2137504666373515
2015-07-03,0.37587542327954,2.005046184408715,1.70828488372093,1.038144376745986,2.005046184408715
2015-07-04,0.5428571428571428,1.8160177771610264,1.5472340444903625,0.940271928941344,1.8160177771610264
2015-07-05,0.5811320754716981,1.6448102754986798,1.5729618656217148,0.8516265368852458,1.6448102754986798
2015-07-06,0.5263450728175156,1.4897435897435898,1.4246687846782904,0.771338307572086,1.4897435897435898
2015-07-07,0.476723188019533,1.3492960229162303,1.2903562320212278,0.69861935832131,1.3492960229162303
2015-07-08,0.4317794726926227,1.222089338052404,1.1687061746720342,0.6327560851444761,1.222089338052404
2015-07-09,0.3910728861610997,2.503933747412008,1.058524838971808,0.5731021600223393,2.503933747412008
2015-07-10,0.3542039674480928,2.267872048780059,1.093166731745412,0.519072188372993,2.267872048780059
2015-07-11,0.3208109152939002,2.054065382102769,0.9901069779278536,1.5753753753753754,2.054065382102769
2015-07-12,0.5000000000000002,1.860415624515761,0.8967633200620785,1.4268547575761126,1.860415624515761
2015-07-13,0.4528618321319536,1.6850224564902394,0.8122197602240923,1.2923361194042249,1.6850224564902394
2015-07-14,0.4101676780038191,1.5261647136593088,0.7356466574177165,1.170499405527392,1.5261647136593088
2015-07-15,0.3714985722842372,1.462022900763359,0.666292586159869,1.060149010592994,1.462022900763359
2015-07-16,0.3364750481580892,2.074198250728863,0.6034769626085914,0.9602020465400416,2.074198250728863
2015-07-17,0.3047534135511189,1.8786504400599315,0.546583365872706,1.6598214285714286,1.8786504400599315
2015-07-18,0.2760223784184532,2.813725490196078,0.4950534889639268,1.5033395463094663,2.813725490196078
2015-07-19,1.5488372093023255,2.5484577612131494,0.4483816600310392,1.361610202516249,2.5484577612131494
2015-07-20,1.4028185125575858,2.308198501707766,0.4061098801120461,1.233242581922137,2.308198501707766
2015-07-21,1.2705659234909,2.090590004815217,0.5618759917002318,1.121075614801195,2.090590004815217
2015-07-22,1.1507816239130322,1.8934968396347365,0.5089043820646504,1.0153847137546503,1.8934968396347365
2015-07-23,1.0422901491780805,1.7149848958661005,0.4609267416835543,0.91965796357942,1.7149848958661005
2015-07-24,0.944026853139745,1.553302404041099,0.4174722574348519,0.8329559806426347,1.553302404041099
2015-07-25,0.8550274605892548,1.406862745098039,0.3781145027324191,1.4947761194029852,1.4947761194029852
2015-07-26,0.7744186046511629,1.274228880606575,0.3424672529261315,2.312797992471769,2.312797992471769
2015-07-27,0.7014092562787929,1.4600896860986547,0.31018069521065,2.300056915196357,2.300056915196357
2015-07-28,0.6352829617454498,1.322437780647211,0.2848008325143089,2.0832159772471828,2.0832159772471828
2015-07-29,0.5753908119565161,1.1977631924488203,0.95279031966769,1.8868180083654336,1.8868180083654336
2015-07-30,0.5211450745890402,2.772249589490969,0.8629647396045992,2.339988855869242,2.772249589490969
2015-07-31,0.4720134265698725,2.5108920564478714,1.754985754985755,2.1193832808745965,2.5108920564478714
2015-08-01,0.4275137302946273,2.274174353937102,1.5895321287366568,1.9195755911334005,2.274174353937102
2015-08-02,0.3872093023255814,2.0597735290229147,1.5428596383963666,1.738605038232898,2.0597735290229147
2015-08-03,0.3507046281393964,1.8655856282604328,1.3974044851332432,1.5746957259359895,1.8655856282604328
2015-08-04,0.317641480872725,3.4135761589403977,1.265662310733699,1.426239182995457,3.4135761589403977
2015-08-05,0.2876954059782581,3.633980582524272,1.1463403057984491,1.2917785789394065,3.633980582524272
2015-08-06,0.2605725372945201,3.29138220906777,1.038267542261179,1.169994427934621,3.29138220906777
2015-08-07,0.2360067132849362,2.981082754889892,0.9403834828630752,1.0596916404372982,2.981082754889892
2015-08-08,0.2137568651473136,2.700037196232815,0.8821653878942881,1.9675202156334235,2.700037196232815
2015-08-09,0.1936046511627907,2.44548758302083,0.8488883795553517,1.782029619216816,2.44548758302083
2015-08-10,0.1753523140696982,2.2149359746055106,0.7688582936819232,1.6140263965438688,2.2149359746055106
2015-08-11,0.1588207404363625,2.006119927029651,0.6963731510532863,1.9922231107556976,2.006119927029651
2015-08-12,0.143847702989129,1.816990291262136,0.6307216420669854,2.01862821512081,2.01862821512081
2015-08-13,0.13028626864726,1.645691104533885,0.5712595167834582,1.82831934378573,1.82831934378573
2015-08-14,0.1180033566424681,1.490541377444946,0.5174032627867424,1.6559520954981926,1.6559520954981926
2015-08-15,0.1068784325736568,1.3500185981164077,0.6788636363636364,2.052828546562228,2.052828546562228
2015-08-16,0.0968023255813953,1.222743791510415,2.0517336052714152,1.8592953932978908,2.0517336052714152
2015-08-17,0.087676157034849,1.1074679873027555,1.8583036790598224,1.6840078365667672,1.8583036790598224
2015-08-18,0.0232186607677648,1.0030599635148252,1.683109617513161,1.5252457483843864,1.683109617513161
2015-08-19,0.0210296905098805,0.908495145631068,1.5244322101318426,1.381451168129651,1.5244322101318426
2015-08-20,0.0190470883469449,0.8228455522669424,2.023793852432041,1.2512130140000417,2.023793852432041
2015-08-21,3.8,0.745270688722473,3.3579240880896832,1.1332532358148046,3.8
2015-08-22,6.58125,0.6750092990582038,3.041351309384625,1.026414273281114,6.58125
2015-08-23,5.960793865436836,0.6113718957552073,2.754623852249673,0.9296476966489454,5.960793865436836
2015-08-24,5.398832061725267,0.5537339936513777,2.494928009128332,0.8462257005806614,5.398832061725267
2015-08-25,4.889849957691271,0.5015299817574126,2.259715338502367,1.6728138693084391,4.889849957691271
2015-08-26,4.428852821380847,0.454247572815534,2.0466776565817177,2.0273023839397744,4.428852821380847
2015-08-27,4.011316805866602,1.1447916666666669,1.85372438668626,1.8361757437528856,4.011316805866602
2015-08-28,3.633144555932889,1.0368649031521182,1.6789620440448416,1.6630678228643678,3.633144555932889
2015-08-29,3.290625,0.9391130794295772,1.5206756546923126,1.506279882444113,3.290625
2015-08-30,2.980396932718418,1.6512455516014235,1.3787467700258398,1.3642733345342886,2.980396932718418
2015-08-31,2.699416030862633,1.54,1.2487635766398295,1.2356546436119344,2.699416030862633
2015-09-01,2.4449249788456355,1.3948144429664164,1.1310347224335282,1.6317768724537762,2.4449249788456355
2015-09-02,2.2144264106904235,1.3203309692671394,1.0244049132122055,1.4779389281799318,2.2144264106904235
2015-09-03,2.0056584029333013,1.1958550035257491,0.9278277716845084,1.3386042615893985,2.0056584029333013
2015-09-04,1.816572277966444,1.0831141757216685,0.8403555691759083,1.212405556806031,1.816572277966444
2015-09-05,1.6453125,0.9810021400508104,0.7611299253985846,1.0981044034842806,1.6453125
2015-09-06,1.490198466359209,0.8885168529375542,0.6893733850129199,0.994579144068114,1.490198466359209
2015-09-07,1.3497080154313168,2.4111716621253407,0.6243817883199148,0.9008138667658324,2.4111716621253407
2015-09-08,1.2224624894228178,2.183855232989458,0.565517361216764,0.8158884362268881,2.183855232989458
2015-09-09,1.1072132053452115,1.97796936384512,0.5122024566061029,1.113315546931846,1.97796936384512
2015-09-10,1.0028292014666504,1.79149366002355,0.4639138858422542,1.0083562366490868,1.79149366002355
2015-09-11,0.908286138983222,1.6225982022620873,0.4201777845879542,0.913292105541174,1.6225982022620873
2015-09-12,0.82265625,1.4696255893808452,0.3805649626992922,0.8271902723740506,1.4696255893808452
2015-09-13,0.7450992331796045,1.3310746739100228,0.3446866925064599,0.7492058045380842,1.3310746739100228
2015-09-14,0.6748540077156584,1.2055858310626704,0.3121908941599574,0.6785734265740218,1.2055858310626704
2015-09-15,0.6112312447114089,1.091927616494729,0.3500367917586461,1.3811074918566777,1.3811074918566777
2015-09-16,0.5536066026726058,0.9889846819225596,0.317036605658823,1.2509017382667635,1.2509017382667635
2015-09-17,0.5014146007333252,0.895746830011775,0.2871475561831004,1.1329713060170634,1.1329713060170634
2015-09-18,0.454143069491611,4.509136212624584,0.2600763367705836,1.0261589227916386,4.509136212624584
2015-09-19,0.411328125,4.084031373163413,1.4101485395274649,0.9294164196679462,4.084031373163413
2015-09-20,0.3725496165898021,3.699003860270321,1.277204902377212,0.8417944452486931,3.699003860270321
2015-09-21,0.3101879350207382,3.3502753304503705,1.1567947041969135,0.762433149507649,3.3502753304503705
2015-09-22,1.951351351351352,3.034423648588481,1.0477363382863103,0.6905537459283387,3.034423648588481
2015-09-23,1.767385096212272,2.7483493059286115,0.9489595954951252,0.6254508691333818,2.7483493059286115
2015-09-24,1.6007625055067962,2.489245004042827,0.8594951620702396,0.5664856530085317,2.489245004042827
2015-09-25,1.4498484821038875,2.254568106312292,0.7784651076073578,0.5130794613958193,2.254568106312292
2015-09-26,5.70595238095238,2.0420156865817063,0.7050742697637324,0.4647082098339731,5.70595238095238
2015-09-27,5.168016098591552,2.276543209876543,0.638602451188606,0.4208972226243466,5.168016098591552
2015-09-28,4.6807944777912,2.0619190579044986,0.5783973520984568,1.0864375290292614,4.6807944777912
2015-09-29,4.239506326091305,3.152475247524752,0.6363715069020249,1.2925098889881332,4.239506326091305
2015-09-30,3.83982120433743,2.855271432689385,0.9664247636966358,1.1706567927516671,3.83982120433743
2015-10-01,3.4778169313107434,2.586086904483484,0.8753137782106971,1.0602915599264728,3.4778169313107434
2015-10-02,3.149941094665823,2.3422801072336847,0.8092779426310585,0.9603311568446986,3.149941094665823
2015-10-03,2.85297619047619,2.3367741935483872,1.0928292849811836,0.8697946542841769,2.85297619047619
2015-10-04,2.584008049295776,2.3266666666666667,1.3439688979039894,0.7877936014354225,2.584008049295776
2015-10-05,2.3403972388956,5.697701149425288,1.2172644348663255,0.7135233073757506,5.697701149425288
2015-10-06,2.1197531630456523,5.160542762938144,1.345460774237753,0.6462549444940666,5.160542762938144
2015-10-07,1.919910602168715,4.674025700838921,1.2186156625659703,0.5853283963758337,4.674025700838921
2015-10-08,1.7389084656553722,4.233375684627502,1.3705306780246345,0.5301457799632364,4.233375684627502
2015-10-09,1.574970547332911,3.8342685372865457,1.7051602580129006,0.4801655784223493,3.8342685372865457
2015-10-10,1.426488095238095,3.4727877493629795,1.8766463633106407,0.4772982062780269,3.4727877493629795
2015-10-11,1.292004024647888,3.145386045563844,1.6997230207052487,0.4323002803367245,3.145386045563844
2015-10-12,1.1701986194478,2.848850574712644,1.539479362546874,0.3915445939688922,2.848850574712644
2015-10-13,1.0598765815228264,2.580271381469072,1.394342889304618,2.169198312236287,2.580271381469072
2015-10-14,0.9599553010843572,2.3370128504194603,1.3205722742969903,1.964694243873732,2.3370128504194603
2015-10-15,0.8694542328276859,2.116687842313751,1.324935947970043,1.7794700697195218,2.116687842313751
2015-10-16,0.7874852736664555,1.9171342686432729,1.2000258417104004,1.6117081519943146,1.9171342686432729
2015-10-17,0.7132440476190475,1.7363938746814902,1.81247126079662,1.4597622131483,1.81247126079662
2015-10-18,0.646002012323944,1.5726930227819218,1.641598111701737,1.639066788655078,1.641598111701737
2015-10-19,0.5850993097239,1.424425287356322,1.4868342569792077,1.4845415777939517,1.4868342569792077
2015-10-20,0.5299382907614132,1.290135690734536,1.3466609713843107,1.3445844375916594,1.3466609713843107
2015-10-21,1.5142857142857142,1.1685064252097304,1.21970270952339,1.5823529411764707,1.5823529411764707
2015-10-22,1.3715244058853444,4.466666666666667,1.10471360738214,1.433174504041123,4.466666666666667
2015-10-23,1.2422221105258515,4.045565700378783,1.0005652564403509,1.2980600633297332,4.045565700378783
2015-10-24,3.183673469387755,3.6641645901674496,1.0093277377464565,1.1756837169936445,3.6641645901674496
2015-10-25,2.8835284005136623,3.3187205790725183,0.9196071904127828,1.0648445641708937,3.3187205790725183
2015-10-26,2.611679908922276,3.005843763545596,0.8329099941841019,1.3403030303030303,3.005843763545596
2015-10-27,2.36546029699351,2.7224638277233284,0.7543862919344541,1.4698013245033112,2.7224638277233284
2015-10-28,2.1424533678637507,2.4657999138715145,0.6832655166013348,1.3312338413690823,2.4657999138715145
2015-10-29,1.940470714856104,2.2333333333333334,0.6188497473613322,1.2057299927969216,2.2333333333333334
2015-10-30,1.757530246256273,2.022782850189392,0.5605068608088987,1.0920581871889217,2.022782850189392
2015-10-31,1.5918367346938775,1.8320822950837248,0.8825592492444727,0.9891029428901494,1.8320822950837248
2015-11-01,1.4417642002568312,1.6593602895362591,0.7993547971557063,0.8958539417686797,1.6593602895362591
2015-11-02,1.305839954461138,1.5029218817727978,0.8144727686760705,0.8113961147839932,1.5029218817727978
2015-11-03,1.182730148496755,1.3612319138616644,0.7376872604884599,0.7349006622516556,1.3612319138616644
2015-11-04,1.0712266839318754,1.232899956935757,0.6681408086504109,0.8337335620354489,1.232899956935757
2015-11-05,0.970235357428052,1.1166666666666667,1.0217891054472763,0.755132216826546,1.1166666666666667
2015-11-06,0.8787651231281363,1.9366515837104072,0.9254585726906468,0.6839411184278661,1.9366515837104072
2015-11-07,0.7959183673469388,1.754071168800688,0.8382097295818175,0.6194616559232414,1.754071168800688
2015-11-08,0.7208821001284156,1.5887037663858328,1.06639469269483,0.5610610808737856,1.5887037663858328
2015-11-09,0.6529199772305689,1.438926596720846,0.965858908619144,0.6042997542997544,1.438926596720846
2015-11-10,0.5913650742483775,1.3032698697887974,0.874801269876469,1.6464384828862164,1.6464384828862164
2015-11-11,0.5356133419659376,1.180402361989854,0.7923282116552343,1.4912182957048117,1.4912182957048117
2015-11-12,0.4851176787140259,1.0691183526072212,0.717630411160047,1.3506316990031395,1.3506316990031395
2015-11-13,0.4393825615640681,0.9683257918552036,1.1744523437951564,1.2232990914921096,1.2232990914921096
2015-11-14,0.3979591836734694,2.3843283582089554,1.0637292803254823,1.1079709356369414,2.3843283582089554
2015-11-15,0.3604410500642078,2.1674796747967475,1.3582957804178617,1.129103726082578,2.1674796747967475
2015-11-16,0.3264599886152844,1.963137633274451,1.2302406313942684,1.022655964121543,1.963137633274451
2015-11-17,0.2956825371241887,2.310377358490566,1.1142580525927588,0.9262437071055022,2.310377358490566
2015-11-18,0.2678066709829688,2.092563446964441,1.0092098863298784,0.8389208444009801,2.092563446964441
2015-11-19,0.2425588393570129,1.8952842328893449,0.914065276258058,0.7598304612182264,1.8952842328893449
2015-11-20,0.219691280782034,1.7166037802341447,0.8278905513888485,0.6881964295539063,1.7166037802341447
2015-11-21,0.1989795918367347,2.703361344537815,0.7498400638133741,0.6233157919089016,2.703361344537815
2015-11-22,0.1802205250321038,2.448498342804191,0.8805583326924556,0.564551863041289,2.448498342804191
2015-11-23,0.0546122047562004,2.217662890988715,0.7975425196843272,0.7674600952114252,2.217662890988715
2015-11-24,0.0114103132915872,4.267721518987342,0.7223531333347577,1.2778180719250527,4.267721518987342
2015-11-25,0.0103345907648555,3.865376372235141,0.654252326816471,1.6238501742160278,3.865376372235141
2015-11-26,0.0093602834162129,3.5009628516199385,0.9752834296869134,1.470759530006524,3.5009628516199385
2015-11-27,0.008477830194281,3.1709049024210265,0.8833372816319014,1.3321017107685702,3.1709049024210265
2015-11-28,0.0076785714285714,2.8719636072531576,0.8000594795005642,1.4987971569163476,2.8719636072531576
2015-11-29,0.0069546638505978,2.601205401993917,0.933785617367707,1.3574960529506,2.601205401993917
2015-11-30,0.0,2.3559732881969992,0.845751730999214,1.2295162993022075,2.3559732881969992
2015-12-01,0.0,2.133860759493671,0.76601735685815,1.1136020078761937,2.133860759493671
2015-12-02,0.0,1.9326881861175709,0.6938000473433161,1.00861569110527,1.9326881861175709
2015-12-03,0.0,1.750481425809969,0.6283911211462603,0.9135270995819376,1.750481425809969
2015-12-04,0.0,3.017391304347826,0.6623554016077381,0.8274031120377315,3.017391304347826
2015-12-05,0.0,2.732922708691962,0.8449313962873284,0.7493985784581738,2.732922708691962
2015-12-06,0.0,2.475272769866525,0.9839820359281438,0.6787480264753,2.475272769866525
2015-12-07,0.0,2.2419131231761784,0.8912158151506975,0.6147581496511038,2.2419131231761784
2015-12-08,0.0,2.030553768884468,0.8071952537482343,0.5568010039380968,2.030553768884468
2015-12-09,0.0,1.8391206000389253,0.7310958430012846,0.504307845552635,1.8391206000389253
2015-12-10,0.0,1.665735048890491,0.6621708058512333,0.9420289855072465,1.665735048890491
2015-12-11,0.0,1.508695652173913,0.599743768644163,0.8734314484895429,1.508695652173913
2015-12-12,0.0,1.366461354345981,0.5432021237558361,0.7910875320092805,1.366461354345981
2015-12-13,0.0,1.2376363849332623,0.5603688892516119,0.7165066982449361,1.2376363849332623
2015-12-14,0.0,1.1209565615880892,1.160269189615363,0.92186065915728,1.160269189615363
2015-12-15,0.0,1.015276884442234,1.05088326195094,0.8349510141526719,1.05088326195094
2015-12-16,3.4545454545454546,0.9195603000194632,0.9518098387278124,0.756234892019223,3.4545454545454546
2015-12-17,3.1288635674571323,0.8328675244452453,0.8620766948149923,0.6849398374438704,3.1288635674571323
2015-12-18,2.833885775299113,0.7543478260869565,0.7808032629043524,0.6203662193699869,2.833885775299113
2015-12-19,2.5667174085092745,0.6832306771729905,0.82374960430516,0.5618803653933311,2.5667174085092745
2015-12-20,2.3247366963649787,2.514666666666667,2.6555052724077326,0.5089083434219906,2.6555052724077326
2015-12-21,2.1055690390804576,2.2775931077356377,2.405153965797256,0.4609303295786399,2.405153965797256
2015-12-22,1.907063705436585,2.0628699752405404,2.178404863020757,0.4174755070763359,2.178404863020757
2015-12-23,1.7272727272727273,1.8683901528748563,1.9730328347854733,0.3781174460096114,1.9730328347854733
2015-12-24,1.5644317837285662,1.6922451755364158,1.7870225288349024,0.3424699187219352,1.7870225288349024
2015-12-25,1.4169428876495562,1.5327065012197605,1.7699953938277295,0.3101831096849934,1.7699953938277295
2015-12-26,1.2833587042546373,1.3882085485258735,1.7753377110694182,0.6594202898550724,1.7753377110694182
2015-12-27,1.1623683481824894,1.2573333333333334,1.6152826101227598,1.707603464870067,1.707603464870067
2015-12-28,1.052784519540229,1.1387965538678189,1.4629996844621531,1.5466168673118603,1.5466168673118603
2015-12-29,0.9535318527182924,1.03143498762027,1.325073435028001,1.4008074962740626,1.4008074962740626
2015-12-30,0.8636363636363636,0.9341950764374284,1.2001503669923226,1.2687444984536926,1.2687444984536926
2015-12-31,0.7822158918642831,0.8461225877682079,1.27773678662852,1.1491319161541511,1.27773678662852
2016-01-01,0.7084714438247782,0.7663532506098804,1.86260724000837,1.040795969821742,1.86260724000837
2016-01-02,1.1015151515151516,1.536236391912908,1.8931756723536064,0.9426735395380548,1.8931756723536064
2016-01-03,0.9976683392725154,1.391405654058922,2.197363927747656,0.8538017324350335,2.197363927747656
2016-01-04,0.9036118239659892,1.260229027471765,2.0999903175832686,0.7733084336559303,2.0999903175832686
2016-01-05,0.8184226122746678,1.141419252573466,1.9020109253602435,0.7705451586655818,1.9020109253602435
2016-01-06,0.7412647273058507,1.0338104279022091,1.7226963047872634,0.698014997794442,1.7226963047872634
2016-01-07,0.6713810050050406,0.9363465689138264,1.5602868095858118,0.9745320855614974,1.5602868095858118
2016-01-08,0.6080856639703498,0.8480712454175675,1.91230849324992,1.3837678721614803,1.91230849324992
2016-01-09,0.5507575757575758,1.0324159021953558,1.7320230557093077,1.4785714289801462,1.7320230557093077
2016-01-10,0.4988341696362577,0.9350835139807048,1.5687342686066024,2.334432823813355,2.334432823813355
2016-01-11,0.4518059119829945,0.846927266675374,1.4208397500187315,2.1143510511621706,2.1143510511621706
2016-01-12,0.4092113061373339,0.7670820673382346,1.2868881847187787,1.915017781598844,1.915017781598844
2016-01-13,0.3706323636529253,0.6947643808207186,1.1655650821614194,1.7344769222802427,1.7344769222802427
2016-01-14,0.3356905025025203,0.6292645407969855,1.0556798771533022,1.5709567936288449,1.5709567936288449
2016-01-15,0.3040428319851748,0.5699397856819904,0.9561542466249596,1.422852743525795,1.422852743525795
2016-01-16,0.2753787878787879,0.5162079510976779,0.8660115278546537,1.2887114005741358,1.2887114005741358
2016-01-17,0.2494170848181288,1.019047619047619,0.7843671343033011,1.1672164119066777,1.1672164119066777
2016-01-18,0.2259029559914973,0.9229755435832192,0.7104198750093658,1.0571755255810853,1.0571755255810853
2016-01-19,0.204605653068667,0.8359607913601643,0.6434440923593894,0.957508890799422,0.957508890799422
2016-01-20,0.1853161818264626,2.6309160305343515,0.5827825410807098,0.8672384611401214,2.6309160305343515
2016-01-21,0.1678452512512601,3.8441379310344814,0.527839938576651,1.1119266054954735,3.8441379310344814
2016-01-22,0.1520214159925874,3.481726692832425,0.8045837564755988,1.0070982395218877,3.481726692832425
2016-01-23,0.1376893939393939,3.1534822581976374,0.7287305481222981,0.9121527077734936,3.1534822581976374
2016-01-24,0.1247085424090644,2.856183506085983,0.660028502306373,0.8261582928528531,2.856183506085983
2016-01-25,0.1129514779957486,2.5869129909423285,0.6464732086021568,0.8890473990302121,2.5869129909423285
2016-01-26,0.1023028265343335,2.343028313288188,0.5855260833435905,0.8052312679539394,2.343028313288188
2016-01-27,0.0926580909132313,2.1787644787644784,0.5303248297280503,0.7293170145911136,2.1787644787644784
2016-01-28,0.08392262562563,3.7947916666666655,0.4803277480314221,0.6605596788654765,3.7947916666666655
2016-01-29,0.2842105263157894,3.437032613451471,0.4350442079946501,0.5982845328070289,3.437032613451471
2016-01-30,1.6371428571428577,3.1130017728498176,0.6542750241738164,2.235084033237786,3.1130017728498176
2016-01-31,1.4827990274949103,2.8195193725655745,0.5925923723310652,2.024368500521879,2.8195193725655745
2016-02-01,1.3430061685496475,2.553705417583163,0.5367249348825337,1.8335184561131064,2.553705417583163
2016-02-02,1.2163924681078166,2.312951428264012,0.5509552492605776,1.6606610545662637,2.312951428264012
2016-02-03,1.1017154433976288,2.094894842871718,0.5305022434161555,1.5041000154421198,2.094894842871718
2016-02-04,0.997849748370235,1.8973958333333327,0.4804884358071033,1.362298977405635,1.8973958333333327
2016-02-05,0.9037761304787066,1.7185163067257354,0.5128300897107744,1.233866421638805,1.7185163067257354
2016-02-06,0.8185714285714287,2.988659793814433,0.6928469228305156,2.3430743243243244,2.988659793814433
2016-02-07,0.7413995137474552,2.7068998996918205,0.7495650970893031,2.1221778626697043,2.7068998996918205
2016-02-08,0.6715030842748236,2.451703295944477,0.6788988463400546,2.269373777187967,2.451703295944477
2016-02-09,0.6081962340539083,2.220565692890729,0.6148947507716531,2.055425533059108,2.220565692890729
2016-02-10,0.5508577216988144,2.011218896103712,0.5569247268055433,1.8616475454238888,2.011218896103712
2016-02-11,0.4989248741851176,2.677392738644439,0.5044199042814919,1.6861382364092323,2.677392738644439
2016-02-12,0.4518880652393532,2.7899736131401363,0.4568650440334819,1.5271753019360514,2.7899736131401363
2016-02-13,0.6774999936421712,2.5269451240928955,0.4764847766767746,1.3831988104428583,2.5269451240928955
2016-02-14,0.6136277767803607,2.2887139971872297,0.5604135556515728,1.2527958949997828,2.2887139971872297
2016-02-15,0.5557771984796229,2.0729424279845103,0.5075798191279073,1.1346868885939836,2.0729424279845103
2016-02-16,0.5033805607212926,1.87751301168225,0.4597270536869392,1.027712766529554,1.87751301168225
2016-02-17,0.4559236859757091,1.9388000076055525,0.4163856716265843,0.9308237727119444,1.9388000076055525
2016-02-18,0.4129408714866259,1.7560170471633911,0.7874454407120769,0.8430691182046162,1.7560170471633911
2016-02-19,0.3740103192471979,1.590466194466712,0.7941632283101184,1.072713529004892,1.590466194466712
2016-02-20,2.0,2.4268551169351635,0.719292429168694,0.9715820281957774,2.4268551169351635
2016-02-21,1.8114473285278128,2.198060109148128,0.651480174623956,1.3938173997378622,2.198060109148128
2016-02-22,1.640670712015276,2.0327365680118965,0.5900610109556993,1.262413402605367,2.0327365680118965
2016-02-23,1.4859942891369484,2.729107981220657,0.5344322209820611,1.1433976928235994,2.729107981220657
2016-02-24,1.3459001926323562,2.4718176809230465,0.4840479094885703,1.035602348055087,2.4718176809230465
2016-02-25,2.55,2.353316955718713,0.4384136462612717,0.992390993443878,2.55
2016-02-26,2.309595343872962,3.0455026394475704,0.3970816141550592,1.175969247906444,3.0455026394475704
2016-02-27,2.091855157819477,2.758383810125853,0.5012454226871248,2.445590584434844,2.758383810125853
2016-02-28,1.894642718649609,2.498333491953424,0.6737776900303514,2.668932868773678,2.668932868773678
2016-02-29,1.716022745606254,2.262799764885296,0.8826043345408102,2.4173156575800765,2.4173156575800765
2016-03-01,1.554242409110706,2.9015503760456114,0.7993956319755096,2.189419995065942,2.9015503760456114
2016-03-02,1.4077141299341107,2.628002838638348,0.7240315409894199,1.983009500543789,2.628002838638348
2016-03-03,1.275,2.3802443607074726,0.8275791344773364,1.7960586311026605,2.3802443607074726
2016-03-04,3.7,2.155843644223472,0.7495580061471656,1.6267328045951177,3.7
2016-03-05,3.351177557776455,1.952598605026137,0.6788924239059587,1.473370396556192,3.351177557776455
2016-03-06,3.035240817228261,1.8226666666666669,0.6148889338211103,1.387770406691664,3.035240817228261
2016-03-07,3.7125,2.977752808988764,0.5569194582557828,1.909280117531832,3.7125
2016-03-08,3.362499103579754,2.6970211854294446,0.5044151324312974,1.7292801841571528,3.362499103579754
2016-03-09,3.045495009178356,2.442755910664542,0.4568607220558385,1.56624998493378,3.045495009178356
2016-03-10,2.758376899210461,2.7184971098265893,0.6700046120142972,1.4185896755075116,2.758376899210461
2016-03-11,2.4983272325738115,2.4622071636029785,0.7269973306847105,1.2848502389876095,2.4983272325738115
2016-03-12,3.276190476190476,2.23007929439533,0.7850091407678246,1.1745691306013022,3.276190476190476
2016-03-13,2.9673232429217515,2.019835590118806,0.9953483606557378,2.631100244498777,2.9673232429217515
2016-03-14,2.687574880634547,1.829412891893055,0.9015105644321876,2.383049754493093,2.687574880634547
2016-03-15,2.434200168871953,1.656942547897008,0.8165194517901435,2.158384555762688,2.434200168871953
2016-03-16,2.204712696502526,1.5007320759560518,0.7395409898181251,1.9548999687360056,2.204712696502526
2016-03-17,1.9968604621254264,1.3592485549132949,0.6698197751714288,1.7705991629529718,1.9968604621254264
2016-03-18,1.80860377477996,1.2311035818014893,0.6066716211646925,1.6036735618123714,1.80860377477996
2016-03-19,1.638095238095238,1.115039647197665,0.5952450775031422,1.452485094687852,1.638095238095238
2016-03-20,1.4836616214608758,1.009917795059403,0.5391275527311991,1.3155501222493886,1.4836616214608758
2016-03-21,1.3437874403172734,0.9147064459465276,0.4883005825653341,2.718894230769231,2.718894230769231
2016-03-22,1.2171000844359767,0.8284712739485041,0.4422653929032747,2.462566845438304,2.462566845438304
2016-03-23,1.54047619047619,0.7503660379780258,0.4005702322374704,2.23040506674519,2.23040506674519
2016-03-24,1.3952457399493987,0.6796242774566473,0.4756801025494944,2.0201306498452367,2.0201306498452367
2016-03-25,1.2637070841355753,0.6155517909007446,1.3865387532231157,1.8520386266094424,1.8520386266094424
2016-03-26,1.1445694107995303,1.5671586715867158,1.255820960213149,1.6774352112509974,1.6774352112509974
2016-03-27,1.036663600753731,1.4194126945124768,1.1507122250270465,1.7086194302410518,1.7086194302410518
2016-03-28,0.938930755083685,1.2855956667765456,1.0422272929647698,1.547537051190434,1.547537051190434
2016-03-29,0.850411803984472,1.164394418074653,0.9439699227799034,1.4016409285883606,1.4016409285883606
2016-03-30,0.770238095238095,1.054619578987014,0.8549758974151311,1.2694993578233147,1.2694993578233147
2016-03-31,0.6976228699746994,0.9551939094845768,0.7743719026641546,1.1498156101484092,1.1498156101484092
2016-04-01,1.682051282051282,0.8651417277809376,0.7013669571839912,1.041415207651457,1.682051282051282
2016-04-02,1.5234736506592892,1.306289308176101,0.6352446504543112,0.9432343978942348,1.5234736506592892
2016-04-03,1.3909090909090909,1.1831371387900218,0.5753561125135233,1.248356401384083,1.3909090909090909
2016-04-04,1.2597792784761612,1.071595304671613,0.6370858256603267,1.130665934168896,1.2597792784761612
2016-04-05,1.637142857142857,1.0252873563218392,1.1601918166531728,1.0240708929538256,1.637142857142857
2016-04-06,1.6666666666666667,1.837004405286344,1.0508131834281105,0.9681452539646056,1.837004405286344
2016-04-07,1.5095394404398446,1.663818361224886,0.9517463669513287,0.8768720669605332,1.663818361224886
2016-04-08,1.3672255933460633,1.506959662798172,0.8620192069250182,0.7942037815781599,1.506959662798172
2016-04-09,1.2383285742807904,1.3648890276874617,0.7807511947619943,0.7193291592232224,1.3648890276874617
2016-04-10,1.1215834938602969,1.5276744186046514,0.7071448329982565,0.6515134419035321,1.5276744186046514
2016-04-11,1.2897260273972604,1.383650872220838,0.6404778093084693,0.970705460342766,1.383650872220838
2016-04-12,1.1681353834307784,1.253205338049808,0.5800959083265864,0.8791909064626324,1.253205338049808
2016-04-13,1.0580078598372482,1.13505773085356,0.5254065917140551,0.796304009388841,1.13505773085356
2016-04-14,0.9582627556318062,2.281138790035587,0.4758731834756643,0.7212313852517015,2.281138790035587
2016-04-15,0.8679212543584681,2.0660813836055665,0.4310096034625091,0.7140033743070618,2.0660813836055665
2016-04-16,0.7860968187900779,1.871298801426676,0.3903755973809971,0.6466897524741858,1.871298801426676
2016-04-17,0.7119864911807496,1.6948796073608254,0.3535724164991283,1.1764243614931238,1.6948796073608254
2016-04-18,0.6448630136986302,1.5350925684650183,0.3202389046542346,1.0895164567249085,1.5350925684650183
2016-04-19,0.5840676917153892,1.3903696660944282,0.2900479541632932,0.9868008374607122,1.3903696660944282
2016-04-20,0.529003929918624,1.2592907086564302,0.2627032958570275,0.8937688704036081,1.2592907086564302
2016-04-21,0.4791313778159031,1.65,0.2379365917378322,0.8095076163069687,1.65
2016-04-22,0.433960627179234,1.4944440460354462,0.2155048017312545,0.7331902044910882,1.4944440460354462
2016-04-23,0.393048409395039,1.3535533374126028,0.1951877986904985,0.6640677186140714,1.3535533374126028
2016-04-24,0.3559932455903747,1.2259452885379825,0.1767862082495641,1.2274209012464046,1.2274209012464046
2016-04-25,0.7744966442953021,1.110367658921694,0.1601194523271173,1.1117041562710004,1.1117041562710004
2016-04-26,0.7014799386312406,1.0056862647186924,0.1450239770816466,1.0068967619951852,1.0068967619951852
2016-04-27,0.6353469804247076,0.9108738487808954,0.1313516479285137,0.9119702248097418,0.9119702248097418
2016-04-28,0.5754487951892747,0.8250000000000001,0.3838111197558202,0.825993013714258,0.825993013714258
2016-04-29,0.5211975913750803,1.116774193548387,0.713592305958374,0.748121419037665,1.116774193548387
2016-04-30,0.47206099226576,1.0114888147360144,0.8590961929671609,1.8633742331288343,1.8633742331288343
2016-05-01,1.574468085106383,0.9161293556446588,0.7781037518493893,1.687702138324395,1.687702138324395
2016-05-02,4.289814814814815,0.8297600369342121,0.7047469813025223,1.910045431600202,4.289814814814815
2016-05-03,3.885386793087667,2.487188612099644,0.6383060182842475,1.7299733472194705,3.885386793087667
2016-05-04,3.5190867633179512,2.25270558346635,0.5781288658021129,1.5668777991225142,3.5190867633179512
2016-05-05,3.1873201581349457,2.040328755564905,0.7993866299104065,1.4191583016750091,3.1873201581349457
2016-05-06,2.8868312928081976,1.847974036793262,1.1441766211604094,1.2853652571636318,2.8868312928081976
2016-05-07,2.614671416633952,1.673753816068957,1.1856609410007468,1.1641857306357632,2.614671416633952
2016-05-08,2.368169776319802,1.5159584393656722,1.166411260098276,2.605598621877692,2.605598621877692
2016-05-09,2.144907407407408,1.3730394325740702,1.056446280534891,2.3599523314080484,2.3599523314080484
2016-05-10,1.9426933965438336,1.809876543209877,1.1720124282982791,2.137464673091047,2.137464673091047
2016-05-11,1.7595433816589754,3.481025641025641,1.4030203498750449,1.9359523359466764,3.481025641025641
2016-05-12,1.5936600790674729,3.1528472989863583,1.270748732325654,1.7534378435538935,3.1528472989863583
2016-05-13,1.4434156464040988,2.8556084085024853,2.055153971739008,1.588130148722635,2.8556084085024853
2016-05-14,1.307335708316976,2.684745762711864,1.8614015859099755,2.3583050847457625,2.684745762711864
2016-05-15,1.184084888159901,3.7009433962264153,1.68591546505703,2.135972722808135,3.7009433962264153
2016-05-16,1.072453703703704,3.3520320140634965,1.5269735326506415,1.9346010412695376,3.3520320140634965
2016-05-17,0.9713466982719168,3.0360147185075133,1.383016063226341,1.7522139439874151,3.0360147185075133
2016-05-18,0.8797716908294878,2.749790375605778,1.2526303765212046,1.587021633922593,2.749790375605778
2016-05-19,0.7968300395337365,2.7436974789915967,1.1345369745910625,1.4374030495424637,2.7436974789915967
2016-05-20,0.7217078232020493,4.7975,1.027576985869504,1.301889957055714,4.7975
2016-05-21,0.6536678541584878,4.345209279306093,0.9307007929549878,1.3219143576826196,4.345209279306093
2016-05-22,0.5920424440799505,3.935558870446644,0.8429577325285149,1.1972891158833707,3.935558870446644
2016-05-23,0.5362268518518519,3.564528801067256,0.7634867663253208,1.1541231544832553,3.564528801067256
2016-05-24,0.4856733491359584,3.2284780870768643,0.6915080316131705,1.045316652490393,3.2284780870768643
2016-05-25,0.4398858454147439,2.924109003022985,0.6263151882606024,0.9467680288096794,2.924109003022985
2016-05-26,0.3984150197668683,2.648434720925058,0.5672684872955311,0.8575102082614188,2.648434720925058
2016-05-27,0.3608539116010246,2.39875,0.9068730786122092,0.776667287970238,2.39875
2016-05-28,0.3268339270792439,2.1726046396530463,0.82137640778294,0.7034459419743146,2.1726046396530463
2016-05-29,0.2960212220399753,1.967779435223321,0.8237183511194811,1.6698471705906648,1.967779435223321
2016-05-30,0.2681134259259259,1.849146757679181,0.7460612032973597,1.5124200981080935,1.849146757679181
2016-05-31,0.2428366745679791,1.6748159771269102,0.8297088887560524,1.36983467316484,1.6748159771269102
2016-06-01,1.6844444444444446,1.5169204637711204,0.751486974996466,1.2406916796146097,1.6844444444444446
2016-06-02,1.525641194471203,1.9864406779661017,0.6806395366403979,1.1237238142822854,1.9864406779661017
2016-06-03,1.3818093330084211,1.7991663296903366,0.6164713351688288,1.1356749757202975,1.7991663296903366
2016-06-04,1.2515374124064522,1.6295475207473755,1.423466364586964,1.0286077004222114,1.6295475207473755
2016-06-05,1.13354705112814,1.4759197515834777,1.4813867259918427,0.931634335516476,1.4813867259918427
2016-06-06,1.026680388763325,1.3367754455636622,1.3417270136572437,0.8438032641180525,1.3417270136572437
2016-06-07,0.9298887237386112,4.6571428571428575,1.2783800979830755,0.7642525842948475,4.6571428571428575
2016-06-08,0.8422222222222223,4.218084493571909,1.1578591066672832,0.6922016510706895,4.218084493571909
2016-06-09,0.7628205972356015,3.8204189436927134,1.048700392792025,0.6269434158172712,3.8204189436927134
2016-06-10,0.6909046665042107,3.4602438447046087,0.9498327624745914,0.5678374878601489,3.4602438447046087
2016-06-11,0.6257687062032261,3.58266253869969,1.1409330548095096,1.2303558460421204,3.58266253869969
2016-06-12,0.56677352556407,6.305853658536585,1.0333700670818815,2.18436632747456,6.305853658536585
2016-06-13,0.5133401943816626,5.711360881921718,0.9359477236980408,1.978432274214952,5.711360881921718
2016-06-14,0.4649443618693054,5.172914705907676,0.968644252414494,1.79191292889994,5.172914705907676
2016-06-15,0.4211111111111111,4.685231262359349,1.0251543562771552,1.6229779440051229,4.685231262359349
2016-06-16,0.3814102986178007,4.243524826867919,0.9285065600034516,1.4699695304638214,4.243524826867919
2016-06-17,0.3454523332521053,3.843460855585672,0.840970363819401,1.3313861894879866,3.843460855585672
2016-06-18,0.3128843531016131,3.4811134495759446,0.7616867594558586,1.2058679780934194,3.4811134495759446
2016-06-19,0.2833867627820349,3.1529268292682926,0.8689732982324183,1.09218316373728,3.1529268292682926
2016-06-20,0.2566700971908312,2.855680440960859,0.7870496798225586,1.510226767452201,2.855680440960859
2016-06-21,0.2324721809346527,2.586457352953837,0.7128495199666223,1.3678481216862424,2.586457352953837
2016-06-22,0.2105555555555555,2.342615631179674,0.645644679292936,1.2388924129301655,2.342615631179674
2016-06-23,0.1907051493089003,2.1217624134339594,0.5847756647416928,1.1220941758678624,2.1217624134339594
2016-06-24,0.1727261666260526,1.921730427792836,0.5296451578422078,1.016307248616229,1.921730427792836
2016-06-25,0.1564421765508065,2.3891213389121337,1.980734250221828,0.92049352523466,2.3891213389121337
2016-06-26,0.1416933813910174,2.5678160919540227,1.793997883043936,0.8337127686067373,2.5678160919540227
2016-06-27,0.1283350485954156,2.325731799960422,1.6248663363122453,1.3166376811594205,2.325731799960422
2016-06-28,0.1162360904673263,2.106470327955245,1.471679892063796,1.1925099050876435,2.106470327955245
2016-06-29,0.1052777777777777,1.9078800240988167,1.476988005330964,1.080084440906984,1.9078800240988167
2016-06-30,0.0953525746544501,1.7280120864026915,1.3377429882621992,0.9782580375327066,1.7280120864026915
2016-07-01,0.0,1.565101438788964,1.2116254811721874,0.8860314543497414,1.565101438788964
2016-07-02,0.0,3.484076433121019,1.7644539411206075,0.9026978417266188,3.484076433121019
2016-07-03,0.0,3.155610473581892,1.598107688976648,0.8653102746693794,3.155610473581892
2016-07-04,2.053333333333333,3.447058823529412,2.548298785278298,0.7837319926987578,3.447058823529412
2016-07-05,1.8597525906218884,3.1220827485802904,2.3080545134415225,1.1298289528577388,3.1220827485802904
2016-07-06,1.6844219310023498,2.8277442271792697,2.090459591235104,1.023312819173764,2.8277442271792697
2016-07-07,1.5256208035139336,2.561154863041917,1.8933787209690869,0.92683863627029,2.561154863041917
2016-07-08,1.3817908644358856,2.319698567301649,1.8822018120888668,0.8394596858240891,2.319698567301649
2016-07-09,1.2515206849832614,2.101005886364184,1.7047547221292936,0.760318502646422,2.101005886364184
2016-07-10,1.133531900705114,1.9029307500378063,1.5440366935981418,0.6886384602245641,1.9029307500378063
2016-07-11,1.0266666666666666,1.723529411764706,1.398470571883636,0.6237161495476468,1.723529411764706
2016-07-12,0.9298762953109442,2.1580736543909347,1.266627890731688,0.5649144764288694,2.1580736543909347
2016-07-13,0.8422109655011748,1.954618378006357,1.1472148544523677,0.511656409586882,1.954618378006357
2016-07-14,0.7628104017569668,3.4432352941176467,1.0390596416725828,0.4634193181351449,3.4432352941176467
2016-07-15,0.6908954322179428,3.1186196875110457,0.988302980882486,0.4197298429120445,3.1186196875110457
2016-07-16,2.595833333333333,2.824607650818064,0.8951293972478271,0.404796511627907,2.824607650818064
2016-07-17,2.3511076784850578,2.558313991606802,1.617269238537669,2.2308988764044946,2.558313991606802
2016-07-18,2.129453861636493,2.317125522815734,1.4647990208296358,2.020577904939312,2.317125522815734
2016-07-19,1.9286967544423308,4.45662100456621,1.3267031365560005,1.8300852239923209,4.45662100456621
2016-07-20,1.7468662916874125,4.036467106491201,1.4005400476925234,2.6877267876200643,4.036467106491201
2016-07-21,1.6740458015267177,3.655923778371939,1.268502263944419,2.4343377546235034,3.655923778371939
2016-07-22,1.5162228975043874,3.311256680816579,1.1489125186268003,2.204837311173571,3.311256680816579
2016-07-23,1.3732789585685117,2.999083534267533,1.501369704004643,1.9969733285819056,2.999083534267533
2016-07-24,2.283783783783784,2.7163409280903377,1.5597704060099602,2.7035860655737705,2.7163409280903377
2016-07-25,2.0684770170351383,2.4602542587800023,1.4127209675417427,2.4487018779643144,2.4602542587800023
2016-07-26,1.8734685833147409,2.228310502283105,1.2795348113043588,2.217847237599748,2.228310502283105
2016-07-27,1.6968448301631371,2.0182335532456004,1.911187798227676,2.008756726816427,2.0182335532456004
2016-07-28,1.7424242424242424,1.8279618891859688,1.731008015707238,1.8193785032269456,1.8279618891859688
2016-07-29,1.5781548695507466,1.6556283404082894,1.5678149228565537,1.6478541646256912,1.6556283404082894
2016-07-30,1.4293722112254297,1.4995417671337663,1.420007076817272,1.49250051215732,1.4995417671337663
2016-07-31,3.368493150684932,1.358170464045169,1.2861340128956185,1.4320422535211266,3.368493150684932
2016-08-01,3.0509239594862283,1.230127129390001,1.164882010894262,1.2970345572398971,3.0509239594862283
2016-08-02,2.7632940279764133,1.1141552511415524,1.0550612033422593,1.1747548918602335,2.7632940279764133
2016-08-03,2.502780792457368,1.0091167766228002,0.9555938991138376,1.0640033052676,2.502780792457368
2016-08-04,2.266827790193811,0.9139809445929848,0.865504007853619,0.9636929724358788,2.266827790193811
2016-08-05,2.0531195723895923,0.8278141702041448,1.1130022962112516,1.403279910547894,2.0531195723895923
2016-08-06,1.8595589822766472,0.7497708835668832,1.3868342881391893,1.308148148148148,1.8595589822766472
2016-08-07,1.6842465753424658,0.6790852320225844,1.7601810352403553,1.6872456964006262,1.7601810352403553
2016-08-08,1.525461979743114,1.4983009708737862,1.5942376170057313,1.5281783546574823,1.5942376170057313
2016-08-09,1.3816470139882064,1.3570466455099746,1.9011854419410747,1.3841072990291627,1.9011854419410747
2016-08-10,1.2513903962286836,1.914471243042672,1.7287428197484185,2.886504125107745,2.886504125107745
2016-08-11,1.1334138950969057,1.733981909376485,1.5657632812724558,2.614375093105469,2.614375093105469
2016-08-12,1.0265597861947964,1.5705084487277954,1.4181488564839666,2.367901389087778,2.367901389087778
2016-08-13,0.9297794911383236,1.6017937219730944,1.3353622577927549,2.144664322740177,2.144664322740177
2016-08-14,0.8421232876712329,1.4507824792603925,2.2768745390477747,2.012603116406966,2.2768745390477747
2016-08-15,0.7627309898715571,1.314008023165598,2.062219150575544,1.822862269301076,2.062219150575544
2016-08-16,1.4153488372093024,1.1901281616137176,1.946005305694368,1.6510094939997904,1.946005305694368
2016-08-17,2.2221238938053096,1.0779272394804431,1.9038776588717137,1.5808871493803,2.2221238938053096
2016-08-18,2.012630195545725,0.9763042091521048,1.7243870495034768,2.43195790639712,2.43195790639712
2016-08-19,1.8228867955178567,0.93076171875,1.5618181570855156,2.2026818263175785,2.2026818263175785
2016-08-20,1.6510317079747243,0.8430129144628218,1.414575664149395,1.995021054939871,1.995021054939871
2016-08-21,1.495378488362764,0.7635367459090623,1.3622234590232365,1.8069377801637847,1.8069377801637847
2016-08-22,1.354399683941344,0.6915532993048953,1.711051307552799,1.6365863073468323,1.711051307552799
2016-08-23,1.2267118446172314,0.626356188280224,1.951705400981997,1.4822949471743092,1.951705400981997
2016-08-24,1.1110619469026548,0.5673056219835378,1.7677057673410717,1.3425496110745896,1.7677057673410717
2016-08-25,1.0063150977728628,0.5138221267004447,1.6010529449365962,1.21597895319856,1.6010529449365962
2016-08-26,0.9114433977589286,0.465380859375,1.4501115399684927,1.1013409131587892,1.4501115399684927
2016-08-27,0.8255158539873623,0.4215064572314109,1.31340033757164,1.5294520547945207,1.5294520547945207
2016-08-28,0.7476892441813819,1.979435483870968,1.1895777663908376,3.738443848217708,3.738443848217708
2016-08-29,0.6771998419706722,1.792821559625612,1.077428733502383,3.385997060852603,3.385997060852603
2016-08-30,0.6530386740331495,1.6238009123554416,1.1237310859988507,3.066777665142238,3.066777665142238
2016-08-31,0.5914725807513471,1.4707149123736452,1.5874809718078302,2.777653104355336,2.777653104355336
2016-09-01,0.5357107131497395,1.3320612995226284,1.4378190827350157,2.51578614773073,2.51578614773073
2016-09-02,0.4852058700994127,1.2064794412277762,1.3022667681633275,2.278607048227055,2.278607048227055
2016-09-03,0.4394624385887972,1.0927369803678924,1.4632151092566157,2.063788325137773,2.063788325137773
2016-09-04,0.3980315301849974,0.989717741935484,1.747164906580016,1.869221924108854,1.869221924108854
2016-09-05,0.6876237623762378,0.896410779812806,1.6172147225106726,1.6929985304263016,1.6929985304263016
2016-09-06,0.62279711369434,1.4458852867830423,1.475712900096993,1.533388832571119,1.533388832571119
2016-09-07,0.5640820839082225,1.3095725200504067,1.363138934865154,1.388826552177668,1.388826552177668
2016-09-08,0.5109024919829757,1.4971544715447154,1.410368576809255,1.257893073865365,1.4971544715447154
2016-09-09,0.4627364771203819,1.9436314363143632,1.34009526478005,1.1393035241135276,1.9436314363143632
2016-09-10,0.4191113776460437,1.760392986477165,2.0540487739153868,1.9083480305702527,2.0540487739153868
2016-09-11,0.3795990926962688,1.5944295862565798,1.860400582087429,1.7284359709388992,1.860400582087429
2016-09-12,0.3438118811881189,1.444112607275094,1.685008832206931,1.5654853610443231,1.685008832206931
2016-09-13,0.31139855684717,1.3079669622709025,3.539936025589764,1.417897137556569,3.539936025589764
2016-09-14,0.2820410419541112,1.8334519572953736,3.206203828356972,1.2842229909770404,3.206203828356972
2016-09-15,0.2554512459914878,1.6606008250133977,2.9039346797964423,1.1631511531196788,2.9039346797964423
2016-09-16,0.2313682385601909,1.5040454641108012,2.630162358968268,1.053493524496344,2.630162358968268
2016-09-17,0.2095556888230219,1.362249568973943,2.38220028937374,0.9541740152851264,2.38220028937374
2016-09-18,0.1897995463481343,1.233821671253007,2.469435779194358,1.289984251968504,2.469435779194358
2016-09-19,0.1719059405940594,2.665561497326204,2.2366264225963097,1.168369263535648,2.665561497326204
2016-09-20,1.1941176470588235,2.414262126679075,2.0257654790634025,2.08931610463284,2.414262126679075
2016-09-21,1.081540610856312,2.186654339869344,1.8347837326366327,1.892343038093648,2.186654339869344
2016-09-22,0.9795769251150028,1.980504581185036,1.6618070454554597,1.713939870506472,1.980504581185036
2016-09-23,1.1396226415094342,1.7937898663623646,1.5051379665094953,1.5523558998431275,1.7937898663623646
2016-09-24,1.0321831947460374,1.8970991136180504,1.828802132329884,1.4060054738476115,1.8970991136180504
2016-09-25,0.9348727453370064,1.71824756065795,1.6563893685074684,1.4399503722084366,1.71824756065795
2016-09-26,1.251082251082251,1.5562574767516375,1.5002310482923626,1.3041971274748014,1.5562574767516375
2016-09-27,1.1331348007457531,1.4095392243815947,1.3587947623018406,1.680963759458383,1.680963759458383
2016-09-28,1.0263070038363955,1.276653031230603,1.230692571094627,2.514789219073946,2.514789219073946
2016-09-29,0.9295505401744114,1.4818089430894308,1.1146673850741942,2.277704106351023,2.277704106351023
2016-09-30,2.795890410958904,1.342109425673986,1.0095806284448663,2.062970509313196,2.795890410958904
2016-10-01,2.532304107894019,2.2102489019033675,1.1718910006074807,1.868481208963525,2.532304107894019
2016-10-02,2.293567755632314,3.027124563445867,1.0614094111881036,1.6923276471906985,3.027124563445867
2016-10-03,2.077338591868844,2.7417383517874696,0.9613436211854848,2.3724566246056784,2.7417383517874696
2016-10-04,2.7425925925925925,2.483257306433831,0.8707116671968502,2.1487901073450346,2.7425925925925925
2016-10-05,2.4840310125460108,2.334517766497461,1.4180716253443528,1.9462100497585784,2.4840310125460108
2016-10-06,2.249845670828355,2.114427985761272,1.284381028695561,1.7627284976945796,2.249845670828355
2016-10-07,2.037738465010945,1.915087463085851,1.2910904684975768,1.596544914034346,2.037738465010945
2016-10-08,1.845627949341221,2.349389416553596,1.9626862783046253,1.4460285097010916,2.349389416553596
2016-10-09,1.671628909145211,2.1278975911437645,2.3628823770252088,1.327090464547677,2.3628823770252088
2016-10-10,1.514033860880478,1.927287203429071,2.140118484743882,1.2019772383598124,2.140118484743882
2016-10-11,2.2954545454545454,1.745589627978715,1.9383559559611483,1.0886592286890606,2.2954545454545454
2016-10-12,2.079047502060331,1.9654639175257729,1.755614859080899,0.9860244257429742,2.079047502060331
2016-10-13,1.8830425217448048,2.07283950617284,1.590101923202914,0.893065655937641,2.07283950617284
2016-10-14,1.705516172759452,1.8774197929618508,1.4401929404364284,0.96229632436529,1.8774197929618508
2016-10-15,1.5447263574530452,1.7004235342429923,1.3044168272590924,0.8715745530118193,1.7004235342429923
2016-10-16,1.399095216757409,2.4343925233644863,1.1814411885126044,1.1419790104947527,2.4343925233644863
2016-10-17,1.2671936463756257,2.2048869165183405,1.215795646462751,2.219473819963889,2.219473819963889
2016-10-18,1.1477272727272727,1.997018257316538,1.1835746754768266,2.0102299609555043,2.0102299609555043
2016-10-19,1.0395237510301656,1.808746693618656,1.1679021049451104,1.8207128462497093,1.8207128462497093
2016-10-20,1.156585365853659,1.6382246830695149,1.0577965739924151,1.6490627106776536,1.6490627106776536
2016-10-21,1.0475467355949868,3.663946280991736,1.500212570378031,1.493595120915935,3.663946280991736
2016-10-22,0.9487878678507852,3.3185228512859486,2.0207007901064924,1.3527844458426734,3.3185228512859486
2016-10-23,0.8593396242789525,3.273809523809524,1.905631923128253,1.734739178690344,3.273809523809524
2016-10-24,0.7783242333491017,2.9651667580068373,1.7259759281539968,1.5711943254655785,2.9651667580068373
2016-10-25,0.7049466766143443,2.685621701215481,1.5632572420789352,1.423067881731341,2.685621701215481
2016-10-26,1.4864285714285717,2.4324311280515523,1.415879077482822,1.2889062563379858,2.4324311280515523
2016-10-27,1.34629353238085,2.20311043436844,1.4126067011207246,1.1673928973831147,2.20311043436844
2016-10-28,1.219369911322782,1.9954092553942304,1.279431317502812,1.0573353726534933,1.9954092553942304
2016-10-29,1.104412184176425,2.380709736123749,1.246117404737384,0.9576536680755654,2.380709736123749
2016-10-30,1.0002922503099765,3.177596741344196,1.9680502688659296,0.914285714285714,3.177596741344196
2016-10-31,0.9059883622855406,2.878024564123314,1.7825097009728166,1.3537634408602153,2.878024564123314
2016-11-01,0.8205750992697157,2.9541973490427096,1.61446121795106,1.2261355842024289,2.9541973490427096
2016-11-02,0.7432142857142858,2.6756864479336824,1.4622557301346035,1.1105400142081896,2.6756864479336824
2016-11-03,0.673146766190425,2.4234325340437715,1.3243996179884074,1.0058423709803324,2.4234325340437715
2016-11-04,0.6096849556613909,2.194960194830489,1.5657279757901816,0.9110152379162024,2.194960194830489
2016-11-05,0.5522060920882125,1.9880273905752888,1.876903163950144,1.33622001170275,1.9880273905752888
2016-11-06,0.5001461251549881,2.4640167364016734,1.9765959183673465,1.210246085262175,2.4640167364016734
2016-11-07,0.4529941811427704,3.0278260869565217,1.790249697952755,1.0961485190047056,3.0278260869565217
2016-11-08,0.4102875496348578,2.828301886792453,1.6214715163771214,0.9928076532103964,2.828301886792453
2016-11-09,0.3716071428571429,2.5616599485501816,1.4686051233126394,0.8992093855749702,2.5616599485501816
2016-11-10,0.3365733830952125,2.320156035198961,2.0756517796418046,1.4430262045646665,2.320156035198961
2016-11-11,0.3048424778306955,2.101420225864421,1.8799669355930744,1.3069829816271474,2.101420225864421
2016-11-12,0.2761030460441063,1.9033060271282087,1.702730541600347,1.1837654152499062,1.9033060271282087
2016-11-13,0.250073062577494,1.7238693091061403,1.5422033453923327,1.07216434952903,1.7238693091061403
2016-11-14,0.8513513513513513,3.2230188679245284,1.396810065028799,0.9710846233485612,3.2230188679245284
2016-11-15,0.7710890655219746,2.919164459048312,1.2651239303785893,0.8795343233695945,2.919164459048312
2016-11-16,1.2136363636363638,2.6439563304382023,1.1458526819704518,0.796615050208185,2.6439563304382023
2016-11-17,1.0992191743566506,2.394693815758241,1.1026894158473106,0.7215131022823332,2.394693815758241
2016-11-18,2.64179104477612,2.233333333333333,0.998731898266253,0.6534914908135737,2.64179104477612
2016-11-19,2.392732665294201,4.05,1.1172062995206886,0.9670097198399086,4.05
2016-11-20,2.1671545972142074,3.668180840268822,1.0118801833405977,0.8758435868322159,3.668180840268822
2016-11-21,1.9628432028152227,3.3223581918309337,0.91648382745128,0.7932722627877177,3.3223581918309337
2016-11-22,1.7777935380293062,3.0091384355023205,0.8300810904377832,1.8469190290273296,3.0091384355023205
2016-11-23,1.610189677568598,2.725447890080521,0.8581285310734462,1.6727982705693698,2.725447890080521
2016-11-24,1.4583868949273493,2.4685026497640625,1.2597583452795411,1.5150929791944157,2.4685026497640625
2016-11-25,1.3208955223880596,2.23578126518947,1.751504604452179,1.372255564816485,2.23578126518947
2016-11-26,1.1963663326471006,2.1140065146579805,1.586379168319532,1.2428843384721238,2.1140065146579805
2016-11-27,4.533333333333333,1.9147057267337964,1.4368211532422952,1.1257097572971937,4.533333333333333
2016-11-28,4.105947277996377,1.7341942868044204,1.310764305722289,1.0195819662768473,4.105947277996377
2016-11-29,3.718853613901292,1.570700803990032,1.1871902499651272,0.9234595145136648,3.718853613901292
2016-11-30,3.36825372204375,1.4226208876521158,2.027700293624161,1.814322606277314,3.36825372204375
2016-12-01,3.050707103300008,1.2885014032226458,1.8365361399702744,2.6939463601532565,3.050707103300008
2016-12-02,2.7630976161968106,1.1670262123360005,1.663394242246968,2.4399709686484217,2.7630976161968106
2016-12-03,2.5026028976606414,1.0570032573289905,1.506575528203408,2.209939446421802,2.5026028976606414
2016-12-04,2.2666666666666666,0.9573528633668982,1.3645411078947216,2.001594453214504,2.2666666666666666
2016-12-05,2.0529736389981883,0.8670971434022101,1.235897172281138,1.8128914625357515,2.0529736389981883
2016-12-06,1.8594268069506457,0.8792792792792791,1.1193813155318733,1.6419786983606337,1.8594268069506457
2016-12-07,1.684126861021875,0.7963840507401556,1.8396792019169643,1.487178963322473,1.8396792019169643
2016-12-08,1.5253535516500036,0.7213038805977067,1.6662409878303326,1.3469731800766285,1.6662409878303326
2016-12-09,1.3815488080984055,0.6533019937827304,1.5091538930444004,1.2199854843242108,1.5091538930444004
2016-12-10,1.2513014488303205,1.037410071942446,1.4141589593202497,1.104969723210901,1.4141589593202497
2016-12-11,1.1333333333333333,0.9396068517039952,1.2808372344871697,1.5085127201565558,1.5085127201565558
2016-12-12,1.026486819499094,0.8510241606928157,1.1600845933453676,1.366295668488909,1.366295668488909
2016-12-13,0.929713403475323,0.7707927211998128,1.0507160687408703,1.2374863193316783,1.2374863193316783
2016-12-14,1.3527397260273972,0.6981252078330422,1.2783217078841682,1.1208206436215429,1.3527397260273972
2016-12-15,1.2252083814528876,0.6323085213535443,1.1578062213729443,1.2370193352161634,1.2370193352161634
2016-12-16,1.1097002247363597,0.572696790905625,1.048652493329451,1.1203976850572854,1.1203976850572854
2016-12-17,1.0050817537826962,0.518705035971223,0.9497893787978322,1.0147706967428831,1.0147706967428831
2016-12-18,0.9103263289208572,2.0462365591397846,0.8602467164437123,1.3065006915629322,2.0462365591397846
2016-12-19,0.8245040983061092,1.853324874294854,0.779145808188393,1.1833285937257072,1.853324874294854
2016-12-20,0.7467728731184177,1.6786001962177794,0.7056907963882543,1.0717687099375033,1.6786001962177794
2016-12-21,0.6763698630136986,1.5203479205524797,0.6391608539420841,1.929915048543689,1.929915048543689
2016-12-22,0.6126041907264438,1.8840425531914893,0.5789031106864722,1.7479697294850458,1.8840425531914893
2016-12-23,0.5548501123681797,3.0256000000000003,1.029976801507902,1.583177548411585,3.0256000000000003
2016-12-24,1.334,2.7403575185968765,0.9328743627685556,1.4339213703276894,2.7403575185968765
2016-12-25,1.2082353681280515,2.4820066531367098,0.8887095374468453,1.2987365177995172,2.4820066531367098
2016-12-26,1.0943273649141891,2.248012160606376,0.8049252587226384,1.1762963978147252,2.248012160606376
2016-12-27,0.9911581908543446,2.0360778114142284,0.7290398547888411,1.0653994836891871,2.0360778114142284
2016-12-28,1.0097560975609758,1.8441238560805304,0.6603086486737756,0.9649575242718448,1.8441238560805304
2016-12-29,0.91455999269575,1.6702666162857436,0.5980571688219606,0.8739848647425229,1.6702666162857436
2016-12-30,0.8283386277735664,1.5128,0.541674530384724,0.920496499045194,1.5128
2016-12-31,0.7502458971984107,1.3701787592984382,0.4906074404984831,1.1805111821086265,1.3701787592984382
2017-01-01,0.6795154631095068,1.2410033265683549,1.1111073137388927,1.069216913563941,1.2410033265683549
2017-01-02,0.615453235171528,1.124006080303188,1.0063561875900162,0.9684150608460774,1.124006080303188
2017-01-03,0.5574305593426323,1.9901098901098904,0.9890777290448344,0.8946104276508495,1.9901098901098904
2017-01-04,1.242372881355932,1.8024896219581703,1.1053650171484568,0.926962457337884,1.8024896219581703
2017-01-05,1.1252465184838023,1.6325575051976182,1.0011552536808364,0.8395718334951436,1.6325575051976182
2017-01-06,1.0191623999213535,1.4786459657291284,0.906770004860868,1.1100276625172891,1.4786459657291284
2017-01-07,0.9230795033367653,1.3392446422292292,0.8212830514471859,1.0053783219294583,1.3392446422292292
2017-01-08,0.8360549501690822,1.2129855647056622,0.7438554947545879,0.9105949377094466,1.2129855647056622
2017-01-09,0.7572347529931189,1.3504629629629632,0.6737275243919665,0.8247473836423638,1.3504629629629632
2017-01-10,0.6858454351889021,2.093129770992366,0.6102109621077425,1.1554958677685951,2.093129770992366
2017-01-11,0.621186440677966,1.895797165963078,0.5526825085742284,1.0465599513971746,1.895797165963078
2017-01-12,0.872093023255814,1.7170683558572089,0.5005776268404182,0.9478941140513052,1.7170683558572089
2017-01-13,0.7898752886022442,1.72992700729927,2.0455245901639345,0.9062317144528964,2.0455245901639345
2017-01-14,0.7154087407043355,1.566835827960189,1.8526800271452049,2.115823293172691,2.115823293172691
2017-01-15,0.6479626260771577,1.4191202874000743,1.6780161428945088,1.916351226027296,1.916351226027296
2017-01-16,0.5868750839966669,1.2853308267352437,1.5198189296364015,1.7356846544540725,1.7356846544540725
2017-01-17,0.5315466515426491,1.1641545461820015,1.3765359699679305,1.572050665238775,1.572050665238775
2017-01-18,0.4814343809624182,1.0544023213374476,1.246761202710425,1.4238434889285754,1.4238434889285754
2017-01-19,0.436046511627907,0.9549971340901224,1.1292211249809616,1.2896087421306943,1.2896087421306943
2017-01-20,0.3949376443011221,1.9522388059701488,1.0227622950819673,1.1680291553893802,1.9522388059701488
2017-01-21,0.3577043703521677,1.7681888848614775,0.9263400135726024,1.0579116465863454,1.7681888848614775
2017-01-22,0.3239813130385788,1.6014905159074484,0.8390080714472543,0.9581756130136478,1.6014905159074484
2017-01-23,2.8560000000000003,1.4505078583515885,0.7599094648182009,0.867842327227036,2.8560000000000003
2017-01-24,2.5867467851377177,1.632692307692308,0.6882679849839652,0.7860253326193875,2.5867467851377177
2017-01-25,2.342877776757814,2.2818965517241376,0.6233806013552126,1.6097097097097095,2.342877776757814
2017-01-26,2.1219998448875628,2.2375634517766496,0.5646105624904807,1.4579521766794676,2.2375634517766496
2017-01-27,1.9219454750790048,2.0266141685661423,0.5113811475409836,1.320501787783666,2.0266141685661423
2017-01-28,1.740751498203991,2.182352941176471,0.4631700067863012,1.1960097178984617,2.182352941176471
2017-01-29,1.5766398255262044,1.9766087025994672,0.9243874278383578,1.5757855822550833,1.9766087025994672
2017-01-30,1.4280000000000002,2.004424778761062,0.8372395683412451,1.7857226277372265,2.004424778761062
2017-01-31,1.843137254901961,2.833195592286501,0.758307689704764,1.8490800966363128,2.833195592286501
2017-02-01,1.669373028251122,2.56609229342208,0.6868172193588964,2.391868289191124,2.56609229342208
2017-02-02,1.5119906561709404,2.324170514837618,0.8251712438384227,2.1663717113228267,2.324170514837618
2017-02-03,1.3694457174399328,2.1153225806451608,0.7473771226145418,1.9621341245369808,2.1153225806451608
2017-02-04,1.2403393932102105,1.9158977188421185,0.6769171460814579,1.7771513090528868,1.9158977188421185
2017-02-05,1.1234047401492224,1.7352739022645434,0.6874556302394079,1.609607995586779,1.7352739022645434
2017-02-06,1.0174942576993955,1.5716786372605704,0.766623056408192,1.4578600517913396,1.5716786372605704
2017-02-07,0.9215686274509804,3.3323529411764707,0.6943486437592232,1.320418348092421,3.3323529411764707
2017-02-08,0.834686514125561,3.01819091650296,0.6914328107864008,1.195934144595562,3.01819091650296
2017-02-09,0.7559953280854701,2.7336469363431,1.0508263941458489,1.0831858556614131,2.7336469363431
2017-02-10,0.6847228587199664,2.4759287199884743,0.9517583322110066,0.9810670622684902,2.4759287199884743
2017-02-11,0.6201696966051052,2.242507232724205,1.2454588758335978,0.8885756545264434,2.242507232724205
2017-02-12,0.5617023700746113,2.0310918679612806,1.1280415767100125,0.905813234384663,2.0310918679612806
2017-02-13,0.5087471288496977,2.2062500000000003,1.021693950299827,0.820416481785618,2.2062500000000003
2017-02-14,0.4607843137254901,2.1004,0.925372388421825,0.7430706221053726,2.1004
2017-02-15,0.4173432570627805,4.103108808290156,0.8381316704500585,0.6730166466601387,4.103108808290156
2017-02-16,0.3779976640427351,3.7162827447180713,0.7591156876956561,0.6095671033236277,3.7162827447180713
2017-02-17,0.3423614293599832,3.542586750788644,0.6875490422599251,0.5520993504370115,3.542586750788644
2017-02-18,0.3100848483025525,3.208604652897057,0.6227294379167989,0.5000494467155329,3.208604652897057
2017-02-19,0.2808511850373056,3.197857142857143,0.6231075991433425,0.4529066171923315,3.197857142857143
2017-02-20,0.2543735644248489,2.8963748892210788,0.5643632979267936,0.410208240892809,2.8963748892210788
2017-02-21,0.230392156862745,2.6901515151515154,0.5111571941743184,0.3715353110526862,2.6901515151515154
2017-02-22,0.2086716285313902,2.436533887728132,1.1365317341329335,0.8050030018010808,2.436533887728132
2017-02-23,0.1889988320213675,4.678082191780822,1.029383686791093,1.0898239823982396,4.678082191780822
2017-02-24,0.8535519125683061,4.237049744467455,1.2166987247987464,0.987079370740417,4.237049744467455
2017-02-25,0.993877551020408,3.837596220227512,1.385421819181094,0.8940211445863216,3.837596220227512
2017-02-26,0.9001784173398419,3.47580171054978,1.254809326619868,0.8097361070041351,3.47580171054978
2017-02-27,0.8153128946443259,3.1481158615339018,1.136510501258672,1.2053361792956243,3.1481158615339018
2017-02-28,0.7384481824588712,2.851323033635811,1.0293644556744137,1.09170150098149,2.851323033635811
2017-03-01,0.6688299936856709,2.582510746024705,1.0607283245568495,0.988779883751362,2.582510746024705
2017-03-02,0.6057751526505913,2.339041095890411,0.9607267449061444,0.8955613394617233,2.339041095890411
2017-03-03,0.5486648909787211,2.118524872233728,1.2493416030534352,0.8111310979503644,2.118524872233728
2017-03-04,0.496938775510204,1.918798110113756,1.1315582546349006,1.1485418016850293,1.918798110113756
2017-03-05,0.4500892086699209,4.072340425531915,1.0248790887159929,1.040261489182434,4.072340425531915
2017-03-06,0.4076564473221629,4.977613104524181,0.9282572436593024,0.9421894477749424,4.977613104524181
2017-03-07,0.3692240912294356,4.508341980317682,1.168325294584529,0.8533632790695075,4.508341980317682
2017-03-08,0.3344149968428354,4.083312018168129,1.1631836278549974,0.7729113160670972,4.083312018168129
2017-03-09,0.3028875763252957,3.6983523234280846,1.0535229376326127,0.7552311435523114,3.6983523234280846
2017-03-10,0.2743324454893605,3.349685218114218,0.9542006554586852,0.7455422488356621,3.349685218114218
2017-03-11,0.248469387755102,3.0338891698810526,2.0308401811168872,1.395414320193081,3.0338891698810526
2017-03-12,0.2250446043349604,2.7478652159152497,1.839380010375563,2.1591947769314475,2.7478652159152497
2017-03-13,1.3864864864864863,2.4888065522620906,1.6659700029711375,1.9556338052218392,2.4888065522620906
2017-03-14,1.25577362099293,2.254170990158841,1.5089084556447705,1.7712638160238914,2.254170990158841
2017-03-15,1.137383885491671,3.17363184079602,1.366654095485374,1.604275553827229,3.17363184079602
2017-03-16,1.0301555004422358,2.8744334598703785,1.2378109551442875,1.4530303331014065,2.8744334598703785
2017-03-17,0.9330362146221604,2.6034424059565784,3.3751536071798407,1.3160439575832104,3.3751536071798407
2017-03-18,1.6911764705882353,2.3579993956230334,3.056956492548468,1.191972155594639,3.056956492548468
2017-03-19,1.5317385498580776,2.135695852935771,2.8749433249370275,1.0795973884657235,2.8749433249370275
2017-03-20,1.3873318520717406,1.934350273674216,2.603904202813024,0.9778169026109196,2.603904202813024
2017-03-21,1.9285714285714288,1.751986817842102,2.358417655963999,0.8856319080119456,2.358417655963999
2017-03-22,1.7467527810803916,1.58681592039801,2.1360746812244065,1.0879921741257033,2.1360746812244065
2017-03-23,1.582075329443302,1.4372167299351892,1.934693387419926,4.040413556833475,4.040413556833475
2017-03-24,1.4329230645249145,1.301721202978289,1.7522975840811252,3.65949817183678,3.65949817183678
2017-03-25,1.297832328609772,3.718987341772152,1.587097388734748,3.314494093563076,3.718987341772152
2017-03-26,1.1754774522686011,3.36837484254096,1.4374716624685138,3.002015735603025,3.36837484254096
2017-03-27,1.0646577453283192,3.63348623853211,1.301952101406512,2.718996692228279,3.63348623853211
2017-03-28,0.9642857142857144,3.2909344700157823,1.1792088279819992,2.462659647206438,3.2909344700157823
2017-03-29,0.8733763905401958,2.980677227035092,1.0680373406122032,2.230489119502676,2.980677227035092
2017-03-30,0.7910376647216508,2.699669900058204,0.967346693709963,2.0202067784167377,2.699669900058204
2017-03-31,0.7164615322624572,2.445154914183691,0.8761487920405627,1.8297490859183896,2.445154914183691
2017-04-01,0.648916164304886,2.2146346685673506,1.4393334795001098,1.6572470467815377,2.2146346685673506
2017-04-02,0.5877387261343008,2.005847027020704,1.3036383931505582,1.5010078678015124,2.005847027020704
2017-04-03,0.5323288726641595,1.816743119266055,1.180736142319435,1.3594983461141394,1.816743119266055
2017-04-04,0.4821428571428571,1.6454672350078912,1.1653554102510018,1.3768527587332682,1.6454672350078912
2017-04-05,0.4366881952700979,1.4903386135175458,1.0554899723423057,1.3893022062596203,1.4903386135175458
2017-04-06,0.3955188323608254,1.3498349500291018,1.3643461253832327,1.258323885023393,1.3643461253832327
2017-04-07,0.3582307661312287,1.2225774570918455,2.593238576362132,1.1396937199741826,2.593238576362132
2017-04-08,0.4472843450479234,1.1073173342836755,2.348757545693227,1.032247572193579,2.348757545693227
2017-04-09,0.4051160159646867,2.6754966887417218,2.1273252907527698,0.9349310535146902,2.6754966887417218
2017-04-10,0.3669231624315314,2.700544959128065,1.926768857421879,1.5207083128381702,2.700544959128065
2017-04-11,0.3323309911807872,2.445947475890893,1.745120149733725,1.3773415053803708,2.445947475890893
2017-04-12,0.3010000430807187,2.2153525104609537,1.5805966165976069,1.247490795195875,2.2153525104609537
2017-04-13,0.2726228619626623,2.0064971934109392,1.431583759307918,1.1298819341603024,2.0064971934109392
2017-04-14,0.2469209774989357,1.8173319903514007,1.302549819551232,1.0233608055932593,1.8173319903514007
2017-04-15,0.2236421725239617,1.646000589485089,1.550263040570664,0.92688209870599,1.646000589485089
2017-04-16,0.2025580079823433,1.4908216852889855,1.4041099216785673,0.8394990507806096,1.4908216852889855
2017-04-17,0.1834615812157657,3.743928571428572,1.2943336310409843,2.423851851851852,3.743928571428572
2017-04-18,0.1661654955903936,3.39096470445662,1.278075187969925,2.1953399808921152,3.39096470445662
2017-04-19,1.106432748538012,3.071276977510025,1.1575829424529018,1.9883713717986613,3.071276977510025
2017-04-20,1.002122323267434,2.781728238039756,1.0484502643278373,1.800915004782934,2.781728238039756
2017-04-21,0.9076459026704392,2.5194770927437484,0.9496062152054704,1.63113133715985,2.5194770927437484
2017-04-22,2.0733333333333333,5.611320754716983,1.4505504494495507,1.5957582184517496,5.611320754716983
2017-04-23,1.8778670639071664,5.082305995322376,2.1577858585858585,1.4453159808953624,5.082305995322376
2017-04-24,1.7008286381225026,4.603164808993804,1.954357714535224,1.30905688623573,4.603164808993804
2017-04-25,1.5404807464053032,4.169195298012534,1.7701080304912769,1.1856437997313254,4.169195298012534
2017-04-26,1.3952498663622093,3.776138842347763,1.6032287315195264,1.5467131839882484,3.776138842347763
2017-04-27,1.263710821525306,3.420138309060482,2.459207379569525,1.4008947325671304,3.420138309060482
2017-04-28,1.144572795841852,3.097700201571622,2.22736231900855,1.2688235104287071,3.097700201571622
2017-04-29,1.5373983739837398,2.805660377358492,2.0173747612157764,1.9625,2.805660377358492
2017-04-30,1.3924580887179248,2.541152997661188,1.8271840609218768,1.995744680851064,2.541152997661188
2017-05-01,1.261182242447515,2.301582404496901,1.6549238429427675,2.202976190476191,2.301582404496901
2017-05-02,1.142282601934134,2.084597649006267,1.4989036871078294,1.9952876675242377,2.084597649006267
2017-05-03,1.0345923838486932,1.888069421173881,1.3575925398659838,1.807179257490636,1.888069421173881
2017-05-04,0.9370548049189686,1.710069154530241,1.2296036897847624,1.636805019076145,1.710069154530241
2017-05-05,0.8487127115273086,1.9617886178861788,1.113681159504275,1.4824930395631997,1.9617886178861788
2017-05-06,0.7686991869918699,2.0816438356164384,1.0086873806078882,1.342729028038918,2.0816438356164384
2017-05-07,0.6962290443589624,1.885394082486894,0.9135920304609384,1.7614397321428572,1.885394082486894
2017-05-08,0.6305911212237574,1.707646036971516,0.8274619214713839,1.595377648576463,1.707646036971516
2017-05-09,0.571141300967067,1.54665542587158,0.7494518435539148,1.4449712897534093,1.54665542587158
2017-05-10,0.5172961919243466,1.494,0.6787962699329917,1.308744691311601,1.494
2017-05-11,0.4685274024594844,5.069272237196766,0.6148018448923812,1.1853610374006789,5.069272237196766
2017-05-12,0.4243563557636542,5.242329545454546,0.5568405797521375,1.0736095422702083,5.242329545454546
2017-05-13,0.3843495934959349,4.748101925188032,0.7835462726363738,0.9723935686136688,4.748101925188032
2017-05-14,0.3481145221794812,4.300468273979814,0.7096764011725425,0.8807198660714286,4.300468273979814
2017-05-15,0.3152955606118787,3.928412256267409,0.6427707105116174,0.7976888242882315,3.928412256267409
2017-05-16,0.2855706504835335,3.55805594348576,0.582172643206097,1.8557830092118728,3.55805594348576
2017-05-17,0.2586480959621732,3.2226154667898936,0.52728753963883,1.680826587182077,3.2226154667898936
2017-05-18,0.2342637012297421,2.9187990890944824,0.477576802522381,1.522364415534747,2.9187990890944824
2017-05-19,0.5462264150943398,2.643625406224808,0.5230889766998229,1.378841476783112,2.643625406224808
2017-05-20,0.4947301901969831,2.3943940898670912,0.4737740647126209,1.2488493547910566,2.3943940898670912
2017-05-21,2.306666666666666,2.168659388766264,0.4291083819247203,1.941638795986622,2.306666666666666
2017-05-22,2.089202585568745,1.9642061281337049,0.3886536160432136,1.7585882049779633,2.089202585568745
2017-05-23,1.892240221190952,3.1058103975535167,0.3520127772520768,1.592794952943927,3.1058103975535167
2017-05-24,1.713846746804614,2.813005973781112,0.3188263024804654,1.4426320812014304,2.813005973781112
2017-05-25,1.5522715555026507,2.547806078169288,0.2887685269463198,1.3066260147704252,2.547806078169288
2017-05-26,1.405929081182495,2.476291079812207,0.5163940486091859,1.1834421019204149,2.476291079812207
2017-05-27,1.2733832391037971,2.5651515151515154,0.8248069761104551,1.0718715169955382,2.5651515151515154
2017-05-28,1.153333333333333,2.76404958677686,0.911386742578284,1.154744525547445,2.76404958677686
2017-05-29,1.0446012927843724,2.5034651199426747,0.8254645400495493,1.0458794429675184,2.5034651199426747
2017-05-30,0.9461201105954756,2.26744760179136,0.7476427679335981,1.1004036908881198,2.26744760179136
2017-05-31,0.856923373402307,2.053680950420878,1.0424437037639216,1.0154107008289373,2.053680950420878
2017-06-01,0.7761357777513254,1.86006743564418,0.9441659311618976,0.9196815006875666,1.86006743564418
2017-06-02,0.7029645405912476,1.6847070935896151,0.8551534268450973,1.7512544802867385,1.7512544802867385
2017-06-03,0.6366916195518983,2.3312807881773403,0.7745326952699781,1.5861526249438884,2.3312807881773403
2017-06-04,3.079385964912281,2.1114961778960293,1.102066303360581,2.27843137254902,3.079385964912281
2017-06-05,2.7890727398231974,1.9124320553232248,0.998167530541524,2.0636292115189407,2.7890727398231974
2017-06-06,2.52612918181124,2.9770114942528734,0.904063953311324,1.869077811138972,2.9770114942528734
2017-06-07,2.2879749789540607,2.696349759130481,0.8832760364004044,1.6928680038991513,2.696349759130481
2017-06-08,2.072273081682406,2.442147783976761,0.9662449714164728,1.5332706116066648,2.442147783976761
2017-06-09,1.876906768896847,2.211911039577412,0.9931957917748324,1.3887194766525497,2.211911039577412
2017-06-10,1.699958876206982,2.00338017179184,1.342573051948052,1.2577960930284022,2.00338017179184
2017-06-11,1.5396929824561405,2.7257861635220126,1.2160001841523662,1.13921568627451,2.7257861635220126
2017-06-12,1.394536369911599,2.4688090320250136,1.1013601425360664,1.0318146057594704,2.4688090320250136
2017-06-13,1.2630645909056195,2.236058762853524,0.9975279439719844,1.0245050593928728,2.236058762853524
2017-06-14,1.1439874894770303,4.801075268817204,0.9034846646199468,0.9279184764502242,4.801075268817204
2017-06-15,1.036136540841203,4.348447484879939,0.818307441045825,0.8404377226286787,4.348447484879939
2017-06-16,0.9384533844484236,3.938491789864627,0.7411604139984455,1.1642074198988197,3.938491789864627
2017-06-17,0.8499794381034909,3.5671852155895025,1.6006179632608146,1.515869980879541,3.5671852155895025
2017-06-18,0.7698464912280703,3.230884064571758,2.782687591956842,1.372959313629876,3.230884064571758
2017-06-19,0.6972681849557993,2.926288153775797,2.520346002288857,1.2435217404261096,2.926288153775797
2017-06-20,0.63153229545281,2.650408429329877,2.2827370164059526,1.1262870673305665,2.650408429329877
2017-06-21,2.0762711864406778,2.400537634408602,2.067528935050057,1.2081048867699642,2.400537634408602
2017-06-22,1.88052794698862,2.174223742439969,1.8726098830251905,1.094209184860424,2.174223742439969
2017-06-23,1.7032386628972145,1.9692458949323133,1.696067084990381,0.9910511523830056,1.9692458949323133
2017-06-24,1.5426635628752217,4.5069444444444455,2.542347172278522,1.007710843373494,4.5069444444444455
2017-06-25,1.3972268948937594,4.332584269662922,2.400956151490252,0.9127075575787128,4.332584269662922
2017-06-26,3.918055555555556,3.924124100451264,2.201082876118972,0.8266608334515523,3.924124100451264
2017-06-27,3.548675634567335,3.5541720592870254,1.993572847907014,2.417465171593612,3.5541720592870254
2017-06-28,3.214119499024371,3.219097740961839,2.096878032999029,2.3441386010362697,3.219097740961839
2017-06-29,2.911104090038425,2.96115107913669,1.899192055562374,2.1231418032730383,2.96115107913669
2017-06-30,2.636655863483248,2.8689189189189195,2.165943477019697,1.9229797738123344,2.8689189189189195
2017-07-01,2.388081610076962,2.598447755719289,1.9772538141470184,2.689668615984405,2.689668615984405
2017-07-02,2.1629420264401564,2.3534756227083995,1.7966876857287817,2.9490209790209785,2.9490209790209785
2017-07-03,1.959027777777778,3.2358490566037736,1.6273025542561106,2.6709980871100143,3.2358490566037736
2017-07-04,1.7743378172836677,2.9307850645520754,1.4738864323068592,2.4191861746991674,2.9307850645520754
2017-07-05,1.6070597495121852,5.650724637681159,1.334933820177825,2.191114166685113,5.650724637681159
2017-07-06,1.4555520450192123,5.117995024586916,1.209081151161275,1.9845439518705967,5.117995024586916
2017-07-07,1.318327931741624,4.635489207353304,1.095093410622212,1.7974484199810112,4.635489207353304
2017-07-08,1.1940408050384812,4.475706214689266,1.0560372171706491,1.627991569270571,4.475706214689266
2017-07-09,1.081471013220078,4.053753032937101,0.9564778979348594,1.4745104895104892,4.053753032937101
2017-07-10,0.979513888888889,3.671580051012717,0.8663046665049997,1.3354990435550071,3.671580051012717
2017-07-11,0.8871689086418337,3.325436937441499,0.78463263691583,1.698465171192444,3.325436937441499
2017-07-12,0.8035298747560927,3.2009132420091326,0.710660347008457,1.538340098477044,3.2009132420091326
2017-07-13,0.7277760225096064,2.899142870543373,0.643661893539559,1.3933110308767271,2.899142870543373
2017-07-14,0.6591639658708119,2.6258223039331243,1.075222112537019,1.2619547723449904,2.6258223039331243
2017-07-15,0.6817204301075269,2.378269398824203,0.9738541116646074,1.142982300543629,2.378269398824203
2017-07-16,0.6174503259605558,2.154054874509776,1.370456478593706,1.0352261174371655,2.154054874509776
2017-07-17,0.5592393717299382,3.961830357142857,1.2412548635061016,0.937628792426887,3.961830357142857
2017-07-18,1.426479750778816,4.618493150684931,1.1242339032601416,0.849232585596222,4.618493150684931
2017-07-19,1.2919964668736537,4.183078539816111,1.0182452503504895,0.769170049238522,4.183078539816111
2017-07-20,1.1701917741928267,3.78871322298596,1.1228356336260978,1.4434931506849316,3.78871322298596
2017-07-21,1.059870381613409,3.43152722316796,1.9505741356591573,1.307405905778208,3.43152722316796
2017-07-22,0.959949685679682,3.1080154105890334,1.766681153567615,1.1841484676617102,3.1080154105890334
2017-07-23,0.869449146822787,2.815003106267389,1.600124927995246,1.0725112891630544,2.815003106267389
2017-07-24,0.7874806671514621,2.54961492832278,1.4492710130638735,0.971398854785168,2.54961492832278
2017-07-25,0.713239875389408,2.3092465753424656,1.312639052463676,0.8798189302177849,2.3092465753424656
2017-07-26,0.6459982334368268,2.0915392699080555,1.1888882524533029,0.7968728253656027,2.0915392699080555
2017-07-27,0.5850958870964132,2.378947368421053,1.0768042244123184,0.7217465753424658,2.378947368421053
2017-07-28,0.5299351908067045,2.154668927617294,1.9672814392912032,0.653702952889104,2.154668927617294
2017-07-29,0.479974842839841,1.951534636397118,1.819000392772977,0.5982562547384381,1.951534636397118
2017-07-30,0.4347245734113935,1.7675511018155283,1.647511701039826,0.5418548472104994,1.7675511018155283
2017-07-31,2.665857359635812,1.600912860710066,1.4921903347834533,1.318433005299016,2.665857359635812
2017-08-01,2.414530096174252,3.729142857142857,1.351512097799255,1.194135972645899,3.729142857142857
2017-08-02,2.186897046182425,3.377572933135003,1.224096489515741,1.0815572087741885,3.377572933135003
2017-08-03,1.9807244060362603,3.059147733317626,1.1086931578967814,0.9795919582420008,3.059147733317626
2017-08-04,1.793988966932112,3.2243386243386247,1.004169629514595,0.8872396179024008,3.2243386243386247
2017-08-05,1.624858260778773,2.920359793663623,1.9620076967166136,0.8035939178066709,2.920359793663623
2017-08-06,1.4716725778620288,2.645038973286004,1.7770368003841592,0.7278340278160467,2.645038973286004
2017-08-07,2.1588921282798834,3.4213849287169045,1.609504282375749,0.6592165026495079,3.4213849287169045
2017-08-08,1.95535968917616,3.09882929449478,1.457766116281813,0.5970679863229497,3.09882929449478
2017-08-09,1.7710155426345653,2.806683023538149,1.320333268478528,0.540778604387094,2.806683023538149
2017-08-10,1.6040506867433095,2.996026490066225,1.1958570859759128,0.4897959791210004,2.996026490066225
2017-08-11,1.4528266656621862,2.713572090814513,1.0831160618460616,0.4971289537712895,2.713572090814513
2017-08-12,1.3158594911638688,2.7464615384615376,0.9810038483583068,0.9269649334945588,2.7464615384615376
2017-08-13,1.1918050799933793,4.569512195121951,0.8885184001920796,0.8395740762088404,4.569512195121951
2017-08-14,1.0794460641399417,4.138715329264461,0.8047521411878744,1.991953385127636,4.138715329264461
2017-08-15,0.97767984458808,3.748532413366609,0.7288830581409065,1.9050070028011208,3.748532413366609
2017-08-16,0.8855077713172825,3.460987654320988,0.660166634239264,1.7254099230254336,3.460987654320988
2017-08-17,0.8020253433716548,3.1346984202437485,0.5979285429879565,2.995495023572551,3.1346984202437485
2017-08-18,0.7264133328310931,2.839170539545448,0.5415580309230307,2.7130907290344286,2.839170539545448
2017-08-19,0.6579297455819345,2.857692307692308,1.5089065827238215,2.4573104765814966,2.857692307692308
2017-08-20,0.5959025399966895,2.5882795482618564,1.3666523991365496,2.22564424908348,2.5882795482618564
2017-08-21,0.8651399491094147,2.344266036591057,1.237809418721015,2.0158186646277803,2.344266036591057
2017-08-22,0.7835777248084689,2.123257224670678,1.1211132823843737,1.825774667418248,2.123257224670678
2017-08-23,0.7097048881491015,1.92308431370354,1.015418830176111,1.6536473218942715,1.92308431370354
2017-08-24,0.6427965118404102,1.7417829712960098,0.9196888636296768,1.4977475117862755,1.7417829712960098
2017-08-25,0.582196012080154,3.73,1.0767778966825567,1.3565453645172143,3.73
2017-08-26,0.5273087053810708,3.3783492677043725,1.1404917830223649,1.228655238290748,3.3783492677043725
2017-08-27,0.4775959728360003,3.05985087790849,1.0329703967818928,1.1128221245417398,3.05985087790849
2017-08-28,0.4325699745547073,2.771379349240409,0.9355857328494376,1.022664835164835,2.771379349240409
2017-08-29,0.3917888624042344,2.5101038592593445,2.5392307692307696,0.9262517418193386,2.5392307692307696
2017-08-30,0.3548524440745507,2.5216216216216214,2.2998413967193514,2.0147492625368733,2.5216216216216214
2017-08-31,0.3213982559202051,2.283892375022229,2.083020777062472,1.8248060846379008,2.283892375022229
2017-09-01,0.291098006040077,5.028124999999999,1.886641210938872,1.652770053549312,5.028124999999999
2017-09-02,0.2636543526905354,4.554091799376955,1.7087755907228497,1.496952949086336,4.554091799376955
2017-09-03,0.2387979864180001,4.911111111111111,1.5476784894342208,1.3558257102771376,4.911111111111111
2017-09-04,0.2162849872773536,4.448109551162742,1.4017690325527905,1.6495904221802142,4.448109551162742
2017-09-05,0.1958944312021172,4.0287580817264,1.2696153846153848,1.4940730817117085,4.0287580817264
2017-09-06,0.1774262220372753,3.648941532214062,1.1499206983596757,1.3532173462459958,3.648941532214062
2017-09-07,0.1606991279601025,3.4602787456446,2.660268919562113,1.225640973387403,3.4602787456446
2017-09-08,0.1455490030200384,3.1340563448797414,2.4094685137531813,1.11009203348842,3.1340563448797414
2017-09-09,0.3730158730158731,5.186910994764398,2.18231265120504,1.005436624241303,5.186910994764398
2017-09-10,0.3378493033365367,4.6979080323887565,1.97657221101891,1.223900118906064,4.6979080323887565
2017-09-11,0.3059981089869761,4.255006477469984,1.790228225646259,1.2098452883263011,4.255006477469984
2017-09-12,0.2771497285295102,3.853860058240772,1.6214520684010014,1.0957855077353202,3.853860058240772
2017-09-13,0.251021067673495,3.490532253510145,1.468587508820446,0.9924788653133196,3.490532253510145
2017-09-14,0.227355721220676,3.16145766288056,1.3301344597810565,0.9283368169602868,3.16145766288056
2017-09-15,0.2059214569153539,4.150943396226415,1.2047342568765906,0.8408166235283625,4.150943396226415
2017-09-16,0.1865079365079365,3.901913875598086,1.1968975661941696,0.7615475132361142,3.901913875598086
2017-09-17,0.1689246516682683,3.53405573304888,1.0840584494019352,0.6897516041992793,3.53405573304888
2017-09-18,0.152999054493488,3.200877908249898,0.9818573910685696,0.6247243503872791,3.200877908249898
2017-09-19,0.1385748642647551,2.8991108679214865,1.012568615245317,0.5732599292174597,2.8991108679214865
2017-09-20,0.1255105338367475,2.6257933184011635,0.9171073565186184,0.5192150836665054,2.6257933184011635
2017-09-21,0.3963190184049079,3.75560538116592,0.8306458354694282,0.4702653881195182,3.75560538116592
2017-09-22,0.3589555135671679,3.401540667358842,1.1971097879173078,0.4259304905040982,3.401540667358842
2017-09-23,3.655555555555555,3.080855877382945,1.0842506636386522,0.3857753245810949,3.655555555555555
2017-09-24,3.310923172698059,4.365529010238908,0.9820314840513726,0.3494058405621872,4.365529010238908
2017-09-25,2.998781468072365,3.9539629316039697,0.8894491541575315,0.6322947214076247,3.9539629316039697
2017-09-26,2.7160673395892,3.581197794776006,0.8055951470799918,0.5726842919680398,3.581197794776006
2017-09-27,2.460006463200251,3.243575589138346,0.729646588526511,1.2503089143865842,3.243575589138346
2017-09-28,2.228086067962624,2.937783167911342,0.6608581817778906,1.1324343714000442,2.937783167911342
2017-09-29,2.0180302777704684,2.660819735653489,0.8677856482907298,1.31325109430959,2.660819735653489
2017-09-30,1.8277777777777773,2.712686567164179,0.7859739971655095,1.1894425932366672,2.712686567164179
2017-10-01,1.6554615863490294,2.4569444176114184,1.051951193857158,1.895103092783505,2.4569444176114184
2017-10-02,1.4993907340361825,3.544890510948905,0.9527770899270964,2.152982810920121,3.544890510948905
2017-10-03,1.3580336697946,4.374827586206896,0.8629527571154715,1.9500074806037784,4.374827586206896
2017-10-04,1.2300032316001257,3.962384871902133,0.7815967332612659,1.766167920674483,3.962384871902133
2017-10-05,1.1140430339813123,3.588825745403069,0.7079106572260929,1.5996600808186574,3.588825745403069
2017-10-06,1.009015138885234,3.250484404531114,0.6411714344342873,1.4488499899757716,3.250484404531114
2017-10-07,0.9138888888888888,3.16,0.5833711411381794,1.31225772188958,3.16
2017-10-08,0.8277307931745147,2.862086779073945,0.9788391179669732,1.1885428723284372,2.862086779073945
2017-10-09,0.7496953670180914,5.82987012987013,0.8865577526498974,1.0764914054600607,5.82987012987013
2017-10-10,0.6790168348973001,5.280251336208672,0.8029763363116393,0.9750037403018892,5.280251336208672
2017-10-11,0.6150016158000626,4.782448588465308,0.727274669641385,0.985591175456739,4.782448588465308
2017-10-12,0.557021516990656,4.331576859698547,0.6692070198245044,0.8926732509008487,4.331576859698547
2017-10-13,0.504507569442617,4.691228070175439,0.6061166341465789,0.8085152877962903,4.691228070175439
2017-10-14,0.4569444444444444,4.248956277616994,0.5489741788505452,0.9345454545454546,4.248956277616994
2017-10-15,0.4138653965872573,3.848380249060393,0.497218904854785,0.9055859802847754,3.848380249060393
2017-10-16,0.3748476835090457,3.4855690606598246,1.831456026198992,0.8202106523695488,3.4855690606598246
2017-10-17,1.895,3.1569623816657195,1.658793062987164,0.7428841975324371,3.1569623816657195
2017-10-18,1.7163463437801034,4.101129943502825,1.5024081312642836,0.6728477975128307,4.101129943502825
2017-10-19,1.5545354996344742,3.714490440051807,1.3607665978685757,0.6094141726552201,3.714490440051807
2017-10-20,1.4079795889572588,3.364301892236974,1.232478509229456,0.5748344370860927,3.364301892236974
2017-10-21,1.2752404325191575,3.8911764705882352,1.1162849515058202,0.5206411527026961,3.8911764705882352
2017-10-22,1.155015437358741,3.524330611238672,1.0110456966405088,0.9511434511434512,3.524330611238672
2017-10-23,1.0461248142059374,3.192069635288544,0.9157280130994958,0.8614731318102646,3.192069635288544
2017-10-24,0.9475,2.8911330066590923,0.8293965314935821,0.7802566016080964,2.8911330066590923
2017-10-25,0.8581731718900517,2.618567580665599,0.7512040656321417,0.7066968682745882,2.618567580665599
2017-10-26,0.777267749817237,2.371698624283119,0.6803832989342877,1.4164876476906552,2.371698624283119
2017-10-27,0.7039897944786294,2.1481035685153733,0.6162392546147281,1.282946382650942,2.1481035685153733
2017-10-28,0.6376202162595788,1.9455882352941176,0.5581424757529101,1.1619948987487352,1.9455882352941176
2017-10-29,0.5775077186793703,1.762165305619336,0.5055228483202544,1.7473415132924337,1.762165305619336
2017-10-30,0.5230624071029686,1.5960348176442718,0.4578640065497479,1.582608558139663,1.5960348176442718
2017-10-31,0.47375,3.027810650887574,0.414698265746791,1.4334060223736735,3.027810650887574
2017-11-01,0.4290865859450258,2.742359757419178,0.7565027700831025,1.745985130111524,2.742359757419178
2017-11-02,0.3886338749086185,2.483820128219576,1.268319713422143,1.5813800497949035,2.483820128219576
2017-11-03,0.3519948972393147,2.3838461538461537,1.160892845622863,1.4322933332940793,2.3838461538461537
2017-11-04,0.3188101081297893,2.159105873502959,1.0514481219552934,1.2972619661318785,2.159105873502959
2017-11-05,0.2887538593396851,1.955553283282823,1.5154074624095044,1.174960861475165,1.955553283282823
2017-11-06,0.2615312035514843,1.771190885398232,1.3725403997064047,1.0641898568219628,1.771190885398232
2017-11-07,0.236875,1.8872,1.243142320172332,0.9638619365932704,1.8872
2017-11-08,0.2145432929725129,1.7092816991988444,1.1259434174280192,0.8797484276729559,1.7092816991988444
2017-11-09,0.1943169374543092,1.5481368838576142,1.019793597786731,0.7968089695423601,1.5481368838576142
2017-11-10,0.1759974486196573,1.4021842112296243,0.9236511941802704,0.721688739612254,1.4021842112296243
2017-11-11,0.1594050540648946,1.2699914217678911,0.960578250629416,0.6536505696996111,1.2699914217678911
2017-11-12,0.1443769296698425,1.8432432432432435,0.8887135156136176,0.592026789136522,1.8432432432432435
2017-11-13,0.1307656017757421,1.669469024399958,0.8049288618424244,0.5362126727991258,1.669469024399958
2017-11-14,0.1184375,1.5120776021546194,0.7290431182196965,0.4856605068323675,1.5120776021546194
2017-11-15,0.1072716464862564,1.4885714285714284,0.660311604440328,0.4398742138364779,1.4885714285714284
2017-11-16,0.064393085862601,1.3482343688042724,0.5980598459296732,0.39840448477118,1.3482343688042724
2017-11-17,0.0583223416807354,4.5297297297297305,0.5416769551045311,0.3608443698061269,4.5297297297297305
2017-11-18,0.0528239250155272,4.102683408935968,0.4906096366245915,0.3268252848498055,4.102683408935968
2017-11-19,0.1717948717948718,3.71589745045622,0.4590362872195585,1.7370501474926254,3.71589745045622
2017-11-20,0.2116279069767442,3.365576254856116,0.4157600280905977,1.5732874245971804,3.365576254856116
2017-11-21,0.191676403367478,3.048282057907877,0.3765636960966809,1.424963651146483,3.048282057907877
2017-11-22,0.1736058544109187,2.7609011951982447,0.3410626506574459,1.2906232995592677,2.7609011951982447
2017-11-23,0.1572389305947236,2.500613547185554,0.3089085136970227,1.1689480640611936,2.500613547185554
2017-11-24,0.5436893203883495,2.2648648648648653,0.2797857509479846,1.0587439239157042,2.2648648648648653
2017-11-25,0.492432283483289,2.051341704467984,0.2534085755574374,0.9589294262860784,2.051341704467984
2017-11-26,0.4460075721983274,2.4138823529411764,0.2295181436097792,0.8685250737463127,2.4138823529411764
2017-11-27,0.403959612580918,2.186310369807863,0.4514887992208153,0.7866437122985902,2.186310369807863
2017-11-28,0.3658757805214171,3.369035532994924,0.4089240896043881,0.7124818255732414,3.369035532994924
2017-11-29,0.3313823525992748,3.0514152079794665,0.3703722248422685,0.6453116497796338,3.0514152079794665
2017-11-30,0.3001408386686092,2.763738963361773,0.335454888625715,0.5844740320305968,2.763738963361773
2017-12-01,0.2718446601941747,2.503183780964956,0.9313084907265614,0.5293719619578522,2.503183780964956
2017-12-02,0.2462161417416445,2.2671927864215604,1.940549934827137,0.4794647131430392,2.2671927864215604
2017-12-03,1.2374999999999998,3.083703703703704,1.7576019976587196,0.4342625368731563,3.083703703703704
2017-12-04,1.1208330345265844,2.792983418022699,2.1685666387259013,0.7725448028673836,2.792983418022699
2017-12-05,1.015165003059452,2.5296711755998493,1.9641221222272869,0.6997121096610841,2.5296711755998493
2017-12-06,0.9194589664034868,2.29118304654708,1.778951885605499,0.6337458158920656,2.29118304654708
2017-12-07,0.8327757441912702,2.0751787044179624,1.6112388203797987,0.5739985825816808,2.0751787044179624
2017-12-08,0.754264698539019,1.8795384601678635,1.4593371283986458,0.5198840994981686,1.8795384601678635
2017-12-09,0.6831553865856713,1.702342461268178,1.321756171329589,0.5060657118786858,1.702342461268178
2017-12-10,0.6187499999999999,1.5418518518518518,1.1971458427600672,1.0543879907621247,1.5418518518518518
2017-12-11,0.5604165172632922,1.3964917090113496,1.0842833193629506,0.9549841545489298,1.3964917090113496
2017-12-12,0.5075825015297258,1.2648355877999244,0.9820610611136434,0.8649517477720257,1.2648355877999244
2017-12-13,0.4597294832017433,1.14559152327354,0.8894759428027494,0.7834072664035494,1.14559152327354
2017-12-14,0.4163878720956351,1.0375893522089812,0.8056194101898994,1.5587307410124729,1.5587307410124729
2017-12-15,0.6571428571428573,0.9397692300839318,1.0871544362425822,1.411779318350611,1.411779318350611
2017-12-16,0.5951898365162817,0.851171230634089,1.2133200377873414,1.278681937348516,1.278681937348516
2017-12-17,0.5390775196621622,1.2982758620689656,1.0989326705495726,1.1581324897233691,1.2982758620689656
2017-12-18,0.4882552664307117,1.175879171018486,0.9953293251494796,1.048948002295331,1.175879171018486
2017-12-19,0.4422243490077742,1.065021591506468,1.5055349029326723,0.950057028261232,1.5055349029326723
2017-12-20,0.400533057810042,0.9646152583794158,1.4514276422764223,0.8604891328964411,1.4514276422764223
2017-12-21,0.3627722687785384,0.970722433460076,1.314592362576524,1.0182396900083033,1.314592362576524
2017-12-22,0.3285714285714286,0.8792062794166365,1.1906574116461557,0.9222437831332648,1.1906574116461557
2017-12-23,0.2975949182581408,3.529483282674773,1.4152155536770925,0.8352980186040684,3.529483282674773
2017-12-24,0.269538759831081,3.196736531742397,1.2817942169996897,0.7565491821624577,3.196736531742397
2017-12-25,1.1074074074074074,2.8953599252160163,1.160951355053244,0.685224497464043,2.8953599252160163
2017-12-26,1.00300509487003,2.622396000829521,1.051501115330972,0.620624042686527,2.622396000829521
2017-12-27,0.9084454498010508,2.3751661150223287,0.9523694431551526,0.5621138820723206,2.3751661150223287
2017-12-28,0.8228005415776807,2.1512441569334912,1.076807812105396,0.5091198450041516,2.1512441569334912
2017-12-29,1.934523809523809,1.9484327405441209,1.0616154676612033,0.91419689119171,1.9484327405441209
2017-12-30,1.7521439933676768,1.7647416413373864,1.296178698752228,1.5777122641509436,1.7647416413373864
2017-12-31,1.5869582779909663,2.442982456140351,1.1739797205746905,1.4289713330408973,2.442982456140351
2018-01-01,1.4373456665759174,2.212667021907877,1.1828327314366247,1.2942531518898808,2.212667021907877
2018-01-02,1.3018379839449874,2.018125,1.0713195957280652,1.1722357072148133,2.018125
2018-01-03,1.1791054690965908,3.733333333333333,0.9703195098405504,1.061721620119593,3.733333333333333
2018-01-04,3.7006734006734,3.381368346585252,0.8788413419595411,0.9616263962029292,3.7006734006734
2018-01-05,3.3517874727018846,3.0625853290951817,1.4626874424059646,0.8709677832218125,3.3517874727018846
2018-01-06,3.0357932316094103,2.7738560063889706,1.3247906300087322,0.7888561320754718,3.0357932316094103
2018-01-07,2.7495897696808416,2.512347026247065,1.5168957717069775,0.7144856665204486,2.7495897696808416
2018-01-08,2.4903685214178832,2.2754921545150206,1.3738883966568702,0.6471265759449403,2.4903685214178832
2018-01-09,2.2555857025860924,2.0609670921911167,1.775719381688466,0.6685344827586207,2.2555857025860924
2018-01-10,2.042937347607554,1.8666666666666667,1.6083110650873162,0.6055075014109135,2.042937347607554
2018-01-11,1.8503367003367,1.690684173292626,1.4566853911470703,0.999069579288026,1.8503367003367
2018-01-12,1.6758937363509423,3.051612903225806,1.3193544301494269,0.9048809602073504,3.051612903225806
2018-01-13,1.517896615804705,4.785000000000001,1.1949705289377577,0.9242424242424242,4.785000000000001
2018-01-14,1.3747948848404208,4.333887733502794,1.0823130861568842,1.1566990291262136,4.333887733502794
2018-01-15,1.2451842607089416,3.925304678496549,0.9802765742747906,1.0476496831106976,3.925304678496549
2018-01-16,1.1277928512930464,3.55524133676015,0.887859690844233,1.3623479887745555,3.55524133676015
2018-01-17,1.0214686738037768,4.209375,0.8041555325436581,1.233910812395454,4.209375
2018-01-18,0.92516835016835,3.812530549260882,0.7283426955735351,1.551533510034078,3.812530549260882
2018-01-19,0.8379468681754711,3.453099139194651,0.6596772150747134,1.405260615936306,3.453099139194651
2018-01-20,1.107692307692308,4.2711734693877546,0.6279402279079768,2.534540389972145,4.2711734693877546
2018-01-21,1.00326313580002,4.763333333333334,0.5687403241595255,2.295593209230442,4.763333333333334
2018-01-22,0.9086791635776916,4.314263720777076,0.5151215704124075,2.0791730931235373,4.314263720777076
2018-01-23,1.9027777777777777,3.907530745783049,0.4665577962953036,1.8831562725427708,3.907530745783049
2018-01-24,1.7233908611688225,4.302547770700637,0.4225724368514758,1.7056191995489989,4.302547770700637
2018-01-25,1.5609158857367555,3.896919332549485,0.3827338559220469,1.5448196712543902,3.896919332549485
2018-01-26,1.4137584556372356,3.529532057217576,0.3466511104235705,1.3991797332754905,3.529532057217576
2018-01-27,1.2804744888238389,3.196780708000028,0.5123955773955774,1.2672701949860723,3.196780708000028
2018-01-28,1.15975604601398,2.895399936697951,0.977740124960288,1.7157945736434106,2.895399936697951
2018-01-29,1.050418495648002,5.545390070921986,0.885562368676882,1.5540357483644374,5.545390070921986
2018-01-30,1.967567567567568,5.022591014808147,0.8020747934922502,1.4075269524057406,5.022591014808147
2018-01-31,1.782072506984119,4.549079538031008,0.7264581209755171,1.274830468883137,4.549079538031008
2018-02-01,1.6140652410096228,4.120208988213404,0.6579703112642178,1.1546441235921088,4.120208988213404
2018-02-02,1.461897084448241,3.731770782337728,0.5959392812950906,1.0457885065406318,3.731770782337728
2018-02-03,1.3240747841031828,3.3799531071719127,0.9719795076134908,0.97920298879203,3.3799531071719127
2018-02-04,1.1992458652173756,5.382442748091602,0.8803448412251187,0.8868873190668866,5.382442748091602
2018-02-05,1.0861853593980209,4.875005768492218,0.7973491554102417,0.803274832414453,4.875005768492218
2018-02-06,2.922727272727273,4.415408087946454,0.7298121896812261,0.8858681875792142,4.415408087946454
2018-02-07,2.6471832550986,3.999139592635352,1.2972551008905422,0.8023517809090717,3.999139592635352
2018-02-08,2.39761651778596,3.6221153657445577,1.1749546434636258,0.8921723300970873,3.6221153657445577
2018-02-09,2.171578017988768,3.280635601448761,1.4744408642911295,1.581635883905013,3.280635601448761
2018-02-10,1.9668495996877384,2.971349298058798,3.886027561947592,1.432525048301731,3.886027561947592
2018-02-11,1.781422226485177,2.691221374045801,3.519667122837709,1.297471835897674,3.519667122837709
2018-02-12,1.6134762665733215,2.437502884246109,3.1878458034857715,1.1751509454884594,3.1878458034857715
2018-02-13,1.4613636363636364,2.2077040439732265,2.887307382241451,1.064362020411002,2.887307382241451
2018-02-14,1.3235916275493,1.999569796317676,2.615102622099955,0.9640178692299876,2.615102622099955
2018-02-15,1.1988082588929798,1.8110576828722789,2.368560329314521,0.8731337969348683,2.368560329314521
2018-02-16,1.085789008994384,1.6403178007243808,2.145261140496874,0.7908179419525065,2.145261140496874
2018-02-17,0.9834247998438692,1.4856746490293986,1.943013780973796,0.8773540489642183,1.943013780973796
2018-02-18,1.095348837209302,5.510743801652892,2.14381087884426,1.7324854651162789,5.510743801652892
2018-02-19,0.9920833624844184,4.991211068852669,1.941700244675649,1.5691530837490748,4.991211068852669
2018-02-20,0.8985533783246451,4.52065797839581,1.7586438605097532,1.4212190808042209,4.52065797839581
2018-02-21,1.8880000000000003,4.094466909076517,1.5928453614761162,1.2872317535877802,4.094466909076517
2018-02-22,1.7100062781302563,5.186008230452674,1.442677737401915,1.1658762606163784,5.186008230452674
2018-02-23,1.5487931521424207,4.697090377388375,1.3066673666716244,1.0559617188437675,4.697090377388375
2018-02-24,1.4027786089452796,4.254265907986935,1.1834795553158937,0.9564095173135906,4.254265907986935
2018-02-25,1.2705297818449444,3.8531893069349423,1.07190543942213,1.1911627906976745,3.8531893069349423
2018-02-26,1.150748889569025,3.489924738179619,0.9708501223378244,1.2034947884733291,3.489924738179619
2018-02-27,1.0422605009080792,3.1609074218692994,0.8793219302548764,1.3694124107633168,3.1609074218692994
2018-02-28,0.9440000000000002,2.8629086525344407,0.7964226807380581,1.2403092265650215,2.8629086525344407
2018-03-01,0.8550031390651281,2.593004115226337,0.7213388687009575,1.5597602098164107,2.593004115226337
2018-03-02,0.7743965760712103,2.3485451886941875,0.6533336833358123,1.4127117326079597,2.3485451886941875
2018-03-03,0.7013893044726398,2.127132953993468,0.7856610029009531,1.2795264470062937,2.127132953993468
2018-03-04,1.1296875,1.9265946534674712,0.7115917624167071,1.1588973821051174,1.9265946534674712
2018-03-05,1.0231847019731322,3.403076923076924,0.6445054985160712,1.0496407834260957,3.403076923076924
2018-03-06,0.9267225974898784,3.082247300541172,0.5837438817542119,0.950684496525521,3.082247300541172
2018-03-07,1.8693333333333333,2.791664319213685,0.5287106475740615,0.8610574457519823,2.791664319213685
2018-03-08,1.6930994363973295,2.528476436593023,0.4788657450561219,0.8228451296426067,2.528476436593023
2018-03-09,1.5334802254969446,4.959712230215827,0.4818481012658228,0.7452703059416111,4.959712230215827
2018-03-10,1.3889093289133343,4.4921287348455925,0.956022893651005,0.6750089523645187,4.4921287348455925
2018-03-11,1.2579680467137089,4.068627298069537,0.8658925583577715,1.451990898748578,4.068627298069537
2018-03-12,1.1393714287964496,3.685052024931698,0.7842593808146494,1.3151025172924051,3.685052024931698
2018-03-13,1.0319556654471234,3.3376388230242675,0.7103222801247868,1.191119470844765,3.3376388230242675
2018-03-14,0.9346666666666666,3.022978464779012,0.6433556983629151,1.078825091709606,3.022978464779012
2018-03-15,0.8465497181986648,2.7379831321105264,0.5827024805463241,0.9771174151630696,2.7379831321105264
2018-03-16,0.7667401127484722,2.4798561151079137,0.6134375297817594,0.8849983656775723,2.4798561151079137
2018-03-17,0.6944546644566673,2.246064367422796,0.6362094179584674,0.8015639626290597,2.246064367422796
2018-03-18,0.6289840233568544,2.913805970149254,0.5924037726229926,1.4972538980684198,2.913805970149254
2018-03-19,0.5696857143982249,2.6391030202376298,0.5365541156638591,1.3560982868919471,2.6391030202376298
2018-03-20,0.5159778327235616,2.390298057859569,0.5907551487414188,1.2282503095057808,2.390298057859569
2018-03-21,0.4673333333333333,2.1649495156474683,1.4899267914965506,1.1124553709588532,2.1649495156474683
2018-03-22,0.4232748590993324,1.960846008258595,1.3494619530792216,1.0075771549149162,1.960846008258595
2018-03-23,0.3833700563742361,1.7759846316572292,1.2222396249276406,1.0586311021640664,1.7759846316572292
2018-03-24,0.3472273322283337,1.6085513082609706,1.1070113516980056,1.2376706827309238,1.6085513082609706
2018-03-25,0.3144920116784271,1.456902985074627,1.821005297523716,1.1209876259150635,1.821005297523716
2018-03-26,0.6392307692307694,1.3195515101188149,1.8495769073290569,1.0532244672017714,1.8495769073290569
2018-03-27,0.5789664346179282,1.1951490289297844,1.6752055738439775,0.9539303237263892,1.6752055738439775
2018-03-28,0.5243836006479594,1.2029556650246305,1.517273330737288,0.86399726825792,1.517273330737288
2018-03-29,0.4749466362587709,2.3818840579710145,1.3742303608052786,0.7825427717205687,2.3818840579710145
2018-03-30,0.4301704077221108,2.1573287568372908,2.0908334112805163,0.7087675066459874,2.1573287568372908
2018-03-31,0.3896155179399689,1.9539437066645693,2.279828645930341,0.929596412556054,2.279828645930341
2018-04-01,0.6352941176470589,3.14875,2.064894755085849,0.8419574690668514,3.14875
2018-04-02,0.5754009161205996,2.851897387850976,1.8702240438956768,0.7625808040375935,2.851897387850976
2018-04-03,0.5211542261695583,2.5830309522290498,1.6939061740316543,0.6906874801302454,2.5830309522290498
2018-04-04,2.26,2.339512258959983,1.5342109068632048,0.62557199536477,2.339512258959983
2018-04-05,2.046935481236429,2.1189516157755657,1.389571124317793,0.5665953599026632,2.1189516157755657
2018-04-06,1.8539579045772616,3.975498575498575,1.2585674504724282,0.8621076233183858,3.975498575498575
2018-04-07,1.6791735467247515,3.600703137076511,1.5380701968937265,0.7808312755817761,3.600703137076511
2018-04-08,1.5208672176745623,3.261242039239481,1.3930665746256945,0.752319587628866,3.261242039239481
2018-04-09,1.377485429251057,2.953784089831478,3.694777914867366,0.6813936536047277,3.694777914867366
2018-04-10,1.247621150451408,3.466477272727273,3.346447791695028,0.6171543567490452,3.466477272727273
2018-04-11,1.13,3.1396704975421,3.030956956161879,0.9891449363250454,3.1396704975421
2018-04-12,1.0234677406182144,3.5947089947089945,2.7452094405611143,0.8958919762164088,3.5947089947089945
2018-04-13,0.9269789522886308,3.255813002650255,2.6401222707423586,0.9642533936651584,3.255813002650255
2018-04-14,0.8395867733623757,2.948866882918461,2.391221217161516,0.8733471169893147,2.948866882918461
2018-04-15,0.7604336088372812,2.670858518623393,2.1657856428731264,0.7910111509738809,2.670858518623393
2018-04-16,0.6887427146255286,2.4190597642180496,1.9616033084732087,0.8760839160839162,2.4190597642180496
2018-04-17,0.6238105752257038,2.190999673720954,2.562040996903112,0.7934899346781976,2.562040996903112
2018-04-18,0.565,1.9844402528835663,2.3205011597094387,0.718682611193265,2.3205011597094387
2018-04-19,0.5117338703091072,1.7973544973544973,2.1017328133006776,0.6509278480527165,2.1017328133006776
2018-04-20,0.4634894761443154,1.6279065013251277,1.903589144966379,0.5895607557097259,1.903589144966379
2018-04-21,0.4197933866811879,4.642666666666667,1.724125735631946,0.5339791279676108,4.642666666666667
2018-04-22,0.3802168044186405,4.204973065289231,1.796908855978531,0.4836375324232701,4.204973065289231
2018-04-23,0.3443713573127642,3.808543612824794,2.3204621267594177,1.3339908256880737,3.808543612824794
2018-04-24,0.3119052876128519,3.4494880765165696,2.1016974602341576,1.2082270587366364,3.4494880765165696
2018-04-25,0.2825,3.124282980497243,1.903557124857428,1.0943198389017488,3.124282980497243
2018-04-26,0.2558669351545536,5.173684210526316,1.724096734261536,0.9911513743667798,5.173684210526316
2018-04-27,0.2317447380721577,4.685928220902213,1.70539952326666,0.8977092546316869,4.685928220902213
2018-04-28,0.2098966933405939,4.244156078713201,1.544620705246999,0.8130765155486319,4.244156078713201
2018-04-29,0.1901084022093202,3.8440325953200536,1.3989995250542115,2.408477508650519,3.8440325953200536
2018-04-30,0.1721856786563821,3.4816312877831743,1.7184430440441127,2.181415074432153,3.4816312877831743
2018-05-01,0.1559526438064259,3.1533958475868404,1.556434530680456,1.9757592544952125,3.1533958475868404
2018-05-02,0.14125,2.8561052419509414,1.4096995863147763,1.7894919116847283,2.8561052419509414
2018-05-03,0.1279334675772767,2.586842105263158,1.2767982748283326,1.6207851714217154,2.586842105263158
2018-05-04,0.1057401624724945,2.733816425120773,1.2414988582105042,1.4679834844446802,2.733816425120773
2018-05-05,0.0957713674144485,2.4760822299852405,1.1244548950378743,1.3295873806101337,2.4760822299852405
2018-05-06,0.0867423938261792,2.2426462703609773,1.3178045515394916,1.4759651307596513,2.2426462703609773
2018-05-07,0.0785646387832699,2.0312177976391284,1.9686069072565,1.3368165465573876,2.0312177976391284
2018-05-08,0.0711578525203534,1.8397220265957737,2.013711387352929,1.2107863809965784,2.013711387352929
2018-05-09,0.0344045736741646,1.6662797751553444,2.260641581195249,1.0966378776370556,2.260641581195249
2018-05-10,0.0311610365356019,1.5091890236425374,4.129521246040473,1.0551196172248802,4.129521246040473
2018-05-11,0.0282232881932868,1.3887500000000002,3.740205114619431,0.9556468059496492,3.740205114619431
2018-05-12,1.4,3.6644351464435134,3.387592281511716,0.8655519268268148,3.6644351464435134
2018-05-13,1.2680131299694692,3.4487055016181225,3.068222494242919,0.7839508627762675,3.4487055016181225
2018-05-14,1.1484694984106931,3.1235741838926603,2.77896172026264,0.7100428480365721,3.1235741838926603
2018-05-15,1.040196002395864,2.829095055435402,2.5169713921254075,0.6431026101080642,2.829095055435402
2018-05-16,0.9421301348426492,2.562378340159853,2.279680552123251,0.7306126260739634,2.562378340159853
2018-05-17,0.8533095579431327,2.3208066994800487,2.0647606230202364,0.6617331448451856,2.3208066994800487
2018-05-18,0.7728626595716687,2.866875,1.870102557309716,0.59934736871406,2.866875
2018-05-19,0.7,2.5965965299865874,1.6937961407558575,0.5428430949586291,2.5965965299865874
2018-05-20,0.6340065649847346,2.351798923754397,1.5341112471214595,0.4916658370862894,2.351798923754397
2018-05-21,0.5742347492053465,2.1300799388347444,1.38948086013132,0.445313383559175,2.1300799388347444
2018-05-22,0.5200980011979319,3.816825396825396,1.6698091792579983,1.3833519553072626,3.816825396825396
2018-05-23,0.4710650674213246,3.4569890842682374,1.512385688459061,1.252934601927534,3.4569890842682374
2018-05-24,0.4266547789715664,3.131076820723755,1.9167229170802729,2.524304068522484,3.131076820723755
2018-05-25,5.5,2.8358903711577024,1.7534182631527766,2.286321930658472,5.5
2018-05-26,4.981480153451487,2.568533018415685,1.5881124142899878,2.0707758767229207,4.981480153451487
2018-05-27,4.511844458042009,2.3263811372222865,2.2211249463288967,1.875550714934788,4.511844458042009
2018-05-28,4.086484295126608,2.107058448079404,2.0117254251769814,1.6987306660435255,4.086484295126608
2018-05-29,3.7012255297389793,1.908412698412698,1.822067323584161,5.092593659942363,5.092593659942363
2018-05-30,3.352287549062307,1.728494542134119,1.650289492852176,4.612482590290137,4.612482590290137
2018-05-31,3.036246162602984,1.5655384103618772,1.494706246562297,4.177634633031058,4.177634633031058
2018-06-01,2.75,1.4179451855788512,1.3537908186345535,3.783782547784691,3.783782547784691
2018-06-02,2.490740076725744,1.2842665092078425,1.876449470472088,3.427061393957371,3.427061393957371
2018-06-03,2.255922229021004,2.965238095238095,1.6995446902020468,3.1039706033924417,3.1039706033924417
2018-06-04,2.043242147563304,2.6856863130339748,1.539317844390064,2.811339628672052,2.811339628672052
2018-06-05,1.8506127648694897,2.432489648504553,1.3941965984877869,2.546296829971181,2.546296829971181
2018-06-06,1.676143774531154,4.02,1.2627568518866328,2.3062412951450684,4.02
2018-06-07,1.518123081301492,3.6410091303409047,1.1437087629651164,2.088817316515529,3.6410091303409047
2018-06-08,1.375,3.2977481311507044,1.6412797619047617,1.8918912738923448,3.2977481311507044
2018-06-09,1.2453700383628716,2.9868485211652662,1.4865459200345732,1.7135306969786854,2.9868485211652662
2018-06-10,1.1279611145105022,2.7052593871910355,1.3463998177902738,1.551985301696221,2.7052593871910355
2018-06-11,1.0216210737816522,2.4502174449509955,1.219466176533263,1.4056698143360258,2.4502174449509955
2018-06-12,0.9253063824347448,2.219219922484363,1.1044993738556033,1.2731484149855907,2.219219922484363
2018-06-13,0.8380718872655768,3.4333333333333336,1.1019846963175517,1.1531206475725342,3.4333333333333336
2018-06-14,0.7590615406507459,3.10965124730608,1.070153846153846,1.0444086582577643,3.10965124730608
2018-06-15,0.6875,3.632647058823529,1.027211906062261,0.9459456369461728,3.632647058823529
2018-06-16,0.6226850191814358,6.309663865546217,1.4832558939941491,0.8567653484893426,6.309663865546217
2018-06-17,2.0,5.714811876576087,1.3434199633494175,0.796149614961496,5.714811876576087
2018-06-18,1.8114473285278128,5.176040353431385,2.0822465053572694,0.869024571854058,5.176040353431385
2018-06-19,1.640670712015276,4.68806223528772,1.8859399347329004,0.7870961195550301,4.68806223528772
2018-06-20,1.4859942891369484,4.246088906042036,1.7081404282679156,0.7128915815312838,4.246088906042036
2018-06-21,1.3459001926323562,3.845783202770715,1.5471032077681353,0.6456827754474059,3.845783202770715
2018-06-22,1.2190136542044754,3.4832168543780755,1.4012479863341996,0.5848101693303137,3.4832168543780755
2018-06-23,1.1040895136738125,3.1548319327731087,1.337929002798645,0.5296764094646474,3.1548319327731087
2018-06-24,1.5416666666666667,2.8574059382880432,2.189435358720306,0.47974045845447,2.8574059382880432
2018-06-25,2.3517241379310345,2.5880201767156925,1.9830234157691164,0.434512285927029,2.5880201767156925
2018-06-26,2.1300122035447737,2.34403111764386,1.8712256433139969,0.393548059777515,2.34403111764386
2018-06-27,1.9292024579214109,4.67516339869281,1.6948133463269393,0.3564457907656418,4.67516339869281
2018-06-28,1.7473243192955152,4.234406124496552,1.5350325542786087,0.3228413877237029,4.234406124496552
2018-06-29,1.5825929851297706,3.835201831060545,1.3903153098256058,0.2924050846651568,3.835201831060545
2018-06-30,3.8301587301587294,3.4736330556198007,1.2592414768974562,0.2648382047323238,3.8301587301587294
2018-07-01,5.475,3.1461516594441967,1.1405248046486576,0.2842840512223516,5.475
2018-07-02,4.958837061844889,2.8495440093217685,1.0330003052502588,0.2574827925648965,4.958837061844889
2018-07-03,4.491336074141818,2.5808994416041764,0.9834302612124198,0.2332082583667814,4.491336074141818
2018-07-04,4.067909366512396,3.428301886792453,0.8907160597333238,0.2993006993006993,4.067909366512396
2018-07-05,3.684401777331075,3.1050941471085256,0.988799556418076,0.2710837260873791,3.684401777331075
2018-07-06,3.337049878384751,2.812357248803544,1.3941760877012674,0.3478951000690131,3.337049878384751
2018-07-07,3.0224450436820613,2.547218512605505,1.2627382747819098,1.6557392996108948,3.0224450436820613
2018-07-08,3.878571428571429,2.307076084917916,1.143691937241755,1.4996422655093342,3.878571428571429
2018-07-09,3.51291392639501,2.089573405367483,1.2848081512759315,1.3582614878021406,3.51291392639501
2018-07-10,3.1817292736581964,4.11986301369863,1.1636811466497727,1.2302095717607002,4.11986301369863
2018-07-11,2.88176749643344,3.731457425032465,1.2352393710780514,1.114229921147633,3.731457425032465
2018-07-12,2.61008501642632,3.379669292045166,2.167885532591415,1.009184407014318,3.379669292045166
2018-07-13,2.364015765117965,3.061046455191351,1.963505228283408,0.914042199039006,3.061046455191351
2018-07-14,2.1411450211602867,2.772462211877953,1.7783931501621864,0.8278696498054474,2.772462211877953
2018-07-15,1.9392857142857145,2.5110846335753148,1.6107327604667272,0.7498211327546671,2.5110846335753148
2018-07-16,1.756456963197505,2.2743487755986243,1.5964325177584846,0.6791307439010702,2.2743487755986243
2018-07-17,1.590864636829098,2.1664233576642338,1.445926709734269,0.6151047858803501,2.1664233576642338
2018-07-18,1.4408837482167198,1.962180901850566,1.3096100377975763,0.5571149605738165,1.962180901850566
2018-07-19,1.3050425082131598,3.424264705882353,1.186144802190814,1.0153153153153152,3.424264705882353
2018-07-20,1.1820078825589828,3.1014375768213336,1.074319416587851,0.9195951077706512,3.1014375768213336
2018-07-21,1.0705725105801431,2.80904540656439,1.2720765992122776,0.8328990506491962,2.80904540656439
2018-07-22,0.9696428571428573,5.521428571428571,1.187306529087351,0.9677815699658702,5.521428571428571
2018-07-23,0.8782284815987526,5.000888517685714,1.0753716201294563,0.8765426697565644,5.000888517685714
2018-07-24,4.483870967741935,4.529423072813601,2.562504018738805,0.793905438735583,4.529423072813601
2018-07-25,4.061148042989775,4.102405662510218,2.4836504118375973,0.7190589430506366,4.102405662510218
2018-07-26,3.6782778866148926,3.715645888945754,2.2495009517601097,0.6512687007215544,3.715645888945754
2018-07-27,3.331503325645739,3.3653484096430697,2.037426244793312,0.5898694740379198,3.3653484096430697
2018-07-28,3.01742139961125,3.0480756931066324,1.8453451641016496,0.5342587414630482,3.0480756931066324
2018-07-29,2.732949966684227,2.7607142857142857,1.6713727838618264,1.3250413223140498,2.7607142857142857
2018-07-30,2.47529745807516,2.500444258842857,1.5138018821503,1.2001212817473734,2.500444258842857
2018-07-31,2.2419354838709675,2.2647115364068,1.3710861876707685,1.0869782448653271,2.2647115364068
2018-08-01,2.030574021494888,2.051202831255109,1.2418252059187986,0.9845019189145744,2.051202831255109
2018-08-02,1.8391389433074457,1.857822944472877,1.5741721381672849,0.8916866854741557,1.857822944472877
2018-08-03,1.6657516628228697,1.682674204821535,1.425764957163022,0.8076217321429899,1.682674204821535
2018-08-04,1.508710699805625,1.5240378465533158,1.2913490613807643,0.7314821145757123,1.5240378465533158
2018-08-05,1.3664749833421137,2.5507936507936506,2.038224392007956,0.7436335403726708,2.5507936507936506
2018-08-06,1.2376487290375795,3.031578947368421,1.8460680649215195,0.6735264950558773,3.031578947368421
2018-08-07,1.1209677419354838,2.745772792715844,1.672027532241298,0.6100288850808351,2.745772792715844
2018-08-08,1.0152870107474437,2.486911395054734,1.5143949032517257,0.5525175971022396,2.486911395054734
2018-08-09,0.9195694716537232,2.252454501428638,1.455165217391304,0.5004282626177293,2.252454501428638
2018-08-10,0.8328758314114348,2.040101344621677,1.3878238642965028,0.4532497197193503,2.040101344621677
2018-08-11,0.7543553499028123,1.847768065320468,2.0094991108476585,1.2342417061611377,2.0094991108476585
2018-08-12,0.6832374916710567,1.6735672628318845,1.820050898012004,1.1178819206916015,1.820050898012004
2018-08-13,0.6188243645187899,1.5157894736842106,1.648463168494246,1.0124921094231711,1.648463168494246
2018-08-14,0.5604838709677419,1.372886396357922,1.493052101372698,0.9170380633850468,1.493052101372698
2018-08-15,0.5076435053737218,1.243455697527367,1.352292620192206,0.8305830750385814,1.352292620192206
2018-08-16,0.4597847358268616,1.126227250714319,1.224803427117524,0.7522787461995273,1.224803427117524
2018-08-17,0.4164379157057174,1.0200506723108385,1.1093334480118748,0.6813566625556934,1.1093334480118748
2018-08-18,0.3771776749514061,0.9238840326602342,1.0047495554238293,0.6171208530805687,1.0047495554238293
2018-08-19,0.3416187458355283,0.8367836314159419,0.910025449006002,0.5589409603458008,0.910025449006002
2018-08-20,0.3094121822593949,1.7059405940594063,0.8242315842471228,0.5062460547115856,1.7059405940594063
2018-08-21,0.2802419354838709,1.5451107658680314,0.746526050686349,0.4585190316925234,1.5451107658680314
2018-08-22,0.2538217526868608,1.3994433845556045,1.103876355478001,0.4152915375192907,1.3994433845556045
2018-08-23,0.0,1.2675089901895855,0.9998069375778218,0.4890061791967043,1.2675089901895855
2018-08-24,0.8074074074074072,1.1480128870819557,0.9566639935846032,0.4429044684697316,1.1480128870819557
2018-08-25,0.7312879955908579,1.0397824387100552,1.6541161097629271,0.4011490581012633,1.6541161097629271
2018-08-26,0.6623448429987594,0.9417555604257324,1.498172104052437,0.3633301948194909,1.498172104052437
2018-08-27,0.5999013982071383,0.8529702970297032,1.35692992778034,0.3290767553896284,1.35692992778034
2018-08-28,0.8516129032258065,0.7725553829340157,1.2290035463385678,0.6429945412009358,1.2290035463385678
2018-08-29,0.7713259592441013,0.6997216922778021,1.1131375953831035,1.3971442761360815,1.3971442761360815
2018-08-30,0.6986081741484401,0.6337544950947928,1.0081950617202984,1.2654266332873152,1.2654266332873152
2018-08-31,0.6327459553744426,0.5740064435409777,0.9131461255940844,1.1478696741854637,1.1478696741854637
2018-09-01,0.5730929852499065,0.5198912193550277,0.8270580548814636,1.749157528751003,1.749157528751003
2018-09-02,0.5190638785644863,0.4708777802128661,1.5804686178311622,1.9904862579281184,1.9904862579281184
2018-09-03,0.4701284380804621,0.4264851485148516,1.4314678277961523,1.8028305071976072,1.8028305071976072
2018-09-04,0.4258064516129032,0.3862776914670078,1.6384931190008096,1.632866253025774,1.6384931190008096
2018-09-05,0.3856629796220506,0.3498608461389011,1.5191007569825112,1.4789256059433795,1.5191007569825112
2018-09-06,0.34930408707422,1.886805555555556,1.3758855040002749,1.339497918988756,1.886805555555556
2018-09-07,0.3163729776872213,1.708924441531274,1.2461720602907207,1.5922929936305736,1.708924441531274
2018-09-08,0.2865464926249532,1.5478133071338556,1.7134243887715062,1.4421774447728286,1.7134243887715062
2018-09-09,0.4680851063829788,1.4018911401337113,1.7149391120912838,1.3062142397984042,1.7149391120912838
2018-09-10,0.4239557577405521,1.6826666666666668,1.5532609365928085,1.183069147583904,1.6826666666666668
2018-09-11,0.9017241379310346,2.2605263157894733,1.4068251870488258,1.0715337234272702,2.2605263157894733
2018-09-12,0.816712890362109,2.047412177901831,1.6586979931473322,0.9705134503648946,2.047412177901831
2018-09-13,0.7397161917103356,1.8619402985074625,1.50232202426059,1.0821133231240427,1.8619402985074625
2018-09-14,0.6699784596712277,1.6864033898048112,1.3606886087176715,0.9800956441687008,1.6864033898048112
2018-09-15,0.6068153454713123,2.663013698630137,2.4161627200971467,0.8876958181655697,2.663013698630137
2018-09-16,1.26,2.411954525108267,2.1883757523042355,0.8040071091806664,2.411954525108267
2018-09-17,1.1412118169725225,2.18456429051897,1.982063705163276,0.7282082650213441,2.18456429051897
2018-09-18,1.0336225485696238,1.9786115740289232,2.922399312845963,0.6595554581423938,2.922399312845963
2018-09-19,0.9361764021562776,1.7920753249844523,2.6468862140731684,0.5973749863339887,2.6468862140731684
2018-09-20,0.8827586206896553,1.6231250299818496,2.397347480699969,0.5410566615620214,2.397347480699969
2018-09-21,1.0226666666666666,1.4701027497136243,2.1713343447334217,0.4900478220843504,2.1713343447334217
2018-09-22,4.593333333333334,1.3315068493150686,1.9666288990540235,1.0639083683964468,4.593333333333334
2018-09-23,4.160290697852212,1.2059772625541334,1.898253660257541,0.9823669579030976,4.160290697852212
2018-09-24,3.768073735261751,1.092282145259485,1.8462817391304347,0.8897530007637806,3.768073735261751
2018-09-25,3.4128335507178584,0.9893057870144616,1.6722210620287556,0.805870348141578,3.4128335507178584
2018-09-26,3.0910841090789782,0.8960376624922262,1.5145701877599662,0.7298958446404201,3.0910841090789782
2018-09-27,2.799668025822945,1.9156028368794324,1.3717820602428297,1.5486326681448634,2.799668025822945
2018-09-28,2.5357255830708563,2.4878048780487805,1.789711858145549,1.4026332547909564,2.5357255830708563
2018-09-29,2.296666666666667,2.253263750119963,1.6209843821361516,1.2703981311476749,2.296666666666667
2018-09-30,2.080145348926106,2.733701657458563,1.46816391430292,1.150629650417091,2.733701657458563
2018-10-01,1.8840368676308752,2.475978282197685,2.3327301214257736,1.25713875323183,2.475978282197685
2018-10-02,1.7064167753589292,2.2425521223899403,2.11280887331654,1.1386203180652923,2.2425521223899403
2018-10-03,1.5455420545394891,2.0311325255938177,1.9136209946295528,1.0312753666834316,2.0311325255938177
2018-10-04,1.399834012911473,3.1597701149425284,1.73321181926822,0.9340505039776216,3.1597701149425284
2018-10-05,1.267862791535428,2.8618785667373325,1.5698109598931242,1.369318181818182,2.8618785667373325
2018-10-06,1.1483333333333334,2.592071142143674,1.421814934796041,1.240223881179554,2.592071142143674
2018-10-07,1.040072674463053,2.347700172895098,1.287771432648618,1.1233001181695497,2.347700172895098
2018-10-08,1.008,2.7717770034843205,1.3391015356406142,1.017399499096604,2.7717770034843205
2018-10-09,4.48,2.5104640241182503,1.2128559496818416,1.3829772804340454,4.48
2018-10-10,4.057642015902302,2.273786674927094,1.098512334970118,1.252595250028456,4.057642015902302
2018-10-11,3.6751023949142185,3.0032894736842106,0.9949486172682352,1.1345051596953375,3.6751023949142185
2018-10-12,3.3286272076667647,2.7444444444444445,0.9011485073864932,1.0275481703655698,3.3286272076667647
2018-10-13,3.0148164314964783,2.485708278590944,1.3123456790123458,0.9306746940711768,3.0148164314964783
2018-10-14,2.730590585418025,3.1,1.1886225371759669,0.8429340941518366,3.1
2018-10-15,2.47316051062934,2.8077433592181107,1.076563559797678,0.7634653564881785,2.8077433592181107
2018-10-16,2.24,2.543039603623677,0.9750690921929484,0.7949940968122787,2.543039603623677
2018-10-17,2.028821007951151,2.30329114816227,0.9033386813354723,1.304879083580823,2.30329114816227
2018-10-18,1.837551197457109,2.871666666666667,0.8181752205304896,1.3263873893327576,2.871666666666667
2018-10-19,1.6643136038333823,2.6009364558778523,0.741040658748805,1.2013404464999022,2.6009364558778523
2018-10-20,1.5074082157482391,2.3557296973352675,0.7865727310401989,1.0880824712323292,2.3557296973352675
2018-10-21,1.3652952927090127,4.015789473684211,0.7124175361677972,0.985502042865872,4.015789473684211
2018-10-22,1.23658025531467,3.6371955570176886,0.6452534213437616,0.8925925214040432,3.6371955570176886
2018-10-23,1.12,3.2942940875464624,0.7126062907619913,0.8084421691806295,3.2942940875464624
2018-10-24,1.0144105039755755,3.456363636363636,0.7719498289623717,0.8982384268742318,3.456363636363636
2018-10-25,0.9187755987285546,3.1305103377557937,0.6991732277156953,1.3115052296498408,3.1305103377557937
2018-10-26,0.8321568019166913,2.8353772941282176,1.062640038967365,1.1878613222997303,2.8353772941282176
2018-10-27,0.7537041078741193,2.568068312408489,1.7053970946877317,1.0758741094706812,2.568068312408489
2018-10-28,0.6826476463545063,2.94390243902439,1.544618505625593,0.9744446407164528,2.94390243902439
2018-10-29,0.6182901276573349,2.6663621043086234,1.398997532805052,0.8825775706120317,2.6663621043086234
2018-10-30,0.56,2.4149872553688274,1.2671051717083566,0.7993713912518661,2.4149872553688274
2018-10-31,0.5072052519877878,2.441052631578948,1.1476471391274394,0.8355663824604141,2.441052631578948
2018-11-01,0.4593877993642773,2.8164383561643835,1.0394511721324935,1.109711660329531,2.8164383561643835
2018-11-02,0.4160784009583456,2.55091486811862,0.9864221437521355,1.0050921112700466,2.55091486811862
2018-11-03,0.3768520539370597,2.3104239615776763,0.8934258785502425,0.9103357099422528,2.3104239615776763
2018-11-04,0.3413238231772531,2.0926056564832645,0.8091969604687257,1.1520833333333331,2.0926056564832645
2018-11-05,0.3091450638286674,1.8953224630494,0.7329088361469498,1.0434691382040426,1.8953224630494
2018-11-06,0.28,4.197402597402598,0.6638128766464105,1.2477627471383974,4.197402597402598
2018-11-07,0.2536026259938938,3.801686860910321,0.7131755883113525,1.1301282474701877,3.801686860910321
2018-11-08,0.213082108722984,3.4432777540476445,0.8850176764598318,1.2157356948228883,3.4432777540476445
2018-11-09,0.1929935083016612,3.118658144474427,0.9319582955575704,1.101120588291413,3.118658144474427
2018-11-10,0.1747987875181272,2.824642482199854,0.8440966823935475,0.9973109740237271,2.824642482199854
2018-11-11,0.1583193983398062,2.558345539213549,0.7645183401704909,0.903288149803376,2.558345539213549
2018-11-12,0.1433936255883864,2.560344827586207,1.070155624722099,0.8181294529260784,2.560344827586207
2018-11-13,0.129875,2.31896489902052,1.20422009569378,0.740999205946433,2.31896489902052
2018-11-14,0.1176308608962748,2.1003413856402453,1.0906906376520027,0.6711405160264486,2.1003413856402453
2018-11-15,0.0951412205136665,1.902328896007214,0.9878643209125088,0.6078678474114442,1.902328896007214
2018-11-16,0.0861716548661784,1.8727272727272728,0.8947320925324532,0.5505602941457065,1.8727272727272728
2018-11-17,0.0780477070010798,3.35,0.8103800293830064,1.018359020852221,3.35
2018-11-18,0.0706896551724137,3.4291666666666667,0.7339803696590688,1.071243042671614,3.4291666666666667
2018-11-19,0.0640252935083106,3.10587739870498,0.6647833899053887,0.9702501739257507,3.10587739870498
2018-11-20,0.4266666666666664,2.9,0.6021100478468899,0.8787785427807238,2.9
2018-11-21,1.4258823529411764,3.276651982378855,0.5453453188260013,1.3321428571428573,3.276651982378855
2018-11-22,1.2914553895151233,2.9677412399977703,0.5731465265615878,1.2065533098944188,2.9677412399977703
2018-11-23,1.1697017076250085,4.506226415094339,0.5191123721974918,1.0928038849673178,4.506226415094339
2018-11-24,1.7086956521739132,4.081395900682053,0.5954517815882281,1.2487321480617894,4.081395900682053
2018-11-25,1.5476060871987625,3.696616850477437,1.1842138927977486,2.803739825474811,3.696616850477437
2018-11-26,1.40170345613479,3.348113359194126,1.072570546257002,2.539413508371692,3.348113359194126
2018-11-27,1.2695559905017844,3.0324655000602414,0.971452525337432,2.300006907883672,3.0324655000602414
2018-11-28,1.1498669037054696,2.746575764468442,0.8798675409070444,2.104425507389568,2.746575764468442
2018-11-29,1.0414616654399105,2.4876386655727982,1.3567530343462169,1.9060279817233108,2.4876386655727982
2018-11-30,0.9432764758126267,2.2531132075471696,2.39891542107182,1.7263346477959756,2.39891542107182
2018-12-01,0.8543478260869566,2.0406979503410265,2.172754465432361,2.126919947933615,2.172754465432361
2018-12-02,0.7738030435993812,1.8483084252387183,1.967915135977164,1.926401728838432,1.967915135977164
2018-12-03,0.700851728067395,1.674056679597063,1.7823873079176409,1.744787632687869,1.7823873079176409
2018-12-04,0.6347779952508922,1.5162327500301207,1.6143503636646457,1.580295448040404,1.6143503636646457
2018-12-05,0.5749334518527348,1.3732878822342212,1.4621553267841132,1.4313109838187268,1.4621553267841132
2018-12-06,0.5207308327199553,1.243819332786399,1.324308680297897,1.2963722289654744,1.324308680297897
2018-12-07,0.4716382379063133,3.0316455696202533,1.1994577105359097,1.2942867157378195,3.0316455696202533
2018-12-08,2.05,3.1,1.0863772327161805,1.1722661067861555,3.1
2018-12-09,1.8567335117410089,4.13448275862069,0.9839575679885816,1.1814214096136832,4.13448275862069
2018-12-10,1.6816874798156576,3.744698873973877,0.8911936539588203,1.1791052114060965,3.744698873973877
2018-12-11,1.523144146365372,3.391662385700545,0.8071751818323228,1.067943492627398,3.391662385700545
2018-12-12,2.316,3.071908883922761,0.7310776633920567,1.1773799126637554,3.071908883922761
2018-12-13,2.9477272727272723,2.782300570631371,0.6621543401489484,1.2473564340328616,2.9477272727272723
2018-12-14,2.669826346705197,2.519995467915804,0.5997288552679548,1.1297602400754034,2.669826346705197
2018-12-15,2.418124901686151,2.28241952912914,0.5431886163580902,1.023250584380765,2.418124901686151
2018-12-16,2.1901529466029794,2.067241379310345,0.640179104477612,0.9267822687455304,2.1901529466029794
2018-12-17,1.9836733520956429,1.8723494369869385,0.5798253642926491,0.96214308126765,1.9836733520956429
2018-12-18,1.796659897162732,1.6958311928502725,0.5251615535802927,0.8714357571119017,1.796659897162732
2018-12-19,1.6272773854942435,1.5359544419613804,0.4756512466392686,0.9346456692913389,1.6272773854942435
2018-12-20,1.4738636363636362,1.3911502853156854,0.4308085900178136,0.8465307003789428,1.4738636363636362
2018-12-21,1.3349131733525987,1.9566265060240968,0.3901935347473012,0.7667228878591075,1.9566265060240968
2018-12-22,1.2090624508430752,1.7721629286320295,0.3534075180634117,1.0119485294117647,1.7721629286320295
2018-12-23,1.0950764733014895,2.111180124223602,0.320089552238806,0.9165457301052952,2.111180124223602
2018-12-24,0.9918366760478214,1.9121457980329304,0.2899126821463245,0.8301371571364057,1.9121457980329304
2018-12-25,0.8983299485813663,2.283636363636364,0.5994174265450861,1.7512909319899246,2.283636363636364
2018-12-26,0.8136386927471218,2.0683434951190307,2.2497147764215177,2.3560381511371973,2.3560381511371973
2018-12-27,0.7369318181818181,1.8733476493556245,2.037619910849153,2.1339195073935424,2.1339195073935424
2018-12-28,0.6674565866762994,1.696735297414552,1.8455205720313888,1.9327413954807096,1.9327413954807096
2018-12-29,0.6045312254215377,1.5367733108602175,1.671531654974691,1.750529618789325,1.750529618789325
2018-12-30,0.547538236650745,1.391891954255292,1.513945775476789,1.7281153450051494,1.7281153450051494
2018-12-31,0.4959183380239106,1.2606694810675532,1.3712165152616993,1.5651949625487491,1.5651949625487491
2019-01-01,0.449164974290683,1.1418181818181818,1.2419432467020115,1.4176341167670614,1.4176341167670614
2019-01-02,0.4068193463735609,2.080952380952381,1.1248573882107589,1.2839847668237896,2.080952380952381
2019-01-03,0.368465909090909,1.884767815634892,1.0188099554245764,1.8990205680705192,1.8990205680705192
2019-01-04,1.1911111111111112,1.7070788122635134,0.9227602860156946,1.7199878674253564,1.7199878674253564
2019-01-05,1.1777777777777776,3.1305555555555555,0.8357658274873455,1.5578337137739562,3.1305555555555555
2019-01-06,1.06674120457749,2.835418248959508,0.7569728877383947,2.522311673375503,2.835418248959508
2019-01-07,0.966172752631218,2.5681054061683555,0.6856082576308498,2.284517371225287,2.5681054061683555
2019-01-08,0.8750855258250917,2.325993838690751,0.6209716233510056,2.0691414445407146,2.325993838690751
2019-01-09,0.7925856689946096,2.1067076626342573,0.5624286941053794,1.8740703710297288,2.1067076626342573
2019-01-10,0.7178635963648576,1.9080949837339496,0.5094049777122882,1.6973898835374652,1.9080949837339496
2019-01-11,2.5384615384615383,1.7282067804310923,0.4613801430078473,1.5373661850020386,2.5384615384615383
2019-01-12,2.299144686208378,1.9798969072164947,1.5755566430144363,2.0928232904536226,2.299144686208378
2019-01-13,2.0823897498655426,2.125,1.4270189359663752,1.8955195792865007,2.125
2019-01-14,1.886069674673819,1.9246627865608017,1.2924848196574463,1.7168169390353487,1.9246627865608017
2019-01-15,1.7082579368026058,3.074825174825175,1.170634086865617,1.55496172889344,3.074825174825175
2019-01-16,1.5472096380287572,2.784941924313565,1.0602709946681592,1.408365634883506,2.784941924313565
2019-01-17,1.4013443827398389,2.5223878044514576,0.960312530403582,1.2755900834500524,2.5223878044514576
2019-01-18,1.2692307692307692,2.284586324942365,0.8697777838756768,1.155332124481084,2.284586324942365
2019-01-19,1.149572343104189,3.187012987012986,0.7877783215072182,1.0464116452268113,3.187012987012986
2019-01-20,1.041194874932771,4.018897637795275,1.6905521677387016,1.1904761904761905,4.018897637795275
2019-01-21,0.9430348373369096,3.640010694805496,3.535846503310619,1.0782424574570315,3.640010694805496
2019-01-22,0.8541289684013029,3.2968438244590423,3.2024998512532155,0.9765897095329024,3.2968438244590423
2019-01-23,0.7736048190143787,2.986029469194876,2.900579900081678,0.8845204102005645,2.986029469194876
2019-01-24,0.7006721913699193,3.1421383647798744,2.627123855592214,0.8011310670430691,3.1421383647798744
2019-01-25,0.6346153846153846,2.845909073372628,2.3794482449621026,0.7256033655979021,2.845909073372628
2019-01-26,0.5747861715520947,4.44016393442623,2.155122583353397,1.987945205479452,4.44016393442623
2019-01-27,0.5205974374663856,4.021561548620969,1.951945523132736,1.800529015862714,4.021561548620969
2019-01-28,0.4715174186684548,3.642423461879816,1.7679232516553094,1.630781737860663,3.642423461879816
2019-01-29,0.4270644842006514,3.29902912469461,1.6012499256266075,1.4770376112298214,3.29902912469461
2019-01-30,0.3868024095071893,2.988008747331752,1.450289950040839,1.3377879174986815,2.988008747331752
2019-01-31,0.3503360956849596,2.7063102314859195,1.313561927796107,1.211666174644887,2.7063102314859195
2019-02-01,0.3173076923076923,2.451169219496329,1.1897241224810513,1.0974347275639975,2.451169219496329
2019-02-02,1.507692307692308,2.220081967213115,1.0775612916766988,0.993972602739726,2.220081967213115
2019-02-03,1.3655526015055826,2.0770440251572326,0.9759727615663676,0.900264507931357,2.0770440251572326
2019-02-04,1.236813305980747,1.8812279253028628,0.8839616258276547,1.4322911327524348,1.8812279253028628
2019-02-05,1.1202110795032385,1.7038726498208958,0.8006249628133039,1.297259973049237,1.7038726498208958
2019-02-06,1.0146016836766991,1.543237779834834,0.7251449750204195,1.1749590562930516,1.543237779834834
2019-02-07,1.8375000000000004,1.397746976782502,0.6567809638980535,1.1584679520583636,1.8375000000000004
2019-02-08,1.6642672330849289,1.265972513525245,0.6620162787376839,1.0492518384706049,1.6642672330849289
2019-02-09,1.5073662166640351,1.9044247787610613,0.5996038097806509,1.6994940202391904,1.9044247787610613
2019-02-10,2.0067164179104475,1.7248825889344488,0.5430753597011296,2.1179016393442622,2.1179016393442622
2019-02-11,2.844680851063829,1.5622669788747228,0.4918762047599462,1.91823363333742,2.844680851063829
2019-02-12,2.5764947640869003,1.4149821726649172,0.733040267276244,1.7373895953006355,2.5764947640869003
2019-02-13,2.333592278685557,1.2815828382941727,0.6792135321300898,1.5735948705096774,2.333592278685557
2019-02-14,2.1135897495490426,3.760057471264368,0.6151797691384957,1.4252421121849128,3.760057471264368
2019-02-15,1.914328252712192,3.4055730307164422,0.5571828746851425,1.290875508311349,3.4055730307164422
2019-02-16,1.7338523996504078,3.084508084298834,0.5046537149249244,1.1691764954962884,3.084508084298834
2019-02-17,2.837209302325581,2.793711964562783,0.9959612481127328,1.0589508196721311,2.837209302325581
2019-02-18,2.5697276055859675,2.530331037441721,0.9020656711055184,0.95911681666871,2.5697276055859675
2019-02-19,2.327463103091438,2.291780699032408,0.8170222250403701,1.0355829420970266,2.327463103091438
2019-02-20,2.1080384101710194,3.4008755472170105,0.7399963634486142,0.9959961408586588,3.4008755472170105
2019-02-21,1.909300273269156,3.080253462330909,0.6702322178446445,0.9020972742912148,3.080253462330909
2019-02-22,1.7292984396854183,3.2234567901234565,0.6070451802539762,0.8170508487935214,3.2234567901234565
2019-02-23,1.566266519397734,2.919561095546988,0.5498151850333752,0.7400222886592034,2.919561095546988
2019-02-24,1.4186046511627906,2.644315573501164,0.4979806240563664,0.6702556989213762,2.644315573501164
2019-02-25,2.25,2.395019190701588,0.4510328355527591,0.6070664476208345,2.395019190701588
2019-02-26,2.03787824459379,3.5705142857142853,0.408511112520185,0.5498344473908153,3.5705142857142853
2019-02-27,1.845754551017185,3.331607728764127,0.3699981817243071,0.4979980704293294,3.331607728764127
2019-02-28,1.671743575279067,3.0175159599861967,0.3351161089223222,0.4510486371456073,3.0175159599861967
2019-03-01,1.6678571428571427,2.733035612253518,0.3035225901269882,0.4085254243967606,2.733035612253518
2019-03-02,1.5106176828973017,2.475375029294006,0.2749075925166875,1.0062692071296868,2.475375029294006
2019-03-03,1.3682021830555962,2.2420057419595425,0.2489903120281832,1.3675996204933587,2.2420057419595425
2019-03-04,1.2392130946909907,3.4678846153846155,0.2255164177763795,1.245011157156519,3.4678846153846155
2019-03-05,1.1223846249273397,3.1409451610905825,0.2042555562600925,1.127636067309249,3.1409451610905825
2019-03-06,1.0165703152026606,2.844828360554949,0.1849990908621535,1.0213266708394744,2.844828360554949
2019-03-07,0.9207317908672684,2.576628366923711,0.1675580544611611,1.0099677158999192,2.576628366923711
2019-03-08,0.8339285714285714,2.333713285936469,1.1210662239439215,0.9147516604331232,2.333713285936469
2019-03-09,0.7553088414486507,2.717036290322581,1.0153762082329902,1.3072847682119204,2.717036290322581
2019-03-10,6.4,2.46088406480898,0.9196502599271754,1.1840387505012926,6.4
2019-03-11,5.796631451289003,2.2288809325074466,0.8329490032624955,1.0724119157344882,5.796631451289003
2019-03-12,5.250146278448884,2.018750205398597,0.7544216233798762,0.9713088499193164,5.250146278448884
2019-03-13,4.755181725238235,1.828429833267132,0.6832975171275464,0.8797374106808844,4.755181725238235
2019-03-14,4.30688061642354,1.6560521684361509,0.618878730995191,0.8514171511627907,4.30688061642354
2019-03-15,3.9008436934543216,1.795754716981132,0.5605331119719609,0.8411460329628211,3.9008436934543216
2019-03-16,3.5330864437562,1.6264575423833456,0.5076881041164951,0.7618458671561352,3.5330864437562
2019-03-17,3.2,2.285589519650655,0.4598251299635876,0.6900218304049682,3.2
2019-03-18,2.8983157256445016,2.735215946843854,0.4164745016312478,0.6249691006564757,2.8983157256445016
2019-03-19,2.6250731392244413,2.4773498099284867,0.3772108116899381,0.5660493038983015,2.6250731392244413
2019-03-20,2.3775908626191176,2.2437943475119217,0.3416487585637732,0.5126842496808033,2.3775908626191176
2019-03-21,2.15344030821177,2.032257638283139,0.3094393654975954,0.4643502572312888,2.15344030821177
2019-03-22,1.950421846727161,1.8406638348741176,0.2802665559859804,0.4205730164814105,1.950421846727161
2019-03-23,1.7665432218780996,2.0752272727272727,0.3109748978400467,0.3809229335780676,2.0752272727272727
2019-03-24,1.6,3.938709677419355,0.2816573239657812,1.1778994845360824,3.938709677419355
2019-03-25,1.4491578628222508,3.5673825615039685,0.7889724900070538,1.0668514372685876,3.5673825615039685
2019-03-26,1.3125365696122209,3.231062805436536,0.7145910546526073,0.9662725929881204,3.231062805436536
2019-03-27,2.4196078431372543,2.926450043606797,0.9989444299049114,0.8751759535989868,2.926450043606797
2019-03-28,2.191496081767962,2.6505550567808176,1.5604397407498565,0.7926675715693332,2.6505550567808176
2019-03-29,2.505263157894737,2.4006704383607493,1.4133271998549803,0.7179377774649489,2.505263157894737
2019-03-30,2.269076127313788,2.1743440261221374,1.2800838902564995,0.6502532345190388,2.269076127313788
2019-03-31,2.0551559445243983,1.969354838709677,1.1594022716483134,0.5889497422680412,2.0551559445243983
2019-04-01,1.8614033727083883,5.389211618257261,1.0500980738332075,0.5334257186342938,5.389211618257261
2019-04-02,1.6859170834026358,4.881136494381585,0.9510986752686832,0.4831362964940601,4.881136494381585
2019-04-03,1.5269749984245535,4.420960831463569,0.8614325772408994,0.4375879767994934,4.420960831463569
2019-04-04,2.1381909547738696,4.004168843840391,0.7802198703749281,0.3963337857846666,4.004168843840391
2019-04-05,1.9366101464537304,3.6266704775744896,0.7066635999274902,0.3589688887324745,3.6266704775744896
2019-04-06,1.7540336380967336,4.048806366047746,0.6400419451282497,0.3251266172595193,4.048806366047746
2019-04-07,1.588669773939125,3.667099737751797,0.5797011358241567,0.2944748711340206,3.667099737751797
2019-04-08,1.4388958089574564,3.3213790116977684,0.5250490369166039,0.2667128593171469,3.3213790116977684
2019-04-09,1.3032419845829255,3.008251568884136,0.4755493376343417,0.2415681482470301,3.008251568884136
2019-04-10,1.180377105699013,2.7246446339973853,0.4307162886204496,0.3799553855959209,2.7246446339973853
2019-04-11,1.0690954773869348,2.4677751217211026,0.390109935187464,0.3441345840987431,2.4677751217211026
2019-04-12,0.9683050732268652,2.2351223258245456,0.3533317999637451,0.3116908365098492,2.2351223258245456
2019-04-13,0.8770168190483667,2.024403183023873,2.2183572641655087,0.7111386138613861,2.2183572641655087
2019-04-14,0.7943348869695623,1.8335498688758984,2.00921866994644,0.6440950711460901,2.00921866994644
2019-04-15,1.1347826086956525,1.660689505848884,1.8197968960513424,0.5833721479727584,1.8197968960513424
2019-04-16,1.185,1.504125784442068,1.6482331129077057,0.5283739594913927,1.6482331129077057
2019-04-17,1.6356164383561644,1.3623223169986929,1.4928437345838723,0.4785607986921731,1.6356164383561644
2019-04-18,1.4814165138782256,2.75982905982906,1.3521038974607198,0.7772631578947368,2.75982905982906
2019-04-19,1.3417539932508489,2.4996424888103888,1.2246324964736328,0.7039856354657564,2.4996424888103888
2019-04-20,1.215258343307888,2.3,1.1091786320827544,0.6376164493431998,2.3
2019-04-21,1.100688239728105,2.0831644278069854,1.00460933497322,0.5775043068940645,2.0831644278069854
2019-04-22,0.9969193856987284,1.8867713188175672,0.9098984480256712,0.5230593169682798,1.8867713188175672
2019-04-23,2.684545454545454,1.7088934325074905,0.8241165564538527,0.4737472011918866,2.684545454545454
2019-04-24,2.431456345973924,1.5477852215272094,0.7464218672919362,0.4290840509982858,2.431456345973924
2019-04-25,2.202227551173231,3.071428571428572,0.67605194873036,0.3886315789473684,3.071428571428572
2019-04-26,1.994609607191549,2.781865540239142,0.6191523073876016,0.3519928177328782,2.781865540239142
2019-04-27,1.806565122201521,2.5196014505948883,0.5607808965845512,0.3188082246715998,2.5196014505948883
2019-04-28,1.6630434782608698,2.282062658317457,0.5079125285037587,0.2887521534470322,2.282062658317457
2019-04-29,1.5062578329606278,2.0669181529711187,0.4600283964419702,0.2615296584841399,2.0669181529711187
2019-04-30,1.3642533637953111,1.872056683242588,0.4166586048908704,0.2368736005959433,1.872056683242588
2019-05-01,1.2356365556410498,1.6955660388562122,0.3773775583688464,0.5165695557174071,1.6955660388562122
2019-05-02,1.119145268873644,2.971698113207548,0.3417997849767979,0.4678692708515483,2.971698113207548
2019-05-03,1.0701754385964912,2.691537304180477,0.751875,0.4237602703921466,2.691537304180477
2019-05-04,1.2538461538461538,2.4377890296453395,1.4927968596663397,0.3838097048690388,2.4377890296453395
2019-05-05,2.3777777777777778,2.20796321263273,2.146941342978456,0.3476255322740345,2.3777777777777778
2019-05-06,2.1536096016941784,5.111811023622048,1.94453558012212,0.4224384869629086,5.111811023622048
2019-05-07,1.950575179840384,4.629888211339593,1.7612118909197478,0.3826125343381462,4.629888211339593
2019-05-08,1.766682099307261,4.193399315906761,1.5951712873889978,0.3465412265940455,4.193399315906761
2019-05-09,1.600125784574023,3.798060994124831,1.444784383542537,0.3138705895692677,3.798060994124831
2019-05-10,1.449271788887543,3.439993720696558,1.3085754059334156,0.2842800204893499,3.439993720696558
2019-05-11,1.3126397551455329,3.1156837177541163,1.1852077116276425,0.2574791418346324,3.1156837177541163
2019-05-12,1.1888888888888889,2.8219484735316502,1.291786283891547,0.2332049518139894,2.8219484735316502
2019-05-13,1.6035714285714289,2.555905511811024,1.5804311956880432,0.2112192434814543,2.555905511811024
2019-05-14,1.4523925901946222,2.815,1.431433933675562,0.1913062671690731,2.815
2019-05-15,1.3154663387408196,2.549612114902897,1.296483587560328,0.6682880606443462,2.549612114902897
2019-05-16,1.6470588235294117,2.3092440271615007,1.342336885685809,0.6052843110706172,2.3092440271615007
2019-05-17,1.625,2.091536961960255,1.962589734386217,0.5482203241443336,2.091536961960255
2019-05-18,1.4718009544288484,1.8943545211300408,2.2847346295323177,0.4965361208079525,2.2847346295323177
2019-05-19,1.3330449535124116,2.1355932203389827,2.0693382205306503,0.4497245147775646,2.1355932203389827
2019-05-20,1.2073703599237706,2.339416058394161,1.8742485957003727,0.4073261354336432,2.339416058394161
2019-05-21,1.5628865979381443,3.0421768707482992,1.6975513058392229,0.3689249199354157,3.0421768707482992
2019-05-22,1.4155433763134873,3.1630434782608696,1.5375123890006803,0.3341440303221731,3.1630434782608696
2019-05-23,1.2820911337191538,2.8648433293564874,1.3925613548168494,0.3026421555353086,2.8648433293564874
2019-05-24,1.1612202795523785,2.594756397806768,1.2612757729970274,0.2741101620721668,2.594756397806768
2019-05-25,1.051744686613738,2.3501322724937608,1.1423673147661588,0.2482680604039762,2.3501322724937608
2019-05-26,0.9525900514298892,2.6632258064516128,1.0346691102653252,0.2248622573887823,2.6632258064516128
2019-05-27,0.8627833519224225,2.4121466361815527,1.266572928383952,0.2036630677168216,2.4121466361815527
2019-05-28,0.7814432989690722,2.1847382900642125,1.6484370288471206,0.1844624599677078,2.1847382900642125
2019-05-29,0.7077716881567436,1.9787691695346203,1.4930284260757214,0.1670720151610865,1.9787691695346203
2019-05-30,0.6410455668595768,1.792218062963344,1.3522711769154756,0.1513210777676543,1.792218062963344
2019-05-31,0.5806101397761891,1.6232543111471207,1.2247840054343502,0.1370550810360834,1.6232543111471207
2019-06-01,0.525872343306869,1.470219842724354,1.2786089238845144,0.1241340302019881,1.470219842724354
2019-06-02,0.4762950257149446,1.3316129032258064,3.217846392853675,1.206913407821229,3.217846392853675
2019-06-03,0.4313916759612112,1.2060733180907763,2.9144796259738253,1.0931300341810823,2.9144796259738253
2019-06-04,0.3907216494845361,1.092369145032106,2.639713166259513,0.9900737400754194,2.639713166259513
2019-06-05,0.729906542056075,0.9893845847673102,2.390850681550245,0.8967332157525795,2.390850681550245
2019-06-06,0.6610936278412256,0.896109031481672,2.165450040001547,0.8121924940385827,2.165450040001547
2019-06-07,0.5987681430298742,0.8116271555735605,1.961299345010624,0.7356219617882662,1.961299345010624
2019-06-08,0.5423184765495126,0.7351099213621769,1.776395229481423,0.6662702187438722,1.776395229481423
2019-06-09,0.4911906777784441,0.6658064516129032,1.6089231964268376,0.6034567039106145,1.6089231964268376
2019-06-10,0.4448830205297642,2.525,1.4572398129869126,0.6608413001912046,2.525
2019-06-11,0.402941079523013,4.961538461538462,1.3198565831297564,0.5985396039061022,4.961538461538462
2019-06-12,0.3649532710280375,4.4937827957709215,1.8545289556178848,0.5421114832569022,4.4937827957709215
2019-06-13,0.3305468139206128,4.070125420191743,1.6796907611657466,0.4910031990549829,4.070125420191743
2019-06-14,0.299384071514937,3.6864089095897374,1.5322251942427716,0.4447132166133795,3.6864089095897374
2019-06-15,0.2711592382747563,3.3388677855687297,1.3877726174070393,0.4027872840976584,3.3388677855687297
2019-06-16,0.245595338889222,6.802127659574468,1.2569385002030162,0.4081810269799826,6.802127659574468
2019-06-17,0.2224415102648821,6.160847988620659,1.138438944158255,0.3696992154393144,6.160847988620659
2019-06-18,2.7750000000000004,5.580025815226422,1.0311110920437478,0.3348453280831873,5.580025815226422
2019-06-19,2.513383168332341,5.053961428054068,0.9339017165490217,0.9349939246658566,5.053961428054068
2019-06-20,2.2764306129211955,4.5774924636655765,1.4553890402664245,2.081623839343554,4.5774924636655765
2019-06-21,2.0618170761775163,4.145943247331604,1.387796675314692,1.8853759713893457,4.145943247331604
2019-06-22,1.8674365172773943,3.755078909803381,1.25696029001929,1.7076296333218808,3.755078909803381
2019-06-23,2.188333333333333,3.4010638297872338,1.138458679710494,1.546640568697925,3.4010638297872338
2019-06-24,1.9820252852975155,3.1132530120481925,1.031128967000438,1.4008289631802973,3.1132530120481925
2019-06-25,1.7951672040633808,3.248351648351649,0.9339179063202936,1.268763941538668,3.248351648351649
2019-06-26,1.6259254180306777,2.942108957762757,0.8458715482340923,1.1491495262163196,2.942108957762757
2019-06-27,1.4726391274385695,2.664737705888548,0.766125878163166,1.040811919671777,2.664737705888548
2019-06-28,1.3338041066420634,2.4135159992795714,0.6983199524234314,0.9426879856946728,2.4135159992795714
2019-06-29,1.2080579428780962,2.185978554627058,1.4084393296991722,0.8538148166609403,2.185978554627058
2019-06-30,1.0941666666666665,1.9798925064991373,1.2756568305885347,0.7733202843489625,1.9798925064991373
2019-07-01,0.9910126426487578,1.7932354958350496,2.488834336395312,0.7004144815901486,2.488834336395312
2019-07-02,0.8975836020316903,1.6241758241758244,2.2541961549057903,0.6343819707693341,2.2541961549057903
2019-07-03,0.8129627090153387,1.4710544788813784,2.0416788013908813,0.5745747631081597,2.0416788013908813
2019-07-04,0.7363195637192848,2.5039106145251395,1.84919680524569,0.5204059598358886,2.5039106145251395
2019-07-05,0.75,2.815584415584416,1.6748613063922362,0.4713439928473364,2.815584415584416
2019-07-06,0.6792927481979301,2.550141433927468,1.5169615195594095,0.4269074083304702,2.550141433927468
2019-07-07,0.6152515170057284,2.3097234439279988,1.3739479460426929,0.3866601421744813,2.3097234439279988
2019-07-08,0.5572478584263556,3.4309677419354845,1.244417168197656,0.3502072407950742,3.4309677419354845
2019-07-09,8.0,3.107508675197069,1.1270980774528951,0.317190985384667,8.0
2019-07-10,7.245789314111254,2.8145441440313674,1.0208394006954409,0.2872873815540798,7.245789314111254
2019-07-11,6.562682848061104,2.5491992353646107,0.924598402622845,0.2602029799179443,6.562682848061104
2019-07-12,5.943977156547794,2.308870072393184,0.8374306531961181,0.2356719964236682,5.943977156547794
2019-07-13,5.383600770529425,2.091198262277226,0.9850688993546136,0.2134537041652351,5.383600770529425
2019-07-14,5.761538461538462,1.894047752812044,0.8922002130758742,0.1933300710872406,5.761538461538462
2019-07-15,5.218361727182048,1.7154838709677422,0.8080868462441191,0.1751036203975371,5.218361727182048
2019-07-16,4.726393704997853,1.5537543375985343,0.7319033794236877,0.1585954926923335,4.726393704997853
2019-07-17,4.280806625244518,2.7102091020910204,0.6629022106987588,0.1436436907770399,4.280806625244518
2019-07-18,3.8772278626216727,2.454700518867272,0.6004062193227241,0.1301014899589721,3.8772278626216727
2019-07-19,3.511697026919816,2.223280348618978,0.9352949134199134,0.117835998211834,3.511697026919816
2019-07-20,3.180627099006484,2.9449101796407184,0.8471187361500774,0.0628794769761069,3.180627099006484
2019-07-21,2.880769230769231,2.667274838832271,0.7672554857724576,0.0569514302937974,2.880769230769231
2019-07-22,2.609180863591024,3.073493975903615,0.6949214500004139,0.2160117056856187,3.073493975903615
2019-07-23,2.3631968524989264,2.783736225948465,0.6294068020699622,0.1956469135974751,2.783736225948465
2019-07-24,2.344444444444445,2.5212957749102225,1.5325860329559466,0.1772020394854291,2.5212957749102225
2019-07-25,2.1234188128853813,2.283597247944793,1.3880994375685445,0.3266103953798312,2.283597247944793
2019-07-26,1.9232306679734623,2.0683080671115306,1.25723450895725,0.2958187640901041,2.0683080671115306
2019-07-27,1.7419155278216452,2.8662068965517244,1.138707046291794,0.2679300549697092,2.8662068965517244
2019-07-28,9.192307692307692,2.595991412883308,1.1387859893636532,0.242670591153595,9.192307692307692
2019-07-29,8.325690606118219,2.351250854874306,1.0314254190988463,0.2197924970287224,8.325690606118219
2019-07-30,7.540775003300979,2.1295835398804,1.290031110509942,0.7074653394952009,7.540775003300979
2019-07-31,6.829858367379435,5.131875,1.1684117044255014,0.6407680996273021,6.829858367379435
2019-08-01,6.185964346906406,4.648060629544336,1.0758491680614355,0.58035883113786,6.185964346906406
2019-08-02,5.602774295285954,4.209858505111697,0.9744220506918791,0.5256447271261004,5.602774295285954
2019-08-03,5.074565264770023,3.812968471282338,0.882557110292199,0.476088868353653,5.074565264770023
2019-08-04,4.596153846153846,3.4534957755325864,0.7993528598560152,0.4312049543605272,4.596153846153846
2019-08-05,4.162845303059109,3.127912848335296,0.7239928012686232,0.3905525313121675,4.162845303059109
2019-08-06,3.770387501650489,2.833024686492398,0.6557374128657077,0.768332633347333,3.770387501650489
2019-08-07,3.414929183689717,2.5659375,0.6322027972027972,0.6958970480488832,3.414929183689717
2019-08-08,3.092982173453203,2.324030314772168,0.572601034040409,0.6302904243092704,3.092982173453203
2019-08-09,2.801387147642977,2.104929252555848,0.5186183067123812,0.5708689526558449,2.801387147642977
2019-08-10,2.537282632385011,1.906484235641169,1.0619138552938678,0.5292899408284024,2.537282632385011
2019-08-11,2.298076923076923,1.7267478877662932,1.134789644012945,0.479390424665127,2.298076923076923
2019-08-12,2.081422651529554,1.5639564241676482,1.0278058345441388,0.4341952520407291,2.081422651529554
2019-08-13,1.8851937508252448,1.4165123432461988,1.1335680366792205,0.3932609146843197,1.8851937508252448
2019-08-14,1.7074645918448592,1.28296875,1.0266993958735462,0.3561857166596576,1.7074645918448592
2019-08-15,1.546491086726601,1.162015157386084,0.9299059389281276,0.3226058324514507,1.546491086726601
2019-08-16,1.4006935738214883,1.0524646262779245,0.8422378144267523,0.2921917366808359,1.4006935738214883
2019-08-17,1.2686413161925054,0.9532421178205848,1.2308730377306527,0.7037908496732027,1.2686413161925054
2019-08-18,1.1490384615384617,0.8633739438831465,1.1148308379770526,1.5589808917197454,1.5589808917197454
2019-08-19,1.040711325764777,0.781978212083824,1.0097286716069778,1.4120058857658206,1.4120058857658206
2019-08-20,0.9425968754126224,0.7082561716230994,1.016728855721393,1.2788871448180223,1.2788871448180223
2019-08-21,0.8537322959224296,2.266985645933014,0.920875384766829,1.1583183509845845,2.266985645933014
2019-08-22,0.7732455433633005,2.053262546068129,0.938953488372093,1.049116341237884,2.053262546068129
2019-08-23,0.7003467869107443,1.8596884769206643,1.5792304818827043,0.9502094968251192,1.8596884769206643
2019-08-24,4.171428571428572,2.825454545454545,2.12666940902235,0.8606272272828102,4.171428571428572
2019-08-25,4.4,2.5590810441202017,3.657420657818812,0.7794904458598727,4.4
2019-08-26,3.98518412276119,2.3178202604288534,3.312612439954162,0.7060029428829103,3.98518412276119
2019-08-27,3.6094755664336073,2.0993046593807434,3.000311477401484,0.6394435724090111,3.6094755664336073
2019-08-28,3.2691874361012867,1.90138990850062,2.717453105245128,0.5791591754922922,3.2691874361012867
2019-08-29,2.960980423791184,2.159882869692533,2.4612615839479486,0.5245581706189419,2.960980423791184
2019-08-30,2.681830039249846,1.956257027118764,2.2292228605253226,0.4751047484125597,2.681830039249846
2019-08-31,2.428996930082388,1.7718282828440228,2.019059897695864,0.4303136136414049,2.428996930082388
2019-09-01,2.2,1.604786804783914,3.5925356949213807,0.3897452229299363,3.5925356949213807
2019-09-02,1.992592061380595,1.4534933851912533,3.2538445936030733,0.3530014714414551,3.2538445936030733
2019-09-03,1.804737783216804,1.316463354818772,2.947084048263478,0.3197217862045056,2.947084048263478
2019-09-04,1.6345937180506434,1.1923520135956138,2.669243763086905,0.2895795877461461,2.669243763086905
2019-09-05,1.4804902118955918,1.0799414348462666,2.417597241916651,0.2622790853094709,2.417597241916651
2019-09-06,1.340915019624923,0.9781285135593816,2.189675032663063,0.2375523742062798,2.189675032663063
2019-09-07,1.2144984650411936,1.2801470588235295,1.9832404941307795,0.2151568068207024,1.9832404941307795
2019-09-08,1.1,1.15945948491431,1.7962678474606903,0.1948726114649681,1.7962678474606903
2019-09-09,0.9962960306902976,1.0501498932421307,2.592316248823479,0.1765007357207275,2.592316248823479
2019-09-10,0.9023688916084018,0.951145609333613,2.347922171815267,0.1598608931022528,2.347922171815267
2019-09-11,0.8172968590253218,0.8614750865341663,2.126568672862993,0.144789793873073,2.126568672862993
2019-09-12,0.7402451059477958,0.7802583720477911,1.9260835706943031,0.1311395426547354,1.9260835706943031
2019-09-13,0.6704575098124615,0.7976923076923078,1.7444994693277536,0.1187761871031399,1.7444994693277536
2019-09-14,5.0,1.2262910798122069,2.0629212091179387,0.1075784034103512,5.0
2019-09-15,4.5286183213195335,1.110680850261655,2.2328469912307227,0.097436305732484,4.5286183213195335
2019-09-16,4.10167678003819,1.0059699295267377,2.022342358638129,0.0882503678603637,4.10167678003819
2019-09-17,3.7149857228423713,0.9111307707102606,1.831683331461838,0.0203531114600017,3.7149857228423713
2019-09-18,3.36475048158089,0.8252327002712946,1.9131454699070625,0.0184342946907244,3.36475048158089
2019-09-19,3.0475341355111887,0.7474327851601151,1.732781125274118,0.0166963769354036,3.0475341355111887
2019-09-20,2.7602237841845314,0.8796551724137931,1.5694208701506098,0.0151223036978651,2.7602237841845314
2019-09-21,2.5,0.7967245060473193,1.421461621285059,0.5336463223787167,2.5
2019-09-22,2.2643091606597667,1.3,1.2874514282408174,1.5871552403467295,2.2643091606597667
2019-09-23,2.0508383900190945,1.1774407635430788,1.1979519774011298,1.4375240600425017,2.0508383900190945
2019-09-24,1.8574928614211856,1.0664359628099294,1.085013454583944,1.3019995591292228,1.8574928614211856
2019-09-25,1.682375240790445,0.9658962879390164,0.9827223618614096,1.1792518115645103,1.682375240790445
2019-09-26,1.5237670677555946,0.8748351252110316,0.9636966206671737,1.0680762718600585,1.5237670677555946
2019-09-27,1.5363636363636362,0.792358875232909,0.8728428345094167,0.9673819546624248,1.5363636363636362
2019-09-28,4.733333333333333,0.7176581838879781,0.7905544103983635,0.8761807287196319,4.733333333333333
2019-09-29,4.287092010849158,2.813265306122449,1.3767273340074149,0.7935776201733649,4.287092010849158
2019-09-30,3.88292068510282,2.5480409616077457,1.2469345256494753,0.7187620300212508,3.88292068510282
2019-10-01,3.516853150957445,2.307820996441896,1.129378107668419,0.6509997795646113,3.516853150957445
2019-10-02,3.185297122563243,2.090248089362534,1.0229044780168772,0.5896259057822553,3.185297122563243
2019-10-03,2.8849989816172585,1.8931871587180644,0.9264687920214048,0.5340381359300292,2.8849989816172585
2019-10-04,2.6130118490280227,1.7147044105314997,1.4447476901208245,0.4836909773312124,2.6130118490280227
2019-10-05,2.3666666666666667,1.553048361836072,1.308542171833048,0.4380903643598158,2.3666666666666667
2019-10-06,2.143546005424579,1.4066326530612243,1.185177610716479,0.3967888100866824,2.143546005424579
2019-10-07,1.9414603425514096,1.2740204808038729,1.0734434083816713,0.3593810150106254,1.9414603425514096
2019-10-08,1.7584265754787225,1.1539104982209478,0.9722430972193844,0.3254998897823057,1.7584265754787225
2019-10-09,1.5926485612816217,1.045124044681267,0.8805835805688306,0.2948129528911277,1.5926485612816217
2019-10-10,1.4424994908086295,0.9465935793590322,0.7975653872834324,0.2670190679650145,1.4424994908086295
2019-10-11,1.3065059245140112,0.8573522052657498,1.4444665907365224,0.2418454886656061,1.4444665907365224
2019-10-12,1.1833333333333331,0.7765241809180359,1.308287573468676,0.2190451821799079,1.308287573468676
2019-10-13,1.0717730027122896,1.5227799227799228,1.1849470149529842,0.1983944050433412,1.5227799227799228
2019-10-14,0.9707301712757048,1.3792178115277407,1.073234552341795,0.1796905075053127,1.3792178115277407
2019-10-15,0.8792132877393612,2.8442748091603054,0.972053931361644,0.1627499448911528,2.8442748091603054
2019-10-16,0.7963242806408106,2.576127002326196,0.8804122485750043,0.1474064764455638,2.576127002326196
2019-10-17,0.7212497454043146,2.333259188156076,0.7974102078421784,0.1335095339825072,2.333259188156076
2019-10-18,0.6532529622570056,2.1132880615741487,0.7222332953682612,0.120922744332803,2.1132880615741487
2019-10-19,0.5916666666666667,1.9140550067741064,0.6541437867343379,0.1095225910899539,1.9140550067741064
2019-10-20,0.5358865013561448,1.7336049143381205,0.592473507476492,0.5382978723404256,1.7336049143381205
2019-10-21,0.4853650856378524,1.5701669954002386,0.5366172761708975,0.4875491214016349,1.5701669954002386
2019-10-22,0.4396066438696806,1.4221374045801527,0.486026965680822,0.441584776744537,1.4221374045801527
2019-10-23,0.3981621403204053,1.8604810996563568,0.4402061242875022,0.3999537820762213,1.8604810996563568
2019-10-24,1.4710526315789476,1.6850817588744984,0.3987051039210891,0.3622476050382831,1.6850817588744984
2019-10-25,1.3323671797987473,2.966,0.3611166476841306,0.3280962282060982,2.966
2019-10-26,1.2067564842322889,2.686376388206748,0.3270718933671689,0.2971645180419942,2.686376388206748
2019-10-27,1.0929879047730977,2.4331146659186538,1.5826927051043602,0.2691489361702128,2.4331146659186538
2019-10-28,0.98994501010722,2.203729530790094,1.433482236270876,0.2437745607008174,2.203729530790094
2019-10-29,0.8966166219740814,1.995969985673784,1.298338783692477,0.2207923883722685,1.995969985673784
2019-10-30,0.8120868922942911,3.4004926108374387,1.175936160621894,0.1999768910381106,3.4004926108374387
2019-10-31,0.7355263157894738,3.079906627790024,1.198478187352046,0.1811238025191415,3.079906627790024
2019-11-01,0.6661835898993737,2.7895443165126728,1.08549005538886,0.1640481141030491,2.7895443165126728
2019-11-02,0.6033782421161442,2.5265562999784126,0.9831540304888292,0.1485822590209971,2.5265562999784126
2019-11-03,0.5464939523865489,2.288361829985506,0.890465871030171,0.1345744680851064,2.288361829985506
2019-11-04,0.49497250505361,3.939416058394161,1.5174962454408925,0.1218872803504087,3.939416058394161
2019-11-05,0.4483083109870407,3.568022347468836,1.374432259927446,0.1103961941861342,3.568022347468836
2019-11-06,0.4060434461471455,3.23164227472498,1.2448558227440083,0.0999884455190553,3.23164227472498
2019-11-07,0.930612244897959,2.926974882654055,1.1274953772559635,0.0905619012595707,2.926974882654055
2019-11-08,0.8428775324578396,2.6510304159258493,1.1215998568360772,0.0820240570515245,2.6510304159258493
2019-11-09,0.7634141272234344,2.4011009823874288,1.015859532171445,0.0742911295104985,2.4011009823874288
2019-11-10,0.6914422406596412,2.1747339800356085,0.9200880178557392,0.6063063063063064,2.1747339800356085
2019-11-11,0.6262555998370962,1.9697080291970803,0.8333454909776148,0.5491459694140625,1.9697080291970803
2019-11-12,0.5672145166502456,1.784011173734418,2.725701639674077,0.4973744996334598,2.725701639674077
2019-11-13,0.5137396104441412,2.83,2.468732476775744,0.4504838543194444,2.83
2019-11-14,0.4653061224489795,2.563197969866856,2.2359894249526366,0.408013887225935,2.563197969866856
2019-11-15,0.4214387662289198,2.321549057501616,2.025188535223448,0.3695478330088342,2.321549057501616
2019-11-16,0.3817070636117171,2.102681919128782,1.8342611809478349,0.3347082174335477,2.102681919128782
2019-11-17,0.3457211203298206,2.983333333333333,1.6613337580251135,0.3031531531531532,2.983333333333333
2019-11-18,0.3131277999185481,2.7020755983873213,1.5047092988838326,0.2745729847070312,2.7020755983873213
2019-11-19,2.15,2.447333812089453,2.1053227158424144,0.2486872498167299,2.447333812089453
2019-11-20,1.9473058781673995,2.2166081479626145,3.47948784106302,0.2252419271597222,3.47948784106302
2019-11-21,2.8363636363636364,2.007634454009931,3.1514544771693083,0.2040069436129675,3.1514544771693083
2019-11-22,2.568961665912172,1.8183620341883424,2.85434689682268,0.1847739165044171,2.85434689682268
2019-11-23,2.3267693734034824,4.18235294117647,2.585249530470549,0.3690816797415782,4.18235294117647
2019-11-24,2.107410082776036,3.78805603112728,2.3415216777743297,0.3342860113882199,3.78805603112728
2019-11-25,7.75,3.430931988949592,2.1207715939471363,0.3027707511467045,7.75
2019-11-26,7.019358398045277,3.753267973856209,1.9208330191366068,0.2742266341605286,7.019358398045277
2019-11-27,6.357599009059194,3.3994236222454144,1.73974392053151,0.2483735519306318,6.357599009059194
2019-11-28,5.758227870405675,3.0789384195254,1.80515350877193,0.2249578035608535,5.758227870405675
2019-11-29,5.21536324645038,2.788667387375466,1.6349702505237609,0.2037496061458964,5.21536324645038
2019-11-30,4.723677910042342,2.5257620445069624,1.480831246266858,0.1845408398707891,4.723677910042342
2019-12-01,4.278346865486023,2.481060606060606,1.341223902525306,0.1671430056941099,4.278346865486023
2019-12-02,3.875,2.247155303382041,1.214778227593557,0.1513853755733522,3.875
2019-12-03,3.5096791990226386,2.035301735549253,1.1002533875640503,0.1371133170802643,3.5096791990226386
2019-12-04,3.1787995045295965,1.8434209458043584,0.996525529803288,0.1241867759653159,3.1787995045295965
2019-12-05,2.8791139352028376,1.66962997381476,0.9469171483622352,0.1124789017804268,2.8791139352028376
2019-12-06,2.60768162322519,1.512223377848355,0.9401261829652996,0.1018748030729481,2.60768162322519
2019-12-07,2.361838955021172,2.236206896551724,1.1698100407055632,0.0922704199353945,2.361838955021172
2019-12-08,2.139173432743011,2.0253855043970463,1.0595246365605526,0.0835715028470549,2.139173432743011
2019-12-09,1.9375,1.8344395805894933,0.9596365362035076,0.0756926877866761,1.9375
2019-12-10,1.7548395995113193,1.6614953388022604,0.869165519931764,0.0685566585401321,1.7548395995113193
2019-12-11,1.5893997522647985,1.5048556464173843,0.8513424399434761,0.0620933879826579,1.5893997522647985
2019-12-12,1.439556967601419,1.3629833702613832,0.7710809942489801,0.0562394508902133,1.439556967601419
2019-12-13,1.3038408116125948,1.7640816326530608,1.2573529411764706,0.050937401536474,1.7640816326530608
2019-12-14,1.1809194775105856,1.5977704803871853,1.17553603719969,0.0461352099676972,1.5977704803871853
2019-12-15,1.0695867163715056,2.006818181818182,1.3552739375320018,0.0417857514235274,2.006818181818182
2019-12-16,0.96875,1.8176227171477943,1.2275036767828575,0.037846343893338,1.8176227171477943
2019-12-17,0.8774197997556596,2.155471698113208,1.111779128033188,0.034278329270066,2.155471698113208
2019-12-18,1.0375000000000003,1.95226172463224,1.00696466569435,0.0310466939913289,1.95226172463224
2019-12-19,0.9396883016738036,2.1202702702702703,0.9120317267969664,0.0281197254451066,2.1202702702702703
2019-12-20,0.8510979318579246,2.8761538461538465,0.8260487175194867,0.025468700768237,2.8761538461538465
2019-12-21,0.7708595374897922,2.6050006005251904,0.7481718712922504,0.0230676049838486,2.6050006005251904
2019-12-22,0.698185724928035,2.359410689317353,1.119522776572668,0.0208928757117637,2.359410689317353
2019-12-23,0.6323633331185718,2.1369740950319427,2.441796407185629,0.0,2.441796407185629
2019-12-24,0.5727464352182904,1.9355080077893767,2.21159278930261,0.0,2.21159278930261
2019-12-25,0.5187500000000002,1.8426356589147288,2.0030919249867942,0.0,2.0030919249867942
2019-12-26,0.4698441508369017,4.11917808219178,1.814247758156481,0.0,4.11917808219178
2019-12-27,0.7138888888888888,3.730837066358311,1.6432071274000666,0.0,3.730837066358311
2019-12-28,1.7999999999999996,3.3791074185136534,1.4882915805733563,0.0,3.3791074185136534
2019-12-29,1.6303025956750317,3.0605375530375367,2.1799205114912734,0.0,3.0605375530375367
2019-12-30,1.476603640813748,2.772001287154448,2.735226586102719,0.0,2.772001287154448
2019-12-31,1.3373948602232533,2.5106671631457926,2.4773594461570108,0.0,2.5106671631457926
2020-01-01,1.2113101733691205,2.273970662751476,6.632809962100703,0.0,6.632809962100703
2020-01-02,1.0971122887840277,2.05958904109589,7.954466858789624,0.0,7.954466858789624
2020-01-03,0.993680562306431,5.0,7.204548870608746,0.0,7.204548870608746
2020-01-04,0.8999999999999998,5.0,6.525330402456144,0.0,6.525330402456144
2020-01-05,0.8151512978375158,4.5286183213195335,5.910146162645251,0.3428571428571428,5.910146162645251
2020-01-06,0.7383018204068739,4.10167678003819,5.352959238766324,0.3105338277476251,5.352959238766324
2020-01-07,5.260714285714286,3.7149857228423713,4.848301856390767,0.2812578363454758,5.260714285714286
2020-01-08,4.764753419502624,3.36475048158089,4.391221722827748,0.2547418781377626,4.764753419502624
2020-01-09,4.315549926425896,3.0475341355111887,3.977233429394812,0.3488363636363636,4.315549926425896
2020-01-10,3.908695692676295,2.7602237841845314,3.602274435304373,0.649987503124219,3.908695692676295
2020-01-11,3.540198185263322,2.5,3.262665201228072,0.7658480868075386,3.540198185263322
2020-01-12,3.206441272577129,2.2643091606597667,2.9550730813226256,0.6936467354528264,3.206441272577129
2020-01-13,2.904149738645582,2.0508383900190945,2.676479619383162,0.6282522629390306,2.904149738645582
2020-01-14,2.630357142857143,2.136538461538461,2.424150928195384,2.0605882352941176,2.630357142857143
2020-01-15,2.382376709751312,1.9351134442253848,2.7585745597460507,1.8663235270096847,2.7585745597460507
2020-01-16,2.1577749632129475,1.7526780394701649,2.498506258398386,1.6903733835851504,2.498506258398386
2020-01-17,1.954347846338148,1.5874419761837977,3.039492183401532,1.531011174954921,3.039492183401532
2020-01-18,1.770099092631661,1.4377837634755266,2.752939997851938,1.38667305140916,2.752939997851938
2020-01-19,1.6032206362885648,1.302234778674204,2.4934029023531283,1.255942597258317,2.4934029023531283
2020-01-20,1.4520748693227907,1.1794648554726976,2.2583340132055354,1.137536931293931,2.2583340132055354
2020-01-21,1.3151785714285715,1.0682692307692307,2.0454265575723314,1.0302941176470588,2.0454265575723314
2020-01-22,1.191188354875656,0.9675567221126926,1.8525912367071204,0.9331617635048428,1.8525912367071204
2020-01-23,1.078887481606474,1.2470149253731342,1.677935723293576,0.8451866917925751,1.677935723293576
2020-01-24,0.977173923169074,1.1294509276007372,1.519746091700766,0.7655055874774603,1.519746091700766
2020-01-25,0.8850495463158305,2.0621160409556314,1.745133245133245,0.6933365257045799,2.0621160409556314
2020-01-26,0.8016103181442823,1.8677072967517148,1.580608477410845,0.6279712986291586,1.8677072967517148
2020-01-27,0.7260374346613954,1.6916266965863989,1.4315945019271452,0.5687684656469654,1.6916266965863989
2020-01-28,0.6575892857142858,1.532146330198881,1.2966290180255162,0.5151470588235294,1.532146330198881
2020-01-29,0.5955941774378279,2.1670886075949367,1.1743875853969816,0.4809562729873314,2.1670886075949367
2020-01-30,0.539443740803237,1.9627834344554536,1.069668377965867,0.4356134779207977,1.9627834344554536
2020-01-31,0.4885869615845369,2.18655462184874,2.256006897873156,0.3945454354251692,2.256006897873156
2020-02-01,0.4425247731579153,1.9804142642140208,2.240643274853801,0.3573491374918828,2.240643274853801
2020-02-02,0.4008051590721411,2.4628571428571435,2.0294036372088646,0.3236595702306947,2.4628571428571435
2020-02-03,0.3630187173306977,2.230667995987108,1.8380788985633123,0.2931461319234261,2.230667995987108
2020-02-04,0.3287946428571429,2.284046692607004,1.664791555212929,0.2655093887704761,2.284046692607004
2020-02-05,0.2977970887189138,2.0687151397778725,1.507841107623062,0.2404781364936657,2.0687151397778725
2020-02-06,0.2982758620689655,1.8736842567178345,3.295537152058891,0.2178067389603988,3.295537152058891
2020-02-07,0.270155506754579,1.6970401706680711,2.9848459850806184,0.1972727177125846,2.9848459850806184
2020-02-08,0.2446862354988299,3.5900000000000003,2.703445642870628,0.1786745687459414,3.5900000000000003
2020-02-09,0.2216181138109414,3.251547954707425,2.4485746937990776,0.6591533180778031,3.251547954707425
2020-02-10,0.2007247701081013,2.9450039280674205,2.217732043891574,0.5970107585611403,2.9450039280674205
2020-02-11,0.1818011742908398,2.6673597490008225,2.00865239314896,0.5407267718489704,2.6673597490008225
2020-02-12,0.1646616257461806,2.4158908457750794,1.819284005755341,0.4897490331646429,2.4158908457750794
2020-02-13,0.3373417721518987,2.188129509297033,1.6477685760294456,0.4435772888875859,2.188129509297033
2020-02-14,0.3055384259826976,3.7376681614349776,2.6879319170719222,0.4017584474755138,3.7376681614349776
2020-02-15,0.2767333827544753,3.385294502977428,2.4345235452222886,0.3638821331965007,3.385294502977428
2020-02-16,0.2506439734525296,3.066141341849176,2.205005586115488,0.3295766590389015,3.066141341849176
2020-02-17,0.2270141780610904,2.7770767712906874,1.997125739178903,0.2985053792805701,2.7770767712906874
2020-02-18,0.2056121131933498,2.5152641492355805,1.8088440424848795,1.328963855421687,2.5152641492355805
2020-02-19,0.1862277565785259,2.2781342618372875,1.6383128542413423,1.203674012806819,2.2781342618372875
2020-02-20,0.1686708860759493,2.0633601113164186,1.4838587215541286,1.1638403990024937,2.0633601113164186
2020-02-21,0.1527692129913488,1.8688340807174888,1.3439659585359611,1.0541177908029058,1.8688340807174888
2020-02-22,0.1383666913772376,1.6926472514887136,1.2172617726111443,0.954739428051782,1.6926472514887136
2020-02-23,0.1253219867262648,1.5330706709245878,1.3112486788464444,1.7607179487179483,1.7607179487179483
2020-02-24,0.1135070890305452,1.3885383856453437,2.3261670634509883,1.5947239122480497,2.3261670634509883
2020-02-25,0.1028060565966749,1.2576320746177905,2.1068645563988406,1.4443791852905763,2.1068645563988406
2020-02-26,0.0931138782892629,1.6561475409836066,1.9082370861293083,1.3082084082878969,1.9082370861293083
2020-02-27,0.0843354430379746,3.064502164502165,1.728335485933317,1.1848753131753669,3.064502164502165
2020-02-28,1.3469135802469134,2.775592129577574,1.5653943493968638,1.0731696103450372,2.775592129577574
2020-02-29,1.219931503348052,2.5139194741030604,1.4178147061537416,1.09736,2.5139194741030604
2020-03-01,2.553846153846154,2.594736842105263,1.7053188028627198,0.9939049202166406,2.594736842105263
2020-03-02,2.3130788964278235,3.482894736842106,1.5445475948669614,0.9002032062685416,3.482894736842106
2020-03-03,2.0950102938041217,3.154540183298108,1.3989333072529082,0.8153353465636608,3.154540183298108
2020-03-04,1.8975003999748727,2.8571416938844973,1.2670470011059296,0.7384685176935211,2.8571416938844973
2020-03-05,1.7186110152074705,2.587780844306252,1.3651446709803443,0.6688484117889115,2.587780844306252
2020-03-06,1.5565866661380223,3.54,1.236443833650663,0.6057918343625474,3.54
2020-03-07,1.4098373789988683,3.2062617714942294,1.1198764396705905,0.54868,3.2062617714942294
2020-03-08,1.276923076923077,3.8716216216216215,1.014298592461265,0.4969524601083203,3.8716216216216215
2020-03-09,1.1565394482139115,3.506619321778504,0.91867423782174,0.930013458950202,3.506619321778504
2020-03-10,1.0475051469020606,3.176028101299841,0.8320649969447579,0.8423351978551273,3.176028101299841
2020-03-11,0.9487501999874364,2.8766038097144304,1.062215139442231,0.7710344827586207,2.8766038097144304
2020-03-12,0.8593055076037351,2.605408143170068,2.1483218163869693,0.698344176997964,2.605408143170068
2020-03-13,0.7782933330690114,2.3597798103350147,1.9457859075560977,0.6325068469079581,2.3597798103350147
2020-03-14,0.704918689499434,2.890322580645161,1.76234434206478,0.5728764190534856,2.890322580645161
2020-03-15,0.6384615384615385,2.6178335586466464,1.596196975189676,1.845328031809145,2.6178335586466464
2020-03-16,0.5782697241069559,2.371033803170463,1.4457133732557577,1.6713572667390817,2.371033803170463
2020-03-17,0.5392857142857144,2.1475014243011383,1.3094168139005378,1.5137878279250288,2.1475014243011383
2020-03-18,0.4884438332280355,1.9450428590299853,1.1859697947347652,1.3710734584263573,1.9450428590299853
2020-03-19,0.4423951384184048,1.7616713454309836,1.0741609081934846,1.2418136767409074,1.7616713454309836
2020-03-20,4.007843137254903,2.707575757575757,0.9728929537780489,1.124740033630809,4.007843137254903
2020-03-21,3.6299983720694624,2.452315436423638,0.8811721710323899,1.0187036646044063,3.6299983720694624
2020-03-22,3.287775426822769,2.22112012300856,0.798098487594838,0.9226640159045724,3.287775426822769
2020-03-23,2.9778160068587485,2.011721056581611,0.7228566866278788,0.8356786333695408,2.9778160068587485
2020-03-24,2.69707842523582,1.8220633668439548,0.654708406950269,0.7568939139625143,2.69707842523582
2020-03-25,2.9916666666666663,1.6502859091389377,0.5929848973673825,0.6855367292131787,2.9916666666666663
2020-03-26,2.7096232955895205,3.2864406779661017,0.5370804540967423,0.6209068383704537,3.2864406779661017
2020-03-27,2.4541699400561834,2.976607093233416,0.4864464768890244,0.5623700168154047,2.976607093233416
2020-03-28,2.2227997908340185,2.6959834835573053,0.6365730514357842,0.509351832302203,2.6959834835573053
2020-03-29,2.0132423714792327,2.441816039522494,0.7302365591397849,0.4613320079522862,2.441816039522494
2020-03-30,1.823441257747528,2.2116105707746936,0.7881582026679148,0.4178393166847704,2.2116105707746936
2020-03-31,1.6515338975370777,2.0031080300868456,1.796165739022882,0.4717663421418637,2.0031080300868456
2020-04-01,1.4958333333333331,1.814262344926714,1.7023161244695897,1.4394736842105262,1.814262344926714
2020-04-02,1.3548116477947605,1.6432203389830509,1.5418279979901297,1.3037653798746236,1.6432203389830509
2020-04-03,1.2270849700280917,3.5596774193548386,1.3964701040043035,1.1808511572004683,3.5596774193548386
2020-04-04,2.1606060606060606,3.224084075855552,1.2648160196337763,1.0695248370498829,3.224084075855552
2020-04-05,1.9569120382429257,2.9201292430788013,1.1455737999223934,1.6441379310344828,2.9201292430788013
2020-04-06,1.772421541919533,2.64483015816552,1.0375732997504374,1.48913463145183,2.64483015816552
2020-04-07,1.6053241335676427,3.5302325581395344,0.9397546909923592,1.3487444749808335,3.5302325581395344
2020-04-08,1.4539800565861667,4.1863636363636365,0.907113717491076,1.2215897880353397,4.1863636363636365
2020-04-09,1.316904144617865,3.791688612668446,0.8215943601100716,1.106422779046737,3.791688612668446
2020-04-10,1.7714285714285711,3.4342221040137937,0.7441374543774537,1.327178729689808,3.4342221040137937
2020-04-11,1.604424776696063,4.805882352941176,0.6739829018947631,1.2020571821877697,4.805882352941176
2020-04-12,1.81,4.783673469387756,0.6104422635553459,1.0887316357058532,4.783673469387756
2020-04-13,1.639359832317671,4.622222222222222,0.5528920037689014,0.986090006491542,4.622222222222222
2020-04-14,1.4848069943738245,4.186456048153168,0.5007673715957831,0.8931250539735391,4.186456048153168
2020-04-15,1.3448248316689382,4.517241379310345,0.7819257540603249,2.2484152139461173,4.517241379310345
2020-04-16,1.218039674332282,4.09137241443351,1.0599674721189591,2.0364428663619933,4.09137241443351
2020-04-17,1.10320735705505,3.705652815068986,0.960037622848134,1.8444544949854773,3.705652815068986
2020-04-18,0.9992010098748002,3.3562974461541426,0.8695287935972225,1.67056608376628,3.3562974461541426
2020-04-19,0.905,3.7714285714285714,0.7875528051198505,1.5130712347837998,3.7714285714285714
2020-04-20,0.8196799161588355,6.211764705882353,0.9525764627659574,1.370424423060697,6.211764705882353
2020-04-21,0.7424034971869122,5.626142290956974,1.2614772365488698,1.2412258300512848,5.626142290956974
2020-04-22,0.6724124158344691,5.095730211435681,1.2760754870129871,1.1242076069730589,5.095730211435681
2020-04-23,0.609019837166141,4.615323439201816,1.155771765974752,1.018221433180997,4.615323439201816
2020-04-24,0.5516036785275251,4.1802076571169655,1.0468098389314189,0.9222272474927388,4.1802076571169655
2020-04-25,0.4996005049374,3.7861129965880176,0.9481204431044744,0.8352830418831401,3.7861129965880176
2020-04-26,0.4524999999999999,7.833333333333333,0.8587351218921035,0.7565356173918999,7.833333333333333
2020-04-27,0.4098399580794177,7.094835370067269,2.2489185658295834,0.7807203389830508,7.094835370067269
2020-04-28,0.3712017485934561,6.425960288726497,2.0368987640743,0.7071168861890882,6.425960288726497
2020-04-29,0.3362062079172346,5.820144299119715,1.844867412331998,0.6404524972220648,5.820144299119715
2020-04-30,0.3045099185830705,5.271442421143394,1.6709400727784087,0.580072982570938,5.271442421143394
2020-05-01,0.7984615384615386,4.774470145634195,2.777796362115827,0.5886317907444667,4.774470145634195
2020-05-02,1.0285714285714287,4.324350595222432,2.515915899674497,0.5331377424153035,4.324350595222432
2020-05-03,0.9316014832428756,3.9166666666666665,2.278724567633009,1.5675415573053366,3.9166666666666665
2020-05-04,3.605882352941176,3.5474176850336345,2.063894765244755,1.4197594831685405,3.605882352941176
2020-05-05,3.2659329776104395,3.212980144363248,2.79402103443308,1.2859097614688406,3.2659329776104395
2020-05-06,2.958032783721659,2.9100721495598574,2.53061096933716,1.1646789010702845,2.958032783721659
2020-05-07,2.7638297872340423,2.635721210571697,2.292034239974489,1.054877241968238,2.7638297872340423
2020-05-08,2.5032660422953503,2.387235072817098,2.0759496504480324,0.9554272809440764,2.5032660422953503
2020-05-09,5.915789473684211,2.6403508771929824,1.880236724231168,0.8653530978343699,5.915789473684211
2020-05-10,5.358070519119112,2.3914282714336483,1.702974895554218,2.5421487603305786,5.358070519119112
2020-05-11,4.852931263960975,2.1659731768271846,1.5424246625508105,2.30248429031056,4.852931263960975
2020-05-12,4.395414686815606,1.961773162413252,1.3970105172165397,2.0854145083301607,4.395414686815606
2020-05-13,3.981031096102023,1.7768243771155228,1.2653054846685798,1.8888092699939063,3.981031096102023
2020-05-14,3.60571407191008,1.6093118855945048,1.1460171199872444,1.7107392531145156,3.60571407191008
2020-05-15,3.26578056149833,1.457591857964112,1.0379748252240162,1.5494570249309778,3.26578056149833
2020-05-16,2.9578947368421056,1.3201754385964912,0.940118362115584,2.075828877005348,2.9578947368421056
2020-05-17,2.679035259559556,5.915000000000001,1.388073170731707,1.8801273368661144,5.915000000000001
2020-05-18,4.136956521739132,5.357355474121009,1.2572107184615413,1.7028758208291177,5.357355474121009
2020-05-19,3.746939419770032,5.419718309859154,1.138685498676846,1.542334928227756,5.419718309859154
2020-05-20,3.39369170104899,4.90876712688382,1.031334402305767,1.3969292427166526,4.90876712688382
2020-05-21,4.2288557213930345,4.445986549179423,0.9341039739378052,1.2652318724307308,4.445986549179423
2020-05-22,3.830174699623486,4.026835228590828,0.8460400740784256,1.1459504476414455,4.026835228590828
2020-05-23,3.469079863713892,3.6471999586262713,0.7662785160084188,1.037914438502674,3.6471999586262713
2020-05-24,4.414814814814815,3.303355310830155,0.6940365853658537,0.9400636684330572,4.414814814814815
2020-05-25,3.998602251120656,2.991927076490725,0.6286053592307707,0.9698159509202452,3.998602251120656
2020-05-26,3.621628682818905,2.709859154929577,0.5693427493384229,0.8783852567290696,3.621628682818905
2020-05-27,3.2801948012060045,2.45438356344191,0.5156672011528833,1.249909090909091,3.2801948012060045
2020-05-28,2.9709500548477195,2.680790960451977,0.4670519869689026,1.1320722418149505,2.9709500548477195
2020-05-29,2.6908597700217305,3.801190476190477,0.4230200370392128,1.0253446190680924,3.801190476190477
2020-05-30,2.4371753709244155,3.442828166660303,0.9836546521374686,2.2569157392686803,3.442828166660303
2020-05-31,2.207407407407408,3.118250942538557,0.8909192959041866,2.044141993305313,3.118250942538557
2020-06-01,2.6783783783783783,2.824273669770403,0.8069266892497596,1.8514277764522145,2.824273669770403
2020-06-02,2.4258706791500853,2.8526315789473684,0.730852597779635,1.6768819498082763,2.8526315789473684
2020-06-03,2.197168480550187,2.5836959264791446,0.6619504928977662,1.5187916641183568,2.5836959264791446
2020-06-04,1.9900274872090755,3.761467889908257,0.7340873634945397,1.3756055512787544,3.761467889908257
2020-06-05,1.8024149877008984,3.406850480258732,1.7078310696095076,1.245918500485965,3.406850480258732
2020-06-06,1.632489907184642,3.0856651005791886,1.5468230143104704,1.12845786963434,3.0856651005791886
2020-06-07,1.478584740609119,2.794759901587839,2.231577464788732,1.0220709966526564,2.794759901587839
2020-06-08,1.3391891891891892,2.5312801788039727,2.0211925184972097,2.4929006085192698,2.5312801788039727
2020-06-09,1.2129353395750426,2.649468085106383,1.830641894036087,2.257879073793796,2.649468085106383
2020-06-10,1.0985842402750934,2.3996859423928294,1.6580556842213827,2.0450145081813123,2.3996859423928294
2020-06-11,1.51625,4.1682539682539685,1.5017402698665898,1.852218033822829,4.1682539682539685
2020-06-12,1.3733035059401486,5.118352059925093,1.3601616999962356,1.6775977046097017,5.118352059925093
2020-06-13,1.2438334835465812,4.635812582708071,1.3447260834014718,1.5194399401798178,4.635812582708071
2020-06-14,1.1265694204519492,4.198765159251078,1.2179502356896328,1.3761927102485958,4.198765159251078
2020-06-15,1.2472340425531916,3.802920965420512,1.1031263503599031,1.2464503042596349,3.802920965420512
2020-06-16,1.6347863247863246,3.4443955117067,0.9991276401940414,1.128939536896898,3.4443955117067
2020-06-17,2.341179653679654,3.3965853658536584,0.9049335473438974,1.022507254090656,3.3965853658536584
2020-06-18,2.1204618146308403,3.903937007874015,0.8196197284156501,0.9261090169114146,3.903937007874015
2020-06-19,1.920552444679137,3.535888131827125,0.7423489837236108,0.8487423521414006,3.535888131827125
2020-06-20,1.739489797605792,5.072177419354839,0.6723630417007359,2.869907407407408,5.072177419354839
2020-06-21,1.5754970734371996,4.593991118054711,0.6089751178448164,2.599343053135166,4.593991118054711
2020-06-22,1.4269649823906014,4.160886469040354,0.5515631751799515,2.3542865147645133,4.160886469040354
2020-06-23,1.2924359526270968,3.768613339325338,1.4211846420991705,2.1323330088796166,3.768613339325338
2020-06-24,1.170589826839827,3.413322282887582,1.5389423835832676,1.931304466233328,3.413322282887582
2020-06-25,1.06023090731542,3.091526765370584,1.3938565347500678,1.7492281579660982,3.091526765370584
2020-06-26,0.9602762223395686,4.144055944055944,2.335020152261532,1.5843173368666583,4.144055944055944
2020-06-27,0.8697448988028961,3.753369534564973,2.11488300843638,1.434953703703704,3.753369534564973
2020-06-28,0.7877485367185998,3.399515608182701,1.9154995878904728,1.299671526567583,3.399515608182701
2020-06-29,1.791860465116279,3.0790217333655794,1.734913305640162,2.722968197879859,3.0790217333655794
2020-06-30,1.8225806451612905,4.811661807580175,1.5713520363646147,2.4662567338578327,4.811661807580175
2020-07-01,1.6507544203519589,4.3580359635602095,1.4232107242247105,2.23374708600525,4.3580359635602095
2020-07-02,2.3847938144329897,3.947176301909638,1.2890356321644931,2.0231575957754995,3.947176301909638
2020-07-03,2.159964192122146,3.5750509836612534,1.167510076130766,1.832421711029141,3.5750509836612534
2020-07-04,3.2357526881720435,3.2380082768519545,1.16947293951185,1.659667706590051,3.2380082768519545
2020-07-05,2.9306977813829698,2.9327407214272103,1.0592193160321548,1.5032003166732155,2.9327407214272103
2020-07-06,2.6544023334042848,2.6562526725470264,1.218086606243706,1.4919921875,2.6562526725470264
2020-07-07,2.404155007841593,2.405830903790088,1.3344101709045435,1.3870005327650503,2.405830903790088
2020-07-08,2.1775000831607088,3.26271186440678,1.208606869622689,1.2562392048719522,3.26271186440678
2020-07-09,1.9722133542552789,2.955115345267832,1.0946638426091917,1.137805575828601,2.955115345267832
2020-07-10,1.7862803059263015,3.882203389830509,0.9914629466652056,1.0305374353593848,3.882203389830509
2020-07-11,1.6178763440860218,3.5162034796550485,0.8979914530355002,0.933382142114831,3.5162034796550485
2020-07-12,1.4653488906914849,3.216,1.3511558090663465,0.8453862939147391,3.216
2020-07-13,1.3272011667021422,2.912807304272724,1.2237737903790349,0.9814285714285716,2.912807304272724
2020-07-14,1.2020775039207965,2.638198504920564,1.1084008816522295,0.8889030819275772,2.638198504920564
2020-07-15,1.0887500415803544,3.64375,1.003904908003402,0.8051005565389248,3.64375
2020-07-16,0.9861066771276394,3.3002306016616103,0.9092604318493612,0.7291986261693455,3.3002306016616103
2020-07-17,1.3425531914893618,2.989096953452831,0.8235386901047858,1.5820543093270365,2.989096953452831
2020-07-18,1.2159821960649473,2.707295845521378,0.7458984800648045,1.4329040261081876,2.707295845521378
2020-07-19,1.1013438502996162,2.452061913452074,0.6755779045331732,2.0168032786885246,2.452061913452074
2020-07-20,1.8177514792899407,2.2208905012537787,1.1623026475589022,1.8266664556732315,2.2208905012537787
2020-07-21,1.646380530543622,2.572222222222222,1.3990831150273877,1.6544550356203225,2.572222222222222
2020-07-22,1.6282511210762334,2.32972253641216,1.2671826855523662,1.4984790772219103,2.32972253641216
2020-07-23,1.47474557172298,4.362,1.147717345250267,1.3572079606442264,4.362
2020-07-24,1.3357119630779075,3.950766623519161,1.337923393478949,1.2292553672828326,3.950766623519161
2020-07-25,1.2097859336000585,3.5783028229053166,2.1582069277790352,1.1133656755714818,3.5783028229053166
2020-07-26,1.095731748755176,3.2409535446076845,2.0190950226244344,1.0084016393442623,3.2409535446076845
2020-07-27,1.9761421319796952,2.935408320131169,2.84310528181496,0.9133332278366156,2.935408320131169
2020-07-28,1.7898386928829384,2.658668779819961,2.575067733733512,0.827227517810161,2.658668779819961
2020-07-29,1.621099259359256,2.4080192293225853,2.3322997835248707,0.7492395386109553,2.4080192293225853
2020-07-30,2.505952380952381,2.181,2.1124191060960618,0.6786039803221132,2.505952380952381
2020-07-31,2.269700372947052,1.9753833117595805,1.913267973234412,0.6146276836414164,2.269700372947052
2020-08-01,2.055721338566759,1.789151411452658,1.7328920794366491,0.7070257611241219,2.055721338566759
2020-08-02,1.8619154634721884,1.6204767723038422,1.569521363961263,0.6403699630943173,1.8619154634721884
2020-08-03,1.6863808961256606,1.4677041600655845,2.404102809706258,0.5799982294583277,2.404102809706258
2020-08-04,1.5273950845835838,1.3293343899099808,2.1774528060743057,0.5253181216515747,2.1774528060743057
2020-08-05,1.3833978727877234,1.2040096146612922,1.9721705342793456,0.4757930540464969,1.9721705342793456
2020-08-06,1.2529761904761905,1.0905,1.7862415228607955,0.4309370283423081,1.7862415228607955
2020-08-07,1.134850186473526,2.757677902621724,1.6178412173458208,0.3903098643771944,2.757677902621724
2020-08-08,1.0278606692833796,2.497694134822152,1.465317075571636,0.3535128805620609,2.497694134822152
2020-08-09,0.9309577317360942,2.428176795580111,1.3271723509952142,0.3201849815471586,2.428176795580111
2020-08-10,2.5020408163265304,2.9169230769230765,1.202051404853129,1.0416040100250628,2.9169230769230765
2020-08-11,2.2661575763011217,2.6419262576067184,1.0887264030371528,0.9434054006718788,2.6419262576067184
2020-08-12,2.052512543806865,2.3928551307545867,0.9860852671396728,0.8544645963828932,2.3928551307545867
2020-08-13,1.8590091821243864,2.1672655170797337,0.8931207614303978,0.773908805219694,2.1672655170797337
2020-08-14,1.6837486083339477,1.962943665562267,0.8089206086729104,0.7009475188696833,1.962943665562267
2020-08-15,1.5250109592394765,1.7778845295166807,0.7326585377858181,0.6348647552473434,1.7778845295166807
2020-08-16,1.381238514044994,4.488372093023256,0.663586175497607,0.5750120324346322,4.488372093023256
2020-08-17,1.2510204081632652,4.065224818672884,0.6010257024265645,0.5208020050125314,4.065224818672884
2020-08-18,1.73609022556391,3.68197031882498,0.5443632015185764,0.4717027003359394,3.68197031882498
2020-08-19,1.572418000590497,3.3348476488771053,0.4930426335698364,0.6891219891219892,3.3348476488771053
2020-08-20,1.4241761932493506,3.020450432302846,0.446560380715199,1.0281867145421903,3.020450432302846
2020-08-21,1.2899100803072234,3.341666666666667,0.4044603043364551,0.93125303864262,3.341666666666667
2020-08-22,2.2308823529411765,6.2552,0.366329268892909,0.8434579145162914,6.2552
2020-08-23,2.0205629392475686,5.66548266470359,0.3317930877488035,0.7639397929880883,5.66548266470359
2020-08-24,1.8300716692111567,5.131361718898977,0.3005128512132822,0.6919183485821817,5.131361718898977
2020-08-25,1.6575392181034934,4.874774774774775,0.2721816007592882,0.6266868220492846,4.874774774774775
2020-08-26,1.5012724942818267,4.41519887147027,1.0188847849398308,0.567605084812381,4.41519887147027
2020-08-27,1.359738024579551,3.998950100321919,0.9228280608784462,0.5140933572710952,3.998950100321919
2020-08-28,4.2372093023255815,3.621943738072085,0.8358272127843818,1.4166379310344828,4.2372093023255815
2020-08-29,6.049382716049383,3.28048015420436,0.7570284858545582,2.495400340715503,6.049382716049383
2020-08-30,5.479069080114991,2.9712085058109987,0.6856586141603476,2.2601431403982466,5.479069080114991
2020-08-31,4.962522523996823,3.109848484848485,0.621017232451422,2.0470651268824334,4.962522523996823
2020-09-01,4.494674084426572,2.816663365002528,0.5624700033469324,1.8540753277068165,4.494674084426572
2020-09-02,4.070932681418856,2.789855072463768,0.5094423924699154,1.6792798996319214,4.070932681418856
2020-09-03,3.687140065186376,2.526837758997131,0.4614140304392231,1.5209635440193492,3.687140065186376
2020-09-04,3.339530010494865,2.28861675407928,0.4179136063921908,2.021767955801105,3.339530010494865
2020-09-05,3.507871720116618,5.252631578947368,0.3785142429272791,1.8311630812195243,5.252631578947368
2020-09-06,3.1771624281117568,4.75743272071252,0.3428293070801738,1.6585277357869337,4.75743272071252
2020-09-07,2.877631196350991,4.308919396292751,0.3105086162257111,1.5021678181402618,4.308919396292751
2020-09-08,2.606338671559149,3.9026902646280894,0.2812350016734661,1.3605489405853155,3.9026902646280894
2020-09-09,2.360622611917276,3.934146341463416,0.2547211962349577,1.2322813718773085,3.934146341463416
2020-09-10,2.1380717620099485,3.563249440140688,0.5570180229382852,1.3737591911764704,3.563249440140688
2020-09-11,1.9365021907468385,3.5579545454545456,0.7272755514134825,1.2442462084485737,3.5579545454545456
2020-09-12,1.753935860058309,3.511111111111111,0.6587106773557727,1.5520689655172413,3.511111111111111
2020-09-13,1.5885812140558784,5.046808510638297,0.5966098483844304,1.4057455906385667,5.046808510638297
2020-09-14,1.438815598175495,4.5710138970935885,0.5403636580146801,1.2732170473759925,4.5710138970935885
2020-09-15,1.3031693357795746,4.140075456276845,0.4894201523721046,1.153182809552656,4.140075456276845
2020-09-16,2.284210526315789,3.749764312588129,0.443279413771062,1.0444649598341784,3.749764312588129
2020-09-17,2.068863527844924,3.396250273323349,0.4014886549334828,0.945996630616266,3.396250273323349
2020-09-18,1.8738186553016567,3.0760642423117184,0.3636377757067413,0.856811534663074,3.0760642423117184
2020-09-19,1.6971618986458832,2.786064177057748,0.3293553386778863,0.7760344827586206,2.786064177057748
2020-09-20,1.5371596936906384,2.5234042553191487,0.2983049241922151,0.7028727953192834,2.5234042553191487
2020-09-21,1.3922419103282693,2.4047619047619047,0.27018182900734,0.6366085236879961,2.4047619047619047
2020-09-22,1.2609864445643015,2.178049764063204,0.2447100761860523,0.576591404776328,2.178049764063204
2020-09-23,1.1421052631578947,2.194666666666667,0.221639706885531,0.5222324799170892,2.194666666666667
2020-09-24,1.0344317639224618,4.617708333333334,0.2007443274667414,0.4729983153081331,4.617708333333334
2020-09-25,0.9369093276508283,4.182367712168644,0.1818188878533706,0.6380466472303207,4.182367712168644
2020-09-26,0.8485809493229416,3.7880694095644367,0.1646776693389431,0.5778939473007463,3.7880694095644367
2020-09-27,2.013793103448276,3.430944106116715,0.1491524620961076,0.5548387096774192,3.430944106116715
2020-09-28,1.823940068724557,4.465811965811966,0.3607476635514019,0.50253054920449,4.465811965811966
2020-09-29,1.9242105263157896,4.044791577588814,0.3267376957064187,0.4551538104300441,4.044791577588814
2020-09-30,1.7428030087099176,3.6634634488375286,0.2959340630083629,0.4122435769863791,3.6634634488375286
2020-10-01,1.5784979271389077,3.318085538778015,0.2680344839284402,0.5143835616438357,3.318085538778015
2020-10-02,1.4296829266012323,3.005268592523103,0.2427651749327521,0.465889364289174,3.005268592523103
2020-10-03,1.33206106870229,2.721942881717258,0.3863996043521265,0.4219670221655727,2.721942881717258
2020-10-04,4.565217391304348,3.628571428571428,0.3499712655239319,1.6545679012345678,4.565217391304348
2020-10-05,4.134825423813487,3.2864830103290323,0.3169772569974122,1.4985813022796144,4.134825423813487
2020-10-06,3.745009233947912,6.673076923076923,0.2870938026960182,1.3573005482980696,6.673076923076923
2020-10-07,3.391943486073469,6.488888888888889,0.2600276509652967,1.2293392261119371,6.488888888888889
2020-10-08,3.072163483182552,5.877140221445795,0.2355131968422246,1.113441628497459,5.877140221445795
2020-10-09,3.0384615384615383,5.323064976760673,0.2133098756264465,1.00847043170669,5.323064976760673
2020-10-10,2.752006518340332,4.821225915866544,0.2471311475409836,0.9133955347071872,4.821225915866544
2020-10-11,2.4925574278693614,5.878260869565217,0.2238325285045638,0.8272839506172839,5.878260869565217
2020-10-12,2.257568246958056,5.324079974281747,0.2027304178986089,0.7492906511398072,5.324079974281747
2020-10-13,2.044732984960695,6.0701754385964914,0.1836177369568811,0.6786502741490347,6.0701754385964914
2020-10-14,1.851963051579876,5.497901540970381,0.1663069295404325,0.6146696130559686,5.497901540970381
2020-10-15,1.677366761158292,4.979579529449873,0.1506281216158399,0.5567208142487295,4.979579529449873
2020-10-16,1.5192307692307692,4.510123017906879,0.1364274542510879,0.5042352158533451,4.510123017906879
2020-10-17,1.376003259170166,4.084925146059607,0.1235655737704918,0.4566977673535935,4.084925146059607
2020-10-18,2.674468085106383,4.442666666666667,0.1119162642522819,0.4136419753086419,4.442666666666667
2020-10-19,2.646875,4.02382833243645,0.1013652089493044,0.3746453255699036,4.02382833243645
2020-10-20,2.3973373238485283,3.6444765416232654,0.0918088684784405,0.3393251370745174,3.6444765416232654
2020-10-21,2.171325145432717,3.300888647602875,0.1129106438896189,0.3073348065279843,3.300888647602875
2020-10-22,1.96662056702968,4.026415094339622,0.1022658421181027,0.2783604071243647,4.026415094339622
2020-10-23,1.9990990990990989,3.6468194330927854,0.0926245932522422,0.2521176079266725,3.6468194330927854
2020-10-24,2.362068965517241,3.303010659849621,0.0838922860013747,0.2331288343558282,3.303010659849621
2020-10-25,2.1393817586923314,2.991614917941744,0.0759832286806407,0.830531732418525,2.991614917941744
2020-10-26,1.93768868574218,4.324561403508772,0.0688198083032323,0.7522322439735569,4.324561403508772
2020-10-27,1.75501049665312,3.916857600720229,0.0623317289503432,0.681314544389191,3.916857600720229
2020-10-28,1.9935185185185185,3.5475906185242594,0.0564553219448094,1.4799325463743678,3.5475906185242594
2020-10-29,1.8055768973705475,3.213136774318051,0.0511329210590513,1.3404099287656064,3.213136774318051
2020-10-30,1.635353723596708,2.9102140130164544,0.8659610499576629,1.2140409922973072,2.9102140130164544
2020-10-31,1.481178566903634,5.75,0.7843214152774745,1.0995856561101065,5.75
2020-11-01,1.3415384790451217,5.207911069517464,0.7103784662057674,1.162037037037037,5.207911069517464
2020-11-02,1.2150631469917756,4.716928297043919,0.6434065874260614,1.0524844431955582,4.716928297043919
2020-11-03,1.100511445805425,4.272233581268726,0.5827485719750679,0.9532600664718384,4.272233581268726
2020-11-04,0.9967592592592592,3.869463053818024,0.5278091719538175,0.8633902004013287,3.869463053818024
2020-11-05,0.9027884486852736,3.504664255837867,0.47804925725411,0.7819929359970402,3.504664255837867
2020-11-06,0.8176768617983539,3.174257351812211,0.4329805249788314,0.7082695074197298,3.174257351812211
2020-11-07,1.75,2.875,0.3921607076387372,3.4984375,3.4984375
2020-11-08,4.822222222222222,2.603955534758732,0.3551892331028836,3.1686176316982606,4.822222222222222
2020-11-09,4.36760078100595,2.358464148521959,0.3217032937130307,2.8698919720329705,4.36760078100595
2020-11-10,3.9558393834146095,2.813333333333333,0.2913742859875339,2.5993290729512712,3.9558393834146095
2020-11-11,3.582897341585753,2.5481025754624578,0.2639045859769087,2.354273852581129,3.582897341585753
2020-11-12,3.2451149089024587,2.307876801568155,0.2390246286270549,2.1323215404404845,3.2451149089024587
2020-11-13,2.9391773662485683,9.192307692307692,0.2164902624894157,1.931294078996614,9.192307692307692
2020-11-14,2.662082494080192,8.325690606118219,0.934441087613293,2.095238095238096,8.325690606118219
2020-11-15,2.411111111111111,7.540775003300979,0.8709342560553633,2.3793103448275863,7.540775003300979
2020-11-16,2.183800390502975,6.829858367379435,0.7888257657274232,2.154997683938261,6.829858367379435
2020-11-17,1.9779196917073043,6.185964346906406,0.7144581630004238,1.9518323987767936,6.185964346906406
2020-11-18,1.7914486707928765,5.602774295285954,1.983123181377304,1.7678207922491285,5.602774295285954
2020-11-19,1.6225574544512291,5.074565264770023,1.7961615945237472,1.601157125717803,5.074565264770023
2020-11-20,1.4695886831242844,4.596153846153846,1.6268260610021497,1.4502058989673932,4.596153846153846
2020-11-21,1.331041247040096,4.716532258064516,1.4734548610908849,1.3134858007498804,4.716532258064516
2020-11-22,1.2055555555555555,4.271874879393112,1.334542935914702,1.1896551724137931,4.271874879393112
2020-11-23,1.0919001952514875,3.869138169040864,1.2087271180341757,1.0774988419691305,3.869138169040864
2020-11-24,4.091397849462366,3.5043700000070337,1.0947727544410653,0.9759161993883968,4.091397849462366
2020-11-25,4.698850574712643,3.173990837342877,1.7403395711984138,0.9837223219628964,4.698850574712643
2020-11-26,4.255860160357299,3.1733333333333333,1.5762667334893037,0.8909805860664332,4.255860160357299
2020-11-27,3.8546332590335903,4.119841269841271,2.0597568696973534,1.090516039051604,4.119841269841271
2020-11-28,3.491232559765428,3.9724637681159423,2.189088675452312,0.9877061828283804,3.9724637681159423
2020-11-29,3.162091946828202,3.597954440213577,1.9827094165292896,0.9207243460764588,3.597954440213577
2020-11-30,2.863981504820629,3.2587524794448344,1.7957868379094608,0.8339218285053597,3.2587524794448344
2020-12-01,2.593975822930198,2.9515292366118664,1.626486635068251,0.7553027342235314,2.9515292366118664
2020-12-02,2.349425287356321,2.673269875366151,1.473147434990288,0.6840955600694846,2.673269875366151
2020-12-03,2.1279300801786496,2.421243787082948,1.3342644928203786,0.619601537372803,2.421243787082948
2020-12-04,1.927316629516795,2.1929777949129856,1.5310555555555554,2.266953316953317,2.266953316953317
2020-12-05,1.745616279882714,1.9862318840579711,1.386713247969389,2.053233264946176,2.053233264946176
2020-12-06,5.5,2.5478873239436624,1.2559790042341386,1.859661956315595,5.5
2020-12-07,4.981480153451487,2.307681843173813,1.1375699059534763,1.6843398413663455,4.981480153451487
2020-12-08,4.511844458042009,2.0901220549546724,1.0303239835765303,1.525546452988014,4.511844458042009
2020-12-09,4.086484295126608,3.21875,0.9331888137839204,1.3817235234051095,4.086484295126608
2020-12-10,3.7012255297389793,2.91529804434945,0.845211191870461,1.251459692618112,3.7012255297389793
2020-12-11,3.352287549062307,2.6404544271495847,0.7655277777777777,1.1334766584766585,3.352287549062307
2020-12-12,3.036246162602984,3.326315789473684,0.6933566239846946,1.026616632473088,3.326315789473684
2020-12-13,2.75,4.467816091954023,0.6279895021170692,1.2919999999999998,4.467816091954023
2020-12-14,2.490740076725744,4.046606762061845,0.5687849529767383,1.1701949742289672,4.046606762061845
2020-12-15,2.255922229021004,3.665107504369757,0.5151619917882653,1.0598732799618682,3.665107504369757
2020-12-16,2.043242147563304,3.3195745987789187,0.4665944068919602,0.9599523107824686,3.3195745987789187
2020-12-17,1.8506127648694897,3.00661726940343,0.4226055959352304,0.869451524440502,3.00661726940343
2020-12-18,1.676143774531154,4.023999999999999,0.3827638888888888,0.787482820616091,4.023999999999999
2020-12-19,1.518123081301492,3.64463202499796,0.3466783119923473,0.7132418258332828,3.64463202499796
2020-12-20,2.756756756756757,5.090909090909091,0.3139947510585346,0.6459999999999999,5.090909090909091
2020-12-21,2.496859831214013,4.610956836252616,1.188614970865083,0.5850974871144836,4.610956836252616
2020-12-22,3.308108108108108,4.176252721493429,1.0765567068108597,0.529936639980934,4.176252721493429
2020-12-23,2.996231797456816,3.782530917803141,0.975062885280616,0.7584097859327217,3.782530917803141
2020-12-24,2.7137580425766186,3.425927763064179,1.0585761865112406,0.6869096903285897,3.425927763064179
2020-12-25,2.457914878248141,3.102943847065937,2.737552930688656,0.6221503617427957,3.102943847065937
2020-12-26,2.226191669975681,3.1402061855670107,2.479466471499726,0.5634963053608,3.1402061855670107
2020-12-27,2.016314476684159,2.844159052935938,2.245711457986231,0.5103719384905571,2.844159052935938
2020-12-28,1.8262237361307383,2.5760221591745007,2.0339940106067296,0.6259533898305083,2.5760221591745007
2020-12-29,4.222222222222222,2.3331642292325494,1.8422365083775665,0.5669407978957016,4.222222222222222
2020-12-30,3.824166582447606,3.3058139534883715,1.6685572008084746,0.6269260700389105,3.824166582447606
2020-12-31,3.463638169810027,2.99415392732824,1.511251741950179,0.5678217773782127,3.463638169810027
2021-01-01,3.137099054844669,2.963809523809524,1.636094674556213,1.032497149372862,3.137099054844669
2021-01-02,2.841344851112752,4.411396011396011,2.426895229982964,0.9351571014720268,4.411396011396011
2021-01-03,2.573473269987226,5.424778761061947,2.1980964404847665,0.8469939166076582,5.424778761061947
2021-01-04,2.3308556399780485,4.913350497290042,1.990867962481313,2.596562032884903,4.913350497290042
2021-01-05,2.111111111111111,4.450137816218425,1.8031762260441928,2.351767678913053,4.450137816218425
2021-01-06,1.912083291223803,6.314754098360655,1.6331793787663087,2.130051639642553,6.314754098360655
2021-01-07,1.7318190849050132,5.719422220892735,1.631482176360225,1.929238176128396,5.719422220892735
2021-01-08,1.5685495274223344,5.180216051379379,1.4776720149542362,1.7473566701208263,5.180216051379379
2021-01-09,2.6,4.691844263734037,1.3383625119645812,1.5826222860378132,4.691844263734037
2021-01-10,2.3548815270861576,4.249514378704784,1.212186598450007,1.4334184560558891,4.249514378704784
2021-01-11,2.1328719256198587,3.848885734422655,1.0979060877197413,1.2982810164424514,3.848885734422655
2021-01-12,3.935,3.486026890714365,0.994399524787174,1.1758838394565263,3.935
2021-01-13,6.818181818181818,5.614285714285714,3.258724575623184,1.0650258198212763,6.818181818181818
2021-01-14,6.175388619981183,7.785365853658536,2.951503963460274,0.9646190880641976,7.785365853658536
2021-01-15,5.593195609142986,7.051390088610708,2.673246984874683,0.8736783350604133,7.051390088610708
2021-01-16,5.065889622057779,6.386610869210684,2.421223054623138,0.7913111430189068,6.386610869210684
2021-01-17,4.5882961112466685,5.784504598689194,2.192959017033518,1.5269076305220883,5.784504598689194
2021-01-18,4.155728366606166,5.239162701076196,1.9862148764881724,1.3829563741089852,5.239162701076196
2021-01-19,3.763941523887997,4.745233639293518,1.7989618159483507,1.2525763146751163,4.745233639293518
2021-01-20,7.311688311688312,4.29787039956928,1.6293622878115916,1.1344880094977263,7.311688311688312
2021-01-21,6.622369129617916,3.892682926829268,1.475751981730137,1.0275326370257467,6.622369129617916
2021-01-22,5.998036434185717,3.525695044305354,2.6328582288103384,0.930660625157714,5.998036434185717
2021-01-23,5.432563537559104,3.611764705882353,2.384642002485479,0.842921351603983,5.432563537559104
2021-01-24,4.920401353584523,3.271260763870816,2.159826692448768,0.7634538152610442,4.920401353584523
2021-01-25,5.981992337164752,2.962858285815822,1.956206146059692,0.6914781870544926,5.981992337164752
2021-01-26,5.41803201921547,2.683530863323784,1.7717821986647593,0.626288157337558,5.41803201921547
2021-01-27,4.9072398135430095,2.430537406694902,1.6047450652522066,0.5672440047488633,4.9072398135430095
2021-01-28,4.444603225343904,2.2013952461222,1.453455580709651,0.5137663185128734,4.444603225343904
2021-01-29,4.025582319457659,1.993855768810944,1.3164291144051692,0.465330312578857,4.025582319457659
2021-01-30,3.6460651691751873,1.8058823529411765,1.1923210012427394,0.4214606758019913,3.6460651691751873
2021-01-31,3.302327505170352,1.6454545454545455,1.079913346224384,1.3282746160794945,3.302327505170352
2021-02-01,2.990996168582376,3.0871287128712868,0.978103073029846,1.2030497524242534,3.0871287128712868
2021-02-02,4.582278481012659,2.7960855298761,0.8858910993323796,1.0896306300574805,4.582278481012659
2021-02-03,4.150278056500434,2.7645569620253165,0.9380604982206406,0.9869042469498506,4.150278056500434
2021-02-04,3.7590050490476576,2.503924661711864,1.4808049535603711,0.8938625308250301,3.7590050490476576
2021-02-05,3.4046198270099706,2.267863819646432,1.3412000885988438,0.8095924467670554,3.4046198270099706
2021-02-06,3.083644745145018,2.629166666666667,1.214756658756821,0.7332670374462394,3.083644745145018
2021-02-07,2.792930017860887,2.381298467293855,1.100233852158208,0.6641373080397471,2.792930017860887
2021-02-08,2.5296228098096214,2.156798373503415,0.9965078361239256,0.6015248762121267,2.5296228098096214
2021-02-09,2.2911392405063293,1.953463325927947,0.9025607288018584,0.5448153150287403,2.2911392405063293
2021-02-10,2.4346938775510205,1.7692979615646185,0.8174706105111215,0.7840094062316284,2.4346938775510205
2021-02-11,2.2051598601364097,1.6024950329229668,0.973148148148148,1.3161704312114988,2.2051598601364097
2021-02-12,1.997265468810433,1.4514176731836994,0.8814033066123759,1.192086705752685,1.997265468810433
2021-02-13,1.8089705989187543,1.3145833333333334,0.7983078325592847,1.0797011392546112,1.8089705989187543
2021-02-14,1.6384274793983684,1.1906492336469274,0.7230462953161726,0.977910872155601,1.6384274793983684
2021-02-15,1.4839625402713663,4.438095238095238,2.555458661747443,0.8857170184522838,4.438095238095238
2021-02-16,1.3440599896049574,6.275,2.3145393829928333,0.8022148634535046,6.275
2021-02-17,1.2173469387755105,5.683415993256015,2.0963330910473905,0.7566272557560673,5.683415993256015
2021-02-18,1.1025799300682049,5.147604358947929,1.8986984887411245,0.6852952105653294,5.147604358947929
2021-02-19,0.9986327344052164,4.662307082167176,1.7196961525549532,0.6206880892157356,4.662307082167176
2021-02-20,0.9044852994593772,4.222761854384018,1.5575695007126145,0.5621718905294386,4.222761854384018
2021-02-21,0.8192137396991842,3.824655340066542,1.410727555531133,2.285967503692762,3.824655340066542
2021-02-22,0.7419812701356834,3.464080849151587,1.2777293308737214,2.070454863832824,3.464080849151587
2021-02-23,0.6720299948024786,3.1375,1.157269691496417,1.8752599659636933,3.1375
2021-02-24,0.6086734693877551,2.841707996628008,1.0481665455236953,1.6984673278200453,2.841707996628008
2021-02-25,0.938345864661654,2.573802179473964,0.9493492443705622,1.5383420517856974,2.573802179473964
2021-02-26,0.8498820548882372,2.331153541083588,2.018815592203897,1.3933128000345982,2.331153541083588
2021-02-27,7.766666666666666,2.111380927192009,1.828489055644023,1.2619563747131404,7.766666666666666
2021-02-28,7.034453792449675,3.1358490566037736,1.9497094259390504,1.142983751846381,7.034453792449675
2021-03-01,6.371271264992654,2.840212698125685,1.7658979655113949,1.035227431916412,6.371271264992654
2021-03-02,5.770611156148482,2.572447852235272,1.5994155760391584,0.9376299829818464,5.770611156148482
2021-03-03,5.226579081388983,2.3299268948543475,1.4486285362109534,0.8492336639100226,5.226579081388983
2021-03-04,4.733836357160712,2.1102699246745056,1.356497351199751,0.7691710258928487,4.733836357160712
2021-03-05,4.287547611433305,1.9113214087621115,1.2286117514929218,0.8406110757479311,4.287547611433305
2021-03-06,3.883333333333333,1.731129029930072,1.1127827375198651,0.7613613437472406,3.883333333333333
2021-03-07,3.5172268962248374,3.661111111111112,1.0078736585561134,0.6895829860876426,3.661111111111112
2021-03-08,3.1856356324963264,3.3159549708328586,1.418608790907846,0.6245716289733462,3.3159549708328586
2021-03-09,2.885305578074241,3.0033388867168527,1.2848675522580446,0.5656893043890163,3.0033388867168527
2021-03-10,2.613289540694492,2.720195101503469,1.1637349475249528,0.5123581896061203,2.720195101503469
2021-03-11,2.3669181785803564,2.463745074846452,1.0540222809042652,0.4640549369056768,2.463745074846452
2021-03-12,2.143773805716652,2.2314722170020813,0.954652922476412,0.4203055378739656,2.2314722170020813
2021-03-13,1.9416666666666664,2.021097193086229,0.8646517430455829,0.3806806718736203,2.021097193086229
2021-03-14,1.7586134481124187,1.830555555555556,0.7831355450234194,0.3447914930438213,1.830555555555556
2021-03-15,4.115384615384615,1.6579774854164293,0.709304395453923,0.3122858144866731,4.115384615384615
2021-03-16,3.7274012337014617,1.501669443358426,0.6424337761290223,0.2828446521945081,3.7274012337014617
2021-03-17,3.3759955035698943,1.3600975507517348,1.0849117174959872,0.2561790948030601,3.3759955035698943
2021-03-18,3.057719018031797,1.231872537423226,0.982630216173314,0.2320274684528383,3.057719018031797
2021-03-19,2.769448473301194,1.427906976744186,0.8899914400089286,0.2101527689369828,2.769448473301194
2021-03-20,2.50835501922844,1.293289139204741,0.9125676720804332,1.758193668528864,2.50835501922844
2021-03-21,2.271876499290345,2.590217391304348,1.08073489010989,1.861509433962264,2.590217391304348
2021-03-22,2.0576923076923075,2.346021186892272,0.9788471647681802,1.6860131455901328,2.346021186892272
2021-03-23,1.8637006168507309,2.124846905832828,0.8865650408281722,1.5270620042210106,2.124846905832828
2021-03-24,2.69,1.9245241255507328,0.8029829373871721,1.383096194021239,2.69
2021-03-25,2.436396656869909,1.7430870429581005,0.7272806483917047,1.2527029528783795,2.436396656869909
2021-03-26,2.206702107660546,1.5787551836789484,1.2850535540408958,1.1346027087152222,2.206702107660546
2021-03-27,1.998662318889196,1.4299159299373343,1.1639034137412765,1.0276365228213051,1.998662318889196
2021-03-28,1.810235759090519,1.295108695652174,1.0541748647430187,0.930754716981132,1.810235759090519
2021-03-29,1.704761904761905,2.8375000000000004,0.954791121269955,0.8430065727950664,2.8375000000000004
2021-03-30,1.5440431990784698,2.5699908973488355,0.8647769129632678,1.340841054882395,2.5699908973488355
2021-03-31,1.3984764640511165,2.327701572671673,0.7832489143799204,1.244007858546169,2.327701572671673
2021-04-01,1.2666332274072083,2.1082543977130457,0.7094070767629085,1.1599000788850908,2.1082543977130457
2021-04-02,1.211764705882353,1.9094958982971555,0.6425267770204479,1.0505489496277989,1.9094958982971555
2021-04-03,1.09752396963744,1.7294756219025995,0.5819517068706382,1.182123245881635,1.7294756219025995
2021-04-04,0.9940534313974908,1.5664269975247216,0.5270874323715092,1.1221748400852878,1.5664269975247216
2021-04-05,0.9003377163594454,2.2115384615384617,0.4773955606349775,1.0163803081068103,2.2115384615384617
2021-04-06,0.8154571755360747,2.0030427190451783,0.4323884564816339,1.1184937532993138,2.0030427190451783
2021-04-07,2.375,2.121978021978021,0.4519331083154341,1.0130462606945445,2.375
2021-04-08,2.1510937026267785,1.9219257095534104,1.2243158225857187,0.9184449680242344,2.1510937026267785
2021-04-09,1.9482964705181405,1.7407335960997237,1.1088918130486165,1.5375142966069384,1.9482964705181405
2021-04-10,1.7646182183501262,1.576623611166729,1.0043495561866396,1.3925630825809794,1.7646182183501262
2021-04-11,1.598256478750923,1.427985314270923,0.9096631602311916,1.261277337873886,1.598256478750923
2021-04-12,1.4475787143678145,1.2933600913565062,0.8239034507304802,1.1423687321121614,1.4475787143678145
2021-04-13,1.3111062974876524,1.1714268411561162,0.9887929907153132,1.03467039398914,1.3111062974876524
2021-04-14,1.4242424242424243,1.0609890109890108,0.8955732107491406,0.9371254605492236,1.4242424242424243
2021-04-15,1.289970067284958,2.71651376146789,0.9140867418899858,0.8487767060036442,2.71651376146789
2021-04-16,4.4,2.4604107980600256,0.8279099933196539,0.7687571483034692,4.4
2021-04-17,3.98518412276119,2.411764705882353,1.0492273730684327,1.191799881586738,3.98518412276119
2021-04-18,4.0,2.184392366754128,0.950310060981534,1.418657683337652,4.0
2021-04-19,3.622894657055627,1.978455858606656,0.8607183106190516,1.2849118352887232,3.622894657055627
2021-04-20,3.281341424030552,1.7919342898416142,0.7795729421929267,1.1637750557137638,3.281341424030552
2021-04-21,2.971988578273897,1.6229972911154882,0.7060776617639724,1.0540586078400025,2.971988578273897
2021-04-22,2.6918003852647123,1.4699870535995143,3.635092783505154,0.954685824641759,3.635092783505154
2021-04-23,3.5027027027027025,1.331402060606656,3.292389555815572,0.8646815433153434,3.5027027027027025
2021-04-24,3.172480726718981,1.2058823529411764,2.981995132677496,0.7831625358329428,3.172480726718981
2021-04-25,2.873390868610537,1.092196183377064,2.7008635583857963,0.709328841668826,2.873390868610537
2021-04-26,2.602498106380385,0.989227929303328,2.446236038778037,0.6424559176443616,2.602498106380385
2021-04-27,2.357144121150721,2.365853658536585,2.215613868696468,0.5818875278568818,2.365853658536585
2021-04-28,2.1349212106067568,2.142809644721925,2.0067339117496954,0.5270293039200011,2.142809644721925
2021-04-29,1.933648661785488,1.940793403237582,1.817546391752577,0.4773429123208795,1.940793403237582
2021-04-30,1.7513513513513512,5.883333333333334,1.646194777907786,0.4323407716576717,5.883333333333334
2021-05-01,1.5862403633594906,5.328674224752652,1.4909975663387478,0.3915812679164713,5.328674224752652
2021-05-02,1.4366954343052682,4.826306344511604,1.350431779192898,0.354664420834413,4.826306344511604
2021-05-03,1.3012490531901926,4.371299867211191,1.2231180193890183,0.3212279588221808,4.371299867211191
2021-05-04,1.1785720605753605,3.959189733326848,1.1078069343482342,0.2909437639284409,3.959189733326848
2021-05-05,1.0674606053033786,3.585931832784832,1.0033669558748477,0.2635146519600005,3.585931832784832
2021-05-06,0.9668243308927436,3.2478633193904654,1.048334478021978,0.2386714561604397,3.2478633193904654
2021-05-07,0.8756756756756756,2.941666666666667,0.949501344808256,0.2161703858288358,2.941666666666667
2021-05-08,0.7931201816797453,2.6643371123763258,1.4293783303730017,0.3464135021097047,2.6643371123763258
2021-05-09,0.7183477171526342,2.413153172255801,2.0747945694891032,0.3137549064812943,2.413153172255801
2021-05-10,2.325925925925926,2.1856499336055952,2.2165623447590663,0.7295799821268991,2.325925925925926
2021-05-11,2.1066461524360496,1.979594866663424,2.505772775783448,0.6607978547855706,2.505772775783448
2021-05-12,1.90803927249184,1.7929659163924163,2.6885638782577,0.6433544303797468,2.6885638782577
2021-05-13,1.7281563214407474,1.6239316596952322,2.7240398683247986,0.5827013321039628,2.7240398683247986
2021-05-14,1.5652320758761475,1.4708333333333334,3.669002291556496,1.2071870537839124,3.669002291556496
2021-05-15,1.446153846153846,1.3321685561881629,3.343123975969416,1.093377881805115,3.343123975969416
2021-05-16,1.3098157606278036,1.206576586127901,3.02794649760354,0.9902982215336374,3.02794649760354
2021-05-17,1.1863311302264303,1.0928249668027976,2.742482797004541,0.8969365339214761,2.742482797004541
2021-05-18,1.0744881782990243,0.989797433331712,2.48393156808368,0.9153035935563816,2.48393156808368
2021-05-19,0.9731893700572422,0.896482958196208,2.626010336355164,0.8290121246698074,2.626010336355164
2021-05-20,0.8814406422709283,3.088888888888889,2.378439704238493,0.7508558992751446,3.088888888888889
2021-05-21,0.7983416483487566,2.797679762948512,2.1542091241536503,0.6800679564256548,2.797679762948512
2021-05-22,0.7230769230769231,2.533924766334704,1.9511181815191847,0.6159536414423109,2.533924766334704
2021-05-23,0.6549078803139018,2.295035624333732,1.7671739087774867,0.5578837891438263,2.295035624333732
2021-05-24,0.593165565113215,2.07866807528775,1.6005712280495157,0.5052885497367792,2.07866807528775
2021-05-25,0.5372440891495122,1.8826988659380235,1.4496752375843889,0.6733492442322991,1.8826988659380235
2021-05-26,0.4865946850286211,3.511111111111111,1.3130051681775818,0.9687018984094408,3.511111111111111
2021-05-27,0.4407203211354642,3.1800964211932725,1.1892198521192463,0.8773762330068015,3.1800964211932725
2021-05-28,0.3991708241743782,2.8802885833157066,1.077104562076825,0.7946604166969834,2.8802885833157066
2021-05-29,0.3615384615384615,2.6087455298181985,0.9755590907595926,0.7197427444562747,2.6087455298181985
2021-05-30,5.857142857142857,2.3628025603990253,0.8835869543887434,0.6518880358362978,5.857142857142857
2021-05-31,5.304952890688596,2.1400461929367456,0.8002856140247581,0.5904304205074525,5.304952890688596
2021-06-01,4.804821370901879,1.938290479560693,0.7248376187921942,0.5347668039548893,4.804821370901879
2021-06-02,4.351840418186777,1.7555555555555555,0.6565025840887909,0.4843509492047204,4.351840418186777
2021-06-03,3.9415648498519,1.5900482105966365,0.5946099260596233,0.4386881165034007,3.9415648498519
2021-06-04,3.5699685587416776,2.08955223880597,0.5385522810384126,0.3973302083484916,3.5699685587416776
2021-06-05,3.2334050043304505,1.8925569104021929,1.2462680237489396,1.357737104825291,3.2334050043304505
2021-06-06,2.9285714285714284,1.7141335797174524,1.40432808716707,1.2297346256894306,2.9285714285714284
2021-06-07,2.652476445344298,1.552531346859498,1.436138613861386,1.1137997512516349,2.652476445344298
2021-06-08,3.1000000000000005,1.406164380362163,1.3007447277374224,1.0087947919598583,3.1000000000000005
2021-06-09,2.807743359218111,1.273596355139004,1.7223133435844866,0.9136893154642284,2.807743359218111
2021-06-10,2.543039603623678,1.1535263575696548,1.5599399525619622,0.8275500348010415,2.543039603623678
2021-06-11,2.555737704918033,1.044776119402985,1.4128745298660852,0.7495316498817229,2.555737704918033
2021-06-12,4.370786516853933,0.9462784552010964,1.279673896335455,0.6788685524126455,4.370786516853933
2021-06-13,3.958724779760222,0.8570667898587261,1.159030930451819,0.6148673128447153,3.958724779760222
2021-06-14,5.444444444444445,0.92,1.0497617413240266,0.5568998756258173,5.444444444444445
2021-06-15,4.931162172103492,2.0,0.9507940509560568,0.5043973959799292,4.931162172103492
2021-06-16,4.46627027159714,1.8114473285278128,0.8611566717922433,0.4568446577321142,4.46627027159714
2021-06-17,4.045206675983915,1.640670712015276,0.7799699762809811,0.4137750174005208,4.045206675983915
2021-06-18,3.66383941327697,1.4859942891369484,0.8192880258899677,1.6899949974987494,3.66383941327697
2021-06-19,3.3184260586677388,1.3459001926323562,0.7420485528966041,1.5306684617222392,3.3184260586677388
2021-06-20,3.0055770094453784,1.2190136542044754,0.6720909343912416,1.481548387096774,3.0055770094453784
2021-06-21,4.8,3.028787878787879,0.6087286638153881,1.3418734339455711,4.8
2021-06-22,4.347473588466752,2.743244855853863,0.5513399559333452,1.215366523571574,4.347473588466752
2021-06-23,4.853333333333334,4.775833333333334,0.4993616451430502,1.1007862211529316,4.853333333333334
2021-06-24,4.395778850560828,4.325585266580375,0.4522836590318161,1.4314674735249622,4.395778850560828
2021-06-25,3.981360927823737,3.9177849377331446,0.4096440129449838,1.2965139653956257,3.981360927823737
2021-06-26,3.606012808305662,3.548430529601605,0.7607699805068228,1.174283379507454,3.606012808305662
2021-06-27,3.266051134121185,3.213897501656681,0.6890473744066204,2.0013698630136987,3.266051134121185
2021-06-28,2.958139800869528,2.910903021769104,1.99774638019617,1.81268804587612,2.958139800869528
2021-06-29,2.679257219848452,2.636473751193592,1.8094061717412309,1.6417944590783,2.679257219848452
2021-06-30,2.426666666666667,2.45,1.6388219880111954,1.4870120934445763,2.45
2021-07-01,3.317073170731707,2.2190229774465715,1.48431985605776,1.3468220420793646,3.317073170731707
2021-07-02,3.0043516668266173,2.009821622218713,1.3443836189683087,1.2198485950635196,3.0043516668266173
2021-07-03,2.72111240041558,1.820343004192762,1.9380597014925367,1.1048457393681097,2.72111240041558
2021-07-04,2.464575894178353,1.6487277359746364,1.755346534398034,1.0006849315068491,2.464575894178353
2021-07-05,2.2322247097317125,1.4932917264004824,1.589858895187937,0.90634402293806,2.2322247097317125
2021-07-06,2.021778743558642,1.3525096542504205,1.4399728242121848,1.027306002928258,2.021778743558642
2021-07-07,1.831172851946811,1.225,1.3042174627859064,0.9304553572924894,1.831172851946811
2021-07-08,1.6585365853658536,2.0179640718562872,1.1812606193914263,0.842735435640936,2.0179640718562872
2021-07-09,1.5021758334133086,1.82771781351459,1.0698956966458548,0.7632854267737482,1.82771781351459
2021-07-10,2.875,1.65540727529685,0.9690298507462688,1.733847472150814,2.875
2021-07-11,6.0,1.499341543230993,0.8776732671990171,1.5703866857511473,6.0
2021-07-12,5.4343419855834405,1.3579891165182754,0.7949294475939684,1.4223363833297813,5.4343419855834405
2021-07-13,4.922012136045828,3.725581395348837,0.7199864121060924,1.288243720925322,4.922012136045828
2021-07-14,4.457982867410845,3.374347232908787,0.6521087313929532,1.1667928233814522,4.457982867410845
2021-07-15,4.037700577897068,3.0562261402889206,0.5906303096957133,1.056791871429878,4.037700577897068
2021-07-16,3.657040962613426,2.7680963386016177,0.5349478483229273,0.9571614061557808,3.657040962613426
2021-07-17,3.3122685410214374,2.581578947368421,0.4845149253731343,0.8669237360754071,3.3122685410214374
2021-07-18,3.0,2.338197143797085,0.7243692490353221,3.1577880184331795,3.1577880184331795
2021-07-19,2.7171709927917203,2.117760484851297,0.9293224065560662,2.8600833350239605,2.8600833350239605
2021-07-20,2.4610060680229138,1.934782608695652,3.4667746953590868,2.590445158298036,3.4667746953590868
2021-07-21,4.0,1.752378393901906,3.139939880258021,2.346227480848393,4.0
2021-07-22,3.622894657055627,1.587170580101734,2.961604184829991,2.1250337511506814,3.622894657055627
2021-07-23,3.281341424030552,1.4375379536216129,2.68239499438354,1.9246933557766697,3.281341424030552
2021-07-24,2.971988578273897,2.3314285714285714,2.429508623316221,1.7432403187784409,2.971988578273897
2021-07-25,2.6918003852647123,2.111630028683851,2.200463452670727,1.5788940092165895,2.6918003852647123
2021-07-26,2.4380273084089508,1.912553287149236,1.9930118214317387,1.4300416675119805,2.4380273084089508
2021-07-27,2.208179027347625,3.5575757575757576,1.805117969828437,1.2952225791490175,3.5575757575757576
2021-07-28,2.0,3.222180551047959,1.6349380620616365,1.1731137404241965,3.222180551047959
2021-07-29,1.8114473285278128,2.918405175615052,1.4808020924149956,1.0625168755753407,2.918405175615052
2021-07-30,1.6406707120152757,2.6432686294648144,2.0869044377892734,0.9623466778883352,2.6432686294648144
2021-07-31,1.4859942891369484,3.670175438596492,1.9022953790395647,0.8716201593892201,3.670175438596492
2021-08-01,1.3459001926323562,3.324164746737005,1.7229539412160122,0.7894470046082949,3.324164746737005
2021-08-02,3.640963855421687,4.63076923076923,1.8631598040994013,0.7668292682926829,4.63076923076923
2021-08-03,3.297707124584971,4.19419727605286,1.6875079248781326,1.15863277826468,4.19419727605286
2021-08-04,3.0692307692307685,3.798783725512292,2.522815533980583,1.0494011254661566,3.798783725512292
2021-08-05,2.7798749387792205,3.440648315617088,2.9124753502854173,0.950467432639875,3.440648315617088
2021-08-06,2.517798515746519,3.116276599864148,3.9932856980832487,0.8608608458540955,3.9932856980832487
2021-08-07,10.0,2.8224854608888235,3.616813354920613,0.7797020397282975,10.0
2021-08-08,9.057236642639069,2.556391873967827,3.275833444777331,2.71493848857645,9.057236642639069
2021-08-09,8.20335356007638,5.729787234042553,2.96699987112198,2.458984036124575,8.20335356007638
2021-08-10,7.4299714456847425,5.189603889069576,2.6872819951431386,2.2271600315652007,7.4299714456847425
2021-08-11,6.729500963161781,4.700347050486317,2.433934895551465,2.0171915446913515,6.729500963161781
2021-08-12,6.095068271022377,4.257215553878513,2.2044724321786626,1.827018117380021,6.095068271022377
2021-08-13,5.520447568369063,3.855860871020144,1.9966428490416244,1.6547735439499769,5.520447568369063
2021-08-14,5.0,3.4923444369921834,1.8084066774603065,1.498767557753344,5.0
2021-08-15,4.5286183213195335,3.825,1.6379167223886653,1.357469244288225,4.5286183213195335
2021-08-16,4.101676780038189,3.464393015809444,1.48349993556099,1.2294920180622877,4.101676780038189
2021-08-17,3.7149857228423713,3.1878787878787875,1.3436409975715693,1.1135800157826,3.7149857228423713
2021-08-18,3.36475048158089,3.083333333333333,1.2169674477757328,1.0085957723456758,3.36475048158089
2021-08-19,3.047534135511189,2.7926479648137126,1.102236216089331,0.9135090586900104,3.047534135511189
2021-08-20,2.7602237841845305,3.84,2.766842884330725,0.8273867719749886,3.84
2021-08-21,2.5,3.4779788707734016,2.938902832556472,0.7493837788766718,3.4779788707734016
2021-08-22,2.2643091606597667,3.150087767069329,2.6618338424186225,0.6787346221441125,3.150087767069329
2021-08-23,2.050838390019095,2.853109035142941,2.410885901417069,0.6147460090311437,2.853109035142941
2021-08-24,4.8125,2.5841283698541235,2.18359641275366,0.5567900078913002,4.8125
2021-08-25,4.358795134270051,3.464864864864865,1.9777349442327663,0.504297886172838,4.358795134270051
2021-08-26,3.9478639007867575,3.138210101584672,1.7912813406332742,0.4567545293450051,3.9478639007867575
2021-08-27,3.5756737582357823,2.842351152437275,1.6224058995659325,0.6018103448275862,3.5756737582357823
2021-08-28,3.25,2.5743847009102265,1.469451416278236,2.0637362637362635,3.25
2021-08-29,2.943601908857697,2.331681144533352,1.3309169212093113,3.492326139088729,3.492326139088729
2021-08-30,2.666089907024823,2.111858790121808,1.2054429507085342,3.1630824275000657,3.1630824275000657
2021-08-31,2.414740719847541,1.912760481797064,1.0917982063768297,2.8648786066041323,2.8648786066041323
2021-09-01,2.1870878130275786,1.7324324324324325,0.9888674721163832,2.59478834924477,2.59478834924477
2021-09-02,1.9808971880822728,1.5691050507923356,0.8956406703166372,2.3501612116672668,2.3501612116672668
2021-09-03,1.794145459719945,1.421175576218637,2.447793837961202,2.128596624242179,2.447793837961202
2021-09-04,1.625,1.2871923504551133,2.217024804280832,1.927920334248409,2.217024804280832
2021-09-05,2.933333333333333,1.165840572266676,2.0080118294972054,1.7461630695443646,2.933333333333333
2021-09-06,2.656789415174126,1.055929395060904,1.8187038320974795,1.5815412137500329,2.656789415174126
2021-09-07,2.406317044289071,3.0779220779220777,1.647243099018138,1.432439303302066,3.0779220779220777
2021-09-08,2.322222222222222,2.787746862734362,1.4919470555761412,1.297394174622385,2.787746862734362
2021-09-09,2.103291620346184,2.5249283035559764,1.3512917540641691,1.1750806058336334,2.5249283035559764
2021-09-10,1.9050009933955143,2.2868873151003686,1.223896918980601,1.0642983121210898,2.2868873151003686
2021-09-11,7.380952380952381,2.0712879587913533,1.1085124021404158,0.9639601671242044,7.380952380952381
2021-09-12,6.685103236233598,1.876014519782212,1.0040059147486025,0.8730815347721823,6.685103236233598
2021-09-13,6.054856199103995,1.6991507450694383,0.9093519160487398,0.7907706068750164,6.054856199103995
2021-09-14,5.4840265432435,4.649180327868852,0.8236215495090691,0.7162196516510331,5.4840265432435
2021-09-15,4.967012615667029,4.210872642381047,0.7459735277880708,0.6486970873111926,4.967012615667029
2021-09-16,4.498740866706993,3.813886999406001,0.6756458770320845,0.5875403029168166,4.498740866706993
2021-09-17,4.0746160623676415,3.45432770819048,0.6119484594903005,0.698021978021978,4.0746160623676415
2021-09-18,3.690476190476191,3.128666349430624,0.5542562010702079,0.6322150236708061,3.690476190476191
2021-09-19,5.555555555555555,2.833707150265485,0.666381679389313,0.5726121078418149,5.555555555555555
2021-09-20,5.031798134799481,2.5665556235892883,0.6035576564548245,0.7613475177304965,5.031798134799481
2021-09-21,4.557418644486877,2.3245901639344257,0.5466564521987998,0.689570463537095,4.557418644486877
2021-09-22,4.127761914269301,2.105436321190524,0.495119684979004,0.6245602870029783,4.127761914269301
2021-09-23,3.738611646200989,1.9069434997030004,0.4484416153283747,0.5656790316980547,3.738611646200989
2021-09-24,5.2,2.8615384615384616,0.4061641830436408,2.1076408787010505,5.2
2021-09-25,4.709763054172315,2.591763100816718,0.3678725121590425,1.9089402196095155,4.709763054172315
2021-09-26,4.265743851239717,3.431578947368421,0.3331908396946565,1.7289723305654772,4.265743851239717
2021-09-27,3.863585151756066,3.1080622584214064,0.3478151562312941,1.5659711546506705,3.863585151756066
2021-09-28,3.4993405008441263,2.8150455374577894,0.3379420617005267,1.4183371323217862,3.4993405008441263
2021-09-29,3.169435500931636,2.549653359256028,0.3060821224323003,1.2846215046480496,3.169435500931636
2021-09-30,2.8706327355519123,2.309281383148148,0.2772258214950567,1.163512096382045,2.8706327355519123
2021-10-01,2.6,2.447457627118644,0.2510899868730745,1.0538204393505253,2.6
2021-10-02,2.3548815270861576,4.68659793814433,0.6611659764256133,0.9544701098047578,4.68659793814433
2021-10-03,6.842857142857143,5.966666666666666,0.5988336708548302,0.8644861652827385,6.842857142857143
2021-10-04,6.197737645463019,5.4041511967746425,0.542377826651243,0.7829855773253352,6.197737645463019
2021-10-05,5.613437650395123,4.894667624178906,0.4912444325700578,0.7091685661608931,5.613437650395123
2021-10-06,5.084223317832845,4.433216295925229,0.4449317075165964,0.6423107523240249,5.084223317832845
2021-10-07,4.604901373363562,4.015268908019862,0.4029851764791284,0.5817560481910223,4.604901373363562
2021-10-08,4.170768145456741,3.636724068376685,0.3649932106847133,0.5915827996340347,4.170768145456741
2021-10-09,3.777563407498259,3.2938670491268733,0.439904671115348,0.5358105410000384,3.777563407498259
2021-10-10,3.421428571428572,2.983333333333333,0.3984320706494017,0.485296286545781,3.421428571428572
2021-10-11,3.098868822731509,2.7020755983873213,0.3608693549888319,0.4395443309039116,3.098868822731509
2021-10-12,2.806718825197561,3.6560975609756095,0.3268479145210373,0.3981057019927179,3.6560975609756095
2021-10-13,2.5421116589164225,6.116129032258064,0.2960338907970101,0.3605737551731993,6.116129032258064
2021-10-14,2.302450686681781,5.539522798207635,1.5489507720733802,0.3265801827728669,5.539522798207635
2021-10-15,2.085384072728371,5.017276887066069,1.4029213690467093,0.2957913998170173,5.017276887066069
2021-10-16,1.888781703749129,4.544266406780086,1.270659083047122,0.2679052705000192,4.544266406780086
2021-10-17,1.710714285714286,4.115849621340237,1.150866000727655,0.2426481432728904,4.115849621340237
2021-10-18,1.5494344113657548,4.052252252252252,1.0423665712557997,0.2548174745661281,4.052252252252252
2021-10-19,1.4033594125987807,3.6702207584315785,0.9440960704240072,0.2307942167825084,3.6702207584315785
2021-10-20,1.2710558294582115,6.090909090909091,0.8550901523215874,0.2090357837151719,6.090909090909091
2021-10-21,1.1512253433408903,5.5166805005165225,0.7744753860366901,0.1893286559887829,5.5166805005165225
2021-10-22,1.5246376811594202,4.996588077501068,0.7014606845233546,0.1714794440523211,4.996588077501068
2021-10-23,3.1,4.525528062371616,0.6353295415235609,0.1553129904130058,4.525528062371616
2021-10-24,2.8077433592181107,4.098877859380357,0.5754330003638275,0.1406706507846527,4.098877859380357
2021-10-25,2.543039603623677,3.712450674168175,1.0651649098945937,0.127408737283064,3.712450674168175
2021-10-26,2.30329114816227,3.3624544280066107,0.9647450652350654,1.19186626746507,3.3624544280066107
2021-10-27,2.0861452985801523,3.0454545454545454,0.8737924355652251,1.0795014830810086,3.0454545454545454
2021-10-28,1.8894711640169368,2.758340250258261,0.7914144865462193,0.9777300388344528,2.758340250258261
2021-10-29,2.052,2.498294038750533,0.71680282870618,1.3429939516129032,2.498294038750533
2021-10-30,2.8470588235294123,2.262764031185808,1.5681496174553695,1.2163814029391025,2.8470588235294123
2021-10-31,2.5786485500219465,2.0494389296901785,1.420310217635721,1.1017054214124755,2.5786485500219465
2021-11-01,7.399999999999999,1.856225337084088,1.286408574708492,0.9978406712211187,7.399999999999999
2021-11-02,6.702355115552909,1.681227214003305,1.1651306880254848,1.6126635711270576,6.702355115552909
2021-11-03,6.07048163445652,1.9526315789473685,1.3817941020660427,1.7792601576713158,6.07048163445652
2021-11-04,5.498178869806709,2.013664596273292,1.251523617381511,1.6115180296848406,5.498178869806709
2021-11-05,4.979830712739718,1.8238236767351463,1.1335345566476016,1.459590014873505,4.979830712739718
2021-11-06,4.510350520556559,1.6518802634638274,1.0266690722166285,1.321985216594241,4.510350520556559
2021-11-07,4.085131200593106,5.709006211180124,1.3387185104052577,1.534435049961568,5.709006211180124
2021-11-08,3.7,5.170782024895464,1.2125090346621687,1.3897741360261622,5.170782024895464
2021-11-09,3.3511775577764547,4.683299642698263,1.0981981258273117,1.2587513229808207,4.683299642698263
2021-11-10,3.03524081722826,4.241775313230516,0.9946640306120677,1.140080860647229,4.241775313230516
2021-11-11,2.7490894349033543,3.8418762796833232,0.9008907505174684,1.1298141557928036,3.8418762796833232
2021-11-12,3.927692307692308,3.4796782616833646,0.8159580716601424,1.1726642335766424,3.927692307692308
2021-11-13,3.557403869024237,3.176470588235294,0.7390325345497357,2.574260151410874,3.557403869024237
2021-11-14,3.2220248675192305,2.8770045806029976,0.6693592552026287,2.8317193675889327,3.2220248675192305
2021-11-15,2.9569620253164555,2.605771130847791,0.6062545173310844,2.5647552417797206,2.9569620253164555
2021-11-16,2.678190480658843,2.360108576864565,0.5490990629136557,2.3229595155247904,2.678190480658843
2021-11-17,2.4257004957390405,2.137606188298448,0.9448930352259932,2.1039594043378225,2.4257004957390405
2021-11-18,3.1518518518518515,1.9360805096188725,0.8558119822023313,1.9056058211593592,3.1518518518518515
2021-11-19,2.854706808476239,1.7535539334819374,0.7751291644412528,1.7259522869830854,2.854706808476239
2021-11-20,2.5855755109722214,1.89,1.3276803118908382,1.9354205033763048,2.5855755109722214
2021-11-21,2.341816926028783,1.711817725458784,1.4411976711948986,1.7529561502094817,2.341816926028783
2021-11-22,2.121039007278028,3.9087912087912087,1.3053268356832526,1.5876938676616827,3.9087912087912087
2021-11-23,4.727272727272728,3.5402846964689187,1.182265404677046,1.859449541284404,4.727272727272728
2021-11-24,4.281602776520287,3.206519627823261,1.3648182203989248,2.0000542005420057,4.281602776520287
2021-11-25,3.8779489556724704,2.904220706846223,1.2361481596338584,1.811496419241324,3.8779489556724704
2021-11-26,3.51235013796006,2.6304214204358742,1.1196086407166628,1.640715174636198,3.51235013796006
2021-11-27,3.181218637131024,2.5822784810126582,1.0140560406114276,1.4860345599848928,3.181218637131024
2021-11-28,4.2,3.99753086419753,0.9184545528715312,1.4055759803921568,4.2
2021-11-29,3.804039389908408,3.6206583023290486,0.8318660230866711,1.2730634273621173,3.804039389908408
2021-11-30,3.44540849523208,3.279315904633002,0.7534407426067036,1.1530436722707846,3.44540849523208
2021-12-01,3.120588007187592,2.97015401742311,0.6824091101994624,1.0443389399054062,3.120588007187592
2021-12-02,2.826390404527948,2.883168316831683,0.6180740798169292,0.9458824913846084,2.883168316831683
2021-12-03,2.5599286738293983,2.6113537726103924,0.5598043203583314,1.7261779152264871,2.6113537726103924
2021-12-04,2.3185879787150063,2.365164907618061,0.5070280203057138,1.563440186550365,2.365164907618061
2021-12-05,2.1,2.1421858267162346,0.4592272764357656,1.4160447746198426,2.1421858267162346
2021-12-06,1.902019694954204,2.853846153846154,0.4159330115433357,1.2825452620304416,2.853846153846154
2021-12-07,1.7227042476160397,2.584795995706996,1.7018116835099828,1.161631594310524,2.584795995706996
2021-12-08,1.560294003593796,3.961290322580645,1.5413711138757895,1.0521172241236516,3.961290322580645
2021-12-09,1.413195202263974,3.5878343861808952,1.3960562932501197,0.9529274674684438,3.5878343861808952
2021-12-10,1.8647058823529408,3.2495865070238046,1.264441221441185,0.8630889576132436,3.2495865070238046
2021-12-11,1.76875,2.943227398484149,1.14523433633004,0.7817200932751827,2.943227398484149
2021-12-12,1.6019987311667852,2.665750704116989,1.0372658395416872,1.4191659272404615,2.665750704116989
2021-12-13,8.055555555555555,3.667567567567567,0.9394762170054743,1.2853721638187157,8.055555555555555
2021-12-14,7.296107295459248,3.32180273623276,0.8509058417549914,1.1641919861567136,7.296107295459248
2021-12-15,10.0,3.008635346222607,0.7706855569378948,1.054436231608534,10.0
2021-12-16,9.057236642639069,2.8109589041095884,2.0064914723285763,0.9550278474251068,9.057236642639069
2021-12-17,8.20335356007638,2.545951998725392,1.81732680863172,0.8985312117503059,8.20335356007638
2021-12-18,7.4299714456847425,5.275,1.6459958962789525,0.8138209815619754,7.4299714456847425
2021-12-19,6.729500963161781,4.777692328992107,1.4908174345411258,0.7370969214751616,6.729500963161781
2021-12-20,6.095068271022377,4.601612903225807,1.3502686295611053,0.6676061246361283,6.095068271022377
2021-12-21,5.520447568369063,5.916,1.222970250906688,0.6046666654904606,5.916
2021-12-22,5.181818181818182,5.358261197785272,1.1076730969369548,0.6190298507462687,5.358261197785272
2021-12-23,4.693295351185698,4.8531039661411866,1.003245736164288,0.5606699847066497,4.8531039661411866
2021-12-24,4.25082866294867,4.395571107267093,0.9086634043158596,0.5078120729912954,4.395571107267093
2021-12-25,3.850076112763912,3.9811727698065096,1.5275268118297043,0.4599374115071264,3.9811727698065096
2021-12-26,3.487105044547468,3.6058423891368383,1.8203065134099616,0.4165761976822908,3.6058423891368383
2021-12-27,3.158353558620686,3.2658967814471374,1.648694685409127,0.37730292020993,3.2658967814471374
2021-12-28,2.860595558154878,2.958,2.257476303317536,0.3562227354375161,2.958
2021-12-29,2.590909090909091,3.557377049180328,2.044649709429697,0.3226393612345793,3.557377049180328
2021-12-30,2.346647675592849,4.232558139534884,1.851887626960797,0.6049636174636175,4.232558139534884
2021-12-31,2.1254143314743343,4.255882352941176,1.6772984472959238,0.547929864355496,4.255882352941176
2022-01-01,1.925038056381956,3.85465335938198,2.141550279329609,1.5389951089373053,3.85465335938198
2022-01-02,1.743552522273734,3.491250765126624,2.0768027571580063,1.3939042893509264,3.491250765126624
2022-01-03,1.5791767793103433,3.3746835443037977,1.8810094031665336,1.262492100584098,3.3746835443037977
2022-01-04,1.4302977790774385,3.056530745477944,1.7036747291508572,1.1434689714452655,3.056530745477944
2022-01-05,1.2954545454545454,2.768372226729573,1.6187473816506073,1.0356669067894866,2.768372226729573
2022-01-06,1.1733238377964246,2.50738023723994,1.4661378100261926,0.9380280257742396,2.50738023723994
2022-01-07,1.0627071657371674,2.2709936161758617,1.3279157096127827,0.8495941806864827,2.2709936161758617
2022-01-08,0.962519028190978,2.0568926595627417,1.2027246823440954,0.7694975544686526,2.0568926595627417
2022-01-09,1.04,2.820689655172414,1.0893362063933372,0.6969521446754632,2.820689655172414
2022-01-10,0.941952610834463,2.5547653702340543,0.9866375804699168,0.6312460502920488,2.5547653702340543
2022-01-11,0.8531487702479436,2.313911452462924,0.8936210046836881,0.5717344857226329,2.313911452462924
2022-01-12,0.7727170303512132,2.095764359506937,0.8093736908253036,0.8127688172043012,2.095764359506937
2022-01-13,0.6998681001688253,4.16,1.3657181835899437,0.736143951317721,4.16
2022-01-14,4.343478260869565,3.767810443337852,1.2369632775929305,0.6667429970131972,4.343478260869565
2022-01-15,3.933991046085404,3.412595080991774,1.120346912341361,1.0157745814666352,3.933991046085404
2022-01-16,5.226315789473684,3.090868121404853,1.0147247106925712,1.2107242990654206,5.226315789473684
2022-01-17,4.733597887442418,2.799472400675301,0.9190601831876082,1.0965816485628828,4.733597887442418
2022-01-18,4.287331623766234,2.535548400745309,0.940441507733894,0.9931999489009296,4.287331623766234
2022-01-19,3.8831377081920784,2.29650618844153,0.8517801284106156,0.8995646970652749,3.8831377081920784
2022-01-20,6.24235807860262,2.08,0.7714774190512437,0.814757033668412,6.24235807860262
2022-01-21,7.037037037037037,4.373333333333333,1.358895265423243,0.7379447260189452,7.037037037037037
2022-01-22,6.37361097074601,3.961031491714152,1.2307835991500136,0.6683740012741038,6.37361097074601
2022-01-23,5.772730283016712,3.58759995694007,1.1147498313380697,0.6053621495327103,5.772730283016712
2022-01-24,5.228498424741115,3.249374178912794,1.0096553019770882,0.961892708418388,5.228498424741115
2022-01-25,4.735574751854586,2.9430350878894185,0.9144686997501696,0.9677719404013436,4.735574751854586
2022-01-26,4.289122116645377,3.730232558139535,0.8282559415923738,0.8765339480320959,4.289122116645377
2022-01-27,3.8847593999634142,3.378559901114666,0.7501710063673972,0.7938975392633387,3.8847593999634142
2022-01-28,3.5185185185185186,3.0600416535726773,0.6794476327116213,0.7190517883116898,3.5185185185185186
2022-01-29,3.186805485373005,2.771552139274029,0.6153917995750068,0.6512622205051787,3.186805485373005
2022-01-30,3.9318181818181817,3.647457627118644,0.5573749156690346,0.7681502480510277,3.9318181818181817
2022-01-31,3.5611407708558147,3.3035886872812323,1.625849987023099,0.6957318573700056,3.5611407708558147
2022-02-01,3.2254094679391216,2.992138451065147,1.4725708077899862,0.6301408072022953,3.2254094679391216
2022-02-02,2.9213296820533188,4.738461538461538,1.3337422279196072,0.5707334409014788,4.738461538461538
2022-02-03,2.6459174241522456,4.291736747588972,1.2080018978548532,0.5169267834112352,4.291736747588972
2022-02-04,5.329166666666667,3.887127533082346,1.094115905362851,0.4681928204273787,5.329166666666667
2022-02-05,4.8267523608064025,3.5206633927244617,0.9909666669346632,0.6862639109697933,4.8267523608064025
2022-02-06,4.371703834724038,3.188748148698197,0.8975419607394537,1.3896144544031868,4.371703834724038
2022-02-07,3.959555616262827,2.8881246576536794,0.8129249935115493,1.258606695556144,3.959555616262827
2022-02-08,3.586263221618299,2.6158428477810323,0.7362854038949931,1.1399498681661977,3.586263221618299
2022-02-09,3.248163466099008,2.6207865168539324,2.965717400190762,1.032479571672646,3.248163466099008
2022-02-10,2.9419385166433463,2.3737083672983847,2.686120430872004,0.9351411809329778,2.9419385166433463
2022-02-11,2.6645833333333333,2.149923840323388,2.432882839303536,0.8469794969986936,2.6645833333333333
2022-02-12,2.413376180403201,1.947236898546029,2.203519559938775,1.0075561558146149,2.413376180403201
2022-02-13,2.1858519173620183,1.763658538940995,1.9957798101049389,1.3458329786328425,2.1858519173620183
2022-02-14,1.9797778081314128,1.5973872743999655,1.8076250026721687,1.218952776894546,1.9797778081314128
2022-02-15,1.7931316108091495,1.497278911564626,1.637208741035291,1.1040343756535926,1.7931316108091495
2022-02-16,4.793939393939394,1.356120942207387,1.482858700095381,0.9999500601902864,4.793939393939394
2022-02-17,4.62015503875969,6.1,1.9458373023433035,0.9056784325964602,6.1
2022-02-18,4.184583751172778,5.524914352009831,1.85360315893386,0.9608643744030564,5.524914352009831
2022-02-19,3.790076528531413,5.004045671646591,1.6788522452007282,1.3511448140900195,5.004045671646591
2022-02-20,3.432762001262098,4.532282581867692,1.5205762072808902,1.2237638319687878,4.532282581867692
2022-02-21,3.109133778329009,4.104995587528686,1.3772218542509616,1.1083918620844102,4.104995587528686
2022-02-22,2.8600000000000003,3.7179916453236497,1.2473824243365128,1.0038967387673865,3.7179916453236497
2022-02-23,2.5903696797947733,3.367473016705128,1.1297837801084616,0.9092530327789832,3.367473016705128
2022-02-24,2.346159118181845,3.719298245614035,1.734784455298365,2.233165664435284,3.719298245614035
2022-02-25,2.1249718334658363,3.368656435507864,1.5712353335609006,2.0226309885006666,3.368656435507864
2022-02-26,1.924637275464269,3.051071850414373,1.4231050237337004,1.8319447503585515,3.051071850414373
2022-02-27,1.7431895255124,2.763427976289764,1.288939896728461,1.6592357120237748,2.763427976289764
2022-02-28,2.010204081632653,3.595238095238096,1.167423366280843,1.5028090489717056,3.595238095238096
2022-03-01,3.923076923076923,3.256292221520236,1.05736296905519,1.36112971852361,3.923076923076923
2022-03-02,3.553223605958403,2.949300922789365,0.9576786627896308,1.232807396199704,3.553223605958403
2022-03-03,3.218238704337657,2.671251638805705,0.8673922276491824,1.1165828322176417,3.218238704337657
2022-03-04,2.9148349517686296,4.7936507936507935,0.7856176667804503,1.2414633078724475,4.7936507936507935
2022-03-05,2.640034993240391,4.3417229620269815,0.7115525118668501,1.1244226962554238,4.3417229620269815
2022-03-06,2.391142167862625,3.93240123038582,0.6444699483642305,1.1905722208217795,3.93240123038582
2022-03-07,2.165714046052478,4.254285714285714,2.1515572967678747,1.0783294344135197,4.254285714285714
2022-03-08,5.556521739130434,3.853207245968448,1.9487163587023453,0.9766684866206388,5.556521739130434
2022-03-09,5.032673230127273,6.6567567567567565,1.7649985210149055,0.8845917604731293,6.6567567567567565
2022-03-10,4.558211239033745,6.029182121843249,1.598600927873996,0.8011956906733827,6.029182121843249
2022-03-11,4.128479785906565,5.460772923910303,1.447890690089717,1.090105642193333,5.460772923910303
2022-03-12,3.739261839530763,4.945951262357167,1.3113888612816549,1.743899606426221,4.945951262357167
2022-03-13,3.3867379349419986,4.479665100612828,2.965823047401722,1.6924724900185022,4.479665100612828
2022-03-14,3.067448692337244,4.057338689602193,2.6862161180510338,1.532912385325416,4.057338689602193
2022-03-15,2.778260869565217,3.674827665106216,2.432969505445949,1.3883950226324615,3.674827665106216
2022-03-16,2.5163366150636364,4.8100000000000005,2.20359805551485,1.2575022273444425,4.8100000000000005
2022-03-17,2.279105619516872,4.356530825109392,1.9958509054057296,1.138949525170433,4.356530825109392
2022-03-18,2.0642398929532826,3.945813062396739,1.8076893953685127,1.043685338230793,3.945813062396739
2022-03-19,1.869630919765381,5.102564102564102,1.637267063024176,1.1943914942092273,5.102564102564102
2022-03-20,1.6933689674709995,4.621513056115831,1.482911523700861,1.2354210425816308,4.621513056115831
2022-03-21,1.5337243461686216,4.185813739628716,1.3431080590255169,1.1189500735957705,4.185813739628716
2022-03-22,1.3891304347826086,3.791190558182727,1.2164847527229743,1.214572738117662,3.791190558182727
2022-03-23,1.2581683075318182,3.4337710042799854,1.101799027757425,1.458417192563534,3.4337710042799854
2022-03-24,1.1395528097584362,3.110047656239623,0.9979254527028648,1.3209229636741238,3.110047656239623
2022-03-25,1.0321199464766413,2.816843759244726,0.9038446976842568,1.2729470755915788,2.816843759244726
2022-03-26,0.9348154598826908,2.551282051282051,0.8186335315120877,1.864199680060224,2.551282051282051
2022-03-27,0.8466844837354996,2.310756528057916,0.7414557618504305,1.6884497651437484,2.310756528057916
2022-03-28,0.7668621730843108,2.092906869814358,0.6715540295127584,1.5292689082115285,2.092906869814358
2022-03-29,0.6945652173913043,1.8955952790913635,0.6082423763614874,1.3850950391902097,1.8955952790913635
2022-03-30,0.6290841537659091,1.7168855021399927,0.6008420085731782,1.254513354249116,1.7168855021399927
2022-03-31,0.5697764048792181,1.5550238281198117,0.7139713305067636,1.1362424320785136,1.5550238281198117
2022-04-01,0.5160599732383206,1.4084218796223629,0.6466607296459628,1.0291216590742849,1.4084218796223629
2022-04-02,0.4674077299413453,1.2756410256410255,0.5856959255905129,0.9727646907500642,1.2756410256410255
2022-04-03,0.5900000000000001,1.1553782640289578,0.5907147628590514,1.4910918769867103,1.4910918769867103
2022-04-04,0.534376961915705,2.2623655913978493,0.5350243395514848,1.3505171985785498,2.2623655913978493
2022-04-05,4.92,2.04907805334544,0.4845842052889474,1.2408348839658745,4.92
2022-04-06,6.5200000000000005,3.2256410256410257,0.7777868629054238,1.4974208854704778,6.5200000000000005
2022-04-07,5.905318291000672,2.921539409343576,0.7044599674870292,1.3869188525428933,5.905318291000672
2022-04-08,5.3485865211698,4.788297872340425,1.7054129225502783,1.6265514168597397,5.3485865211698
2022-04-09,4.844341382586452,4.336874694523238,2.3003256268316505,1.6346605486481154,4.844341382586452
2022-04-10,4.387634627981481,6.145217391304347,2.3626070146368408,1.6384955532369454,6.145217391304347
2022-04-11,3.97398451270659,5.565868813350459,2.139869082512489,1.813517647058824,5.565868813350459
2022-04-12,3.599331814576629,5.04113909643998,1.938130066458256,1.7423355149844988,5.04113909643998
2022-04-13,3.26,4.565878974491658,1.75541026561262,1.5780745070089013,4.565878974491658
2022-04-14,4.641176470588236,4.135424635362113,1.58991661805714,1.6130893035180174,4.641176470588236
2022-04-15,4.203623359436603,3.745551954027402,2.62421423183304,2.431032489305122,4.203623359436603
2022-04-16,3.807321152294273,3.3924350404925354,2.376812929869314,2.2018436541580417,3.807321152294273
2022-04-17,3.4483808650854484,3.072608695652173,2.152735716111067,1.994261902580252,3.4483808650854484
2022-04-18,3.1232801529027325,2.782934406675229,1.9497836809879008,2.18292936802974,3.1232801529027325
2022-04-19,2.828828744609797,6.835294117647059,1.7659652200663296,1.97713078604119,6.835294117647059
2022-04-20,2.562137136143053,6.190887634556821,1.5994764900810925,1.7907341402622046,6.190887634556821
2022-04-21,2.320588235294118,5.607233433416914,1.4486837075002192,1.6219102872407605,5.607233433416914
2022-04-22,2.565625,5.078604011697453,1.31210711591652,1.4690025284670272,5.078604011697453
2022-04-23,2.3237472761270856,4.599811834819994,1.188406464934657,2.0771238172754094,4.599811834819994
2022-04-24,2.104672897757096,4.166158429957648,1.0763678580555334,1.8813001949125168,4.166158429957648
2022-04-25,5.692857142857143,3.773388279085207,1.7323239314760337,1.7039381061165668,5.692857142857143
2022-04-26,5.156155431559526,3.4176470588235297,1.56900677890853,1.7485037593984962,5.156155431559526
2022-04-27,4.670051990986339,3.0954438172784107,1.6482993197278917,1.8313809644029284,4.670051990986339
2022-04-28,4.2297766015791,3.368695652173913,1.4929036996676506,1.9682045662100456,4.2297766015791
2022-04-29,3.8310087625999567,3.58625,1.3521582092561273,2.0195262624928456,3.8310087625999567
2022-04-30,3.4698352942891675,3.248151490966435,1.224681687951982,1.8291327265422124,3.4698352942891675
2022-05-01,3.1427119371358163,2.941927670482392,1.1092231859687751,1.656688795508843,3.1427119371358163
2022-05-02,3.073076923076924,2.6645735097086902,1.004649688482124,2.02869764717368,3.073076923076924
2022-05-03,4.1017241379310345,4.726666666666668,0.9099349971536218,1.8374394666817115,4.726666666666668
2022-05-04,3.7150286160066095,4.2810538530874,0.8241496598639457,1.7905799848369974,4.2810538530874
2022-05-05,4.628571428571429,3.877451782729436,0.7464518498338253,1.878423979639928,4.628571428571429
2022-05-06,4.19220667459294,3.511899836660322,0.7954015099519561,1.7013330498806658,4.19220667459294
2022-05-07,3.796980790663925,8.0,0.9939306358381504,2.1963270793864207,8.0
2022-05-08,3.439015354859796,7.245789314111254,0.9002264975154842,2.211709562902152,7.245789314111254
2022-05-09,5.997916666666666,6.562682848061104,0.815356441997187,2.0031976895992605,6.562682848061104
2022-05-10,5.43245506128289,5.943977156547794,0.7384876243268736,1.8143435516688344,5.943977156547794
2022-05-11,4.9203031040541445,5.383600770529425,2.328601823708207,1.6432938898510872,5.383600770529425
2022-05-12,4.456434956692994,4.8760546168179015,2.109069776380613,1.6978899663759075,4.8760546168179015
2022-05-13,4.036298598529743,4.41635805469525,2.050933433905336,1.5378191218629085,4.41635805469525
2022-05-14,3.655771156723629,4.0,2.978761528326745,1.3928391700287768,4.0
2022-05-15,3.3111184477780267,3.622894657055627,2.697934806404455,1.959919232710752,3.622894657055627
2022-05-16,2.998958333333333,3.2813414240305514,2.4435833988017763,1.7751452291120868,3.2813414240305514
2022-05-17,2.716227530641445,3.151315789473684,2.213211309897196,1.6077910415119914,3.151315789473684
2022-05-18,2.460151552027072,6.307692307692308,2.004557857390409,1.4562143934889236,6.307692307692308
2022-05-19,2.228217478346497,5.713026189972335,1.8155754878246468,1.3189278364246304,5.713026189972335
2022-05-20,3.1466666666666665,5.174423014817409,1.6444096835802693,1.1945841529061827,5.174423014817409
2022-05-21,2.850010463550426,4.686597373431914,2.2253129770992364,1.5778923933209643,4.686597373431914
2022-05-22,2.581321920237367,4.244762145994354,2.015518623752344,1.8336893065641464,4.244762145994354
2022-05-23,2.337964348242132,3.84458152479873,1.8700831024930749,1.6608157978628209,3.84458152479873
2022-05-24,2.11754963640824,3.482128466202024,1.6937785200680429,1.5042401701076975,3.482128466202024
2022-05-25,1.9179148159483743,3.1538461538461537,1.534095287647525,1.3624259188029064,3.1538461538461537
2022-05-26,1.7371008348467982,2.8565130949861675,1.3894664052581078,1.2339813954662882,2.8565130949861675
2022-05-27,1.5733333333333333,2.587211507408704,1.2584726039419718,1.5784625579854206,2.587211507408704
2022-05-28,1.425005231775213,2.343298686715957,1.139828418218063,1.508283703302653,2.343298686715957
2022-05-29,1.2906609601186836,2.122381072997177,1.0323695715805967,1.6000310149647203,2.122381072997177
2022-05-30,1.168982174121066,1.9222907623993648,0.9350415512465374,1.6163064295485636,1.9222907623993648
2022-05-31,1.05877481820412,1.7410642331010115,0.8468892600340214,1.463926981944037,1.7410642331010115
2022-06-01,4.933333333333333,1.5769230769230769,0.7670476438237622,1.83658784930422,4.933333333333333
2022-06-02,4.468236743701939,1.4282565474930835,0.6947332026290539,2.1489063923968232,4.468236743701939
2022-06-03,4.046987756304347,1.2936057537043522,0.6292363019709859,1.946315371881784,4.046987756304347
2022-06-04,3.665452579871139,1.1716493433579789,0.5699142091090316,1.762823890433937,3.665452579871139
2022-06-05,3.319887141826478,1.0611905364985883,0.5161847857902983,2.214094524319364,3.319887141826478
2022-06-06,3.0069003470377056,2.5818181818181816,0.4675207756232687,2.083163841807909,3.0069003470377056
2022-06-07,2.723420800395404,2.3384138240995407,0.9926630434782612,1.8867707880643367,2.723420800395404
2022-06-08,2.4666666666666663,2.1179567373288104,0.8990784091184923,1.7088929517917302,2.4666666666666663
2022-06-09,2.2341183718509696,3.455555555555556,0.8143165911673647,1.696226646248086,3.455555555555556
2022-06-10,2.023493878152173,8.333333333333334,2.058568028560095,1.536312613461894,8.333333333333334
2022-06-11,1.8327262899355687,7.547697202199223,1.864493777963976,1.9826686074721007,7.547697202199223
2022-06-12,1.659943570913239,6.8361279667303165,1.688716136574787,2.1435372214319584,6.8361279667303165
2022-06-13,1.503450173518853,6.191642871403952,1.5295101671201037,1.9612209383266048,6.191642871403952
2022-06-14,1.3617104001977016,7.790575916230367,1.3853135530929206,1.9290711700844392,7.790575916230367
2022-06-15,1.2333333333333332,7.05610896557431,1.254711267461772,1.7472054087947402,7.05610896557431
2022-06-16,1.1170591859254848,6.390884867745368,1.1364216867586872,1.582485285075289,6.390884867745368
2022-06-17,5.038461538461538,5.788375660303087,1.0472151898734177,1.4332943710421038,5.788375660303087
2022-06-18,4.563453846868145,5.242668813185722,1.5672018348623853,1.2981686297090858,5.242668813185722
2022-06-19,4.133228139884637,6.584848484848485,1.4194517885126776,1.5704538993651094,6.584848484848485
2022-06-20,3.7435625360950047,5.964053098319604,1.2856310751376585,2.1656618329880706,5.964053098319604
2022-06-21,3.390633177593051,5.401784026074537,1.1644264882652258,1.961491170930444,5.401784026074537
2022-06-22,3.070976705784352,4.892523621658468,1.0546486257175332,2.026535122336227,4.892523621658468
2022-06-23,2.781456274832105,4.431274422106228,0.9552202177957776,1.835480816761872,4.431274422106228
2022-06-24,2.519230769230769,4.013510106948977,1.3919276719405875,1.816057487579844,4.013510106948977
2022-06-25,2.2817269234340727,3.635131080626053,1.260701831420358,2.1647446787248925,3.635131080626053
2022-06-26,2.0666140699423186,3.2924242424242425,1.1418474822982645,2.732999495034506,3.2924242424242425
2022-06-27,1.8717812680475023,2.982026549159802,1.0341982856977006,2.4753423170740594,2.982026549159802
2022-06-28,1.6953165887965256,2.700892013037268,0.936697860897572,2.241976113727826,2.700892013037268
2022-06-29,5.0,2.446261810829234,0.8483894188803119,2.03061082091772,5.0
2022-06-30,4.5286183213195335,2.2156372110531137,0.7684063731910027,1.839172273415537,4.5286183213195335
2022-07-01,4.10167678003819,2.006755053474489,0.6959638359702938,1.7070488851959562,4.10167678003819
2022-07-02,4.858333333333333,1.8175655403130253,0.630350915710179,2.4655395751976377,4.858333333333333
2022-07-03,4.400307468882147,1.6462121212121212,0.5709237411491322,2.5496474118529635,4.400307468882147
2022-07-04,3.985462604603775,1.724390243902439,0.5170991428488503,2.3092759964444523,3.985462604603775
2022-07-05,3.609727794028504,1.5618210503282488,0.4683489304487859,2.234228541337546,3.609727794028504
2022-07-06,3.269415884602765,1.414578284627805,0.424194709440156,2.023593661263245,3.269415884602765
2022-07-07,2.961187335005038,1.471276595744681,0.3842031865955012,1.8328166658605607,2.961187335005038
2022-07-08,2.682017443632636,1.332570029443599,0.3479819179851469,1.6600254265271837,2.682017443632636
2022-07-09,3.327272727272728,2.0705882352941174,0.3151754578550895,2.617431981933541,3.327272727272728
2022-07-10,3.0135896465508174,1.8753807636523243,0.2854618705745661,3.0673800817380084,3.0673800817380084
2022-07-11,2.7294794572617773,1.6985767371452267,0.2585495714244251,2.805259407069556,2.805259407069556
2022-07-12,2.472154135564196,2.251851851851852,0.2341744652243929,2.540789829381832,2.540789829381832
2022-07-13,2.36,2.039555510638724,0.2120973547200779,2.301253474392179,2.36
2022-07-14,2.13750784766282,1.847273690565348,0.1921015932977506,2.084299729226531,2.13750784766282
2022-07-15,1.9359914401780247,1.673119495917157,0.1739909589925734,2.0764538885065384,2.0764538885065384
2022-07-16,1.753473261181599,3.2909090909090906,0.1575877289275447,2.5656423791120746,3.2909090909090906
2022-07-17,1.5881622273061802,2.9806542405775835,0.142730935287283,3.080655737704918,3.080655737704918
2022-07-18,1.438436111961281,2.699649080679681,0.1292747857122125,2.790222803089727,2.790222803089727
2022-07-19,1.3028256261350986,2.445136057579888,0.1170872326121964,2.5271708213271364,2.5271708213271364
2022-07-20,1.18,2.2146175896950586,0.1060486773600389,2.288918416513241,2.288918416513241
2022-07-21,1.06875392383141,2.343589743589744,0.0960507966488753,2.073127575405511,2.343589743589744
2022-07-22,0.9679957200890126,2.122644690095412,1.2391710231516058,1.877680704082828,2.122644690095412
2022-07-23,0.8767366305907995,1.9225295266435407,1.1223465197385267,1.7006598476195316,1.9225295266435407
2022-07-24,0.7940811136530901,1.7412804875271422,1.0165358024314215,1.540327868852459,1.7412804875271422
2022-07-25,0.7192180559806406,1.5771189436743251,0.9207005318336378,1.3951114015448636,1.5771189436743251
2022-07-26,0.6514128130675492,1.4284339486447315,0.83390025938209,1.2635854106635682,1.4284339486447315
2022-07-27,0.59,1.2937664301254674,0.7552831985581687,1.1444592082566205,1.2937664301254674
2022-07-28,0.5343769619157049,1.171794871794872,0.6840778661550685,1.8242814145974413,1.8242814145974413
2022-07-29,0.4839978600445063,2.628571428571429,0.6195855115758029,1.982650731838324,2.628571428571429
2022-07-30,3.279166666666667,2.380759346065126,0.5824596774193549,2.271168717047452,3.279166666666667
2022-07-31,2.970018849065394,2.4105263157894736,0.5275475133182312,2.5519223859144806,2.970018849065394
2022-08-01,2.6900163549083795,2.183270727541417,0.4778122668359004,2.3113364942875547,2.6900163549083795
2022-08-02,2.436411469897456,1.9774399634289377,0.4327658771488553,2.0934321589530165,2.436411469897456
2022-08-03,2.206715524170134,1.7910141695387432,0.3919662960196449,1.896071045894827,2.206715524170134
2022-08-04,1.9986744705394213,1.6221639163832082,0.3550131498988639,1.7173164153925606,1.9986744705394213
2022-08-05,3.966666666666667,1.4692322463832888,1.4402866649603276,1.5554141164499071,3.966666666666667
2022-08-06,3.59270386824683,4.067391304347825,2.451290499725425,2.023085404971933,4.067391304347825
2022-08-07,3.2539969121636307,3.683932556169063,2.220191813586615,1.8323563261100089,3.683932556169063
2022-08-08,2.947222006788281,3.336624893674544,2.0108802647703974,1.659608485921507,3.336624893674544
2022-08-09,2.6693687153875065,3.022060124973076,1.9563226744186049,1.5389499725123694,3.022060124973076
2022-08-10,2.417710414172209,2.737151370016454,1.7718877411569844,2.0323712650985377,2.737151370016454
2022-08-11,2.1897775354530613,2.4791027684962748,1.6048406575850007,1.8407667493697195,2.4791027684962748
2022-08-12,1.9833333333333327,2.2453820435692418,1.4535421609475845,1.7918420837087394,2.2453820435692418
2022-08-13,5.0625,2.0336956521739125,1.3165075321755233,2.8690405211438668,5.0625
2022-08-14,4.585226050336027,1.841966278084532,2.349804738349388,2.5985578937320515,4.585226050336027
2022-08-15,4.152947739788667,1.6683124468372716,2.1282737579224977,2.353575377312893,4.152947739788667
2022-08-16,3.7614230443779006,1.5110300624865378,1.92762790658228,2.13168891486114,3.7614230443779006
2022-08-17,3.406809862600652,1.4875,1.7458982108870658,2.321809148535206,3.406809862600652
2022-08-18,3.0856283122050785,1.8762886597938144,1.581301324996432,2.102917489732768,3.0856283122050785
2022-08-19,2.7947265814868376,1.6993990401652683,1.432222030381139,1.9046621344454189,2.7947265814868376
2022-08-20,2.53125,3.253913043478261,1.2971973853962977,2.2055697589481373,3.253913043478261
2022-08-21,2.2926130251680137,4.822222222222223,1.1749023691746938,2.411845365934248,4.822222222222223
2022-08-22,2.076473869894333,4.367600781005951,1.0641368789612489,2.18446542247189,4.367600781005951
2022-08-23,1.8807115221889503,3.9558393834146095,0.9737571110561464,1.978522026899043,3.9558393834146095
2022-08-24,1.7034049313003257,3.582897341585754,1.081043000914913,1.7919942200298529,3.582897341585754
2022-08-25,2.5375,4.015555555555555,1.7625174825174823,1.9819846234037009,4.015555555555555
2022-08-26,4.287179487179487,3.636983691833066,1.5963537925949305,2.097761485063568,4.287179487179487
2022-08-27,3.8829999144852616,3.294102196235115,1.4458554064906648,2.1721522873810253,3.8829999144852616
2022-08-28,5.931034482758621,10.0,1.3095454567625051,2.2354504048582995,10.0
2022-08-29,5.371878284599723,9.057236642639069,1.1860863096190877,2.561394978078916,9.057236642639069
2022-08-30,4.8654372839073705,8.20335356007638,1.0742664384814544,2.3199160451728047,8.20335356007638
2022-08-31,4.406741685026812,7.4299714456847425,0.9729885350571598,2.101202861218544,7.4299714456847425
2022-09-01,3.991290226426988,6.729500963161781,2.220343053173242,1.903109154824664,6.729500963161781
2022-09-02,3.6150060090201688,6.095068271022377,2.011017246042979,1.9133548020458413,6.095068271022377
2022-09-03,3.274196488825789,5.520447568369063,1.8214259089839573,2.0028781979977754,5.520447568369063
2022-09-04,2.9655172413793105,5.0,1.6497085484701668,1.9383331124950312,5.0
2022-09-05,2.685939142299861,6.144444444444445,1.49418007148789,1.755594169213063,6.144444444444445
2022-09-06,2.432718641953685,5.565168737088227,1.925820825515948,1.6808959156785244,5.565168737088227
2022-09-07,2.203370842513406,5.040505020802487,1.7442614948020458,1.5224272079945878,5.040505020802487
2022-09-08,4.227272727272728,4.565304677181848,1.5798189125065485,1.378898349399927,4.565304677181848
2022-09-09,3.828740944388333,4.134904480698294,1.430879374308851,1.2489008656659544,4.134904480698294
2022-09-10,3.467781277668652,3.745080837639305,1.2959813100186586,1.1311590683533332,3.745080837639305
2022-09-11,3.140851565675823,3.392008339231213,1.173800940927637,1.024517536254328,3.392008339231213
2022-09-12,2.8447435889729347,3.0722222222222224,1.0631392893334013,0.9279297770388998,3.0722222222222224
2022-09-13,2.576551587295823,2.7825843685441134,0.9629104127579738,0.90623065536267,2.7825843685441134
2022-09-14,2.3336437448105585,2.520252510401243,0.8721307474010229,0.907387374564088,2.520252510401243
2022-09-15,2.113636363636364,2.282652338590924,0.789909456253274,0.8218422177969918,2.282652338590924
2022-09-16,1.9143704721941663,2.067452240349147,0.7154396871544255,0.893777876895629,2.067452240349147
2022-09-17,1.7338906388343256,1.8725404188196528,1.98453508133042,2.123879188296366,2.123879188296366
2022-09-18,1.5704257828379116,2.0588235294117645,1.797440385722858,2.365098959396042,2.365098959396042
2022-09-19,1.4223717944864671,3.784615384615385,1.6279842924528367,2.211735067045916,3.784615384615385
2022-09-20,1.3707317073170733,3.427815713983401,1.4745038987244667,2.0032207893058045,3.427815713983401
2022-09-21,1.2415041446739403,3.1046538088904456,1.3354930741241404,1.8143644736196884,3.1046538088904456
2022-09-22,1.1244596831129088,2.811958424059149,1.2095876806947854,1.6433128393570784,2.811958424059149
2022-09-23,1.018449744506055,2.5468572875966125,1.0955521864073616,1.4883873263944176,2.5468572875966125
2022-09-24,0.9224340344626636,2.3067489148792384,0.99226754066521,1.3480676231059112,2.3067489148792384
2022-09-25,1.0,2.0892770797212146,0.898720192861429,1.4252291410753093,2.0892770797212146
2022-09-26,1.0333333333333334,3.209090909090909,0.8139921462264182,1.5222403854426567,3.209090909090909
2022-09-27,0.9359144530727036,2.9065495771378096,0.7372519493622334,1.3787291397936248,2.9065495771378096
2022-09-28,2.1884615384615387,2.632530733369965,1.611820025815969,1.2487476085213058,2.632530733369965
2022-09-29,1.982141403716012,2.3843453821151943,1.81567893532959,1.1310202597307075,2.3843453821151943
2022-09-30,1.7952723752628694,2.1595580363600986,1.6445033784335052,1.024391814000012,2.1595580363600986
2022-10-01,1.6260206740748533,1.955962817882636,1.9468217054263568,0.927815907418041,1.955962817882636
2022-10-02,10.0,1.771561810576617,1.7632824887072678,0.8403448234290098,10.0
2022-10-03,9.057236642639069,3.491176470588235,1.597046676804327,0.7646478445658773,9.057236642639069
2022-10-04,8.20335356007638,3.162041145533109,1.44648296811571,0.6925596476517046,8.20335356007638
2022-10-05,7.4299714456847425,2.8639354928854885,1.3101138541770927,0.7939247061948077,7.4299714456847425
2022-10-06,6.729500963161781,2.5939341488317025,1.186601120608186,0.8427442969016004,6.729500963161781
2022-10-07,6.095068271022377,2.3493875421391275,1.074732714976904,1.0153693377129325,6.095068271022377
2022-10-08,5.520447568369063,3.631858407079646,1.022748309006764,1.8446503287507472,5.520447568369063
2022-10-09,5.0,3.289460104547852,1.12084271469926,1.883555100648243,5.0
2022-10-10,4.5286183213195335,4.233333333333333,1.0151737706209183,3.095817620843332,4.5286183213195335
2022-10-11,4.101676780038189,3.834230178717205,0.9194669073913848,2.8039552794429925,4.101676780038189
2022-10-12,4.7,3.472753007099001,0.8327829365319273,2.539608650129233,4.7
2022-10-13,4.256901222040362,5.296666666666667,0.7542712128121536,2.3001836523913632,5.296666666666667
2022-10-14,3.855576173235898,4.797316341717826,0.6831612867170047,2.1459722222222224,4.797316341717826
2022-10-15,3.4920865794718288,4.345042935653789,0.6187553438885709,2.6624183673469384,4.345042935653789
2022-10-16,3.162865452686037,6.078048780487805,0.5604213573496301,2.5904716882025425,6.078048780487805
2022-10-17,2.864682087380517,5.505032613038185,0.5075868853104593,2.346251509610715,5.505032613038185
2022-10-18,2.59461035713346,4.986038310173253,0.4597334536956924,2.12505551456934,4.986038310173253
2022-10-19,2.35,4.515972888450336,0.4163914682659636,2.4115153720211024,4.515972888450336
2022-10-20,5.555555555555555,4.090223512243697,0.3771356064060768,2.184166539175691,5.555555555555555
2022-10-21,5.031798134799481,3.833009708737864,1.5027010622154782,1.9782513212248225,5.031798134799481
2022-10-22,4.557418644486877,3.471647598557188,1.3892682926829267,2.961498347410944,4.557418644486877
2022-10-23,6.5,3.1443533839982085,1.258293168694442,2.6822991349285448,6.5
2022-10-24,5.887203817715394,2.847915268695472,1.139665899468172,2.429421801139388,5.887203817715394
2022-10-25,5.332179814049646,2.579424252675991,1.0322223745029335,2.2003848157705868,5.332179814049646
2022-10-26,4.8294814396950825,2.336245585824888,0.9349082313699878,1.9929405981303967,4.8294814396950825
2022-10-27,5.0,2.115992912613695,0.8467685090669136,1.805053461198965,5.0
2022-10-28,4.5286183213195335,1.916504854368932,0.7669382768153702,1.9745814440181373,4.5286183213195335
2022-10-29,4.10167678003819,2.3693181818181817,0.6946341463414634,1.7884251408636236,4.10167678003819
2022-10-30,3.7149857228423713,2.7806451612903227,0.629146584347221,1.6198189718446947,3.7149857228423713
2022-10-31,3.36475048158089,2.518496124501573,0.5698329497340859,2.643549611633476,3.36475048158089
2022-11-01,3.0475341355111887,2.2810615383180126,0.5161111872514669,2.394325440912099,3.0475341355111887
2022-11-02,2.7602237841845314,2.0660114148968542,0.5256605781166873,2.1685972117832004,2.7602237841845314
2022-11-03,2.5,5.868627450980393,0.7458481489228195,1.964149812968772,5.868627450980393
2022-11-04,2.2643091606597667,5.315354759101711,0.7131635471003375,1.7789769657653425,5.315354759101711
2022-11-05,2.0508383900190945,4.814242589276197,0.6459291010991629,1.6364204336640942,4.814242589276197
2022-11-06,1.8574928614211856,4.360373438614595,0.8621688449311198,1.9518410626893496,4.360373438614595
2022-11-07,1.682375240790445,3.949293408381022,0.7808867254451938,1.7678286393597555,3.949293408381022
2022-11-08,1.5237670677555946,3.5769684970921523,0.7072675863452642,1.6011642330315945,3.5769684970921523
2022-11-09,1.3801118920922653,5.15,0.6405889899197216,1.4502123362296833,5.15
2022-11-10,1.25,4.66447687095912,0.580196607237205,1.3134916311306697,4.66447687095912
2022-11-11,1.1321545803298834,4.224727083439336,0.525497797100368,1.1896604531276451,4.224727083439336
2022-11-12,1.0254191950095477,3.8264352945276414,0.4759557903523563,1.0775036248366308,3.8264352945276414
2022-11-13,0.9287464307105928,3.4656929960283174,2.2206979542719614,0.9759205313446748,3.4656929960283174
2022-11-14,0.8411876203952224,3.1389601595765244,2.4366733466933868,0.8839143196798778,3.1389601595765244
2022-11-15,0.7618835338777972,4.173913043478261,2.206952712181331,1.7598100510666732,4.173913043478261
2022-11-16,0.6900559460461326,3.780411816058045,1.998889297334042,2.720066765578635,3.780411816058045
2022-11-17,0.625,3.4240084424666626,1.810441338839294,2.463628837962354,3.4240084424666626
2022-11-18,0.5660772901649417,3.1012054729814573,1.6397595633483786,2.2313669385054937,3.1012054729814573
2022-11-19,0.5127095975047737,4.451111111111112,3.615223274695534,2.021001839860531,4.451111111111112
2022-11-20,0.4643732153552964,4.031476665601345,3.2743932714894,2.081328399963902,4.031476665601345
2022-11-21,0.4205938101976112,3.651403817962888,2.96569547209446,2.443450871308189,3.651403817962888
2022-11-22,0.3809417669388986,3.3071628457125644,2.6861005700762703,2.8660507712082266,3.3071628457125644
2022-11-23,0.8666666666666667,2.995375650936233,2.6774891774891776,2.5958500064651107,2.995375650936233
2022-11-24,0.7849605090287192,2.7129826104128494,2.425065308862452,2.351122779735066,2.7129826104128494
2022-11-25,0.7109573085399529,2.457212550987385,2.196439037622182,2.1294675391959856,2.457212550987385
2022-11-26,0.643930858626011,4.342857142857143,1.989366813487452,1.9287091425316325,4.342857142857143
2022-11-27,6.905263157894736,3.933428484803253,1.8018165998768665,2.158870404026283,6.905263157894736
2022-11-28,6.254260250074976,3.5625992603760284,1.6319479331720088,2.2077849948225547,6.254260250074976
2022-11-29,5.664631510958005,8.26637168141593,1.478093861920461,2.3678919285169817,8.26637168141593
2022-11-30,5.130590808809674,7.487048449459428,1.3387445887445888,2.144655754077329,7.487048449459428
2022-12-01,4.6468975071938186,6.781196956165793,1.2125326544312258,1.9424654681675904,6.781196956165793
2022-12-02,4.208805037674399,6.141890555233733,1.098219518811091,1.759336941534855,6.141890555233733
2022-12-03,4.855555555555555,5.562855619194177,0.9946834067437258,1.5934731013618035,5.562855619194177
2022-12-04,4.397791569814746,5.038409975187613,1.405641153081511,1.7866895097522406,5.038409975187613
2022-12-05,5.909774436090226,4.5634071447907445,1.2731224558091292,3.332103645147124,5.909774436090226
2022-12-06,7.81042944785276,4.133185840707965,1.153097135732108,3.017965123189773,7.81042944785276
2022-12-07,8.271428571428572,3.743524224729714,1.0443873630275002,2.733442429996113,8.271428571428572
2022-12-08,10.0,3.390598478082896,0.9459263493521864,2.475743493750517,10.0
2022-12-09,9.057236642639069,3.2545454545454544,0.8567478792590425,2.242339468937245,9.057236642639069
2022-12-10,8.20335356007638,2.947718834604351,0.7759768285528312,2.540849753694581,8.20335356007638
2022-12-11,7.4299714456847425,2.6698187040975854,0.7028205765407555,2.466542242130148,7.4299714456847425
2022-12-12,6.729500963161781,2.4181179795955794,0.6365612279045646,2.2340056776038297,6.729500963161781
2022-12-13,6.095068271022377,3.4771929824561405,0.5765485678660539,2.0233918083057123,6.095068271022377
2022-12-14,5.520447568369063,3.149375969422918,0.9323119777158776,1.832633842860222,5.520447568369063
2022-12-15,5.0,2.852464343170418,0.8444170206939543,1.6696853146853148,5.0
2022-12-16,4.5286183213195335,2.583544457078449,0.7648084781497394,3.1836835218964064,4.5286183213195335
2022-12-17,4.101676780038189,3.7294765840220383,0.6927051372898839,2.8835375053086327,4.101676780038189
2022-12-18,5.614035087719297,4.584513274336283,1.3018678815489748,2.611688155350539,5.614035087719297
2022-12-19,5.084764430955265,6.07887323943662,1.4114568188426868,2.365467765978733,6.07887323943662
2022-12-20,4.60539147232358,5.50577934501834,1.3844230328056897,2.142460132700416,5.50577934501834
2022-12-21,4.171212039682661,4.986714642998543,1.25390470216412,1.940476841928756,4.986714642998543
2022-12-22,3.777965453003104,4.516585459095119,1.135691161481829,1.757535795690967,4.516585459095119
2022-12-23,3.421792713556421,4.090778331972711,1.0286223602494544,1.5918417609482032,4.090778331972711
2022-12-24,3.0991986348738587,3.705114740525715,0.931647613268924,2.306455811531954,3.705114740525715
2022-12-25,2.8070175438596485,3.355810099307165,0.8438152900926529,2.089011609083504,3.355810099307165
2022-12-26,2.5423822154776325,3.03943661971831,0.7642634765046291,2.223863828349383,3.03943661971831
2022-12-27,3.08014705882353,2.75288967250917,0.6922115164028447,2.014206095436563,3.08014705882353
2022-12-28,2.7897620805893424,2.493357321499272,0.6269523510820599,1.8243141253415,2.7897620805893424
2022-12-29,2.52675353405588,2.25829272954756,0.5678455807409145,3.411845988730883,3.411845988730883
2022-12-30,2.288540469556867,2.0453891659863555,1.2940354850887128,3.090189650817447,3.090189650817447
2022-12-31,3.596551724137931,4.218181818181818,1.172038561242071,2.7988578938087803,4.218181818181818
2023-01-01,3.257482006300878,3.820507092895024,1.0615430603467657,2.6321172860552338,3.820507092895024
2023-01-02,2.9503785390205737,3.4603236835231272,2.955336339721909,3.6377145875517214,3.6377145875517214
2023-01-03,2.6722276613273053,3.452,2.676718058745209,3.2947641857836114,3.452
2023-01-04,5.216666666666667,3.2275,2.424366888368082,2.98414589123342,5.216666666666667
2023-01-05,4.724858448576714,5.158974358974358,2.195806461652825,2.702811551306014,5.158974358974358
2023-01-06,4.279416107173178,4.672605160253795,1.98879387446256,2.448000382063697,4.672605160253795
2023-01-07,5.483870967741935,4.232089067403506,1.8012976754438417,2.4030808729139923,5.483870967741935
2023-01-08,7.0,3.833103217619923,1.6314779310330536,2.735930154466085,7.0
2023-01-09,6.340065649847347,3.4717322917644875,1.4776681698609544,2.8456245268735803,6.340065649847347
2023-01-10,5.742347492053466,3.144430092640262,1.3383590293726044,3.1473386610373946,5.742347492053466
2023-01-11,5.200980011979319,2.847984745527834,1.212183444184041,2.850619104754247,5.200980011979319
2023-01-12,4.710650674213246,2.579487179487179,1.0979032308264125,2.5818731809787137,4.710650674213246
2023-01-13,9.2,4.065882352941177,0.99439693723128,2.338463638140749,9.2
2023-01-14,8.332657711227943,4.837209302325581,0.9006488377219208,3.7353996871655553,8.332657711227943
2023-01-15,7.54708527527027,4.381174934113781,0.8157389655165267,3.60360400643892,7.54708527527027
2023-01-16,6.835573730029964,3.9681338151067136,0.7388340849304772,3.263869425267953,6.835573730029964
2023-01-17,6.19114088610884,3.594032699307968,0.6691795146863022,2.9561637755326218,6.19114088610884
2023-01-18,5.607462809340587,3.2552004659015124,0.6060917220920204,2.677467486939631,5.607462809340587
2023-01-19,5.078811762899538,2.9483120938898937,0.5489516154132063,2.4250456632184365,5.078811762899538
2023-01-20,4.6000000000000005,2.6703560330715463,0.4971984686156398,2.1964212440974977,4.6000000000000005
2023-01-21,4.166328855613972,2.4186046511627906,0.7892420537897311,2.658138724294179,4.166328855613972
2023-01-22,3.7735426376351344,3.6117647058823534,0.7148352049496066,2.40753914548951,3.7735426376351344
2023-01-23,3.417786865014982,5.688888888888888,0.6474431611717985,2.180565176711554,5.688888888888888
2023-01-24,3.09557044305442,5.152561290034669,0.5864045923391283,2.0151299589603284,5.152561290034669
2023-01-25,2.803731404670294,4.666796691954562,0.8764230271668823,2.087222264351255,4.666796691954562
2023-01-26,2.5394058814497686,4.226828200211764,1.802249134948097,2.8335997614076947,4.226828200211764
2023-01-27,2.628571428571429,3.828338325709813,2.684526884245128,2.626976538942414,3.828338325709813
2023-01-28,2.5647058823529414,3.4674166164038405,2.5291945534271867,2.5721318879855466,3.4674166164038405
2023-01-29,3.253846153846154,3.140521283338844,2.6630007855459543,2.548298429319372,3.253846153846154
2023-01-30,3.196923076923077,2.844444444444444,2.411942829422344,2.3080541910411,3.196923076923077
2023-01-31,2.895528883600613,2.5762806450173343,2.18455369745946,2.457395651483892,2.895528883600613
2023-02-01,5.073333333333333,2.333398345977281,1.978601979644248,2.2257213940081804,5.073333333333333
2023-02-02,4.595038056698886,3.285333333333333,1.7920666351232075,2.2667813300957778,4.595038056698886
2023-02-03,4.161834706145417,3.998717948717948,1.6231171593688811,2.070995444701665,4.161834706145417
2023-02-04,3.769472180110726,3.6217334728706727,1.5562854442344043,1.8757495828490511,3.769472180110726
2023-02-05,3.414100155310744,3.2802897120356698,1.4095645551925666,2.027799227799228,3.414100155310744
2023-02-06,3.092231302832019,2.971036017832142,1.2766759739455351,2.3756780175028163,3.092231302832019
2023-02-07,2.800707066352571,3.338461538461539,1.156315641199642,2.756295487627365,3.338461538461539
2023-02-08,2.536666666666666,3.0237236176195044,1.0473024395930086,2.4964420488479284,3.0237236176195044
2023-02-09,2.297519028349443,3.2857142857142856,0.9485666031807084,2.2623316598932184,3.2857142857142856
2023-02-10,2.080917353072708,2.975949182581408,0.8591392196311984,3.30417602155366,3.30417602155366
2023-02-11,1.884736090055363,2.7142857142857144,0.7781427221172023,2.997560497697658,2.997560497697658
2023-02-12,1.7070500776553716,2.458392803002033,0.7047822775962833,2.8457788637751986,2.8457788637751986
2023-02-13,1.54611565141601,2.2266245377350176,0.6383379869727676,2.57748926018325,2.57748926018325
2023-02-14,1.400353533176285,2.016706535257287,0.578157820599821,2.5388708430007734,2.5388708430007734
2023-02-15,6.5,3.484615384615384,0.5236512197965043,2.4701280012118456,6.5
2023-02-16,5.887203817715394,3.1560986147042285,0.4742833015903542,2.394979135819088,5.887203817715394
2023-02-17,5.332179814049646,2.858553202088153,0.4295696098155991,2.219903387949605,5.332179814049646
2023-02-18,4.8294814396950825,2.589059280688606,0.7690944881889764,2.432365181203399,4.8294814396950825
2023-02-19,5.0,2.344972258701759,2.8508121677495577,2.203050704747484,5.0
2023-02-20,4.5286183213195335,2.1238968667485665,2.5820480427022603,1.995355156863073,4.5286183213195335
2023-02-21,4.10167678003819,2.6983606557377047,2.33862201454174,1.8072403841819047,4.10167678003819
2023-02-22,3.7149857228423713,2.443969100620312,2.118145300338984,1.6368603829669452,3.7149857228423713
2023-02-23,3.36475048158089,2.2135606491615936,1.9184543228663973,1.4825431839492431,3.36475048158089
2023-02-24,3.0475341355111887,6.103448275862069,1.737589479029485,1.3427744449959875,6.103448275862069
2023-02-25,2.7602237841845314,5.528037537059017,1.5737759099329982,1.479193350592724,5.528037537059017
2023-02-26,2.5,5.006874414253515,1.4254060838747789,1.3397404216536477,5.006874414253515
2023-02-27,2.2643091606597667,4.534844640986894,1.29102402135113,1.6875070028011203,4.534844640986894
2023-02-28,2.0508383900190945,4.107316105102191,1.1693110072708697,2.011072268097161,4.107316105102191
2023-03-01,1.8574928614211856,3.720093393003313,1.0590726501694918,2.599651786336096,3.720093393003313
2023-03-02,1.682375240790445,3.369376619314911,0.9592271614331986,2.3545661417305395,3.369376619314911
2023-03-03,1.5237670677555946,3.0517241379310347,1.0012131014961585,2.216380597014925,3.0517241379310347
2023-03-04,1.3801118920922653,2.764018768529509,0.9068223989961314,2.007428355731784,2.764018768529509
2023-03-05,1.25,2.503437207126757,1.015550821667681,2.1193623899230856,2.503437207126757
2023-03-06,1.1321545803298834,2.267422320493447,0.9198084114470731,2.705735805330243,2.705735805330243
2023-03-07,2.823529411764706,2.0536580525510955,1.420902299692398,2.450648948133761,2.823529411764706
2023-03-08,2.5573374049804425,3.6666666666666665,1.4715286624203825,2.219610745128198,3.6666666666666665
2023-03-09,2.316241005198037,3.320986768967658,1.332798332196754,3.35751304150601,3.35751304150601
2023-03-10,2.0978742905462804,3.007896305361339,1.2071469891620676,3.0409790147666778,3.0409790147666778
2023-03-11,1.9000943895986209,2.7243228634177385,1.0933415943290103,2.7542866562041204,2.7542866562041204
2023-03-12,1.87,2.467483686492653,1.2956968682763568,2.894247083775185,2.894247083775185
2023-03-13,1.6937032521735054,2.234858366041538,1.1735433153105304,2.621388074001987,2.621388074001987
2023-03-14,1.5340271157342829,2.024164108401989,1.0629059517154666,2.3742532118427846,2.3742532118427846
2023-03-15,1.3894046603430468,1.922093023255814,0.9626990733556476,2.2119855884707764,2.2119855884707764
2023-03-16,1.2584166801112528,1.7408851360793465,0.8719393323031446,2.242863481733471,2.242863481733471
2023-03-17,1.1397777666811844,1.5767608645123554,0.7897360870694282,2.0314145311193434,2.0314145311193434
2023-03-18,1.0323236952850146,1.4281096278740557,0.7152826625819623,1.8399002127643576,1.8399002127643576
2023-03-19,0.935,1.5644444444444443,0.6478484341381784,1.6664411625848754,1.6664411625848754
2023-03-20,2.731034482758621,1.6794117647058824,0.5867716576552652,1.509335196056578,2.731034482758621
2023-03-21,2.556603773584906,1.5210829773373258,0.5314529758577333,1.3670406043748458,2.556603773584906
2023-03-22,9.353846153846154,7.2,0.4813495366778237,1.238161025391931,9.353846153846154
2023-03-23,8.47199981342239,6.521210382700128,0.4359696661515723,1.2323488602576809,8.47199981342239
2023-03-24,7.67329071465606,5.906414563254994,1.0445871002051206,2.006662365843645,7.67329071465606
2023-03-25,6.949880983040497,5.349579440893015,0.9461072560405904,1.8174815909323867,6.949880983040497
2023-03-26,6.294671670157482,4.845240693476482,0.8569117307277537,1.646136086271476,6.294671670157482
2023-03-27,5.701233090433239,4.388449155136112,0.7761252327054672,1.8471016428476024,5.701233090433239
2023-03-28,5.163741725489831,3.974722249225725,0.7029549896936731,1.8452491832904705,5.163741725489831
2023-03-29,4.676923076923077,3.6,0.6366829690779503,1.671285851769826,4.676923076923077
2023-03-30,4.235999906711195,3.260605191350064,0.986286966046002,1.9709185268555,4.235999906711195
2023-03-31,3.8366453573280297,3.8028169014084505,2.0095356117923298,1.785107550109184,3.8366453573280297
2023-04-01,5.021985815602837,3.4443012584683776,1.8200839577813608,1.74874775621848,5.021985815602837
2023-04-02,4.5485313947891655,3.119585156648764,2.047093759127641,2.315975806451613,4.5485313947891655
2023-04-03,4.119712521907861,2.8254820990632115,1.8541012606088625,2.097634093765912,4.119712521907861
2023-04-04,3.731321121056288,2.5591060000756065,1.6793033876749872,2.026563471341539,3.731321121056288
2023-04-05,3.379545838308409,5.518181818181818,1.5209848176957812,1.8355064931268408,5.518181818181818
2023-04-06,3.060934640220528,4.997947856438103,1.7804225668689595,1.662461666735036,4.997947856438103
2023-04-07,2.77236093841286,4.526759646333057,2.974532066775336,1.5057308724935383,4.526759646333057
2023-04-08,2.5109929078014184,4.0999933341187615,2.6941040829902487,1.919841017488076,4.0999933341187615
2023-04-09,2.2742656973945827,3.7134609860356367,2.5178472098940765,2.6197295147175814,3.7134609860356367
2023-04-10,2.0598562609539304,3.363369491373257,2.280473801001917,2.372751015450314,3.363369491373257
2023-04-11,1.865660560528144,3.0462833400000187,2.065479087301296,2.149056744099564,3.0462833400000187
2023-04-12,1.6897729191542046,2.759090909090909,1.8707532874109989,2.0355859293693195,2.759090909090909
2023-04-13,1.5304673201102643,2.498973928219052,1.694385522407639,1.934546999607792,2.498973928219052
2023-04-14,3.6,2.263379823166528,1.5346450640307605,1.7521649971755155,3.6
2023-04-15,3.260605191350064,2.314545454545455,1.3899643507384585,2.940271766482134,3.260605191350064
2023-04-16,2.9532072816274964,3.615384615384616,1.2589236049470385,2.663073718269908,3.615384615384616
2023-04-17,2.674789720446507,3.274539401569509,1.1402369005009585,2.412008886316328,3.274539401569509
2023-04-18,2.422620346738241,2.965827825566076,1.0327395436506477,2.184613526751529,2.965827825566076
2023-04-19,2.194224577568056,2.6862204457475607,0.9353766437054992,1.9786561684498911,2.6862204457475607
2023-04-20,1.9873611246128624,2.432973425143105,0.8471927612038195,1.792115715206817,2.432973425143105
2023-04-21,1.7999999999999998,2.203601605677321,0.7673225320153804,1.7732518864534674,2.203601605677321
2023-04-22,1.630302595675032,1.995854120871892,0.694982175369229,2.223583478766725,2.223583478766725
2023-04-23,1.476603640813748,1.807692307692308,0.6294618024735191,2.1803255813953486,2.1803255813953486
2023-04-24,1.3373948602232535,1.6372697007847543,1.0328593996840445,1.974772474869728,1.974772474869728
2023-04-25,1.2113101733691205,1.4829139127830375,0.9354852001512516,1.905061361995669,1.905061361995669
2023-04-26,1.097112288784028,1.3431102228737803,0.8472910833456457,1.725459157434306,1.725459157434306
2023-04-27,0.993680562306431,1.2164867125715526,0.7674115847059534,1.5627891906091125,1.5627891906091125
2023-04-28,0.8999999999999999,5.1567567567567565,0.6950628324984475,3.0356326729062846,5.1567567567567565
2023-04-29,1.2278688524590164,4.670596625447389,0.6295348555441438,2.749444347863917,4.670596625447389
2023-04-30,1.1121098762846986,4.230269889898846,0.5701846161452911,2.7816417082640044,4.230269889898846
2023-05-01,1.007264232212657,3.831455545504456,0.5164296998420221,3.4580129273005933,3.831455545504456
2023-05-02,0.9123030512816184,3.470239956138561,1.0197080291970804,3.132004139586652,3.470239956138561
2023-05-03,0.8262944625259302,3.1430784489488364,0.9235736926837064,3.011997359870024,3.1430784489488364
2023-05-04,0.7483944483599607,2.8467605298508567,0.8365025491552338,2.9642793524388327,2.9642793524388327
2023-05-05,0.6778385620833488,2.5783783783783782,0.757640153986977,2.68481795699274,2.68481795699274
2023-05-06,0.6139344262295082,2.3352983127236944,0.6862126164625554,2.4317031578890003,2.4317031578890003
2023-05-07,0.5560549381423493,2.2683060109289617,0.6215190054465884,2.60586004172198,2.60586004172198
2023-05-08,0.5036321161063285,2.054458431890424,0.5629244710227431,2.9394610980128,2.9394610980128
2023-05-09,0.4561515256408092,1.8607716190096748,0.5098540145985402,2.673602173602174,2.673602173602174
2023-05-10,0.4131472312629651,1.6853448891277247,0.4617868463418532,2.6228039353478567,2.6228039353478567
2023-05-11,2.447058823529412,1.5264567485292104,0.4182512745776168,2.375535590969056,2.447058823529412
2023-05-12,2.216359084316384,1.382547999618245,0.3788200769934885,2.151578800041818,2.216359084316384
2023-05-13,2.007408871171632,1.2522064402349715,0.3431063082312777,2.069074145217057,2.069074145217057
2023-05-14,1.818157718473443,1.1341530054644808,0.3107595027232943,2.5832862402602963,2.5832862402602963
2023-05-15,1.6467484709854712,1.027229215945212,0.2814622355113715,2.3397434793710863,2.3397434793710863
2023-05-16,1.4914990592619464,0.9303858095048372,0.2549270072992701,3.029708947635994,3.029708947635994
2023-05-17,1.3508859932009,0.9064935064935068,0.2308934231709266,2.744079089706017,2.744079089706017
2023-05-18,1.4253333333333331,2.204332129963899,0.2091256372888084,2.5885722477064217,2.5885722477064217
2023-05-19,1.290958129464155,1.996515774005565,0.1894100384967443,2.3445311414045173,2.3445311414045173
2023-05-20,1.1692513274295533,1.80829158259301,0.1715531541156388,2.290796608874972,2.290796608874972
2023-05-21,1.059018596724932,2.4442553191489367,0.1553797513616471,2.0748286986735707,2.4442553191489367
2023-05-22,0.9591782039493258,2.21381988405612,0.1407311177556857,2.4896481038606084,2.4896481038606084
2023-05-23,0.8687503975630562,2.005109057407606,0.127463503649635,2.254933203356318,2.254933203356318
2023-05-24,0.786847793411537,1.8160747227239649,0.4019037930533354,2.3385140905209223,2.3385140905209223
2023-05-25,0.7126666666666667,1.6448618524426075,0.3640137761258298,2.194551031062386,2.194551031062386
2023-05-26,0.6454790647320775,1.4897903042022358,0.3296958911552279,2.1450144636637343,2.1450144636637343
2023-05-27,2.2058823529411766,1.3493383333068891,0.2986133706298672,2.077413665057557,2.2058823529411766
2023-05-28,1.9979198476409707,1.2221276595744683,0.2704611962450793,3.3899169750925275,3.3899169750925275
2023-05-29,1.8095632853109664,3.228723404255319,0.750601829561868,3.0703280242312228,3.228723404255319
2023-05-30,1.6389642894892815,2.9243311925967626,0.6798378394739675,2.8562260366896712,2.9243311925967626
2023-05-31,1.4844487418739225,2.64863596327998,0.6928732835042587,2.5869515119165447,2.64863596327998
2023-06-01,1.344500353901995,2.398932269963105,0.6275517292060419,2.4607259505762,2.4607259505762
2023-06-02,2.1220338983050846,4.151595744680851,0.5683884516916471,3.0041639472653703,4.151595744680851
2023-06-03,1.9219763180651035,3.7601985104147824,0.5148028711914471,2.720942378366713,3.7601985104147824
2023-06-04,1.7407794334263773,3.4057007732125606,0.4662691428690974,3.111487104444851,3.4057007732125606
2023-06-05,1.5766651271181855,3.0846237837005,0.4223109966125899,2.818147501547684,3.0846237837005
2023-06-06,1.4280229162506015,2.793816756248813,0.3824970633108973,2.552462881537941,2.793816756248813
2023-06-07,1.2933941483593243,2.530425949751577,0.3464366417521293,2.311826033964154,2.530425949751577
2023-06-08,1.1714576873895026,2.4722222222222223,0.3137758646030209,2.0938755466227086,2.4722222222222223
2023-06-09,1.0610169491525423,2.239150169985769,0.3777464788732395,2.6802342106759136,2.6802342106759136
2023-06-10,2.1052631578947367,2.0280512967966606,0.3421339250078589,2.477099130434783,2.477099130434783
2023-06-11,1.9067866616082243,1.836854051849839,0.3098787922271106,2.5784010670014124,2.5784010670014124
2023-06-12,1.727021802121343,1.6636821825594403,0.2806645551736124,2.3353188623464862,2.3353188623464862
2023-06-13,1.8176470588235296,1.50683632255831,0.2542045293408436,2.30567625981117,2.30567625981117
2023-06-14,1.64628595445616,1.3647773155134626,0.3671626648630369,2.3105909344577413,2.3105909344577413
2023-06-15,2.2,1.2361111111111112,0.3325479142006505,2.0927568877720297,2.2
2023-06-16,1.9925920613805943,1.1195750849928847,0.3011965153931324,1.895459436806412,1.9925920613805943
2023-06-17,1.8047377832168032,1.01402564839833,0.272800811585388,1.7167624665679044,1.8047377832168032
2023-06-18,1.6345937180506431,0.9184270259249196,0.2470821506832853,2.1132207542217167,2.1132207542217167
2023-06-19,1.4804902118955916,2.1,0.2237881508910718,1.91399404491223,2.1
2023-06-20,1.775,1.9696969696969693,0.2026902240439057,2.654632457747913,2.654632457747913
2023-06-21,1.8898305084745763,1.8133333333333328,0.9171299891287468,2.40436343690534,2.40436343690534
2023-06-22,2.2626506024096384,1.6423789111985507,0.8306663343600055,2.496381325680689,2.496381325680689
2023-06-23,2.0493361945633937,1.4875414455605167,0.7523541561372116,2.5999299768923745,2.5999299768923745
2023-06-24,1.856132287448608,4.54017094017094,0.6814249631207746,2.354818105500536,4.54017094017094
2023-06-25,2.0181818181818185,4.112140260316131,0.6171827145186455,2.335181491822896,4.112140260316131
2023-06-26,1.82791503151443,3.7244627445406606,0.5589969897141722,2.1150291374950894,3.7244627445406606
2023-06-27,3.770731707317073,3.373334044399773,0.5062968018364135,1.9905304212168489,3.770731707317073
2023-06-28,3.415240938907316,3.0553084714799468,0.4585649945643734,2.025274725274725,3.415240938907316
2023-06-29,3.0932645375312395,2.7672651842453733,0.6815893385982231,1.9582099111360176,3.0932645375312395
2023-06-30,2.801642891470393,2.5063775626646545,1.038255261371351,1.7735970561120131,2.801642891470393
2023-07-01,2.537514265621491,2.27008547008547,0.94037235977054,1.619298245614035,2.537514265621491
2023-07-02,2.298286718780633,2.494545454545454,2.8082324455205816,3.140334353661408,3.140334353661408
2023-07-03,2.081612668463066,2.2593688497637814,2.543482580661693,2.844275137812037,2.844275137812037
2023-07-04,1.8853658536585365,2.0463638335317804,2.303692362948326,2.920291247782377,2.920291247782377
2023-07-05,1.707620469453658,1.853440149723539,2.086508688306336,2.9648027923211173,2.9648027923211173
2023-07-06,1.694845360824742,1.8387096774193548,1.889800294691292,2.6852920488809446,2.6852920488809446
2023-07-07,1.5350615505668683,1.665362866549764,1.7116368476348072,2.432132554131183,2.432132554131183
2023-07-08,1.3903415724500583,1.5083585578204954,1.55026999752892,2.2028400089032294,2.2028400089032294
2023-07-09,1.259265263577909,1.3661560400130008,1.4041162227602908,1.9951643246509696,1.9951643246509696
2023-07-10,1.1405463488080378,1.2373598545168436,1.2717412903308465,2.1103572500750527,2.1103572500750527
2023-07-11,1.1125000000000005,1.12070610144605,1.151846181474163,1.9457433380084148,1.9457433380084148
2023-07-12,4.2,1.618421052631579,1.0432543441531676,1.7623057858180666,4.2
2023-07-13,3.804039389908408,1.4658422461113227,0.944900147345646,1.942543706902556,3.804039389908408
2023-07-14,3.44540849523208,1.3276480103807826,0.8558184238174038,1.7829729964400451,3.44540849523208
2023-07-15,3.120588007187592,1.2024822208147674,0.7751349987644599,1.6148808356192752,3.120588007187592
2023-07-16,2.826390404527948,1.0891166032485513,0.7020581113801454,2.649780531887426,2.826390404527948
2023-07-17,2.5599286738293983,0.9864386807049372,0.6358706451654232,2.3999689328362432,2.5599286738293983
2023-07-18,2.3185879787150063,0.8934408564597298,0.5759230907370815,2.17370865596798,2.3185879787150063
2023-07-19,2.1,0.8092105263157895,0.6846836847946726,2.1327395356021213,2.1327395356021213
2023-07-20,3.575,0.7329211230556614,0.6201342158539446,1.931672667106056,3.575
2023-07-21,3.237962099743467,0.6638240051903912,0.5616702343186591,2.099283366206443,3.237962099743467
2023-07-22,2.932698897727306,0.6012411104073837,0.9903371462974112,2.707417491749175,2.932698897727306
2023-07-23,2.656214791832296,0.5445583016242757,0.8969717890011518,3.3801589272411223,3.3801589272411223
2023-07-24,2.4057965943303365,0.4932193403524688,0.812408575475475,3.4269039632252456,3.4269039632252456
2023-07-25,2.1789869068905,0.4467204282298648,0.7358176718590678,3.1038280146528736,3.1038280146528736
2023-07-26,1.97356000569194,0.4046052631578947,0.6664474779863317,2.811210482676368,2.811210482676368
2023-07-27,1.7875,0.3664605615278307,0.6036172518012196,2.805892015426368,2.805892015426368
2023-07-28,1.6189810498717334,0.3319120025951956,0.5467104291143099,2.5413627977408075,2.5413627977408075
2023-07-29,2.588235294117647,0.3006205552036919,0.4951685731487055,2.9640594925634294,2.9640594925634294
2023-07-30,2.3442259545654056,0.2722791508121378,0.4484858945005759,3.239701926572156,3.239701926572156
2023-07-31,2.1232209214315336,1.1265100671140935,0.4062042877377374,2.9342747000577707,2.9342747000577707
2023-08-01,1.9230514330007569,2.852307692307692,0.3679088359295339,2.9889923108053416,2.9889923108053416
2023-08-02,1.7417531904654022,3.252173913043478,0.3332237389931659,2.713639297239153,3.252173913043478
2023-08-03,1.577547081911674,2.945570873345227,0.3018086259006098,3.195764775326496,3.195764775326496
2023-08-04,1.428821723577875,3.459701492537313,0.2733552145571549,3.4460690571049133,3.459701492537313
2023-08-05,2.833333333333333,3.1335335130802022,0.3065178797869643,3.121186293707528,3.1335335130802022
2023-08-06,2.566217048747736,2.8381154555607533,0.7568394024276378,3.5439024390243903,3.5439024390243903
2023-08-07,2.324283508688308,2.570548330014512,2.115102943208512,3.209796302866967,3.209796302866967
2023-08-08,2.1051585762773435,2.32820645262821,1.9156987880181875,2.907188468973409,2.907188468973409
2023-08-09,1.9066919395625048,2.108711679437294,1.7350937259097576,3.117342825285187,3.117342825285187
2023-08-10,1.726936010123007,3.259016393442624,1.5715154472723,2.8234511664841,3.259016393442624
2023-08-11,1.5641268110379012,2.9517682697649947,1.4233587293508,3.101082160992258,3.101082160992258
2023-08-12,1.4166666666666667,2.6734863733494825,1.2891696839096245,3.3375599003258576,3.3375599003258576
2023-08-13,1.283108524373868,2.421439874429716,1.1676314899685678,3.7285128205128206,3.7285128205128206
2023-08-14,1.1621417543441537,2.193155395863217,1.057551471604256,3.377002294049826,3.377002294049826
2023-08-15,1.0525792881386715,1.986392741441392,0.9578493940090936,3.058630891994427,3.058630891994427
2023-08-16,0.9533459697812524,1.799122912445524,0.8675468629548787,3.1386164010882243,3.1386164010882243
2023-08-17,1.5486725663716814,2.9512605042016804,0.78575772363615,2.842719147512422,2.9512605042016804
2023-08-18,3.3612903225806448,2.8345864661654137,0.7116793646753999,2.57471800275812,3.3612903225806448
2023-08-19,3.0444001876225504,2.567352040808217,0.6445848419548124,3.1873345604347447,3.1873345604347447
2023-08-20,2.7573852934192216,2.325311497856237,0.5838157449842838,3.4154584116308966,3.4154584116308966
2023-08-21,2.4974291117430645,3.585185185185185,1.2162725026473702,3.093461507723318,3.585185185185185
2023-08-22,2.2619806463272822,3.2471870629905992,1.1016067878412084,2.8018212920345134,3.2471870629905992
2023-08-23,2.0487293994855857,2.9410541652421984,0.9977513364615312,2.5376758472341328,2.9410541652421984
2023-08-24,1.855582698787278,2.663782355341789,0.903686996484148,2.2984330670709125,2.663782355341789
2023-08-25,1.6806451612903224,2.412650715681705,0.8184906978032668,2.649804052363879,2.649804052363879
2023-08-26,1.5222000938112752,2.5541666666666667,0.7413263939802966,3.092598526113425,3.092598526113425
2023-08-27,1.3786926467096106,2.313369192474062,0.6714368579713829,3.337132797887556,3.337132797887556
2023-08-28,1.2487145558715322,2.095273221802842,1.1070979610608616,3.162653043992232,3.162653043992232
2023-08-29,1.1309903231636411,1.8977385400853115,1.0027248219911435,2.8644897038000425,2.8644897038000425
2023-08-30,1.024364699742793,1.718826704340905,0.908191600022192,3.6997618417570783,3.6997618417570783
2023-08-31,0.9277913493936388,3.96,0.8225706238258,3.350961852220001,3.96
2023-09-01,0.8403225806451612,3.5866657104850708,0.7450216795273512,3.035045447601268,3.5866657104850708
2023-09-02,1.3645569620253166,3.2485280097902467,0.6747837655375625,3.3913014236072194,3.3913014236072194
2023-09-03,1.2359115317423943,2.942268692491158,0.611167624708478,3.4893555466879485,3.4893555466879485
2023-09-04,1.1193943212357391,2.664882381412065,0.5535489805304308,3.160391891665796,3.160391891665796
2023-09-05,1.0138619263858422,2.4136470353248614,0.5013624109955718,2.8624417246294844,2.8624417246294844
2023-09-06,0.9182787390238482,2.186097237074149,0.4540958000110959,2.719155188246097,2.719155188246097
2023-09-07,0.8317067843243194,1.98,0.4112853119129,2.9144734287008864,2.9144734287008864
2023-09-08,0.7532965162913734,1.7933328552425354,0.3725108397636756,2.6397075532427587,2.6397075532427587
2023-09-09,0.6822784810126583,2.552941176470588,0.3373918827687813,2.390845597708143,2.552941176470588
2023-09-10,0.6179557658711972,5.368421052631579,0.3055838123542389,2.5314296414193427,5.368421052631579
2023-09-11,0.5596971606178694,4.862305987100973,0.2767744902652154,2.2927757306525947,4.862305987100973
2023-09-12,0.5069309631929211,4.403905595409425,0.2506812054977859,2.076621236102024,4.403905595409425
2023-09-13,0.4591393695119241,3.9887215129465456,0.4862712877203465,3.0045518466434755,3.9887215129465456
2023-09-14,0.4158533921621598,3.612679464434219,0.8113799969367438,2.9363683052090974,3.612679464434219
2023-09-15,0.3766482581456866,3.2720892823383285,0.734886063935985,2.659538261022381,3.2720892823383285
2023-09-16,0.3411392405063291,2.963608694598128,1.0864369956548727,2.5291566815017688,2.963608694598128
2023-09-17,0.3089778829355986,2.6842105263157894,0.9840116966964014,2.9582182835820894,2.9582182835820894
2023-09-18,0.2798485803089348,2.4311529935504863,0.8912426796104086,2.6793283034984547,2.6793283034984547
2023-09-19,2.769230769230769,2.201952797704712,0.8072195855251223,2.426731048810617,2.769230769230769
2023-09-20,2.508157839500049,1.9943607564732728,0.7311178808674057,2.197947737711745,2.508157839500049
2023-09-21,2.271697908944228,1.8063397322171093,0.662190766068089,2.9126609854552443,2.9126609854552443
2023-09-22,2.0575305541896207,1.6360446411691645,0.5997618470849132,2.638747499827574,2.638747499827574
2023-09-23,1.86355411287557,1.481804347299064,0.5432184978274364,2.7034669765640134,2.7034669765640134
2023-09-24,1.6878650596677351,1.3421052631578947,0.4920058483482007,2.7876372369624884,2.7876372369624884
2023-09-25,1.528739326625279,1.7700000000000002,0.4456213398052042,3.370489994114185,3.370489994114185
2023-09-26,1.3846153846153846,1.6031308857471152,0.4036097927625611,3.668584411045089,3.668584411045089
2023-09-27,1.2540789197500246,1.451993580133519,0.3655589404337028,3.322723715433204,3.322723715433204
2023-09-28,1.230232558139535,1.5459016393442624,0.3310953830340446,3.009469498878744,3.009469498878744
2023-09-29,1.1142507404548994,3.759090909090909,0.2998809235424565,2.725747742014919,3.759090909090909
2023-09-30,1.0092032635535826,3.404697592482959,0.2716092489137182,2.468774232756822,3.404697592482959
2023-10-01,0.914059277852844,3.0837151791741664,0.6763112105393985,2.577290006131208,3.0837151791741664
2023-10-02,0.8278851184912982,2.792993811627856,0.6125510677925025,2.334312548223904,2.792993811627856
2023-10-03,0.7498351431094972,2.5296805893339966,0.6035104364326376,2.3305321066110216,2.5296805893339966
2023-10-04,2.440506329113924,2.2911915727888665,0.546613683907278,2.487231759656652,2.487231759656652
2023-10-05,2.2104243350643187,2.652777777777777,1.2999677002583978,2.83617649175844,2.83617649175844
2023-10-06,2.002033628332564,2.402683609366752,1.3088363691103415,2.8760714578382367,2.8760714578382367
2023-10-07,1.8132892338329345,2.176167402742484,1.8307753216760143,4.038223511534742,4.038223511534742
2023-10-08,1.6423389692374573,1.971006314063591,2.258195071776754,3.657514595983907,3.657514595983907
2023-10-09,1.4875052691811572,1.785187061060972,2.045300715032337,3.3126975219732664,3.3126975219732664
2023-10-10,1.815384615384616,2.607692307692308,2.320872128554481,3.0003885381995903,3.0003885381995903
2023-10-11,1.644236805894477,2.4647619047619047,2.4417075489636813,2.7175229010335595,2.7175229010335595
2023-10-12,1.4892241847523275,2.2323931839190387,2.211512308308228,3.1537364581030287,3.1537364581030287
2023-10-13,2.7313432835820897,4.781451612903226,2.003019031445658,3.101982237096151,4.781451612903226
2023-10-14,2.473842247168581,4.330673875339277,2.0173123647126383,4.071176571330707,4.330673875339277
2023-10-15,2.2406174649163844,3.9223938111042624,2.2471845756695705,3.687360962051016,3.9223938111042624
2023-10-16,2.029380260537773,3.5526048952794222,2.035328248152776,3.33973008201253,3.5526048952794222
2023-10-17,4.417073170731707,9.097560975609756,1.84344495889677,3.223785859498532,9.097560975609756
2023-10-18,4.000647697516914,8.23987626269359,1.7388322450070648,2.919859141467178,8.23987626269359
2023-10-19,3.623481292023981,7.463050921728024,1.845688412326545,2.6445855207441173,7.463050921728024
2023-10-20,3.281872753203675,6.759461827415631,1.991932016995751,2.395263688307633,6.759461827415631
2023-10-21,3.209090909090909,6.122204534778889,1.8922555589399936,2.9053780703162624,6.122204534778889
2023-10-22,2.90654957713781,5.545025524613041,3.2239134082899814,3.972205180640763,5.545025524613041
2023-10-23,3.450980392156863,5.022260836589416,2.919974665425942,3.597720231418025,5.022260836589416
2023-10-24,3.125634606087208,4.548780487804878,2.6446901535273595,3.258540350996324,4.548780487804878
2023-10-25,2.830961228575378,4.119938131346795,2.84394519131334,2.951337106856187,4.119938131346795
2023-10-26,2.5640685773343423,3.7315254608640114,2.575828459642036,2.673095858899823,3.7315254608640114
2023-10-27,2.322337587287203,3.3797309137078155,3.1338104113966176,2.80166163141994,3.3797309137078155
2023-10-28,2.103396109215565,3.0611022673894444,2.838366248918525,3.047535148602954,3.0611022673894444
2023-10-29,1.9050956314371668,2.772512762306521,2.691231666929506,2.9684473290064903,2.9684473290064903
2023-10-30,1.7254901960784317,2.511130418294707,3.0513692429557544,2.688592992002165,3.0513692429557544
2023-10-31,1.562817303043604,2.274390243902439,2.763697331752069,2.6520385106592004,2.763697331752069
2023-11-01,1.415480614287689,2.059969065673397,2.554068569287454,2.98458642572873,2.98458642572873
2023-11-02,1.2820342886671712,3.702941176470589,2.5575036284470247,2.84248464713581,3.702941176470589
2023-11-03,1.1611687936436017,5.68235294117647,2.64904495097415,2.588693868247093,5.68235294117647
2023-11-04,1.051698054607783,5.14664152752314,2.399302699796108,2.3446412960062646,5.14664152752314
2023-11-05,0.9525478157185832,4.661435022961048,2.173105232937615,2.997809728567589,4.661435022961048
2023-11-06,0.8627450980392157,4.2219720097243885,1.9682328344073272,2.715187212124224,4.2219720097243885
2023-11-07,0.781408651521802,3.823939959067223,2.0212224108658745,2.459209310927654,3.823939959067223
2023-11-08,0.7077403071438445,3.4634329116515383,2.2478870706707426,2.227364068285312,3.4634329116515383
2023-11-09,0.6410171443335857,3.909629629629629,2.7572542424705704,2.4427125941872987,3.909629629629629
2023-11-10,0.5805843968218006,5.571014492753623,2.9802248875562216,2.2124226015509136,5.571014492753623
2023-11-11,0.5258490273038914,5.045799660044141,2.6992602054879105,3.227099433281813,5.045799660044141
2023-11-12,0.4762739078592916,4.5701001572367534,2.444783844116256,3.035522950599004,4.5701001572367534
2023-11-13,0.4313725490196078,4.139247860465528,2.732571297499809,2.749344969773716,4.139247860465528
2023-11-14,0.390704325760901,3.7490147394773743,2.4749544884339048,2.49014680034899,3.7490147394773743
2023-11-15,0.3538701535719222,3.395571367218843,2.241624848150759,2.2553848845671296,3.395571367218843
2023-11-16,0.6377358490566039,3.075449340987054,2.102153299091268,2.597482179811451,3.075449340987054
2023-11-17,1.7548387096774192,4.709433962264152,2.5322543015456405,2.491543999140432,4.709433962264152
2023-11-18,1.5893989463211782,7.489473684210527,2.758572869389813,2.828614581903062,7.489473684210527
2023-11-19,1.4395562376392097,6.78339354867126,2.498504727402741,3.13113937327914,6.78339354867126
2023-11-20,4.35,6.143880061046678,2.262954856883904,2.8359470264873754,6.143880061046678
2023-11-21,3.939897939547994,5.564657561689152,2.049611765040694,2.568584332488476,5.564657561689152
2023-11-22,3.568458798633225,5.040042037146955,1.8563818781510708,2.326427613592323,5.040042037146955
2023-11-23,3.2320375788728626,4.564885341928865,1.6813689969521008,2.7270035885167463,4.564885341928865
2023-11-24,2.9273329189753743,4.134524678836408,1.5228556888991862,2.4699116826522105,4.134524678836408
2023-11-25,2.651354697894733,4.616666666666666,1.3792864346949067,2.632041232685494,4.616666666666666
2023-11-26,2.401394692240542,4.491836734693878,1.2492523637013706,3.485383740042989,4.491836734693878
2023-11-27,2.175,4.068362826622161,1.1314774284419518,3.156794532397576,4.068362826622161
2023-11-28,1.969948969773997,3.6848124868832888,1.024805882520347,2.8591835112113984,3.6848124868832888
2023-11-29,1.7842293993166125,3.3374218677453307,0.9281909390755354,2.5896301665773303,3.3374218677453307
2023-11-30,1.6160187894364313,3.0227819632487924,0.8406844984760505,2.5455281882868093,3.0227819632487924
2023-12-01,1.4636664594876871,2.7378051560245416,1.2860791492329149,2.305545118182193,2.7378051560245416
2023-12-02,1.3256773489473672,3.507142857142857,2.976095197978096,2.6620537292329445,3.507142857142857
2023-12-03,1.2006973461202708,3.176502279668416,2.73062843842573,3.077807407407408,3.176502279668416
2023-12-04,1.0875,4.190476190476191,2.473194794994182,2.787643002935632,4.190476190476191
2023-12-05,0.9849744848869983,3.795413450248752,2.240031052160552,2.5248342352785005,3.795413450248752
2023-12-06,0.8921146996583063,3.4375957775558166,2.0288491326277893,2.2868021152354023,3.4375957775558166
2023-12-07,0.8080093947182158,3.1135118439059872,1.83757667064229,2.071210791257461,3.1135118439059872
2023-12-08,0.7318332297438435,2.819981355991604,3.038650975264248,2.849438462429084,3.038650975264248
2023-12-09,0.6628386744736834,2.554123846904615,2.7521780957354283,2.621505854453831,2.7521780957354283
2023-12-10,0.6003486730601354,2.313330409602274,2.5592380127719454,2.374359888385208,2.5592380127719454
2023-12-11,0.54375,2.095238095238096,3.0988064046579327,2.1505139383894907,3.0988064046579327
2023-12-12,0.4924872424434992,1.897706725124376,2.806662291671245,1.9477713643287349,2.806662291671245
2023-12-13,0.6483870967741937,2.371074380165289,2.542060455163814,2.312604953820319,2.542060455163814
2023-12-14,0.587259537151759,2.147538175845577,2.302404310231344,2.2951451946417336,2.302404310231344
2023-12-15,0.531894859863017,2.013333333333333,2.085342068479745,2.078767315708608,2.085342068479745
2023-12-16,5.2105263157894735,1.823523644051332,1.892342618726224,2.3255288013835305,5.2105263157894735
2023-12-17,4.719296987480356,4.02,2.544639567726882,3.921926652892562,4.719296987480356
2023-12-18,4.274378960250324,3.6410091303409047,2.344775488642367,3.55218177903213,4.274378960250324
2023-12-19,3.871406174330471,3.2977481311507044,2.123718647449357,3.217295097036464,3.871406174330471
2023-12-20,3.506424186068507,2.9868485211652662,1.9235022352334192,2.913980304306167,3.506424186068507
2023-12-21,3.175851362269554,2.7052593871910355,2.701590797846304,2.6392609188090352,3.175851362269554
2023-12-22,9.0,2.547126436781609,2.4468947167670057,2.505762871988664,9.0
2023-12-23,8.15151297837516,2.3069926896653072,2.3837776773610484,2.8894323671497584,8.15151297837516
2023-12-24,7.383018204068741,2.089497872313708,2.240571248224712,2.617027271217613,7.383018204068741
2023-12-25,6.686974301116268,1.892507669383608,3.768808367575644,3.201605504587156,6.686974301116268
2023-12-26,6.056550866845603,1.7140889809616673,3.795845410628019,3.785804638088545,6.056550866845603
2023-12-27,5.4855614439201394,1.552490952710987,3.437987014293343,3.4288928489968504,5.4855614439201394
2023-12-28,4.968402811532156,1.406127794425959,3.49115556290296,3.1056293955617336,4.968402811532156
2023-12-29,4.5,1.2735632183908046,3.886441307578008,4.643989208181703,4.643989208181703
2023-12-30,4.07575648918758,1.6898876404494385,4.768122632575758,4.287918106539741,4.768122632575758
2023-12-31,3.69150910203437,1.5305712259021524,4.318601502436181,4.205005333552145,4.318601502436181
2024-01-01,3.343487150558134,3.1632183908045977,3.9114595772821104,4.291574982654375,4.291574982654375
2024-01-02,3.028275433422801,2.8650017517865187,3.8268581714542864,4.542941013952203,4.542941013952203
2024-01-03,2.74278072196007,2.594899884750597,3.46607600566785,4.114649181691577,4.114649181691577
2024-01-04,2.4842014057660777,2.8864864864864868,3.1393070604706903,3.72673513400218,3.72673513400218
2024-01-05,2.25,2.6143591173887906,2.843344694059067,3.3753922013094955,3.3753922013094955
2024-01-06,2.03787824459379,2.367886919503128,3.152486248624862,3.4042922283901667,3.4042922283901667
2024-01-07,1.845754551017185,2.1446512172949475,2.855281396646088,4.248956546598055,4.248956546598055
2024-01-08,1.6717435752790673,1.942461359096428,2.5860959290748595,4.528989639768083,4.528989639768083
2024-01-09,1.5141377167114003,1.7593332198518643,2.3422882810196537,4.102013091944019,4.102013091944019
2024-01-10,1.3713903609800349,1.5934697305454484,2.121465924647528,3.715290328494055,3.715290328494055
2024-01-11,1.2421007028830389,5.264516129032258,1.921461890882776,3.365026370127888,5.264516129032258
2024-01-12,1.125,4.768196838963535,1.861070158702628,3.047784014296904,4.768196838963535
2024-01-13,1.018939122296895,4.3186687129176295,1.98685129740519,2.981309109009458,4.3186687129176295
2024-01-14,0.9228772755085928,3.9115204514056447,2.494740574400189,2.739553656220323,3.9115204514056447
2024-01-15,0.9628865979381444,3.542756636090332,3.077187876354877,2.481278575959454,3.542756636090332
2024-01-16,0.8721091777551432,3.2087585220350063,3.262518983497013,2.247352723877525,3.262518983497013
2024-01-17,0.789889920114571,2.906248526315584,2.954940648463471,2.5996553330228225,2.954940648463471
2024-01-18,0.7154219928112937,3.490588235294118,2.7878732004822355,2.522173366834171,3.490588235294118
2024-01-19,0.6479746288240312,3.1615083669070727,2.572972454170266,3.159967453213995,3.1615083669070727
2024-01-20,0.5868859551685464,2.8634529426760733,4.170531996011496,2.862057300679665,4.170531996011496
2024-01-21,0.8727272727272729,2.59349709168784,4.06346732505208,2.906380728554642,4.06346732505208
2024-01-22,0.7904497433575914,4.895652173913044,3.680378515262825,2.632377803212513,4.895652173913044
2024-01-23,0.7159290379703024,4.434108025918083,3.333405914722002,3.0817869696721982,4.434108025918083
2024-01-24,0.6484338716233958,4.016076568976524,3.0191446195609912,2.7912473866522647,4.016076568976524
2024-01-25,0.5873019022395737,3.6374555860178353,2.73451072777144,2.5280988109057425,3.6374555860178353
2024-01-26,0.575,3.294529601965289,2.47671107632611,2.2897589186347744,3.294529601965289
2024-01-27,0.5207911069517464,5.305555555555555,2.243215831373089,2.549811929070392,5.305555555555555
2024-01-28,0.4716928297043918,6.452941176470588,2.1078967010001493,3.441423244251088,6.452941176470588
2024-01-29,0.4272233581268726,5.8445815276323865,3.116833188531712,3.116978471066077,5.8445815276323865
2024-01-30,0.3869463053818023,5.293575797296346,2.8229895764162976,2.8231211622456764,5.293575797296346
2024-01-31,0.3504664255837866,4.794516868185978,2.556848463330583,2.556967643730133,4.794516868185978
2024-02-01,0.3174257351812211,4.342507386228514,2.3157981591753143,2.315906103683504,4.342507386228514
2024-02-02,0.2875,3.933111701947969,3.570757575757576,2.0975709623193697,3.933111701947969
2024-02-03,0.2603955534758732,3.562312342647566,3.8833333333333337,2.7719092795730806,3.8833333333333337
2024-02-04,0.2358464148521958,3.226470588235294,3.5172268962248383,2.8387030213706703,3.5172268962248383
2024-02-05,0.2136116790634363,2.922290763816193,3.185635632496328,2.5710805022728667,3.185635632496328
2024-02-06,0.1934731526909011,2.714814814814815,2.885305578074242,2.491227292866637,2.885305578074242
2024-02-07,0.8888888888888888,2.9271428571428566,2.613289540694492,3.463329463249084,3.463329463249084
2024-02-08,0.805087701567917,2.651182554395349,2.366918178580357,3.136819452007109,3.136819452007109
2024-02-09,0.7291869831179004,2.4012387777995,2.288072991095966,2.841091608206179,2.841091608206179
2024-02-10,3.194871794871794,2.174858784601148,2.544960107877289,2.8750512727711426,3.194871794871794
2024-02-11,2.893670988904686,1.969821067645498,2.305030594312086,2.9259446825087654,2.9259446825087654
2024-02-12,2.6208662912449148,1.7841135553321212,2.087720756120753,2.650097339275332,2.650097339275332
2024-02-13,2.373780620852099,1.873584905660377,1.8908980931935024,2.4002558727844834,2.4002558727844834
2024-02-14,2.1499892820768145,1.6969501860642626,2.756530898876405,2.2281565072611227,2.756530898876405
2024-02-15,1.9472961706907383,1.729268292682927,2.7762229913010943,2.7387902987281865,2.7762229913010943
2024-02-16,1.76371222312509,4.378260869565217,2.514490860494931,2.480587185014533,4.378260869565217
2024-02-17,2.0,3.965494477885887,2.277433875925573,2.246726514737452,3.965494477885887
2024-02-18,1.8114473285278128,3.591642189129093,2.0627257552220613,2.1979216710182765,3.591642189129093
2024-02-19,1.640670712015276,3.253035324262841,2.512093389296957,1.9907096696397224,3.253035324262841
2024-02-20,2.932222222222222,2.9463510738712664,2.506616922427144,1.8983709090909089,2.9463510738712664
2024-02-21,2.655783055547166,2.66857989083458,3.359089960342309,1.7558884145443838,3.359089960342309
2024-02-22,2.405405560560174,2.416995957107672,3.042407267473337,2.237207351483261,3.042407267473337
2024-02-23,2.178632738351337,2.1891304347826086,2.7555802584790903,2.026291640103569,2.7555802584790903
2024-02-24,1.973239226864882,1.982747238942944,2.4957942488829645,1.844153535741737,2.4957942488829645
2024-02-25,1.787209463025339,2.0,2.2604999123470635,1.7541186956844688,2.2604999123470635
2024-02-26,1.6187179036584394,1.8114473285278128,2.047388263679222,1.8002254113757603,2.047388263679222
2024-02-27,1.6337662337662338,1.640670712015276,2.049872902897814,1.6305067560922526,2.049872902897814
2024-02-28,1.4797407397973956,2.014093959731544,2.789723600283487,1.476788553734931,2.789723600283487
2024-02-29,1.3402362050098813,1.824212561379856,2.526718681532258,1.8172637406089365,2.526718681532258
2024-03-01,1.7025,1.6522324854892094,2.5824453649478647,1.6459387740782594,2.5824453649478647
2024-03-02,4.0,3.159322033898305,2.7500516422226813,2.176997628621507,4.0
2024-03-03,3.622894657055627,2.8614727291320707,2.490786850308901,2.399708216619981,3.622894657055627
2024-03-04,3.281341424030552,2.5917035654207403,2.255964592962133,2.1734725191212543,3.281341424030552
2024-03-05,2.971988578273897,2.3473672499587046,2.0432805175872955,2.4560938065918143,2.971988578273897
2024-03-06,2.6918003852647123,2.126066067005688,1.850647517508217,2.6166023993144814,2.6918003852647123
2024-03-07,2.4380273084089508,1.925628348675544,1.6761752508184449,2.369918713028842,2.4380273084089508
2024-03-08,2.208179027347625,1.7440871639728697,1.589728453364817,2.1464914607720846,2.208179027347625
2024-03-09,2.0,1.5796610169491525,1.8545260156806849,2.56099687080912,2.56099687080912
2024-03-10,4.352941176470588,4.123232323232323,2.391005392912173,2.56009906995552,4.352941176470588
2024-03-11,4.2508928571428575,3.734509088409361,2.165590165743175,2.3187423105187333,4.2508928571428575
2024-03-12,3.8501342549646966,3.382433255780988,3.4294894486044925,2.724156566046476,3.8501342549646966
2024-03-13,3.4871577053146114,3.0635498425540524,3.106169749944466,2.5679609463011634,3.4871577053146114
2024-03-14,3.158401254723666,2.774729589053171,2.813331447745404,2.534996900185989,3.158401254723666
2024-03-15,2.86063875764404,3.3814432989690726,2.548100867640849,2.89947518465725,3.3814432989690726
2024-03-16,2.590948217708709,3.0626532152429014,2.30787525475371,3.3845681345681347,3.3845681345681347
2024-03-17,2.3466831136611703,2.773917492479436,2.5477634571645185,3.404607808652832,3.404607808652832
2024-03-18,2.1254464285714287,2.5124027156542224,2.3075696541007265,3.0836338598345523,3.0836338598345523
2024-03-19,2.115625,2.2755425937289324,2.294899311075782,2.7929201587776045,2.7929201587776045
2024-03-20,1.916171627208328,2.0610127761807626,2.0785446131442726,2.529613880204584,2.529613880204584
2024-03-21,1.7355219875536592,2.535483870967742,1.8825870433530347,2.833429040196883,2.833429040196883
2024-03-22,1.5719033339776782,3.75,1.7051036352014648,2.934137658227848,3.75
2024-03-23,2.5420289855072467,3.3964637409896503,1.565777892829407,3.0346382839898864,3.3964637409896503
2024-03-24,2.302375807418685,3.0762575850286424,3.571586715867159,3.9916858572222655,3.9916858572222655
2024-03-25,2.085316252807822,2.7862392921317785,3.234870607531496,3.68630303030303,3.68630303030303
2024-03-26,1.88872027764218,2.523562861185668,2.929898860073036,3.338771888193204,3.338771888193204
2024-03-27,1.710658650635618,2.2856506016333915,2.731540834115596,3.1068463762708705,3.1068463762708705
2024-03-28,1.549384021358442,2.0701678381383983,2.474021173361666,2.813944284221093,2.813944284221093
2024-03-29,1.4033137731767154,1.875,4.285548945375879,3.2403987556561087,4.285548945375879
2024-03-30,1.984615384615385,3.98,3.881523094188162,2.9349058346490544,3.98
2024-03-31,1.7975131183083688,3.604780183770348,3.515587319793079,3.187639198218263,3.604780183770348
2024-04-01,1.628050168076697,3.264934716910399,4.358073499428117,2.948244498777506,4.358073499428117
2024-04-02,1.474563563835895,2.957128635382527,3.9472102990334608,2.826656653118925,3.9472102990334608
2024-04-03,1.335547114227492,2.6783413833383887,3.575081775660817,2.6979257435120285,3.575081775660817
2024-04-04,1.2096366260952105,2.4258371718669056,3.238036165894629,2.44357519032564,3.238036165894629
2024-04-05,1.0955965174147833,2.7313432835820897,3.1207537795443256,3.685414410662224,3.685414410662224
2024-04-06,1.7376623376623377,2.473842247168581,4.139891533594456,3.3507605897495907,4.139891533594456
2024-04-07,1.5738418997209185,2.2406174649163844,3.749597729462295,3.034863159419088,3.749597729462295
2024-04-08,1.425465852387298,2.029380260537773,3.3960993950442147,2.7487473812885934,3.3960993950442147
2024-04-09,1.2910781551072965,1.8380577257591133,3.0759275882838826,2.489605550316522,3.0759275882838826
2024-04-10,1.1693600374948652,1.664772378503127,3.2307925545355003,2.2548946616044407,3.2307925545355003
2024-04-11,1.0591170580036284,1.5078237388231917,2.926205270970441,2.637671662600209,2.926205270970441
2024-04-12,2.817021276595745,1.3656716417910448,3.739483461712732,2.389001643375332,3.739483461712732
2024-04-13,2.5514428329476866,1.2369211235842903,4.054025537847344,2.466769687229571,4.054025537847344
2024-04-14,2.310902151817261,2.2363636363636363,4.002912606939163,3.401044162957892,4.002912606939163
2024-04-15,2.0930387646992763,2.0255274673538275,3.625532674085126,3.080406181597593,3.625532674085126
2024-04-16,3.95,1.8345681597989,3.4403903810118672,2.789996774217761,3.95
2024-04-17,3.577608473842432,1.6616117960349517,3.575239676907979,3.127298497590476,3.577608473842432
2024-04-18,3.24032465623017,2.4035087719298245,3.482449930135072,2.832468254484656,3.482449930135072
2024-04-19,6.705882352941177,2.176914772002723,4.061174846890365,3.29252351475199,6.705882352941177
2024-04-20,6.073676336828551,1.9716832240885327,4.189804587935429,3.5888968775677896,6.073676336828551
2024-04-21,5.501072387345337,2.420491803278688,3.794805163934604,3.250548830615992,5.501072387345337
2024-04-22,4.982451440047416,2.1922967053863247,3.437044838246445,2.944098997734273,4.982451440047416
2024-04-23,4.512724175296723,4.316176470588236,3.1130128451359163,2.666540132183581,4.512724175296723
2024-04-24,4.087281075862065,3.909263168550833,2.887307613379848,2.4151484994280747,4.087281075862065
2024-04-25,3.701947192906312,3.5407121615917907,2.6151028314474707,2.238834186687672,3.701947192906312
2024-04-26,3.3529411764705883,3.206906793100694,3.207906976744186,2.027765103246062,3.3529411764705883
2024-04-27,3.036838168414276,2.9045713715999746,2.905477261594495,3.477072550621992,3.477072550621992
2024-04-28,2.750536193672668,2.6307390258015704,2.631559511806828,3.510456202086213,3.510456202086213
2024-04-29,2.491225720023708,2.3827225901710585,2.383465723762217,3.1795032545914825,3.1795032545914825
2024-04-30,2.2563620876483617,2.1580882352941178,2.1587613089733395,2.879751338287614,2.879751338287614
2024-05-01,2.0436405379310325,1.9546315842754165,1.9552412030344808,3.18751742491446,3.18751742491446
2024-05-02,1.850973596453156,1.770356080795895,1.7709082269321592,2.8870099619985767,2.8870099619985767
2024-05-03,1.6764705882352942,1.603453396550347,1.7001692267638635,2.614833241547753,2.614833241547753
2024-05-04,2.909090909090909,1.4522856857999873,1.7336244541484715,3.301606246514222,3.301606246514222
2024-05-05,2.634832477858638,3.8625,2.320112496199453,3.4426676676676675,3.8625
2024-05-06,2.386430126567674,3.4983576532193394,2.101380791562248,3.118105574802837,3.4983576532193394
2024-05-07,2.161446238744652,3.1685453125795013,1.903270310547548,2.824142006772141,3.1685453125795013
2024-05-08,1.9576730074652453,3.487368421052632,2.061472392638037,3.1875818036711894,3.487368421052632
2024-05-09,1.773110769751964,3.420689655172414,2.8933137957234343,3.1518471585924552,3.420689655172414
2024-05-10,1.6059483835255457,3.098199568792398,2.8418086094766184,3.488942351339083,3.488942351339083
2024-05-11,3.526804123711341,2.806112666067506,2.5738933069118803,3.736047904191617,3.736047904191617
2024-05-12,3.194309954068892,2.541562646248022,2.3312360773605723,3.821372854914197,3.821372854914197
2024-05-13,2.893162116393948,2.30195343291603,2.1114556822512336,3.461107824671513,3.461107824671513
2024-05-14,2.620405393369846,5.020779220779221,1.9123953774594344,3.134807261373961,5.020779220779221
2024-05-15,2.3733631747398407,4.547438553304239,1.8830557151062608,2.839269119532726,4.547438553304239
2024-05-16,2.149611191254387,4.118722709513674,1.8917288135593224,2.571593230774537,4.118722709513674
2024-05-17,1.9469537248856248,3.73042462454769,2.132426303854875,2.481333520889014,3.73042462454769
2024-05-18,1.7634020618556705,3.3787338602056423,2.0229065475034,3.062943388555748,3.3787338602056423
2024-05-19,1.597154977034446,3.0601992124379884,1.832194330668228,4.294764288694201,4.294764288694201
2024-05-20,1.4465810581969738,2.7716948440668565,1.6594617628163832,3.8898696487058815,3.8898696487058815
2024-05-21,1.310202696684923,2.5103896103896104,1.5030137885238966,3.5231469917348472,3.5231469917348472
2024-05-22,1.1866815873699204,2.27371927665212,1.36131515598104,3.1909976030944454,3.1909976030944454
2024-05-23,1.0748055956271936,2.0593613547568363,1.2329753512931394,2.8901620417320446,2.8901620417320446
2024-05-24,1.4166666666666667,1.865212312273845,1.1211821887739102,2.617688154754001,2.617688154754001
2024-05-25,1.411764705882353,1.6893669301028211,2.2083809942806862,2.4352024631461093,2.4352024631461093
2024-05-26,1.2786687024902212,1.5300996062189944,2.3243587565823,3.0846153846153848,3.0846153846153848
2024-05-27,1.1581205025990184,1.385847422033428,2.1052267300756187,2.7938091489986663,2.7938091489986663
2024-05-28,1.0489371452731402,1.2551948051948052,1.906753668070412,2.530419059685099,2.530419059685099
2024-05-29,0.9500471947993104,1.1368596383260596,1.867724683176375,2.325985140600019,2.325985140600019
2024-05-30,0.8604802264972768,1.0296806773784184,1.6916424438826505,2.258338582126111,2.258338582126111
2024-05-31,0.77935730376975,0.9326061561369228,1.5321605928977444,2.0584916672070555,2.0584916672070555
2024-06-01,0.7058823529411765,6.44,1.8819735073910544,2.6892568203198493,6.44
2024-06-02,0.6393343512451106,5.832860397859559,2.5500836470096195,2.619213295074127,5.832860397859559
2024-06-03,0.5790602512995091,5.282959692689188,2.7257169990503325,2.699941037735849,5.282959692689188
2024-06-04,0.5244685726365701,4.784901611020974,2.4687463881262866,3.0397163912460923,4.784901611020974
2024-06-05,0.4750235973996551,4.931818181818182,2.236002024792025,2.7531430682024696,4.931818181818182
2024-06-06,0.4302401132486385,4.466864435119722,2.390903010033445,2.493586827975116,4.466864435119722
2024-06-07,2.45,7.875,2.165497435147096,2.502454239514077,7.875
2024-06-08,3.1724137931034484,7.132573856078265,1.96134227191552,2.7467353525322737,7.132573856078265
2024-06-09,2.8733302452510143,6.460140928560149,1.7764341093950196,3.2150725454289337,6.460140928560149
2024-06-10,2.6024431983690586,5.851102513476734,1.6089584108846469,2.91196728672018,5.851102513476734
2024-06-11,2.3570943896655043,5.299482008489902,1.7306431956668922,2.637437681144827,5.299482008489902
2024-06-12,2.1348761676237373,4.799866263430122,2.9997108433734936,2.493173909163916,4.799866263430122
2024-06-13,1.9336078652898576,4.347352460090637,2.8007589232776,2.2581266086551097,4.347352460090637
2024-06-14,1.7513144009998405,3.9375,2.9077827146337967,2.045238706362935,3.9375
2024-06-15,1.5862068965517242,3.5662869280391325,2.728129853991923,1.852421095421409,3.5662869280391325
2024-06-16,1.4366651226255072,3.230070464280074,2.4709317679453213,1.677781622304839,3.230070464280074
2024-06-17,1.301221599184529,2.925551256738367,2.2379813750095296,1.5196065187885806,2.925551256738367
2024-06-18,1.1785471948327522,2.649741004244951,2.026992691528007,1.3763435844365126,2.649741004244951
2024-06-19,1.0674380838118689,2.3999331317150614,3.130490871323932,1.2591283077607291,3.130490871323932
2024-06-20,0.9668039326449288,2.8029411764705885,2.8353596629202213,2.204145386448757,2.8353596629202213
2024-06-21,0.8756572004999201,5.171428571428572,2.5680523434061784,2.345610259169581,5.171428571428572
2024-06-22,0.7931034482758621,4.683885235193347,2.646877323420074,3.527836098882492,4.683885235193347
2024-06-23,1.0325581395348835,4.242305698210928,2.548172010788133,3.80914852294797,4.242305698210928
2024-06-24,0.9352123417050572,3.8423566619112526,2.307939690785755,3.450035957929884,3.8423566619112526
2024-06-25,0.8470439489939332,3.4801133552350927,2.090355593638582,3.124779209658492,3.4801133552350927
2024-06-26,0.7671877492753548,3.1520210201572865,1.8932845278848904,2.830186475787563,3.1520210201572865
2024-06-27,0.6948600994520536,2.854860028213716,3.0570074243289547,2.563366865400464,3.0570074243289547
2024-06-28,4.964285714285714,2.682191780821918,2.7688039660451884,2.3217020301831925,4.964285714285714
2024-06-29,4.496271047595823,2.4293245679845605,2.5077712737548854,2.1028204701064728,4.496271047595823
2024-06-30,4.072379088752203,2.2002967494013084,2.2713477872010395,3.1457441673370883,4.072379088752203
2024-07-01,3.6884501105363534,1.992860834335716,2.622244488977956,2.84917493407736,3.6884501105363534
2024-07-02,3.3407165495695983,3.5222222222222226,2.553730426773104,2.580565161421421,3.5222222222222226
2024-07-03,3.025766034543252,3.853333333333333,2.818659808544078,2.337278933874389,3.853333333333333
2024-07-04,2.7405079000117847,5.914285714285715,3.0771793366598184,2.116928840395549,5.914285714285715
2024-07-05,6.222377622377622,5.356708528646534,2.7870741443967084,1.9173525463089995,6.222377622377622
2024-07-06,5.635754660573595,4.851697676959459,2.524319006638179,1.736591573928719,5.635754660573595
2024-07-07,5.104436362067107,4.394297397876405,2.692214935477047,2.214094838878701,5.104436362067107
2024-07-08,4.623208805853345,3.980019141069968,2.438402776346288,2.9031669193981107,4.623208805853345
2024-07-09,4.261764705882353,3.6047975202903775,2.8893544566183,2.6294669802070145,4.261764705882353
2024-07-10,3.8599811456423554,3.264950419006845,2.616956705805576,2.381570468374046,3.8599811456423554
2024-07-11,3.4960762672207863,3.025641025641025,2.3702396168022286,2.1570447313184498,3.4960762672207863
2024-07-12,3.166479007293292,2.7403946764907947,2.470474745285064,1.9536864580309008,3.166479007293292
2024-07-13,2.867954969300418,2.482040307920545,2.327777777777778,2.42140899122807,2.867954969300418
2024-07-14,2.597574683738654,5.55,3.269113822764553,2.1931274242166574,5.55
2024-07-15,5.778571428571429,5.026766336664682,3.566230414746544,1.986367406859174,5.778571428571429
2024-07-16,5.233788888496433,4.55286122584239,3.230019278853632,1.7990999663148854,5.233788888496433
2024-07-17,4.740366450072709,4.123634152355032,2.9255048968863724,1.6294874138677893,4.740366450072709
2024-07-18,4.293462071113541,3.9145161290322585,2.649699015029928,1.475865311360251,4.293462071113541
2024-07-19,3.888690199427058,3.545469892207261,3.4275000000000007,1.830173686002952,3.888690199427058
2024-07-20,3.522078736612217,3.2112159823073188,3.971045051273188,2.275252525252525,3.971045051273188
2024-07-21,3.1900300591504087,2.908474306238205,4.434599050711967,2.758306926210955,4.434599050711967
2024-07-22,2.8892857142857147,2.634274006063491,4.016521301752085,2.4982638563723,4.016521301752085
2024-07-23,2.784,2.3859243054469856,3.6378583910169344,2.2627366942915974,3.6378583910169344
2024-07-24,2.521534681310716,2.1609881045857606,3.2948944319850577,2.049414170018185,3.2948944319850577
2024-07-25,2.283813631125264,1.9572580645161293,2.98426385830025,1.856202911663244,2.98426385830025
2024-07-26,2.068504050478632,1.7727349461036306,2.702918396870046,1.7868817919716122,2.702918396870046
2024-07-27,1.87349306814424,1.6056079911536592,3.359958388500095,2.470258375922771,3.359958388500095
2024-07-28,1.6968670066526297,1.8484126984126985,3.585168630637952,2.3845249566390443,3.585168630637952
2024-07-29,1.536892603033947,1.6741511222782848,3.892274244109617,2.1597206812558483,3.892274244109617
2024-07-30,2.2328358208955223,1.5163182890014195,3.5253248906949897,2.1442597603401623,3.5253248906949897
2024-07-31,2.022332241401201,1.3733653569047433,3.4359282457710165,2.330951563036757,3.4359282457710165
2024-08-01,1.831674168040935,2.748453608247423,3.2462039153333992,2.111197990895332,3.2462039153333992
2024-08-02,1.6589906392155782,2.489339473121212,3.394889915737972,1.9121619803003185,3.394889915737972
2024-08-03,1.5025870807298545,2.52258064516129,4.055538558445065,3.882078235395485,4.055538558445065
2024-08-04,1.36092867663425,2.284760985336693,3.8983115468409593,3.51609012432156,3.8983115468409593
2024-08-05,1.2326253078030025,2.069362091606364,3.530793018647092,3.1846060312826583,3.530793018647092
2024-08-06,1.1164179104477612,1.874270216298538,3.485824710894705,3.685383759733036,3.685383759733036
2024-08-07,1.0111661207006004,1.697570888126617,3.157193930133225,3.694039188724648,3.694039188724648
2024-08-08,1.6915254237288135,1.5375301251417737,3.2170797695932976,3.345778709946157,3.345778709946157
2024-08-09,2.375,2.970731707317073,3.425925925925926,3.6824416827274544,3.6824416827274544
2024-08-10,2.1510937026267785,2.690662007496192,3.1108973478081627,3.534881787957148,3.534881787957148
2024-08-11,1.9482964705181405,2.436996252725129,3.717805582290664,3.891617198780683,3.891617198780683
2024-08-12,1.7646182183501262,2.207245175815613,3.579506961071207,3.5247297891920804,3.579506961071207
2024-08-13,1.598256478750923,1.9991541885685484,3.242044161039575,3.1924311802071985,3.242044161039575
2024-08-14,1.4475787143678145,1.8106812570988424,2.936396117242167,2.891460466447612,2.936396117242167
2024-08-15,1.3111062974876524,1.639976862993541,3.0230438931297705,2.618864168745156,3.0230438931297705
2024-08-16,1.1875,1.4853658536585366,3.11464735345878,2.3719672511253123,3.11464735345878
2024-08-17,4.333333333333333,1.9595744680851064,4.508212083847102,2.684546754750392,4.508212083847102
2024-08-18,3.9248025451435953,1.774832967632039,4.08319436786082,3.2909529464153184,4.08319436786082
2024-08-19,3.554786542699764,1.6075082189000738,3.698245764760648,2.980693961547382,3.698245764760648
2024-08-20,3.2196542931300547,6.056666666666666,3.349588705407488,2.6996850569019952,6.056666666666666
2024-08-21,2.916117084036772,5.485666326558394,3.835179407176287,2.989898929130068,5.485666326558394
2024-08-22,2.641196250776363,4.9684978062195935,3.473612745777184,3.1073782918748947,4.9684978062195935
2024-08-23,2.39219394629326,4.500086038936392,3.2668427793788024,2.814426052771049,4.500086038936392
2024-08-24,2.664285714285714,4.075834416688318,3.1916075156576205,2.549092277315597,4.075834416688318
2024-08-25,2.413106619788837,3.6915796828158856,3.838211924546613,2.30877319795711,3.838211924546613
2024-08-26,2.1856077699346352,3.343551077242195,3.47635936852178,3.72837393708592,3.72837393708592
2024-08-27,1.979556678028864,3.028333333333333,3.1486209455557064,3.376876504043508,3.376876504043508
2024-08-28,1.7929313280423886,5.358490566037736,2.851780500186801,3.058516961008977,5.358490566037736
2024-08-29,1.6239003322081047,4.853311710395274,2.582925084305546,2.992100550964188,4.853311710395274
2024-08-30,1.4708049592869,4.395759266154135,2.864483837330553,2.710016274865338,4.395759266154135
2024-08-31,1.332142857142857,3.9813431897631446,3.144409306528124,3.141596638655462,3.9813431897631446
2024-09-01,1.6126582278481012,3.6059967425244257,2.847965919054181,3.6842474627510255,3.6842474627510255
2024-09-02,1.4606227193319203,3.2660365829629336,2.5794701279044783,3.33691011201786,3.33691011201786
2024-09-03,1.3229205614604187,2.9581266215411577,2.336287136104932,3.0964257829443915,3.0964257829443915
2024-09-04,1.198200458455995,2.679245283018868,2.1160305456855872,3.359489840034587,3.359489840034587
2024-09-05,1.0852385097554569,2.426655855197637,2.077254617892068,3.042769447973492,3.042769447973492
2024-09-06,0.9829261996560136,2.197879633077067,1.8814186641263253,2.755908293928816,2.755908293928816
2024-09-07,0.8902595192534412,1.9906715948815723,2.852400084584479,3.60529665587918,3.60529665587918
2024-09-08,2.8285714285714283,1.8029983712622129,2.995396588839212,3.2654024979213,3.2654024979213
2024-09-09,2.5619040789179075,1.6330182914814673,3.813172995780591,2.957552315713793,3.813172995780591
2024-09-10,2.3203771498501755,1.4790633107705786,3.453681018210576,2.6787251206405,3.453681018210576
2024-09-11,2.101620494636541,1.339622641509434,3.1280806270123827,2.4261847318222887,3.1280806270123827
2024-09-12,1.903487415294332,1.2133279275988185,2.833176647610594,2.287481875302079,2.833176647610594
2024-09-13,1.724033596660615,2.06,2.6368792284439326,2.071826466035872,2.6368792284439326
2024-09-14,2.231666666666667,5.308108108108108,3.454905545399147,1.8765022585369504,5.308108108108108
2024-09-15,2.021273310748952,4.807679125984629,3.881435324452085,1.7776855515876848,4.807679125984629
2024-09-16,1.8307150694903789,4.354428754591894,3.515507824666108,2.522378071140447,4.354428754591894
2024-09-17,1.6581219609619784,3.94390916738509,3.1840786287050227,2.7578602824277567,3.94390916738509
2024-09-18,1.5018002982789376,3.5720918626080373,2.883895362895108,2.4978593205283603,3.5720918626080373
2024-09-19,1.3602160691498273,3.2353281308886346,3.2328253164556964,2.262370296604699,3.2353281308886346
2024-09-20,1.2319798823410293,2.9303132498045508,3.738425188488903,2.049082314962629,3.738425188488903
2024-09-21,1.1158333333333337,2.654054054054054,3.385980160294656,2.9184961892844954,3.385980160294656
2024-09-22,1.010636655374476,2.4038395629923146,4.071986642303573,2.993790656416322,4.071986642303573
2024-09-23,0.9153575347451892,2.177214377295947,3.7063442556782737,2.7115470433684377,3.7063442556782737
2024-09-24,0.8290609804809892,1.971954583692545,3.5660160857908845,2.455912323943624,3.5660160857908845
2024-09-25,0.7509001491394688,1.786045931304019,3.375343475898472,2.2243779091531053,3.375343475898472
2024-09-26,0.6801080345749138,1.6176640654443175,3.057128461140035,2.014671710585838,3.057128461140035
2024-09-27,0.6159899411705145,1.4651566249022752,3.2223621752943377,1.8247358440006376,3.2223621752943377
2024-09-28,2.0,1.327027027027027,3.2099846718711014,2.7818316978887894,3.2099846718711014
2024-09-29,1.8114473285278128,1.2019197814961573,3.4892218548931786,3.51570695970696,3.51570695970696
2024-09-30,1.640670712015276,2.9698924731182794,3.160270803843555,3.1842589900239067,3.1842589900239067
2024-10-01,4.475409836065574,2.6899018932224843,4.095232057655735,2.8840587204097394,4.475409836065574
2024-10-02,4.053484595804042,2.4363077992398883,4.075211745735381,3.1025120192307694,4.075211745735381
2024-10-03,3.671336921148937,2.206621627202286,3.733935035831261,2.8100185544805045,3.733935035831261
2024-10-04,3.3252167289703847,1.9985894258336383,3.381913322776472,2.6239336228978734,3.381913322776472
2024-10-05,3.0117274802346987,1.8101697381251405,3.346720498169501,2.37655877571633,3.346720498169501
2024-10-06,2.7277928491624737,1.639513568154339,3.396305439330544,3.5185282293305367,3.5185282293305367
2024-10-07,2.470626534696318,1.4849462365591397,3.502852175199763,3.1868142806852493,3.502852175199763
2024-10-08,2.237704918032787,1.344950946611242,3.4603702678112267,2.88637310763079,3.4603702678112267
2024-10-09,2.026742297902021,1.218153899619944,3.2913369601055056,2.614256427476158,3.2913369601055056
2024-10-10,1.8356684605744684,1.103310813601143,3.5510279032462324,2.473172959805116,3.5510279032462324
2024-10-11,1.6626083644851923,0.9992947129168192,3.216250004431555,2.240011275513101,3.216250004431555
2024-10-12,1.5058637401173494,5.6160000000000005,3.3523576207786734,2.3033749082905355,5.6160000000000005
2024-10-13,1.363896424581237,5.086544098506101,3.091461515801877,2.8093117408906885,5.086544098506101
2024-10-14,1.2353132673481588,4.607003359338895,3.218171593107481,2.544460124019129,4.607003359338895
2024-10-15,1.1188524590163935,4.172671963896551,3.2119272110126342,2.517129101735715,4.172671963896551
2024-10-16,1.0133711489510104,3.779287740911657,3.340185592953759,2.279823393449388,3.779287740911657
2024-10-17,0.9178342302872344,3.422990341006168,3.627569704535997,2.0648899977895536,3.627569704535997
2024-10-18,0.8313041822425963,3.100283354396065,3.28557572516508,1.8702197350998448,3.28557572516508
2024-10-19,0.7529318700586746,6.36,3.737657413676371,1.6939022714533043,6.36
2024-10-20,0.6819482122906184,5.760402504718447,3.956799851098151,2.3448322879738206,5.760402504718447
2024-10-21,0.6176566336740794,5.2173328642085774,3.583767259895497,2.1237700919479687,5.2173328642085774
2024-10-22,0.5594262295081968,4.725461839455496,3.2459028145015703,1.9235488297332084,4.725461839455496
2024-10-23,0.5066855744755052,4.279962612570893,2.93989099099489,1.742203694456511,4.279962612570893
2024-10-24,0.4589171151436171,3.876463420370232,2.96846458728244,1.5779551140372667,3.876463420370232
2024-10-25,0.4156520911212981,3.511004653482724,3.5540222810364988,1.429191287929804,3.5540222810364988
2024-10-26,0.3764659350293373,3.18,4.332738541366388,2.504221274001829,4.332738541366388
2024-10-27,0.8064516129032256,2.880201252359224,3.92426382798382,3.373399574166075,3.92426382798382
2024-10-28,0.7304223098902473,2.6086664321042883,3.55429861381981,3.05536782334,3.55429861381981
2024-10-29,0.9666666666666668,2.362730919727748,3.330881601797937,2.7673189406295418,3.330881601797937
2024-10-30,0.8755328754551098,2.1399813062854465,3.0168582896096585,2.5064262510939006,3.0168582896096585
2024-10-31,0.7929908441407167,1.9382317101851163,2.755478175038385,2.2701295683480143,2.755478175038385
2024-11-01,0.7182305730828584,1.7555023267413616,3.574693530768297,2.056110070998004,3.574693530768297
2024-11-02,0.6505184264389722,3.2237179487179493,4.559196129512467,1.862267547634234,4.559196129512467
2024-11-03,0.65,3.282051282051282,4.129371824519853,2.165555190538765,4.129371824519853
2024-11-04,4.090909090909091,2.97263151348154,3.831145191342984,1.961394582340493,4.090909090909091
2024-11-05,3.705233171988709,2.692382706896863,3.871707116412999,1.9877758318739047,3.871707116412999
2024-11-06,3.355917365485792,3.5641025641025643,3.5066967564342257,1.800375610180069,3.5641025641025643
2024-11-07,3.039533773234667,3.22809203417136,3.1760982356999627,1.6306427947036588,3.22809203417136
2024-11-08,2.7529776667480013,2.9237593457708124,2.8766673321003,1.476911767124535,2.9237593457708124
2024-11-09,2.852702702702703,2.6481180280773824,3.632346924860221,1.4111418047882136,3.632346924860221
2024-11-10,2.5837603449474424,2.398463163793558,3.289902566662133,2.437160798385288,3.289902566662133
2024-11-11,2.340172887205573,2.172344845313104,2.979742607748458,2.207394208713872,2.979742607748458
2024-11-12,2.1195499624108773,2.255172413793104,2.6988233932532224,2.080749590519318,2.6988233932532224
2024-11-13,1.9197265585452048,2.042563022167569,2.948421302524333,2.9012575729759504,2.948421302524333
2024-11-14,1.7387417729903023,1.84999766492757,2.746643215328194,2.6277376399691867,2.746643215328194
2024-11-15,1.5748195698414988,1.6755866639578696,2.4876997574126505,2.380004163997082,2.4876997574126505
2024-11-16,1.4263513513513515,1.517618493071657,3.044676917088361,2.155626092378793,3.044676917088361
2024-11-17,1.2918801724737212,2.2,3.4688035933033894,3.1752665092652217,3.4688035933033894
2024-11-18,1.1700864436027862,1.992592061380595,3.1417775011385523,2.875914017786161,3.1417775011385523
2024-11-19,1.2824561403508772,1.804737783216804,2.8455822306331098,2.9371746138671027,2.9371746138671027
2024-11-20,1.1615508746963434,1.6345937180506434,2.577311164893281,2.793345577846849,2.793345577846849
2024-11-21,1.052044114458918,1.4804902118955918,2.7734304543877903,3.816515418303309,3.816515418303309
2024-11-22,0.952861250315008,1.8974358974358967,2.511961593729221,3.45670832938537,3.45670832938537
2024-11-23,0.8630289831703968,1.7185525937315151,3.728685217751112,3.1308225343824843,3.728685217751112
2024-11-24,0.7816657730030452,1.556533752424749,3.4159096509240245,3.2246398118200528,3.4159096509240245
2024-11-25,0.7079731881539973,1.991666666666667,3.09387020582935,2.9206325862929328,3.09387020582935
2024-11-26,0.6412280701754386,4.71076923076923,2.802191459580686,3.041040907817316,4.71076923076923
2024-11-27,0.5807754373481717,4.266655169193973,2.538011116740444,2.7543427142047365,4.266655169193973
2024-11-28,2.0,3.864410553992904,2.2987367285966847,3.0844798872662054,3.864410553992904
2024-11-29,1.8114473285278128,3.500088087182566,2.0820202530026144,2.7936864258430694,3.500088087182566
2024-11-30,1.640670712015276,3.170112607569442,1.9878535170413345,2.530307906418922,3.170112607569442
2024-12-01,1.4859942891369484,2.8712460070570027,1.8004459714745715,2.6211044817538505,2.8712460070570027
2024-12-02,1.3459001926323562,2.6005554545147795,1.630706522593138,2.373996355632645,2.6005554545147795
2024-12-03,1.2190136542044754,2.355384615384615,1.4769694869821102,2.1501846781727605,2.355384615384615
2024-12-04,1.1040895136738125,2.7925925925925923,1.3377262157554193,1.9474731455587413,2.7925925925925923
2024-12-05,1.0,4.079069767441861,1.2116102899158876,1.7638725134510198,4.079069767441861
2024-12-06,0.9057236642639068,3.694510016555564,1.0973841114424725,1.5975810761772444,3.694510016555564
2024-12-07,0.8203353560076379,3.346205149854412,0.9939267585206673,2.037762100725064,3.346205149854412
2024-12-08,0.7429971445684742,3.030737189704893,0.9366888074515192,1.8456493567668204,3.030737189704893
2024-12-09,0.6729500963161781,2.74501039288041,0.9071341545959116,1.671648298357167,2.74501039288041
2024-12-10,0.6095068271022378,2.486220871482151,1.540825082508251,1.5140514221485777,2.486220871482151
2024-12-11,5.200000000000001,2.251829077888217,1.3955617397191096,2.1198713641163485,5.200000000000001
2024-12-12,4.709763054172316,4.086451612903226,1.2639932926049042,1.9200176596755856,4.709763054172316
2024-12-13,4.265743851239718,3.701195928675862,1.417853468967882,2.870047939970819,4.265743851239718
2024-12-14,3.863585151756067,3.3522607386789542,1.2841834393028817,2.9291602840829967,3.863585151756067
2024-12-15,3.4993405008441267,3.036221879804333,1.163115330232432,2.6530097857159576,3.4993405008441267
2024-12-16,3.1694355009316366,2.7499780064946275,1.3427364315892103,2.402893744446659,3.1694355009316366
2024-12-17,2.870632735551913,2.490720156687467,1.216148160959622,2.176357727057048,2.870632735551913
2024-12-18,2.6000000000000005,2.2559041869709446,1.1014941686321602,1.971178695299176,2.6000000000000005
2024-12-19,2.354881527086158,2.303448275862069,2.3421145255178017,1.7853431908253166,2.354881527086158
2024-12-20,2.1328719256198587,2.086287612856172,2.1213085501777047,2.880526490616177,2.880526490616177
2024-12-21,2.448148148148148,2.4,2.471607490272373,3.325501577287066,3.325501577287066
2024-12-22,2.217345711401638,2.173736794233376,2.2385933927116124,3.68895697167756,3.68895697167756
2024-12-23,2.8,5.754166666666667,2.027547010443732,3.341175625699684,5.754166666666667
2024-12-24,2.5360262599389385,5.211684918118563,1.8643268439813547,3.026181830657969,5.211684918118563
2024-12-25,2.2969389968213862,4.720346361027284,1.6885649405163574,3.678514275322786,4.720346361027284
2024-12-26,2.080392004791728,4.275329402704429,2.5455829542734025,3.331717428492443,4.275329402704429
2024-12-27,1.8842602696852984,3.8722670125526752,2.904838573002288,3.017615317626096,3.8722670125526752
2024-12-28,1.7066191158862654,3.50720386761746,2.63098103643477,2.7331256028192,3.50720386761746
2024-12-29,1.545725319143337,3.176557538299032,2.3829417849285512,2.475456535878905,3.176557538299032
2024-12-30,1.4,2.8770833333333337,2.1582867651730613,2.242079564402278,2.8770833333333337
2024-12-31,2.0,2.6058424590592817,1.9548113974848391,2.030704518641656,2.6058424590592817
2025-01-01,1.8114473285278128,2.906024096385542,1.7705189418748164,2.0924106113033445,2.906024096385542
2025-01-02,1.640670712015276,2.665833333333333,1.603600903683514,2.353753753753754,2.665833333333333
2025-01-03,1.4859942891369484,2.418840579710145,1.9302510135426552,2.3258696521391444,2.418840579710145
2025-01-04,1.3459001926323562,2.190801153125305,1.7482740209349734,3.0037318496403853,3.0037318496403853
2025-01-05,1.2190136542044754,1.9842604480822432,1.611944821820462,3.733307271305708,3.733307271305708
2025-01-06,1.1040895136738125,3.0491803278688527,1.459976570610459,3.381344741590093,3.381344741590093
2025-01-07,1.0,2.761714779558798,1.322335329272757,3.0625639494924712,3.0625639494924712
2025-01-08,0.9057236642639068,2.5013504297937814,1.1976703998145413,2.773836642376863,2.773836642376863
2025-01-09,0.8203353560076379,2.2655322768809216,1.0847584231004443,2.5123294878030644,2.5123294878030644
2025-01-10,0.7429971445684742,2.05194619532474,1.1228613388814097,2.275476269531255,2.275476269531255
2025-01-11,0.6729500963161781,1.8584962269019047,1.0170020863119469,2.509153249850924,2.509153249850924
2025-01-12,0.6095068271022378,1.6832840126502389,0.9211228561784942,2.272599475654669,2.272599475654669
2025-01-13,0.5520447568369061,2.4253333333333336,0.8342827685352213,2.05834712449418,2.4253333333333336
2025-01-14,0.778048780487805,2.196681793728062,0.7556296461499573,1.864293699923944,2.196681793728062
2025-01-15,0.7576923076923077,1.989586683437192,0.6843916519373785,2.03633819859336,2.03633819859336
2025-01-16,0.6862598533076524,4.581250000000001,0.6198697147843508,1.8443596949105407,4.581250000000001
2025-01-17,0.621561788975018,4.149346536909023,0.5614306694407049,2.162407063197026,4.149346536909023
2025-01-18,0.5629632210768823,3.758161349709992,0.5085010431559733,3.093885994483604,3.758161349709992
2025-01-19,0.5098891114395657,3.403855668554323,0.460561428089247,2.80220575973847,3.403855668554323
2025-01-20,0.4618186343813108,3.082952628748491,0.4171413842676106,2.538024068731752,3.082952628748491
2025-01-21,0.75,2.792303151662127,0.3778148230749786,2.298748459521712,2.792303151662127
2025-01-22,0.6792927481979301,5.136363636363637,0.3421958259686893,2.082030877979016,5.136363636363637
2025-01-23,0.6152515170057284,4.652126093719158,0.3099348573921753,1.8857446359137529,4.652126093719158
2025-01-24,0.5572478584263556,4.213540692221049,0.2807153347203524,1.891506303915063,4.213540692221049
2025-01-25,0.5047125722371335,4.511333333333334,0.2542505215779866,1.7131820205602295,4.511333333333334
2025-01-26,0.4571301203266782,4.393103448275863,0.2302807140446235,2.0183400267737617,4.393103448275863
2025-01-27,0.4140335676276797,4.324096385542169,0.2085706921338053,1.828058324780043,4.324096385542169
2025-01-28,0.375,3.916436422943568,0.1889074115374893,1.6557156844079193,3.916436422943568
2025-01-29,0.4637931034482758,3.547209147845076,0.1710979129843446,1.4996208766611627,3.547209147845076
2025-01-30,0.4200683891155015,3.212791267296692,0.1549674286960876,1.962333965844402,3.212791267296692
2025-01-31,0.3804658806311286,2.90990107913104,0.3195564189736118,2.266977314530963,2.90990107913104
2025-02-01,0.3445969515326199,2.6355662680360616,0.2894298107318319,3.249310613943808,3.249310613943808
2025-02-02,1.0,2.387094737695972,0.2621434287232437,2.965517651254012,2.965517651254012
2025-02-03,0.9057236642639068,2.1620481927710844,0.2374295068259205,2.6859395135330777,2.6859395135330777
2025-02-04,0.820335356007638,1.958218211471784,0.215045522926745,2.432718978188394,2.432718978188394
2025-02-05,1.33125,1.7736045739225377,0.1947718190087594,2.20337114704914,2.20337114704914
2025-02-06,1.2057446280513258,1.6063956336483458,0.2027573027573027,1.9956453890387127,1.9956453890387127
2025-02-07,2.323404255319149,2.6578947368421053,0.1836420872096106,2.026635322976288,2.6578947368421053
2025-02-08,2.104362215694013,3.637096774193549,0.1663289841405604,1.9839271822000928,3.637096774193549
2025-02-09,1.905970656936895,3.294204617605016,1.2248291849682773,1.8946757164404224,3.294204617605016
2025-02-10,1.7262827273803698,2.9836390770922963,1.1093567775068425,1.7160526324862622,2.9836390770922963
2025-02-11,1.563535117398439,3.59746835443038,1.0047706854994969,1.5542694783651805,3.59746835443038
2025-02-12,1.416130755735412,3.2583122200481305,0.9100445870155616,1.407738647198462,3.2583122200481305
2025-02-13,3.13,2.9511304832578573,0.8775452621678814,1.275022205866506,3.13
2025-02-14,2.834915069146028,2.67290871501722,0.7948135104081242,1.154817784315261,2.834915069146028
2025-02-15,2.567649664303907,2.4209166756083267,0.719881405053305,1.045945795167144,2.567649664303907
2025-02-16,2.325581062499324,2.1926815223095693,0.652013624020329,0.9473378582202112,2.325581062499324
2025-02-17,2.106333801469637,2.5359375,0.5905441686976816,0.8580263162431311,2.5359375
2025-02-18,1.907756368830004,2.296858604844251,0.5348698283825467,0.7771347391825901,2.296858604844251
2025-02-19,1.7279000888995164,2.08031919187562,0.588515585079203,0.703869323599231,2.08031919187562
2025-02-20,7.357142857142857,1.8841943213041152,0.8231484257871063,0.637511102933253,7.357142857142857
2025-02-21,6.663538387084456,1.706559384876808,0.7627282303370787,0.5774088921576306,6.663538387084456
2025-02-22,6.035324404913336,2.171052631578948,0.690821007618424,0.5229728975835719,6.035324404913336
2025-02-23,5.466336135039488,6.285714285714286,0.6256929343706431,0.5011166897506926,6.285714285714286
2025-02-24,4.950989994326167,5.693120175373128,0.566704897222215,0.4538732444647966,5.693120175373128
2025-02-25,4.4842287993950345,5.156393666333725,1.2185249169435215,0.4110837380880034,5.156393666333725
2025-02-26,4.06147213958581,4.670267765858981,1.1036468527709589,0.6736825521858999,4.670267765858981
2025-02-27,3.678571428571429,4.229972033987405,0.9995990715450412,0.6101702297164738,4.229972033987405
2025-02-28,3.331769193542228,5.557798165137616,0.9053605338745736,0.5526456162835544,5.557798165137616
2025-03-01,3.0176622024566675,5.118987341772152,0.8200064602208057,0.5005442126197257,5.118987341772152
2025-03-02,2.733168067519744,4.636387972510429,1.4820607713283989,0.45335473838003,4.636387972510429
2025-03-03,2.4754949971630835,4.199286303411251,1.6621553552492048,0.4106141148569655,4.199286303411251
2025-03-04,2.2421143996975177,3.8033929780188727,1.5054534389321854,0.3719029207067315,3.8033929780188727
2025-03-05,2.0307360697929044,3.444823024686866,1.3635248050883584,0.47130303989867,3.444823024686866
2025-03-06,1.8392857142857144,3.120057732660062,1.234976682779357,1.0126452440099367,3.120057732660062
2025-03-07,1.665884596771114,4.637037037037037,1.1185476064074036,1.8231421414349027,4.637037037037037
2025-03-08,1.508831101228334,4.199874176512634,1.4081597222222222,2.592900910364146,4.199874176512634
2025-03-09,1.3665840337598725,3.80392542859838,1.2754035834799562,2.5235395353284256,3.80392542859838
2025-03-10,1.2377474985815415,3.4453052777767765,1.4133480014668134,2.285629474852498,3.4453052777767765
2025-03-11,1.1210571998487586,3.903448275862069,1.2801027307685915,2.0701487031129933,3.903448275862069
2025-03-12,1.0153680348964522,3.535445475678422,1.159419335945962,1.8749826689546745,3.535445475678422
2025-03-13,0.9196428571428572,3.202136631036711,1.050113529371402,1.6982161733569472,3.202136631036711
2025-03-14,0.832942298385557,2.900250922936251,0.95111267371537,1.538114575245084,2.900250922936251
2025-03-15,0.754415550614167,2.626825893206598,0.9108136373143696,1.3931067691487,2.626825893206598
2025-03-16,0.6832920168799361,2.37917837337839,1.8988892136802105,1.2617697676642128,2.37917837337839
2025-03-17,0.6188737492907708,2.154878154273717,2.6435635282089414,1.142814737426249,2.6435635282089414
2025-03-18,0.5605285999243793,2.85,2.6201300173860456,1.0350743515564964,2.85
2025-03-19,2.0,2.581312443152134,2.3731137601947427,0.9374913344773372,2.581312443152134
2025-03-20,1.8114473285278128,2.337955764621768,2.1493852905986803,0.968286297711922,2.337955764621768
2025-03-21,1.640670712015276,2.117541862020152,2.320828937452901,1.1639547099334655,2.320828937452901
2025-03-22,1.4859942891369484,1.9179077745011075,3.810203457243384,1.4488636363636365,3.810203457243384
2025-03-23,3.72093023255814,1.7370944572413776,3.450991436885483,1.3122700817460011,3.72093023255814
2025-03-24,3.3701345647029086,1.5733275569851828,3.125644609559284,1.188554066942885,3.3701345647029086
2025-03-25,3.0524106270051643,1.425,2.922314774221832,1.076501544687278,3.0524106270051643
2025-03-26,2.7646405379292065,3.104819277108433,2.646809645440749,0.9750129236399172,3.104819277108433
2025-03-27,2.504000358385779,2.8121082925398646,2.397278130677647,0.8830922779038104,2.8121082925398646
2025-03-28,2.267932379915303,2.546993027026124,2.171271532777087,0.8791683194499537,2.546993027026124
2025-03-29,2.054120025439651,2.3068718572927205,1.966572008778772,1.5905152857297182,2.3068718572927205
2025-03-30,1.8604651162790693,2.089388431574447,1.837002957607624,1.7946798343421473,2.089388431574447
2025-03-31,6.2,3.4257142857142857,1.6638170500280114,1.6254839957409106,6.2
2025-04-01,5.615486718436221,3.1027504955783547,2.411080540270135,1.472239320824794,5.615486718436221
2025-04-02,5.086079207247355,2.81023454815188,2.480601288475304,1.3891556780161387,5.086079207247355
2025-04-03,4.60658229632454,2.5452959323931443,3.168806190963924,1.258191170925789,4.60658229632454
2025-04-04,4.172290597160305,2.305334758523136,2.8700627546219986,1.7048019323671495,4.172290597160305
2025-04-05,3.7789423280338736,2.087996244844523,2.599483754783598,2.3990008966312284,3.7789423280338736
2025-04-06,3.422677492388819,1.8911476098498587,2.354413951577099,3.228397565922921,3.422677492388819
2025-04-07,3.1,1.7128571428571429,2.132448431416474,2.9240360731083856,3.1
2025-04-08,2.8077433592181107,2.9377777777777774,1.931409007156349,2.6483686665755712,2.9377777777777774
2025-04-09,2.543039603623677,2.6770270270270267,1.7493228431539627,2.3986901730125427,2.6770270270270267
2025-04-10,2.30329114816227,2.424646728252431,1.584403095481962,2.1725504529347446,2.424646728252431
2025-04-11,2.0861452985801523,2.621254355400697,1.4350313773109993,1.9677303570302669,2.621254355400697
2025-04-12,1.8894711640169373,3.143846153846154,1.2997418773917988,1.7904225352112677,3.143846153846154
2025-04-13,1.711338746194409,4.071698113207548,1.1772069757885495,2.361340801991642,4.071698113207548
2025-04-14,1.55,3.687833334870776,1.066224215708237,2.1387222437557423,3.687833334870776
2025-04-15,1.4038716796090551,3.3401579212537413,0.9657045035781746,1.9370913474571752,3.3401579212537413
2025-04-16,1.2715198018118388,3.025260071658052,0.8746614215769811,2.069226050506083,3.025260071658052
2025-04-17,1.151645574081135,2.74004963745342,0.9141359103526266,1.8741470006547007,2.74004963745342
2025-04-18,1.9714285714285715,2.4817277978993,0.8377189516660081,1.6974592888021862,2.4817277978993
2025-04-19,1.7855695095488446,2.247759594818951,0.7684607473431607,1.537429046992721,2.247759594818951
2025-04-20,2.0,2.035849056603774,1.547261632341724,1.3924858699880132,2.035849056603774
2025-04-21,1.8114473285278128,3.0309859154929577,1.4013914752194998,1.2612074046012571,3.0309859154929577
2025-04-22,1.640670712015276,2.745235669712573,1.2692734220040072,1.1423053918922224,2.745235669712573
2025-04-23,1.4859942891369484,2.486424910040052,1.1496109747302572,1.0346130252530414,2.486424910040052
2025-04-24,1.3459001926323562,2.2520138804385303,1.04122986451069,0.9859440785922486,2.2520138804385303
2025-04-25,1.2190136542044754,2.039702263763965,0.9430665282256332,0.8929928836218727,2.039702263763965
2025-04-26,1.1040895136738125,1.847406608343684,0.8541576715891616,0.8088047867155949,1.847406608343684
2025-04-27,1.0,2.190481522956327,2.0692711753118846,0.986376096491228,2.190481522956327
2025-04-28,0.9057236642639068,1.9839709514743875,1.874187871259161,0.8933841724563639,1.9839709514743875
2025-04-29,0.8203353560076379,1.992429792429793,1.6974963062758184,0.8091591862725558,1.992429792429793
2025-04-30,0.7429971445684742,2.0898360655737704,1.5898665705012625,0.7328746231635802,2.0898360655737704
2025-05-01,2.0,1.8928139790223413,1.4399797759250943,0.8282744702320889,2.0
2025-05-02,1.8114473285278128,1.7143664128500604,2.667224546722455,0.9791435368754956,2.667224546722455
2025-05-03,1.640670712015276,1.6142038946162658,3.192393495497917,2.311773562180066,3.192393495497917
2025-05-04,1.4859942891369484,2.826636225266362,2.979013608922542,2.093828021686154,2.979013608922542
2025-05-05,2.6842105263157894,2.560151319489348,2.978870255957635,1.89642958814003,2.978870255957635
2025-05-06,2.4311529935504863,2.6609655172413795,3.3281210164018016,1.7176411555886792,3.3281210164018016
2025-05-07,2.2019527977047124,3.348772080999569,3.014357962089157,1.5557082413302696,3.348772080999569
2025-05-08,1.9943607564732728,3.962633262260128,2.730175338826474,1.4342622670541971,3.962633262260128
2025-05-09,1.8063397322171093,3.589050718428281,2.4727844119648665,1.2990452760317857,3.589050718428281
2025-05-10,1.6360446411691645,3.2506881679238697,2.239659358539489,1.1765760474522269,3.2506881679238697
2025-05-11,1.481804347299064,2.9442251988313326,2.0285124809193364,1.065652768983575,2.9442251988313326
2025-05-12,1.3421052631578947,2.666654435503644,1.8372717572233297,0.965186930756782,2.666654435503644
2025-05-13,1.2155764967752432,2.41525202664996,1.6640605082009008,0.8741926436246661,2.41525202664996
2025-05-14,1.100976398852356,2.1875509156982287,1.5071789810445786,0.7917769644562842,2.1875509156982287
2025-05-15,0.9971803782366364,1.981316631130064,1.3650876694132368,0.7171311335270987,1.981316631130064
2025-05-16,0.9031698661085548,1.7945253592141406,1.2363922059824333,0.6495226380158928,1.7945253592141406
2025-05-17,2.4760563380281693,1.6253440839619346,1.1198296792697444,0.5882880237261133,2.4760563380281693
2025-05-18,2.242622819402744,1.6582441113490365,1.0142562404596684,0.5328263844917875,2.242622819402744
2025-05-19,2.0311965575513065,1.666347687400319,0.9186358786116648,0.482593465378391,2.0311965575513065
2025-05-20,1.8397027889456024,1.5092505333699038,0.8757712875359934,0.4370963218123331,1.8397027889456024
2025-05-21,1.6662623511603396,1.3669639233760449,1.3604179346723473,0.8898579234972677,1.6662623511603396
2025-05-22,1.5091732423179351,1.505593719332679,1.9375878799881168,0.8059653791442164,1.9375878799881168
2025-05-23,1.3668939190412412,1.4787728026533995,1.7549191944961724,0.7299819164683485,1.7549191944961724
2025-05-24,1.2380281690140846,1.475,1.5894718433261368,0.6611618962301017,1.5894718433261368
2025-05-25,1.121311409701372,1.3359424047892623,1.4396222621816548,1.54668005056138,1.54668005056138
2025-05-26,1.0155982787756532,1.2489847715736038,1.303899950459063,1.8357609651878848,1.8357609651878848
2025-05-27,1.944,1.7771217712177123,1.1809730409633088,1.6626921481026171,1.944
2025-05-28,1.7607268033290346,1.6095812424704703,1.736896342695494,1.5059396249223285,1.7607268033290346
2025-05-29,1.88,1.4578358208608062,1.573148119952741,1.3639651552448646,1.88
2025-05-30,3.610526315789474,1.7084415584415584,1.4248374796334724,1.235375518336667,3.610526315789474
2025-05-31,6.0,1.9607734806629835,1.290509023034178,1.4812691412470906,6.0
2025-06-01,5.4343419855834405,2.5261702127659573,1.1688445611081502,1.938397701883179,5.4343419855834405
2025-06-02,4.922012136045828,2.288012141660716,1.0586501788418117,1.755652669350369,4.922012136045828
2025-06-03,4.457982867410845,2.097441364605544,1.0310484454085322,1.590136168858725,4.457982867410845
2025-06-04,4.037700577897068,1.899702278329222,2.1011780104712043,1.4402239575372946,4.037700577897068
2025-06-05,3.657040962613426,1.7206053085388349,1.9030866469147243,2.086944844753046,3.657040962613426
2025-06-06,3.3122685410214374,1.558392944801723,1.7956048675733711,2.6998763276589552,3.3122685410214374
2025-06-07,3.0,1.4114733683288367,1.7492929292929291,2.445341880546649,3.0
2025-06-08,2.7171709927917203,1.2784048311737126,1.7279567657451675,2.6555689623166883,2.7171709927917203
2025-06-09,2.4610060680229138,1.1578815081033362,1.5650513335603222,2.405211651254972,2.4610060680229138
2025-06-10,2.2289914337054224,1.4899497487437183,2.049969173859433,2.1784571101048944,2.2289914337054224
2025-06-11,2.018850288948534,1.349482746001248,1.856705591776019,1.9730801562059648,2.018850288948534
2025-06-12,1.8285204813067133,1.222258457569169,2.313795318953648,1.7870653889652683,2.313795318953648
2025-06-13,1.6561342705107185,2.6985074626865675,3.4610089231066588,1.6185874123728266,3.4610089231066588
2025-06-14,1.5,2.444102067147976,4.003154895708088,1.4659929220657515,4.003154895708088
2025-06-15,1.35858549639586,2.213681080092253,5.182716049382716,1.327784481158344,5.182716049382716
2025-06-16,1.2305030340114569,2.004983339372838,4.694108571086272,1.2026058256274856,4.694108571086272
2025-06-17,1.1144957168527114,1.8159608569248509,4.2515652154568695,1.089228555052447,4.2515652154568695
2025-06-18,1.009425144474267,1.6447587214937998,7.441935483870968,9.818181818181818,9.818181818181818
2025-06-19,0.9142602406533564,1.489696896061383,7.685245901639345,8.892559612772903,8.892559612772903
2025-06-20,0.8280671352553592,1.3492537313432835,6.960709078801959,8.0542016771659,8.0542016771659
2025-06-21,0.75,1.2220510335739878,6.3044789327275526,7.294881055763201,7.294881055763201
2025-06-22,5.0,1.1068405400461263,5.710115760224602,6.607146400195203,6.607146400195203
2025-06-23,4.5286183213195335,1.002491669686419,5.17178696972171,5.98424884791288,5.98424884791288
2025-06-24,4.10167678003819,9.0,4.684209845008673,5.420075794398716,9.0
2025-06-25,3.7149857228423713,8.15151297837516,4.2425997050023225,4.909090909090909,8.15151297837516
2025-06-26,3.36475048158089,7.383018204068741,3.842622950819672,6.549019607843137,7.383018204068741
2025-06-27,3.0475341355111887,6.686974301116268,3.48035453940098,5.931602036551859,6.686974301116268
2025-06-28,2.7602237841845314,6.056550866845603,3.152239466363776,5.372392331501001,6.056550866845603
2025-06-29,2.5,5.4855614439201394,2.855057880112301,4.8659028683504,5.4855614439201394
2025-06-30,2.2643091606597667,4.968402811532156,2.585893484860855,9.090909090909092,9.090909090909092
2025-07-01,2.0508383900190945,4.5,2.342104922504337,8.233851493308244,8.233851493308244
2025-07-02,1.8574928614211856,4.07575648918758,2.121299852501161,7.4575941455239825,7.4575941455239825
2025-07-03,1.682375240790445,3.69150910203437,1.921311475409836,6.754519496077039,6.754519496077039
2025-07-04,1.5237670677555946,3.343487150558134,1.7401772697004898,6.117728148328892,6.117728148328892
2025-07-05,1.3801118920922653,3.028275433422801,1.576119733181888,5.540971155474889,5.540971155474889
2025-07-06,1.25,2.74278072196007,1.4275289400561508,5.01858869851733,5.01858869851733
2025-07-07,1.1321545803298834,2.4842014057660777,2.0878625517931133,4.545454545454546,4.545454545454546
2025-07-08,1.0254191950095477,2.25,1.8910265208894488,4.116925746654122,4.116925746654122
2025-07-09,0.9287464307105928,2.03787824459379,1.712747469720219,3.7287970727619903,3.7287970727619903
2025-07-10,0.8411876203952224,1.845754551017185,1.5512759142337311,3.37725974803852,3.37725974803852
2025-07-11,0.7618835338777972,1.6717435752790673,1.405027305324117,3.058864074164446,3.058864074164446
2025-07-12,0.6900559460461326,3.34,1.272566479369002,2.770485577737445,3.34
2025-07-13,1.933333333333333,3.025117038641448,2.0521217197096595,2.5092943492586643,3.025117038641448
2025-07-14,1.7510657509102194,2.7399200890655107,1.8586552034909825,2.272727272727273,2.7399200890655107
2025-07-15,1.5859816882814333,3.090909090909091,2.161055960643064,2.058462873327061,3.090909090909091
2025-07-16,1.4364611461657166,2.7995095077248027,2.7018000804505227,1.864398536380996,2.7995095077248027
2025-07-17,1.301036852877944,2.5355820094781536,2.4470842689741654,1.68862987401926,2.5355820094781536
2025-07-18,1.1783798657309927,2.296536628666193,2.2163821308578444,1.5294320370822228,2.296536628666193
2025-07-19,1.619512195121951,2.080027570431823,2.0074297449696124,1.8315737785416155,2.080027570431823
2025-07-20,1.4668305196859368,1.883930192861462,1.818176624366237,1.6588997140704012,1.883930192861462
2025-07-21,1.3285431131440772,2.618333333333333,1.6467655944999686,1.5025047276741907,2.618333333333333
2025-07-22,1.2032929365694316,2.371486460930996,1.4915145684342426,1.3608540875229114,2.371486460930996
2025-07-23,1.089850887692542,2.8922413793103448,1.3509000402252611,1.2325577506797665,2.8922413793103448
2025-07-24,0.9871037395021606,2.619571460004661,1.2235421344870827,1.1163567223625566,2.619571460004661
2025-07-25,0.8940432159505018,2.372607861556573,1.108191065428922,1.0111107012038596,2.372607861556573
2025-07-26,0.8097560975609757,2.148927086230372,1.065665236051502,1.2142172305163677,2.148927086230372
2025-07-27,0.7334152598429684,4.640909090909091,0.9651982224752276,2.2702070913084405,4.640909090909091
2025-07-28,0.6642715565720385,4.203381187333858,0.8742028708012725,2.056180285377786,4.203381187333858
2025-07-29,0.6016464682847158,3.807101811289992,0.8953576437587657,2.176647987773816,3.807101811289992
2025-07-30,0.5449254438462711,3.448182202747328,1.154344069128044,2.2676600155480697,3.448182202747328
2025-07-31,0.4935518697510804,3.123100219721899,1.0455167401119605,2.51961010275617,3.123100219721899
2025-08-01,0.4470216079752508,2.8286657748699304,1.356861499364676,2.282070494784677,2.8286657748699304
2025-08-02,0.4048780487804878,3.668548387096774,1.2289415691031929,2.255093176404652,3.668548387096774
2025-08-03,1.1588235294117648,3.322691087690735,2.0618819188191884,3.0266760671708752,3.322691087690735
2025-08-04,1.324271844660194,4.650877192982456,1.8674952467924104,2.7413321380978752,4.650877192982456
2025-08-05,1.465680473372781,4.212409533269503,1.6914346379202505,2.482889389082417,4.212409533269503
2025-08-06,1.3275014889832526,3.815278997853067,1.7072848622550414,2.2488116754417,3.815278997853067
2025-08-07,1.2023495129177038,3.455588474124605,1.571152154793316,2.036801950920512,3.455588474124605
2025-08-08,1.088996406565746,3.12980825497226,1.423029686755535,1.8447797263676,3.12980825497226
2025-08-09,3.746153846153847,4.364248704663212,1.6248104896537594,1.6708606535254296,4.364248704663212
2025-08-10,3.392980188434789,3.952803328546573,1.4716293104236355,1.5133380335854376,3.952803328546573
2025-08-11,3.073102449043998,3.580147514845769,1.3328894914750613,1.3706660690489376,3.580147514845769
2025-08-12,2.7833816108065155,3.242624325751429,1.2072295542776477,1.2414446945412083,3.242624325751429
2025-08-13,2.520974591584452,2.936921586150864,1.093416375508034,1.12440583772085,2.936921586150864
2025-08-14,2.283306344606076,2.660039380664325,0.990333086191296,1.018400975460256,2.660039380664325
2025-08-15,2.0680445890736414,2.409260614941586,1.285177372962608,0.9223898631838,2.409260614941586
2025-08-16,1.8730769230769235,2.182124352331606,1.4622058306989816,0.8354303267627146,2.182124352331606
2025-08-17,1.6964900942173946,1.9764016642732865,2.3004437049362174,0.7566690167927188,2.3004437049362174
2025-08-18,1.5365512245219988,1.7900737574228842,2.0835663018676684,0.6853330345244688,2.0835663018676684
2025-08-19,1.3916908054032575,1.9779661016949155,1.8871353056643816,0.6207223472706044,1.9779661016949155
2025-08-20,1.260487295792226,1.791490705416914,1.7092231040081312,0.5622029188604251,1.791490705416914
2025-08-21,1.141653172303038,1.6225955262049383,1.548083812806773,0.8147501896607782,1.6225955262049383
2025-08-22,1.0340222945368205,1.4696231656125585,1.4021361435229902,0.737938527239273,1.4696231656125585
2025-08-23,0.9365384615384617,2.075,1.2699478857085058,1.0689421059128503,2.075
2025-08-24,0.8482450471086973,4.074285714285715,2.5749649478111856,0.9681661610533638,4.074285714285715
2025-08-25,0.7682756122609995,3.690176986400946,2.332206687882666,0.8768910030055723,3.690176986400946
2025-08-26,0.6958454027016289,3.342280621905405,2.112334787169878,0.8715904532691536,3.342280621905405
2025-08-27,0.6302436478961129,3.027182651870413,1.913191603587621,0.856065031152648,3.027182651870413
2025-08-28,0.5708265861515188,2.7417909638482003,1.7328229096403198,2.357245029323416,2.7417909638482003
2025-08-29,0.5170111472684102,2.48330495842226,2.023903661422804,2.1350126055266845,2.48330495842226
2025-08-30,0.4682692307692308,2.2491880664269384,2.953018322082932,2.4135170603674543,2.953018322082932
2025-08-31,0.4241225235543486,2.0371428571428574,2.674618575315406,2.9560856977417487,2.9560856977417487
2025-09-01,0.3841378061304997,1.845088493200473,2.42246533654298,2.677396770036784,2.677396770036784
2025-09-02,0.3479227013508144,1.6711403109527023,2.194084181166005,2.4249816132460644,2.4249816132460644
2025-09-03,0.3151218239480564,1.5135913259352065,1.987233964269148,2.196363232521825,2.196363232521825
2025-09-04,0.2854132930757594,1.9486486486486485,2.3520956068002024,1.9892981550141864,2.3520956068002024
2025-09-05,0.2585055736342051,2.025149700598803,2.130348651690116,1.8017544142728776,2.130348651690116
2025-09-06,0.7746835443037977,2.14,1.9295071869684453,1.6318916101989,2.14
2025-09-07,0.7016492183917862,3.24,1.747600319604603,4.033310358408823,4.033310358408823
2025-09-08,0.6355003011097147,5.520634920634921,2.111152257513175,3.6530646369316098,5.520634920634921
2025-09-09,0.5755876613619068,5.000169689380742,1.912120558493852,3.3086670887545955,5.000169689380742
2025-09-10,0.5213233657537989,4.528772013007246,2.264918666818337,3.682167537502108,4.528772013007246
2025-09-11,0.4721749090969235,4.101815982236751,2.181826666666667,3.3350262745000148,4.101815982236751
2025-09-12,0.4276599888407427,3.715111801567726,1.9761320433220388,3.020612217756559,3.715111801567726
2025-09-13,0.3873417721518988,3.364864674066004,1.789829555346958,2.735839966186796,3.364864674066004
2025-09-14,0.3508246091958931,3.047637562347238,1.6210909832766855,3.456122159090909,3.456122159090909
2025-09-15,0.3177501505548573,2.7603174603174603,1.4682604654785392,3.1302916260755027,3.1302916260755027
2025-09-16,0.2877938306809534,2.500084844690371,1.936150506512301,2.835179201783727,2.835179201783727
2025-09-17,0.2606616828768994,2.2643860065036225,1.7536173313247403,2.5678888954843755,2.5678888954843755
2025-09-18,2.642857142857143,2.0509079911183754,1.588292715044137,2.3257977398407044,2.642857142857143
2025-09-19,2.3936982555546105,1.857555900783863,1.4912186662462557,2.106530051265235,2.3936982555546105
2025-09-20,2.168029155163043,1.6824323370330023,1.3506320346112943,2.915112764473378,2.915112764473378
2025-09-21,1.963635310645253,4.325925925925926,1.2232993954603573,2.640286614781315,4.325925925925926
2025-09-22,1.7785109688356135,3.9180934809638632,1.1079712109481763,2.5103023669448623,3.9180934809638632
2025-09-23,1.6108394716273424,3.5487099845071155,1.0035157450789003,2.273640258199659,3.5487099845071155
2025-09-24,1.458975428783252,3.214150610577696,0.908907957779386,2.05928978587453,3.214150610577696
2025-09-25,1.3214285714285714,2.911132268508504,1.1422975246335016,1.8651474906435148,2.911132268508504
2025-09-26,1.1968491277773052,2.6366813853904207,1.097070541363956,1.8756800397466151,2.6366813853904207
2025-09-27,1.0840145775815213,2.388104725872246,1.1449271179102325,1.8948065957774696,2.388104725872246
2025-09-28,3.4,2.162962962962963,1.2748403830806063,4.08998437092993,4.08998437092993
2025-09-29,3.079460458497283,1.959046740481932,1.1546531031153695,3.704395631220765,3.704395631220765
2025-09-30,2.789140210425969,3.6903225806451614,1.045796639507343,3.355158784992479,3.6903225806451614
2025-10-01,2.5261902915328123,5.18252427184466,0.9472027644094704,3.0388467089306253,5.18252427184466
2025-10-02,2.2880303274750053,4.69393487363178,0.8579039585818475,2.752355376348959,4.69393487363178
2025-10-03,2.0723232121476083,4.251407893561914,0.8982406471183013,2.492873396823243,4.251407893561914
2025-10-04,1.8769521732454808,3.850600735637393,0.8135578102987706,4.279541537400896,4.279541537400896
2025-10-05,1.7,5.941176470588236,0.7368585610343228,4.094295642102216,5.941176470588236
2025-10-06,1.5397302292486414,5.381064122979681,1.1241078509119746,3.708300451544563,5.381064122979681
2025-10-07,1.3945701052129844,4.873757115104202,1.2884935937305635,3.358695473164442,4.873757115104202
2025-10-08,1.263095145766406,6.196000000000001,1.3263594097432787,3.0420499711010938,6.196000000000001
2025-10-09,1.144015163737503,5.611863823779166,1.2013151047235948,2.755256646699594,5.611863823779166
2025-10-10,1.036161606073804,5.082797865823325,1.088059518585833,2.4955011460362404,5.082797865823325
2025-10-11,0.9384760866227404,4.6036103077462665,0.985481254110783,2.370328978435385,4.6036103077462665
2025-10-12,0.85,4.169598796775039,0.8925736925366086,2.14686304785942,4.169598796775039
2025-10-13,0.7698651146243207,3.776504300725465,0.8084251154298226,1.9444646663800125,3.776504300725465
2025-10-14,0.6972850526064922,3.420469313361471,0.7322097578300708,1.7611476626653997,3.420469313361471
2025-10-15,0.6315475728832032,3.0980000000000003,0.6631797048716394,1.5951131143391202,3.0980000000000003
2025-10-16,1.2315789473684209,2.805931911889583,1.209552599758162,1.4447316948346398,2.805931911889583
2025-10-17,1.1154701970408112,2.6493333333333338,1.2333196889070814,1.3085276845238345,2.6493333333333338
2025-10-18,1.0103077542409855,4.439130434782609,1.1248443337484433,1.1851644892176925,4.439130434782609
2025-10-19,0.915059641205384,4.020625483536733,1.408656995788489,1.1480427046263344,4.020625483536733
2025-10-20,0.8287911712525561,3.641575645581732,1.2758539759165366,1.0398094451656097,3.641575645581732
2025-10-21,0.75065577653644,5.192857142857143,1.1555711381327995,1.0186770428015564,5.192857142857143
2025-10-22,0.6798867005254529,4.703293599427573,1.0466281255472525,2.415638051044083,4.703293599427573
2025-10-23,0.6157894736842104,4.25988431298252,0.9479558609923217,2.187900547126969,4.25988431298252
2025-10-24,0.5577350985204056,3.858278029294863,0.858586055978412,1.981633300588845,3.858278029294863
2025-10-25,0.5714285714285714,3.494533714441868,2.071276229790162,2.540767549849768,3.494533714441868
2025-10-26,0.5175563795793753,3.1650818807380485,1.9882870497662908,2.42146444192451,3.1650818807380485
2025-10-27,0.4687630605757931,2.866689558717363,1.8008386323227976,2.315991290673763,2.866689558717363
2025-10-28,0.4245697968962709,2.5964285714285715,1.6310621648154062,2.0976481181923354,2.5964285714285715
2025-10-29,0.3845429121806731,2.3516467997137864,1.47729160055883,2.009628575126181,2.3516467997137864
2025-10-30,0.3482896154869929,2.5934426229508194,1.338017961644435,2.6359735164296225,2.6359735164296225
2025-10-31,0.3154541467639464,2.348942355517213,1.2206082432973189,2.389950953678474,2.389950953678474
2025-11-01,0.2857142857142857,2.127492677383743,1.1055337707499775,2.8148180368276066,2.8148180368276066
2025-11-02,0.2587781897896876,1.9269204634546329,1.274764447236181,3.8822008113590254,3.8822008113590254
2025-11-03,0.2343815302878965,1.7452574629052355,1.1545843262241071,3.516201144272409,3.516201144272409
2025-11-04,0.2122848984481354,1.964827586206897,1.0457343466493725,3.184706584679348,3.184706584679348
2025-11-05,0.1922714560903365,1.7795908410261174,0.947146344293892,2.8844641174811705,2.8844641174811705
2025-11-06,0.1741448077434965,2.051162790697674,0.8578528575480275,2.8804944343774266,2.8804944343774266
2025-11-07,0.1577270733819731,1.8577866787924784,1.089531851483919,2.6089319739961123,2.6089319739961123
2025-11-08,0.1428571428571428,3.140845070422535,2.372866314199396,3.5273305371397647,3.5273305371397647
2025-11-09,0.1293890948948438,2.8447377060683268,2.1491611729050675,3.194786739168202,3.194786739168202
2025-11-10,0.1171907651439482,3.460869565217391,1.9465461326172933,2.893593951941161,3.460869565217391
2025-11-11,0.1061424492240677,4.137373737373737,1.7630328958928712,2.6207965170440275,4.137373737373737
2025-11-12,0.0961357280451682,3.747317301843396,1.596820614685898,2.373717424707201,3.747317301843396
2025-11-13,0.2175438596491226,3.3940339577851364,1.4462782183054552,2.14993204383289,3.3940339577851364
2025-11-14,0.1970346216995163,3.074056872881284,1.3099284074286914,3.694920460778936,3.694920460778936
2025-11-15,0.1784589195525386,2.7842460550616823,1.186433157099698,3.34657689890038,3.34657689890038
2025-11-16,0.161634466537703,2.5217575392027936,1.2795620437956206,3.031073891612994,3.031073891612994
2025-11-17,0.1463961613038701,2.2840154787918867,1.158929622959583,2.74531535176638,2.74531535176638
2025-11-18,0.1325944676503112,2.0686868686868687,1.0496699847309412,2.486497079961802,2.486497079961802
2025-11-19,2.511111111111111,1.873658650921698,0.9507109448383472,2.252079246444507,2.511111111111111
2025-11-20,2.274372756929366,2.936752136752137,0.9983388248215268,2.039761467302417,2.936752136752137
2025-11-21,2.0599532273080685,2.7794871794871794,1.066091199099268,1.847460230389468,2.7794871794871794
2025-11-22,1.865748385249724,2.51744731297968,2.678712296983759,1.67328844945019,2.678712296983759
2025-11-23,1.6898524640828472,2.280111604903281,2.4261731171329166,1.515536945806497,2.4261731171329166
2025-11-24,1.530539365834508,2.0651510377236564,2.1974424057882094,1.37265767588319,2.1974424057882094
2025-11-25,1.4420000000000002,2.282474226804124,1.990275587779392,1.243248539980901,2.282474226804124
2025-11-26,1.6145833333333333,2.464044943820225,1.802639698258551,1.1260396232222538,2.464044943820225
2025-11-27,2.7,2.2317438154278064,1.632693432854318,1.0198807336512083,2.7
2025-11-28,2.686363636363636,2.0213431862075844,3.22283328915982,0.923730115194734,3.22283328915982
2025-11-29,2.4331031162725854,2.88,2.9189963759695305,1.881430363864492,2.9189963759695305
2025-11-30,2.2037190700023364,5.31891891891892,2.6438040936161875,1.704056003216723,5.31891891891892
2025-12-01,1.9959605110907648,4.8174707331658615,2.3945559312659697,1.5434038473443576,4.8174707331658615
2025-12-02,1.8077886678311872,4.363297244927113,2.1688059723510857,1.3978973880557428,4.363297244927113
2025-12-03,1.6373569764428293,3.951941568947993,1.9643388923552705,1.2661087445747918,3.951941568947993
2025-12-04,1.4829929604118708,3.954545454545455,1.7791482194401194,1.146744651492855,3.954545454545455
2025-12-05,6.468965517241381,3.581725399589086,1.61141664457991,1.0386337677251454,6.468965517241381
2025-12-06,5.859095152272722,3.244053453302932,1.4594981879847653,2.115103706972639,5.859095152272722
2025-12-07,5.306721130587342,2.938215980793512,1.3219020468080935,2.106539509536785,5.306721130587342
2025-12-08,4.806422907622269,2.661211744523068,1.1972779656329848,1.9079426834943496,4.806422907622269
2025-12-09,4.353290967893623,3.047368421052631,1.0844029861755429,1.7280688385000136,4.353290967893623
2025-12-10,3.94287864704758,2.7600736926779046,0.9821694461776354,1.5651528405065054,3.94287864704758
2025-12-11,3.5711584959518494,2.658333333333333,0.8895741097200596,1.417595965836614,3.5711584959518494
2025-12-12,3.2344827586206906,4.217391304347826,1.120727848101266,1.2839502126232698,4.217391304347826
2025-12-13,2.929547576136361,3.81979110580865,1.4147120418848167,1.5349692577953449,3.81979110580865
2025-12-14,2.6533605652936707,3.4596751970756907,1.3531032937485996,1.4326566757493189,3.4596751970756907
2025-12-15,2.4032114538111347,5.968674698795181,1.225537673341543,1.2975910539918205,5.968674698795181
2025-12-16,2.1766454839468112,5.4059699189920405,1.109998472192365,1.1752589241375364,5.4059699189920405
2025-12-17,1.9714393235237904,4.896314883929926,1.0053518835614068,1.0644598192287062,4.896314883929926
2025-12-18,1.7855792479759245,4.434708258062917,1.1469353128313893,0.9641064479335196,4.434708258062917
2025-12-19,1.6172413793103453,4.016620213434152,1.038806454211316,0.8732140247628065,4.016620213434152
2025-12-20,1.4647737880681806,3.710204081632653,1.1464694488466278,0.790890606194803,3.710204081632653
2025-12-21,2.4545454545454546,3.360419635983229,1.2535972009621692,0.8656953828828828,3.360419635983229
2025-12-22,2.2231399031932257,3.043611586167114,2.1,1.6639293037789282,3.043611586167114
2025-12-23,2.013550419291475,2.75667103841936,1.902019694954204,2.7826712606404542,2.7826712606404542
2025-12-24,1.8237202639408003,2.496782194087371,1.7227042476160397,2.520331210629137,2.520331210629137
2025-12-25,1.6517866000488008,2.2613947176976903,2.391368613138686,2.2827236192497096,2.391368613138686
2025-12-26,2.15625,2.048198710060195,2.4916270218839203,2.067516800928614,2.4916270218839203
2025-12-27,3.726829268292683,1.8551020408163263,2.2567255562396697,1.8725988928642543,3.726829268292683
2025-12-28,4.619047619047619,4.777777777777778,2.0439697400353967,1.696057130941547,4.777777777777778
2025-12-29,4.183580734933283,4.327346395927554,1.851271762589404,1.5361590794373068,4.327346395927554
2025-12-30,3.789168072987661,3.919380034258715,1.6767406443607762,1.679611155610573,3.919380034258715
2025-12-31,3.43193919157819,3.549875246271599,1.518663680430666,2.151674326986212,3.549875246271599
2026-01-01,3.108388540127108,3.215206015732851,1.3754896334241735,2.60263923524522,3.215206015732851
2026-01-02,2.81534105851986,2.912088173932913,2.0186373626373624,2.357271944903313,2.912088173932913
2026-01-03,2.5499210196752333,3.3194029850746265,1.8283276289079404,2.1350369836043344,3.3194029850746265
2026-01-04,2.3095238095238093,3.696774193548387,1.65595959952944,3.073798449612404,3.696774193548387
2026-01-05,7.777777777777778,3.348255868536894,1.4998417963587958,2.913771888310459,7.777777777777778
2026-01-06,7.0445173887192745,3.032594574144365,1.3584422076142486,2.6390721515097115,7.0445173887192745
2026-01-07,6.380386102281628,2.746692669920876,1.2303732539711278,2.390270099322208,6.380386102281628
2026-01-08,5.778866679977021,2.4877445496075485,1.1143781719990364,2.164924192938562,5.778866679977021
2026-01-09,5.234056304681385,2.253209109223111,1.0093186813186812,3.637354731599336,5.234056304681385
2026-01-10,4.740608655239626,2.0407848107583697,0.9141638144539702,3.345015337423313,4.740608655239626
2026-01-11,9.5,2.2298850574712645,1.9887401304497083,3.825449236298293,9.5
2026-01-12,8.604374810507114,2.019659665140206,1.8012489982195898,3.4647998997556537,8.604374810507114
2026-01-13,7.793185882072561,1.829253552476802,1.631433842919138,3.216306611140031,7.793185882072561
2026-01-14,7.058472873400505,2.0223880597014925,1.6643136378867418,2.9130850092379768,7.058472873400505
2026-01-15,6.393025915003692,2.8228571428571425,1.5074082465911725,2.638450028879277,6.393025915003692
2026-01-16,5.790314857471258,2.556728515122113,1.3652953206441871,2.389706628133749,5.790314857471258
2026-01-17,5.24442518995061,2.3156895192444176,1.256227173119065,2.164413843749044,5.24442518995061
2026-01-18,9.5,2.330232558139535,1.1377946783852888,2.5572490706319706,9.5
2026-01-19,8.604374810507114,2.110546771145197,1.0305275652870969,2.638161255016417,8.604374810507114
2026-01-20,7.793185882072561,1.9115721551619844,1.0863594040968343,2.4375139508928574,7.793185882072561
2026-01-21,7.058472873400505,5.660975609756098,0.983941420186139,2.207714067297071,7.058472873400505
2026-01-22,6.393025915003692,5.127279572576897,1.6370591001724406,1.9995788746792764,6.393025915003692
2026-01-23,5.790314857471258,4.643898442179824,1.482723166824757,1.811065905359213,5.790314857471258
2026-01-24,5.24442518995061,4.206088713520558,1.3429374597455026,1.640325248025376,5.24442518995061
2026-01-25,4.75,3.809554081828901,1.5568192219679635,1.485681394226145,4.75
2026-01-26,4.302187405253557,3.4504032822055946,1.4100480103173083,1.345616796307214,4.302187405253557
2026-01-27,3.89659294103628,3.125111903947462,1.2771138506926234,1.2187569754464287,3.89659294103628
2026-01-28,3.5292364367002524,2.830487804878049,1.7391032464076637,1.1038570336485356,3.5292364367002524
2026-01-29,10.0,3.1085714285714285,1.575146964869605,0.999789437339638,10.0
2026-01-30,9.057236642639069,3.0890625,1.4266478807758698,0.9055329526796064,9.057236642639069
2026-01-31,8.20335356007638,2.7978370066402243,1.2921487461906578,0.820162624012688,8.20335356007638
2026-02-01,7.4299714456847425,2.534067185667344,1.1703296971738153,1.1566866852204485,7.4299714456847425
2026-02-02,6.729500963161781,2.2951646168935524,1.059995301721136,1.4324825725208006,6.729500963161781
2026-02-03,6.095068271022377,2.078784906901694,0.9600628287773928,1.4098167897183482,6.095068271022377
2026-02-04,5.520447568369063,1.882804683095506,0.8695516232038318,1.27690442872448,5.520447568369063
2026-02-05,5.0,1.795918367346939,0.858153078202995,1.1565225580991465,5.0
2026-02-06,4.5286183213195335,1.6266057643923224,0.7772495504893675,1.047489849125426,4.5286183213195335
2026-02-07,4.101676780038189,1.4732553332382072,0.7039733109167043,0.9487363444291276,4.101676780038189
2026-02-08,3.7149857228423713,1.3343622188168518,0.6376052867074719,1.3890838745336465,3.7149857228423713
2026-02-09,3.36475048158089,1.208563438282116,0.7332156973461322,1.8627527492018447,3.36475048158089
2026-02-10,3.047534135511189,1.0946245058162638,0.6640908080961545,1.687139245624761,3.047534135511189
2026-02-11,2.7602237841845305,0.9914273184009744,0.6014827601128279,1.5280819396707015,2.7602237841845305
2026-02-12,2.5,1.7379310344827583,0.5447771694809589,1.670230167075593,2.5
2026-02-13,2.2643091606597667,2.925925925925926,0.4934175741496133,1.512766987087823,2.925925925925926
2026-02-14,2.050838390019095,2.650080350994394,0.4468999732709957,1.3701488587226531,2.650080350994394
2026-02-15,1.8574928614211856,2.4002404860964224,1.0966685703407577,1.2409762449092911,2.4002404860964224
2026-02-16,1.6823752407904449,5.167999999999999,1.116028891962502,1.1239815518037066,5.167999999999999
2026-02-17,1.5237670677555943,4.680779896915869,1.0108137774526649,1.018016689664685,4.680779896915869
2026-02-18,1.3801118920922653,4.239493119847473,0.9155179584028686,0.9220418064449112,4.239493119847473
2026-02-19,1.25,3.839809243129874,1.1896119054566676,0.8351150835377965,3.839809243129874
2026-02-20,1.1321545803298834,3.477806097762008,1.4724121251209288,0.9625689613816264,3.477806097762008
2026-02-21,1.0254191950095477,3.149931282464364,2.2175245098039214,1.8327909270216964,3.149931282464364
2026-02-22,0.9287464307105928,2.852967303333131,2.008464424614631,2.7187456250874984,2.852967303333131
2026-02-23,0.8411876203952224,2.584,1.819113758205663,2.4624322497557145,2.584
2026-02-24,3.44,2.3403899484579345,1.6476143787949191,2.230283160250361,3.44
2026-02-25,3.115689405067839,7.458333333333333,1.4922833324560345,2.0200202362480426,7.458333333333333
2026-02-26,2.8219536246662744,6.755188995968304,1.571071115013169,1.82958013026182,6.755188995968304
2026-02-27,2.555910177315551,6.118334530223633,1.4229562871089094,1.6570940196451711,6.118334530223633
2026-02-28,2.3149483313276527,5.541520369906537,3.802741300415026,1.5008692675028308,5.541520369906537
2026-03-01,2.0967034852316977,5.019086135024828,4.026935326075644,1.8816250842886044,5.019086135024828
2026-03-02,1.8990339635189573,4.545905085470856,3.997711067976093,1.7042323661127572,4.545905085470856
2026-03-03,4.876,7.2555555555555555,3.7246691913566496,1.543563583392794,7.2555555555555555
2026-03-04,4.416308586950809,6.571528364048123,3.921545400475813,2.145683042271911,6.571528364048123
2026-03-05,3.9999551958932416,5.951988749699862,3.6759082217973233,1.943395907395442,5.951988749699862
2026-03-06,3.62285407691588,6.32,3.5213013439057805,1.7601796623616797,6.32
2026-03-07,3.281304669637684,5.724173558147891,3.415021120988589,2.659165613147914,5.724173558147891
2026-03-08,2.9719552889505105,5.184519449968272,4.188430002016264,2.88384995507637,5.184519449968272
2026-03-09,2.6917702343367544,4.695741953672758,3.793560168939053,2.6119711484990726,4.695741953672758
2026-03-10,2.438,4.253044608718246,3.476215486194478,2.365724079570185,4.253044608718246
2026-03-11,2.2081542934754044,3.8520831472861423,3.793153111521873,2.1426922819856657,3.8520831472861423
2026-03-12,1.9999775979466208,3.488922863209248,3.448560059351184,2.1088077166350407,3.488922863209248
2026-03-13,1.81142703845794,3.16,3.626777542136399,1.9099970523386915,3.626777542136399
2026-03-14,1.640652334818842,2.862086779073945,3.2848582449338246,3.4078349282296645,3.4078349282296645
2026-03-15,1.4859776444752557,2.592259724984136,3.322063356164384,3.0865567384027,3.322063356164384
2026-03-16,1.345885117168377,2.347870976836379,3.3095925998819133,2.795567479064545,3.3095925998819133
2026-03-17,1.219,2.126522304359123,3.482936650607608,2.532011620835352,3.482936650607608
2026-03-18,1.1040771467377022,1.926041573643072,4.069874215799493,2.293302843181789,4.069874215799493
2026-03-19,0.9999887989733106,1.7444614316046234,3.838301442239041,2.0770986543934447,3.838301442239041
2026-03-20,0.90571351922897,1.58,3.549043123245726,1.881277404294861,3.549043123245726
2026-03-21,0.8203261674094209,2.224561403508772,4.077806642216789,2.159374236128086,4.077806642216789
2026-03-22,0.7429888222376276,4.150793650793651,4.296081698724052,2.0101390644753474,4.296081698724052
2026-03-23,0.6729425585841885,3.7594720350001847,3.891062858145457,2.698945724326435,3.891062858145457
2026-03-24,1.473913043478261,3.4050427872380533,3.524227709760693,3.7048256986459234,3.7048256986459234
2026-03-25,1.3349579225454975,3.0840278302326354,3.1919764349848507,3.380033486814567,3.380033486814567
2026-03-26,1.2091029812460403,3.37741935483871,3.411297689414293,3.061376315012399,3.411297689414293
2026-03-27,2.0,3.059008633820356,3.813081052066559,2.772760973723765,3.813081052066559
2026-03-28,2.0,2.7706165088387,4.715241742460507,2.511355229249047,4.715241742460507
2026-03-29,1.8114473285278128,2.50941293665546,4.270706028871459,3.3472589792060488,4.270706028871459
2026-03-30,1.640670712015276,2.272834680138834,3.976959399823477,3.0316916678867663,3.976959399823477
2026-03-31,1.4859942891369484,2.058560154761429,3.647739487828011,2.745874886356757,3.647739487828011
2026-04-01,1.3459001926323562,5.340000000000001,3.8708821273331626,2.48700386368128,5.340000000000001
2026-04-02,1.2190136542044754,4.836564367169262,3.6490814132104457,2.395966785290629,4.836564367169262
2026-04-03,3.4153846153846152,4.380590801080787,3.45325656265478,2.774103194103194,4.380590801080787
2026-04-04,3.093394668716728,3.967604751995653,4.598027869626829,2.8491503823279527,4.598027869626829
2026-04-05,2.801760754364548,4.407407407407407,4.164542650465976,2.580542924320984,4.407407407407407
2026-04-06,2.537621016833865,3.9918931869409215,3.7719248293633663,3.3662492546213474,3.9918931869409215
2026-04-07,2.2983834058798696,3.615552124626256,3.5485444035733056,3.105303776683088,3.615552124626256
2026-04-08,2.081700240256873,3.274691118653646,3.2140006400075936,2.812547115269954,3.274691118653646
2026-04-09,5.0,2.965965239319452,2.910996436614219,2.547390479157184,5.0
2026-04-10,4.5286183213195335,2.686344904635789,2.6365583592294053,2.307231839093233,4.5286183213195335
2026-04-11,4.10167678003819,2.4330861505034016,2.3879932981668905,2.089714475609876,4.10167678003819
2026-04-12,3.7149857228423713,2.203703703703704,2.162862040253368,1.892703852114704,3.7149857228423713
2026-04-13,3.36475048158089,1.9959465934704608,1.95895533239559,1.975338288545836,3.36475048158089
2026-04-14,3.0475341355111887,1.807776062313128,1.7742722017866528,2.1655505819158463,3.0475341355111887
2026-04-15,2.7602237841845314,2.261538461538462,1.6070003200037968,1.9686196980589503,2.7602237841845314
2026-04-16,2.5,2.048328902258374,1.4554982183071092,3.6605613194998674,3.6605613194998674
2026-04-17,2.2643091606597667,1.85521995897112,1.3182791796147026,3.315457011560141,3.315457011560141
2026-04-18,2.0508383900190945,4.454545454545454,1.1939966490834453,3.1447621335896203,4.454545454545454
2026-04-19,1.8574928614211856,4.034587231721039,1.081431020126684,2.8482854828731723,4.034587231721039
2026-04-20,1.682375240790445,3.654221131306752,0.9794776661977947,2.935443703963522,3.654221131306752
2026-04-21,1.5237670677555946,4.271212121212121,0.8871361008933264,2.658700827794256,4.271212121212121
2026-04-22,1.3801118920922653,5.78,1.2630302606750996,2.4080482559312952,5.78
2026-04-23,1.25,5.235082779445381,1.1439563957748484,2.181026290086402,5.235082779445381
2026-04-24,1.1321545803298834,4.7415383577241474,1.0361083785393277,1.9754071233129704,4.7415383577241474
2026-04-25,1.0254191950095477,4.294523495605781,1.237514846962083,1.9492532942898977,4.294523495605781
2026-04-26,0.9287464307105928,3.8896515567075096,1.7835190245953334,2.0531305201177625,3.8896515567075096
2026-04-27,0.8411876203952224,3.522949460650934,1.6153753862408742,2.3511456628477907,3.522949460650934
2026-04-28,0.7618835338777972,3.190818694517318,1.463083713987808,2.397972972972973,3.190818694517318
2026-04-29,0.6900559460461326,2.89,1.4032815033864352,2.171900867886895,2.89
2026-04-30,9.9,2.6175413897226907,1.5493523712391637,1.967142012480478,9.9
2026-05-01,8.966664276212677,2.3707691788620733,1.466852399363202,2.4454221388367725,8.966664276212677
2026-05-02,8.121320024475617,2.1472617478028906,1.9614601658708213,2.914700193423598,8.121320024475617
2026-05-03,7.355671731227895,1.9448257783537548,2.066682909002315,3.5965822038892163,7.355671731227895
2026-05-04,6.662205953530163,1.7614747303254674,2.247296752067783,3.2575096125328984,6.662205953530163
2026-05-05,6.034117588312153,1.5954093472586588,2.096728364182091,2.950403542638196,6.034117588312153
2026-05-06,5.465243092685372,1.445,1.92859794005753,2.6722503076954776,5.465243092685372
2026-05-07,4.95,3.399186991869919,1.7467767931607283,2.4203203405163003,4.95
2026-05-08,4.483332138106339,5.768571428571429,2.3196697247706424,2.1921414075048897,5.768571428571429
2026-05-09,4.060660012237808,5.224731651853793,2.1009797630013143,1.9854743481899668,5.224731651853793
2026-05-10,3.677835865613948,4.732163096512632,3.140485785862107,1.7982911019446082,4.732163096512632
2026-05-11,3.3311029767650817,4.286032099667856,2.844412293539742,1.6287548062664492,4.286032099667856
2026-05-12,3.0170587941560774,3.881960698463896,2.5762515251821183,1.4752017713190977,3.881960698463896
2026-05-13,2.7326215463426853,3.5159836683411942,2.3333719714534262,2.860981234930286,3.5159836683411942
2026-05-14,2.475,3.184509611582039,2.113390212075493,2.8581937528293344,3.184509611582039
2026-05-15,2.2416660690531693,3.176923076923077,1.9141475269004904,2.588733718988792,3.176923076923077
2026-05-16,2.030330006118904,2.8774144103153345,1.793566396384421,2.344677389766059,2.8774144103153345
2026-05-17,2.72,2.6061423233165733,2.071076184239249,3.118827766863131,3.118827766863131
2026-05-18,2.463568366797826,2.360444774667537,2.112850601030338,2.865837501689874,2.865837501689874
2026-05-19,2.231312168340775,2.137910690604474,2.034064785788924,3.042178838274283,3.042178838274283
2026-05-20,2.0209522332262497,3.051162790697674,1.8423006111349227,2.755373364747898,3.051162790697674
2026-05-21,1.830424261980004,4.894890510948905,1.6686152601927569,3.013349514563106,4.894890510948905
2026-05-22,1.6578585697180863,4.433418169747268,1.5113043277084557,2.7292619640379616,4.433418169747268
2026-05-23,1.5015617385963849,4.015451749917679,1.3688240935100024,2.873600378489197,4.015451749917679
2026-05-24,1.36,3.636889672610356,1.2397763737066,4.4129010989011,4.4129010989011
2026-05-25,1.231784183398913,3.2940170408002114,1.1228948000613603,3.996868953330925,3.996868953330925
2026-05-26,1.1156560841703873,2.983469184341318,1.2993295408370582,3.62005879399353,3.62005879399353
2026-05-27,1.0104761166131249,2.702198641860068,2.104926824834106,3.278772915746599,3.278772915746599
2026-05-28,0.915212130990002,2.4474452554744524,2.9873397833457367,2.969662219539263,2.9873397833457367
2026-05-29,0.8289292848590434,3.49,2.705704334973246,3.371122893391404,3.49
2026-05-30,0.7507808692981922,3.160975588281034,2.450620444686705,3.747833182230281,3.747833182230281
2026-05-31,0.6799999999999999,2.8629703924666563,2.219584928881687,3.3945012028594683,3.3945012028594683
2026-06-01,0.6158920916994565,2.5930600345439747,2.010330594931664,3.074480067802116,3.074480067802116
2026-06-02,0.5578280420851938,2.3485958361434616,1.8208039928233464,3.9919405520169855,3.9919405520169855
2026-06-03,0.5052380583065625,3.9,2.127006732263076,3.6155950242965065,3.9
2026-06-04,1.6363636363636365,3.532322290629236,1.926480331459312,3.2747299739001807,3.532322290629236
2026-06-05,1.4820932687954838,3.199307888429788,1.7448588249416732,2.966000431435719,3.199307888429788
2026-06-06,1.3423669461943168,2.897688863817049,2.047432856377688,2.686376778968288,2.897688863817049
2026-06-07,1.215813509293867,2.6245053756330945,3.120472768926377,2.433115019840628,3.120472768926377
2026-06-08,1.1011910666992006,2.377076625698727,3.50642199600604,2.203729851345602,3.50642199600604
2026-06-09,0.99737480798548,2.319642857142857,3.1758493786781523,2.2646909827760893,3.1758493786781523
2026-06-10,0.9033459657331192,2.1009554283550265,2.9761876405981207,3.0366864807194025,3.0366864807194025
2026-06-11,0.8181818181818182,1.90288504902486,2.6956035753794807,2.7503988065378446,2.7503988065378446
2026-06-12,0.7410466343977419,1.7234880192758,2.441471947695592,3.0479245283018868,3.0479245283018868
2026-06-13,0.6711834730971583,1.843589743589744,2.211298918664388,3.273293571901922,3.273293571901922
2026-06-14,1.0,1.6697828579634588,2.0028257593955243,2.9646994481545006,2.9646994481545006
2026-06-15,0.9057236642639068,1.5123618486397223,1.8140066856818555,2.685198447623676,2.685198447623676
2026-06-16,0.820335356007638,2.1384,1.6429887823549951,2.43204777725747,2.43204777725747
2026-06-17,0.7429971445684742,1.936799483661938,1.4880938202990603,2.202763224482525,2.202763224482525
2026-06-18,0.6729500963161781,1.754205125286733,1.3478017876897403,3.092324071116789,3.092324071116789
2026-06-19,0.6095068271022377,3.641935483870968,1.2207359738477956,2.80079108878338,3.641935483870968
2026-06-20,1.0291666666666668,3.298587151464357,1.7355056601413472,3.520684835779176,3.520684835779176
2026-06-21,0.932140604471604,3.9,1.5718885458539713,3.428508771929825,3.9
2026-06-22,0.8442618038911942,3.532322290629236,1.4236966535653228,3.33411829893337,3.532322290629236
2026-06-23,0.7646678946183881,3.199307888429788,1.2894757498674458,3.0197898427992755,3.199307888429788
2026-06-24,0.6925778074587333,2.897688863817049,1.1679087011493918,2.7350951217270865,2.897688863817049
2026-06-25,0.6272841095593864,2.6245053756330945,1.057802548330727,2.4772403757609927,2.6245053756330945
2026-06-26,0.5681460622446494,4.973134328358209,0.9580768001418044,2.2436952303967432,4.973134328358209
2026-06-27,4.0,4.50428544675722,0.8677528300706736,2.0321678655663886,4.50428544675722
2026-06-28,3.622894657055627,6.363636363636363,0.7859442729269857,3.355567063697566,6.363636363636363
2026-06-29,3.281341424030552,5.763696045315769,0.7118483267826613,3.039216496615438,5.763696045315769
2026-06-30,2.971988578273897,5.220315901866787,0.6447378749337229,2.752690301805848,5.220315901866787
2026-07-01,2.6918003852647123,4.728163647253926,0.5839543505746959,3.197929201063383,4.728163647253926
2026-07-02,2.4380273084089508,4.282409703830224,0.5289012741653636,4.100925332111773,4.282409703830224
2026-07-03,2.208179027347625,3.8786798088324215,0.8000879421536057,3.7143051186729537,3.8786798088324215
2026-07-04,6.93,3.5130120889621304,1.055938503125528,3.364134042278652,6.93
2026-07-05,6.276664993348874,3.1818181818181817,1.2628382187147689,3.046975811847569,6.276664993348874
2026-07-06,5.684924017132931,2.8818480226578846,1.1437824588268453,3.713052886696096,5.684924017132931
2026-07-07,5.148970211859526,2.610157950933393,1.0359508397294312,3.3629998661440643,5.148970211859526
2026-07-08,4.663544167471114,5.639024390243902,0.9382851905570117,3.045948561683029,5.639024390243902
2026-07-09,4.223882311818507,5.1073978336052495,1.3720249274372545,2.758787692446929,5.1073978336052495
2026-07-10,3.82567016487976,4.625891080706485,1.5162573937981718,2.5022027600849257,4.625891080706485
2026-07-11,3.465,4.189779020103201,1.3733102026781216,3.6451440264442,4.189779020103201
2026-07-12,3.138332496674437,4.928125,1.5131557488447946,3.3014932044007312,4.928125
2026-07-13,2.842462008566465,4.463519432950565,1.559396262577863,2.990240522632217,4.463519432950565
2026-07-14,5.5,4.0427151763251405,2.184913793103448,3.098129032258065,5.5
