,USDINR,NIFTY,INDIAVIX,GOLD,CRUDE,DXY
2015-01-01,63.02799987792969,,15.029999732971191,,,
2015-01-02,63.02799987792969,8395.4501953125,13.800000190734863,1186.0,52.689998626708984,91.08000183105469
2015-01-05,63.27799987792969,8378.400390625,14.149999618530273,1203.9000244140625,50.040000915527344,91.37999725341797
2015-01-06,63.3380012512207,8127.35009765625,17.420000076293945,1219.300048828125,47.93000030517578,91.5
2015-01-07,63.56800079345703,8102.10009765625,18.139999389648438,1210.5999755859375,48.650001525878906,91.88999938964844
2015-01-08,63.27299880981445,8234.599609375,16.469999313354492,1208.4000244140625,48.790000915527344,92.37000274658203
2015-01-09,62.667999267578125,8284.5,15.960000038146973,1216.0,48.36000061035156,91.94000244140625
2015-01-12,62.347999572753906,8323.0,16.110000610351562,1232.699951171875,46.06999969482422,91.9800033569336
2015-01-13,62.06800079345703,8299.400390625,16.479999542236328,1234.300048828125,45.88999938964844,92.30999755859375
2015-01-14,61.972999572753906,8277.5498046875,17.25,1234.4000244140625,48.47999954223633,92.16000366210938
2015-01-15,62.0880012512207,8494.150390625,16.15999984741211,1264.699951171875,46.25,92.3499984741211
2015-01-16,62.05799865722656,8513.7998046875,17.270000457763672,1276.9000244140625,48.689998626708984,92.5199966430664
2015-01-19,61.862998962402344,8550.7001953125,17.649999618530273,,,
2015-01-20,61.63800048828125,8695.599609375,17.270000457763672,1294.199951171875,46.38999938964844,93.05000305175781
2015-01-21,61.64799880981445,8729.5,17.709999084472656,1293.699951171875,47.779998779296875,92.9000015258789
2015-01-22,61.553001403808594,8761.400390625,18.56999969482422,1300.699951171875,46.310001373291016,94.23999786376953
2015-01-23,61.597999572753906,8835.599609375,17.889999389648438,1292.5999755859375,45.59000015258789,95.0
2015-01-26,61.43299865722656,,,1279.4000244140625,45.150001525878906,94.80000305175781
2015-01-27,61.472999572753906,8910.5,18.09000015258789,1291.699951171875,46.22999954223633,94.0199966430664
2015-01-28,61.40299987792969,8914.2998046875,19.770000457763672,1285.9000244140625,44.45000076293945,94.47000122070312
2015-01-29,61.35100173950195,8952.349609375,19.43000030517578,1254.5999755859375,44.529998779296875,94.77999877929688
2015-01-30,61.79600143432617,8808.900390625,20.170000076293945,1278.5,48.2400016784668,94.80000305175781
2015-02-02,62.01300048828125,8797.400390625,20.40999984741211,1276.199951171875,49.56999969482422,94.5
2015-02-03,61.72800064086914,8756.5498046875,19.809999465942383,1259.699951171875,53.04999923706055,93.5999984741211
2015-02-04,61.61399841308594,8723.7001953125,20.049999237060547,1263.800048828125,48.45000076293945,93.98999786376953
2015-02-05,61.86000061035156,8711.7001953125,20.6200008392334,1262.0,50.47999954223633,94.69999694824219
2015-02-06,61.733001708984375,8661.0498046875,20.690000534057617,1233.9000244140625,51.689998626708984,94.69999694824219
2015-02-09,61.9630012512207,8526.349609375,22.020000457763672,1240.800048828125,52.86000061035156,94.44999694824219
2015-02-10,62.130001068115234,8565.5498046875,21.190000534057617,1231.5999755859375,50.02000045776367,94.76000213623047
2015-02-11,62.34199905395508,8627.400390625,20.5,1219.0,48.84000015258789,94.98999786376953
2015-02-12,62.38199996948242,8711.5498046875,20.15999984741211,1220.0999755859375,51.209999084472656,94.08999633789062
2015-02-13,62.16999816894531,8805.5,20.100000381469727,1226.5,52.779998779296875,94.19999694824219
2015-02-16,62.069000244140625,8809.349609375,20.829999923706055,,,
2015-02-17,62.18600082397461,,,1208.0999755859375,53.529998779296875,94.05999755859375
2015-02-18,62.11199951171875,8869.099609375,20.90999984741211,1199.699951171875,52.13999938964844,94.19999694824219
2015-02-19,62.07400131225586,8895.2998046875,20.399999618530273,1207.0999755859375,51.15999984741211,94.4000015258789
2015-02-20,62.165000915527344,8833.599609375,21.270000457763672,1204.4000244140625,50.34000015258789,94.25
2015-02-23,62.10100173950195,8754.9501953125,21.6299991607666,1200.300048828125,49.45000076293945,94.56999969482422
2015-02-24,62.17100143432617,8762.099609375,21.549999237060547,1196.9000244140625,49.279998779296875,94.48999786376953
2015-02-25,62.233001708984375,8767.25,20.780000686645508,1201.0,50.9900016784668,94.20999908447266
2015-02-26,61.87699890136719,8683.849609375,20.579999923706055,1209.5999755859375,48.16999816894531,95.29000091552734
2015-02-27,61.75400161743164,8844.599609375,19.56999969482422,1212.5999755859375,49.7599983215332,95.25
2015-03-02,61.6510009765625,8956.75,15.850000381469727,1207.699951171875,49.59000015258789,95.45999908447266
2015-03-03,61.9010009765625,8996.25,15.489999771118164,1204.0,50.52000045776367,95.37999725341797
2015-03-04,61.8129997253418,8922.650390625,15.199999809265137,1200.5999755859375,51.529998779296875,95.97000122070312
2015-03-05,62.30500030517578,8937.75,14.4399995803833,1195.9000244140625,50.7599983215332,96.37999725341797
2015-03-06,62.44300079345703,,,1164.0999755859375,49.61000061035156,97.62000274658203
2015-03-09,62.452999114990234,8756.75,15.8100004196167,1166.4000244140625,50.0,97.58999633789062
2015-03-10,62.67300033569336,8712.0498046875,15.529999732971191,1160.0999755859375,48.290000915527344,98.62000274658203
2015-03-11,62.7130012512207,8699.9501953125,15.130000114440918,1150.699951171875,48.16999816894531,99.80000305175781
2015-03-12,62.755001068115234,8776.0,14.75,1152.0999755859375,47.04999923706055,99.1500015258789
2015-03-13,62.53499984741211,8647.75,14.970000267028809,1152.5999755859375,44.84000015258789,100.33000183105469
2015-03-16,63.07600021362305,8633.150390625,15.180000305175781,1153.300048828125,43.880001068115234,99.5999984741211
2015-03-17,62.78900146484375,8723.2998046875,15.130000114440918,1148.300048828125,43.459999084472656,99.58999633789062
2015-03-18,62.61600112915039,8685.900390625,15.510000228881836,1151.4000244140625,44.65999984741211,98.55000305175781
2015-03-19,62.69300079345703,8634.650390625,15.199999809265137,1169.0999755859375,43.959999084472656,99.0999984741211
2015-03-20,62.483001708984375,8570.900390625,14.260000228881836,1184.800048828125,45.720001220703125,97.91000366210938
2015-03-23,62.40299987792969,8550.900390625,14.270000457763672,1188.0,47.45000076293945,97.02999877929688
2015-03-24,62.222999572753906,8542.9501953125,13.670000076293945,1191.699951171875,47.5099983215332,97.19000244140625
2015-03-25,62.27799987792969,8530.7998046875,13.140000343322754,1197.300048828125,49.209999084472656,96.9800033569336
2015-03-26,62.46200180053711,8342.150390625,15.15999984741211,1205.0999755859375,51.43000030517578,97.44000244140625
2015-03-27,62.82899856567383,8341.400390625,14.5,1199.800048828125,48.869998931884766,97.29000091552734
2015-03-30,62.51499938964844,8492.2998046875,14.260000228881836,1184.800048828125,48.68000030517578,97.9800033569336
2015-03-31,62.50899887084961,8491.0,14.489999771118164,1183.0999755859375,47.599998474121094,98.36000061035156
2015-04-01,62.305999755859375,8586.25,13.670000076293945,1208.0999755859375,50.09000015258789,98.19000244140625
2015-04-02,62.16899871826172,,,1200.9000244140625,49.13999938964844,97.44000244140625
2015-04-03,62.060001373291016,,,,,
2015-04-06,62.060001373291016,8659.900390625,14.569999694824219,1218.5999755859375,52.13999938964844,97.11000061035156
2015-04-07,62.060001373291016,8660.2998046875,14.25,1210.5999755859375,53.97999954223633,97.83000183105469
2015-04-08,62.308998107910156,8714.400390625,14.350000381469727,1203.0999755859375,50.41999816894531,98.06999969482422
2015-04-09,62.18199920654297,8778.2998046875,14.420000076293945,1193.5999755859375,50.790000915527344,99.16000366210938
2015-04-10,62.31399917602539,8780.349609375,14.260000228881836,1204.5999755859375,51.63999938964844,99.38999938964844
2015-04-13,62.26900100708008,8834.0,14.489999771118164,1199.300048828125,51.90999984741211,99.48999786376953
2015-04-14,62.39099884033203,,,1192.800048828125,53.290000915527344,98.76000213623047
2015-04-15,62.31399917602539,,14.619999885559082,1201.5,56.38999938964844,98.33000183105469
2015-04-16,62.38999938964844,8706.7001953125,14.949999809265137,1198.0,56.709999084472656,97.41999816894531
2015-04-17,62.32600021362305,8606.0,15.039999961853027,1202.9000244140625,55.7400016784668,97.5199966430664
2015-04-20,62.542999267578125,8448.099609375,16.299999237060547,1193.5,56.380001068115234,97.94000244140625
2015-04-21,63.14500045776367,8377.75,17.030000686645508,1202.9000244140625,55.2599983215332,97.9800033569336
2015-04-22,62.87799835205078,8429.7001953125,17.209999084472656,1186.9000244140625,56.15999984741211,98.0199966430664
2015-04-23,62.935001373291016,8398.2998046875,18.5,1194.4000244140625,57.7400016784668,97.27999877929688
2015-04-24,63.2869987487793,8305.25,19.110000610351562,1175.199951171875,57.150001525878906,96.91999816894531
2015-04-27,63.654998779296875,8213.7998046875,18.739999771118164,1203.300048828125,56.9900016784668,96.7699966430664
2015-04-28,63.13999938964844,8285.599609375,17.40999984741211,1214.0,57.060001373291016,96.08999633789062
2015-04-29,63.03300094604492,8239.75,17.239999771118164,1209.800048828125,58.58000183105469,95.12000274658203
2015-04-30,63.44200134277344,8181.5,17.229999542236328,1182.4000244140625,59.630001068115234,94.5999984741211
2015-05-01,63.52299880981445,,,1174.5,59.150001525878906,95.30000305175781
2015-05-04,63.52299880981445,8331.9501953125,17.309999465942383,1186.800048828125,58.93000030517578,95.4800033569336
2015-05-05,63.59299850463867,8324.7998046875,17.360000610351562,1193.199951171875,60.400001525878906,95.12999725341797
2015-05-06,63.34400177001953,8097.0,19.670000076293945,1190.300048828125,60.93000030517578,94.12999725341797
2015-05-07,63.65999984741211,8057.2998046875,19.649999618530273,1182.4000244140625,58.939998626708984,94.62000274658203
2015-05-08,64.08200073242188,8191.5,19.110000610351562,1189.0999755859375,59.38999938964844,94.79000091552734
2015-05-11,63.70399856567383,8325.25,18.6299991607666,1183.199951171875,59.25,95.01000213623047
2015-05-12,64.0199966430664,8126.9501953125,20.549999237060547,1192.5999755859375,60.75,94.52999877929688
2015-05-13,64.21099853515625,8235.4501953125,20.690000534057617,1218.4000244140625,60.5,93.62000274658203
2015-05-14,64.04399871826172,8224.2001953125,20.700000762939453,1225.4000244140625,59.880001068115234,93.36000061035156
2015-05-15,63.40800094604492,8262.349609375,19.81999969482422,1225.5,59.689998626708984,93.13999938964844
2015-05-18,63.43299865722656,8373.650390625,17.899999618530273,1227.800048828125,59.43000030517578,94.19000244140625
2015-05-19,63.729000091552734,8365.650390625,18.270000457763672,1206.9000244140625,57.2599983215332,95.2699966430664
2015-05-20,63.78499984741211,8423.25,17.719999313354492,1208.9000244140625,58.97999954223633,95.44999694824219
2015-05-21,63.625,8421.0,17.40999984741211,1204.4000244140625,60.720001220703125,95.26000213623047
2015-05-22,63.625999450683594,8458.9501953125,16.950000762939453,1204.300048828125,59.720001220703125,96.01000213623047
2015-05-25,63.483001708984375,8370.25,16.93000030517578,,,
2015-05-26,63.57099914550781,8339.349609375,17.06999969482422,1187.199951171875,58.029998779296875,97.30000305175781
2015-05-27,63.97600173950195,8334.599609375,17.280000686645508,1185.9000244140625,57.5099983215332,97.37000274658203
2015-05-28,63.874000549316406,8319.0,17.1299991607666,1188.0999755859375,57.68000030517578,96.97000122070312
2015-05-29,63.82500076293945,8433.650390625,16.65999984741211,1189.4000244140625,60.29999923706055,96.91000366210938
2015-06-01,63.736000061035156,8433.400390625,16.90999984741211,1188.300048828125,60.20000076293945,97.38999938964844
2015-06-02,63.61000061035156,8236.4501953125,16.81999969482422,1194.0999755859375,61.2599983215332,95.83999633789062
2015-06-03,63.6619987487793,8135.10009765625,17.510000228881836,1184.699951171875,59.63999938964844,95.47000122070312
2015-06-04,64.05899810791016,8130.64990234375,18.1200008392334,1174.9000244140625,58.0,95.45999908447266
2015-06-05,64.0009994506836,8114.7001953125,18.09000015258789,1167.800048828125,59.130001068115234,96.30999755859375
2015-06-08,63.762001037597656,8044.14990234375,18.889999389648438,1173.199951171875,58.13999938964844,95.30000305175781
2015-06-09,63.97600173950195,8022.39990234375,18.010000228881836,1177.300048828125,60.13999938964844,95.16999816894531
2015-06-10,64.03800201416016,8124.4501953125,17.079999923706055,1186.0999755859375,61.43000030517578,94.6500015258789
2015-06-11,63.79899978637695,7965.35009765625,17.809999465942383,1179.9000244140625,60.77000045776367,94.9800033569336
2015-06-12,63.999000549316406,7982.89990234375,17.479999542236328,1178.800048828125,59.959999084472656,94.97000122070312
2015-06-15,64.09200286865234,8013.89990234375,17.520000457763672,1185.300048828125,59.52000045776367,94.80999755859375
2015-06-16,64.052001953125,8047.2998046875,17.170000076293945,1180.5,59.970001220703125,95.0
2015-06-17,64.18199920654297,8091.5498046875,16.729999542236328,1176.4000244140625,59.91999816894531,94.30000305175781
2015-06-18,64.00299835205078,8174.60009765625,16.020000457763672,1201.5,60.45000076293945,94.04000091552734
2015-06-19,63.64500045776367,8224.9501953125,15.09000015258789,1201.5,59.61000061035156,94.08999633789062
2015-06-22,63.492000579833984,8353.099609375,15.489999771118164,1183.699951171875,59.68000030517578,94.33000183105469
2015-06-23,63.50699996948242,8381.5498046875,15.039999961853027,1176.199951171875,61.0099983215332,95.43000030517578
2015-06-24,63.599998474121094,8360.849609375,15.920000076293945,1172.5999755859375,60.27000045776367,95.26000213623047
2015-06-25,63.5620002746582,8398.0,15.930000305175781,1171.5,59.70000076293945,95.19000244140625
2015-06-26,63.51100158691406,8381.099609375,15.760000228881836,1172.9000244140625,59.630001068115234,95.47000122070312
2015-06-29,63.444000244140625,8318.400390625,17.299999237060547,1178.5,58.33000183105469,94.79000091552734
2015-06-30,63.7239990234375,8368.5,16.93000030517578,1171.5,59.470001220703125,95.48999786376953
2015-07-01,63.59000015258789,8453.0498046875,15.850000381469727,1169.0,56.959999084472656,96.30999755859375
2015-07-02,63.57400131225586,8444.900390625,15.5600004196167,1163.0,56.93000030517578,96.11000061035156
2015-07-03,63.369998931884766,8484.900390625,16.309999465942383,,,
2015-07-06,63.40399932861328,8522.150390625,16.020000457763672,1172.9000244140625,52.529998779296875,96.30000305175781
2015-07-07,63.3650016784668,8510.7998046875,16.309999465942383,1152.4000244140625,52.33000183105469,96.87000274658203
2015-07-08,63.518001556396484,8363.0498046875,17.790000915527344,1163.300048828125,51.650001525878906,96.29000091552734
2015-07-09,63.5620002746582,8328.5498046875,17.440000534057617,1159.0,52.779998779296875,96.61000061035156
2015-07-10,63.36399841308594,8360.5498046875,17.06999969482422,1157.699951171875,52.7400016784668,96.02999877929688
2015-07-13,63.35200119018555,8459.650390625,16.270000457763672,1155.199951171875,52.20000076293945,96.86000061035156
2015-07-14,63.513999938964844,8454.099609375,16.010000228881836,1153.300048828125,53.040000915527344,96.63999938964844
2015-07-15,63.32400131225586,8523.7998046875,15.569999694824219,1147.199951171875,51.40999984741211,97.12999725341797
2015-07-16,63.52399826049805,8608.0498046875,14.779999732971191,1143.800048828125,50.90999984741211,97.66000366210938
2015-07-17,63.481998443603516,8609.849609375,14.800000190734863,1131.800048828125,50.88999938964844,97.86000061035156
2015-07-20,63.48400115966797,8603.4501953125,14.960000038146973,1106.699951171875,50.150001525878906,98.02999877929688
2015-07-21,63.625,8529.4501953125,15.100000381469727,1103.4000244140625,50.36000061035156,97.33000183105469
2015-07-22,63.58300018310547,8633.5,15.130000114440918,1091.4000244140625,49.189998626708984,97.5999984741211
2015-07-23,63.66400146484375,8589.7998046875,15.520000457763672,1094.0,48.45000076293945,97.12000274658203
2015-07-24,63.847999572753906,8521.5498046875,15.460000038146973,1085.5999755859375,48.13999938964844,97.23999786376953
2015-07-27,64.0999984741211,8361.0,16.3700008392334,1096.5,47.38999938964844,96.5
2015-07-28,64.21700286865234,8337.0,15.920000076293945,1096.300048828125,47.97999954223633,96.7699966430664
2015-07-29,63.8390007019043,8375.0498046875,15.880000114440918,1092.699951171875,48.790000915527344,96.9800033569336
2015-07-30,63.882999420166016,8421.7998046875,15.329999923706055,1088.4000244140625,48.52000045776367,97.55999755859375
2015-07-31,64.11799621582031,8532.849609375,14.569999694824219,1094.9000244140625,47.119998931884766,97.37000274658203
2015-08-03,63.97999954223633,8543.0498046875,15.390000343322754,1089.4000244140625,45.16999816894531,97.48999786376953
2015-08-04,64.1240005493164,8516.900390625,14.829999923706055,1090.699951171875,45.7400016784668,97.93000030517578
2015-08-05,63.819000244140625,8567.9501953125,14.670000076293945,1085.699951171875,45.150001525878906,97.95999908447266
2015-08-06,63.69599914550781,8588.650390625,14.729999542236328,1090.199951171875,44.65999984741211,97.83000183105469
2015-08-07,63.733001708984375,8564.599609375,14.90999984741211,1094.0999755859375,43.869998931884766,97.55999755859375
2015-08-10,63.733001708984375,8525.599609375,15.470000267028809,1104.199951171875,44.959999084472656,97.16000366210938
2015-08-11,63.8380012512207,8462.349609375,15.890000343322754,1107.5999755859375,43.08000183105469,97.29000091552734
2015-08-12,64.32599639892578,8349.4501953125,17.450000762939453,1123.199951171875,43.29999923706055,96.26000213623047
2015-08-13,64.79900360107422,8355.849609375,17.020000457763672,1115.699951171875,42.22999954223633,96.44999694824219
2015-08-14,65.26899719238281,8518.5498046875,16.020000457763672,1112.9000244140625,42.5,96.56999969482422
2015-08-17,65.12200164794922,8477.2998046875,16.459999084472656,1118.5999755859375,41.869998931884766,96.81999969482422
2015-08-18,65.44300079345703,8466.5498046875,16.360000610351562,1117.0999755859375,42.619998931884766,96.97000122070312
2015-08-19,65.44599914550781,8495.150390625,16.68000030517578,1128.0999755859375,40.79999923706055,96.45999908447266
2015-08-20,65.05400085449219,8372.75,16.979999542236328,1153.0,41.13999938964844,95.75
2015-08-21,65.46099853515625,8299.9501953125,17.110000610351562,1159.5999755859375,40.45000076293945,94.83000183105469
2015-08-24,66.0260009765625,7809.0,28.1299991607666,1153.4000244140625,38.2400016784668,93.30999755859375
2015-08-25,66.80699920654297,7880.7001953125,26.850000381469727,1138.199951171875,39.310001373291016,94.52999877929688
2015-08-26,66.28299713134766,7791.85009765625,25.520000457763672,1124.5999755859375,38.599998474121094,95.0999984741211
2015-08-27,66.05599975585938,7948.9501953125,22.040000915527344,1122.4000244140625,42.560001373291016,95.61000061035156
2015-08-28,66.05500030517578,8001.9501953125,23.329999923706055,1133.0999755859375,45.220001220703125,96.11000061035156
2015-08-31,66.14299774169922,7971.2998046875,24.600000381469727,1131.5999755859375,49.20000076293945,95.94999694824219
2015-09-01,66.3499984741211,7785.85009765625,28.719999313354492,1138.699951171875,45.40999984741211,95.44999694824219
2015-09-02,66.4229965209961,7717.0,26.649999618530273,1132.5,46.25,95.83000183105469
2015-09-03,66.22599792480469,7823.0,24.1200008392334,1123.699951171875,46.75,96.41000366210938
2015-09-04,66.16000366210938,7655.0498046875,26.420000076293945,1120.5999755859375,46.04999923706055,96.2300033569336
2015-09-07,66.6780014038086,7558.7998046875,26.350000381469727,,,
2015-09-08,66.8030014038086,7688.25,24.56999969482422,1120.4000244140625,45.939998626708984,95.87999725341797
2015-09-09,66.40599822998047,7818.60009765625,24.299999237060547,1102.199951171875,44.150001525878906,96.01000213623047
2015-09-10,66.59700012207031,7788.10009765625,24.75,1109.5,45.91999816894531,95.45999908447266
2015-09-11,66.31900024414062,7789.2998046875,24.979999542236328,1103.5,44.630001068115234,95.19000244140625
2015-09-14,66.23400115966797,7872.25,24.31999969482422,1107.699951171875,44.0,95.25
2015-09-15,66.31500244140625,7829.10009765625,23.739999771118164,1102.800048828125,44.59000015258789,95.61000061035156
2015-09-16,66.43000030517578,7899.14990234375,22.0,1119.199951171875,47.150001525878906,95.41999816894531
2015-09-17,66.19599914550781,,,1117.300048828125,46.900001525878906,94.55000305175781
2015-09-18,66.12200164794922,7981.89990234375,18.290000915527344,1138.0999755859375,44.68000030517578,94.86000061035156
2015-09-21,65.86100006103516,7977.10009765625,18.18000030517578,1133.0999755859375,46.68000030517578,95.88999938964844
2015-09-22,65.73899841308594,7812.0,20.350000381469727,1125.0,45.83000183105469,96.27999877929688
2015-09-23,65.875,7845.9501953125,20.690000534057617,1131.5999755859375,44.47999954223633,96.06999969482422
2015-09-24,66.16200256347656,7868.5,20.8799991607666,1153.800048828125,44.90999984741211,95.98999786376953
2015-09-25,66.22100067138672,,,1146.0,45.70000076293945,96.2699966430664
2015-09-28,66.16300201416016,7795.7001953125,21.670000076293945,1132.0,44.43000030517578,96.02999877929688
2015-09-29,66.26000213623047,7843.2998046875,21.56999969482422,1127.0999755859375,45.22999954223633,95.88999938964844
2015-09-30,65.91999816894531,7948.89990234375,19.6299991607666,1115.5,45.09000015258789,96.3499984741211
2015-10-01,65.5270004272461,7950.89990234375,19.239999771118164,1114.199951171875,44.7400016784668,96.19000244140625
2015-10-02,65.61799621582031,,,1137.0999755859375,45.540000915527344,95.83000183105469
2015-10-05,65.35700225830078,8119.2998046875,19.1299991607666,1138.0999755859375,46.2599983215332,96.11000061035156
2015-10-06,65.12300109863281,8152.89990234375,19.309999465942383,1146.800048828125,48.529998779296875,95.45999908447266
2015-10-07,65.18399810791016,8177.39990234375,19.34000015258789,1149.0,47.810001373291016,95.5
2015-10-08,64.93900299072266,8129.35009765625,19.559999465942383,1144.699951171875,49.43000030517578,95.31999969482422
2015-10-09,64.99500274658203,8189.7001953125,18.93000030517578,1156.300048828125,49.630001068115234,94.80999755859375
2015-10-12,64.77200317382812,8143.60009765625,19.1200008392334,1164.9000244140625,47.099998474121094,94.83999633789062
2015-10-13,64.78199768066406,8131.7001953125,18.020000457763672,1165.800048828125,46.65999984741211,94.76000213623047
2015-10-14,65.08499908447266,8107.89990234375,17.719999313354492,1180.0999755859375,46.63999938964844,93.93000030517578
2015-10-15,64.8489990234375,8179.5,17.170000076293945,1187.9000244140625,46.380001068115234,94.37000274658203
2015-10-16,64.78399658203125,8238.150390625,16.270000457763672,1183.5999755859375,47.2599983215332,94.54000091552734
2015-10-19,64.69499969482422,8275.0498046875,16.8799991607666,1173.300048828125,45.88999938964844,94.95999908447266
2015-10-20,64.95099639892578,8261.650390625,17.0,1178.0,45.54999923706055,94.8499984741211
2015-10-21,64.99400329589844,8251.7001953125,16.6200008392334,1167.5999755859375,45.20000076293945,95.05000305175781
2015-10-22,65.15899658203125,,,1166.5999755859375,45.380001068115234,96.33999633789062
2015-10-23,65.05000305175781,8295.4501953125,16.190000534057617,1163.300048828125,44.599998474121094,97.06999969482422
2015-10-26,64.88500213623047,8260.5498046875,17.229999542236328,1167.0,43.97999954223633,96.86000061035156
2015-10-27,64.9010009765625,8232.900390625,16.540000915527344,1166.800048828125,43.20000076293945,96.91000366210938
2015-10-28,65.06700134277344,8171.2001953125,17.040000915527344,1177.0999755859375,45.939998626708984,97.77999877929688
2015-10-29,64.94599914550781,8111.75,17.579999923706055,1147.199951171875,46.060001373291016,97.27999877929688
2015-10-30,65.44400024414062,8065.7998046875,17.8799991607666,1141.5,46.59000015258789,96.94999694824219
2015-11-02,65.41500091552734,8050.7998046875,19.479999542236328,1135.800048828125,46.13999938964844,96.93000030517578
2015-11-03,65.54100036621094,8060.7001953125,19.559999465942383,1114.199951171875,47.900001525878906,97.16000366210938
2015-11-04,65.53099822998047,8040.2001953125,19.360000610351562,1106.5,46.31999969482422,97.94999694824219
2015-11-05,65.58499908447266,7955.4501953125,19.290000915527344,1104.4000244140625,45.20000076293945,97.94000244140625
2015-11-06,65.86000061035156,7954.2998046875,19.469999313354492,1087.5999755859375,44.290000915527344,99.16000366210938
2015-11-09,66.13300323486328,7915.2001953125,17.040000915527344,1087.9000244140625,43.869998931884766,98.9800033569336
2015-11-10,66.46800231933594,7783.35009765625,16.829999923706055,1088.199951171875,44.209999084472656,99.29000091552734
2015-11-11,66.19300079345703,,,1084.699951171875,42.93000030517578,99.01000213623047
2015-11-12,66.06300354003906,,,1080.800048828125,41.75,98.6500015258789
2015-11-13,66.0479965209961,7762.25,17.649999618530273,1080.800048828125,40.7400016784668,98.98999786376953
2015-11-16,66.0510025024414,7806.60009765625,17.8799991607666,1083.699951171875,41.7400016784668,99.44000244140625
2015-11-17,65.89700317382812,7837.5498046875,16.969999313354492,1068.699951171875,40.66999816894531,99.62999725341797
2015-11-18,66.03700256347656,7731.7998046875,17.420000076293945,1068.800048828125,40.75,99.6500015258789
2015-11-19,66.07499694824219,7842.75,15.84000015258789,1078.0,40.540000915527344,98.98999786376953
2015-11-20,66.08499908447266,7856.5498046875,15.899999618530273,1076.4000244140625,40.38999938964844,99.56999969482422
2015-11-23,66.05000305175781,7849.25,17.079999923706055,1066.800048828125,41.75,99.80000305175781
2015-11-24,66.37100219726562,7831.60009765625,16.25,1074.300048828125,42.869998931884766,99.52999877929688
2015-11-25,66.30000305175781,,,1070.5,43.040000915527344,99.80000305175781
2015-11-26,66.38200378417969,7883.7998046875,16.690000534057617,,,
2015-11-27,66.55799865722656,7942.7001953125,16.729999542236328,1056.199951171875,41.709999084472656,100.0199966430664
2015-11-30,66.9000015258789,7935.25,16.43000030517578,1065.800048828125,41.650001525878906,100.16999816894531
2015-12-01,66.50800323486328,7954.89990234375,15.640000343322754,1063.800048828125,41.849998474121094,99.80000305175781
2015-12-02,66.46099853515625,7931.35009765625,15.489999771118164,1054.199951171875,39.939998626708984,99.98999786376953
2015-12-03,66.55699920654297,7864.14990234375,16.059999465942383,1061.699951171875,41.08000183105469,97.62000274658203
2015-12-04,66.8030014038086,7781.89990234375,16.09000015258789,1084.5,39.970001220703125,98.3499984741211
2015-12-07,66.63600158691406,7765.39990234375,15.869999885559082,1076.4000244140625,37.650001525878906,98.66000366210938
2015-12-08,66.76799774169922,7701.7001953125,15.970000267028809,1076.300048828125,37.5099983215332,98.47000122070312
2015-12-09,66.83300018310547,7612.5,16.729999542236328,1077.5999755859375,37.15999984741211,97.3499984741211
2015-12-10,66.88999938964844,7683.2998046875,16.290000915527344,1073.0999755859375,36.7599983215332,97.94000244140625
2015-12-11,66.78600311279297,7610.4501953125,17.18000030517578,1076.9000244140625,35.619998931884766,97.56999969482422
2015-12-14,67.14099884033203,7650.0498046875,17.799999237060547,1064.699951171875,36.310001373291016,97.5999984741211
2015-12-15,67.07099914550781,7700.89990234375,17.34000015258789,1062.9000244140625,37.349998474121094,98.22000122070312
2015-12-16,66.90299987792969,7750.89990234375,16.729999542236328,1078.0,35.52000045776367,97.87000274658203
2015-12-17,66.4280014038086,7844.35009765625,14.220000267028809,1050.800048828125,34.95000076293945,99.2699966430664
2015-12-18,66.45899963378906,7761.9501953125,14.489999771118164,1066.199951171875,34.72999954223633,98.69999694824219
2015-12-21,66.24800109863281,7834.4501953125,14.229999542236328,1081.9000244140625,34.7400016784668,98.45999908447266
2015-12-22,66.26899719238281,7786.10009765625,14.479999542236328,1074.800048828125,36.13999938964844,98.23999786376953
2015-12-23,66.24299621582031,7865.9501953125,13.649999618530273,1069.4000244140625,37.5,98.33999633789062
2015-12-24,66.15399932861328,7861.0498046875,13.75,1077.199951171875,38.099998474121094,97.9800033569336
2015-12-25,65.94000244140625,,,,,
2015-12-28,65.94000244140625,7925.14990234375,14.399999618530273,1070.5,36.810001373291016,97.91999816894531
2015-12-29,66.13400268554688,7928.9501953125,14.239999771118164,1077.5,37.869998931884766,98.0999984741211
2015-12-30,66.26000213623047,7896.25,14.350000381469727,1060.0999755859375,36.599998474121094,98.2699966430664
2015-12-31,66.45500183105469,7946.35009765625,13.869999885559082,1060.300048828125,37.040000915527344,98.62999725341797
2016-01-01,66.19300079345703,,14.260000228881836,,,
2016-01-04,66.19300079345703,7791.2998046875,16.84000015258789,1075.0999755859375,36.7599983215332,98.87000274658203
2016-01-05,66.60099792480469,7784.64990234375,16.700000762939453,1078.4000244140625,35.970001220703125,99.4000015258789
2016-01-06,66.52400207519531,7741.0,16.549999237060547,1091.9000244140625,33.970001220703125,99.18000030517578
2016-01-07,66.7239990234375,7568.2998046875,18.959999084472656,1107.699951171875,33.27000045776367,98.22000122070312
2016-01-08,66.9209976196289,7601.35009765625,17.799999237060547,1097.800048828125,33.15999984741211,98.54000091552734
2016-01-11,66.83999633789062,7563.85009765625,18.690000534057617,1096.5,31.40999984741211,98.7300033569336
2016-01-12,66.79299926757812,7510.2998046875,18.709999084472656,1085.5999755859375,30.440000534057617,98.97000122070312
2016-01-13,66.91999816894531,7562.39990234375,18.350000381469727,1087.5,30.479999542236328,98.93000030517578
2016-01-14,66.93599700927734,7536.7998046875,18.610000610351562,1073.9000244140625,31.200000762939453,99.08999633789062
2016-01-15,67.30400085449219,7437.7998046875,19.420000076293945,1091.5,29.420000076293945,98.95999908447266
2016-01-18,67.76699829101562,7351.0,20.229999542236328,,,99.12000274658203
2016-01-19,67.71099853515625,7435.10009765625,18.43000030517578,1089.9000244140625,28.459999084472656,98.98999786376953
2016-01-20,67.76699829101562,7309.2998046875,20.969999313354492,1107.0999755859375,26.549999237060547,99.08999633789062
2016-01-21,67.9489974975586,7276.7998046875,20.809999465942383,1099.0999755859375,29.530000686645508,99.05999755859375
2016-01-22,67.80799865722656,7422.4501953125,18.81999969482422,1097.199951171875,32.189998626708984,99.56999969482422
2016-01-25,67.54100036621094,7436.14990234375,18.270000457763672,1106.199951171875,30.34000015258789,99.36000061035156
2016-01-26,67.74099731445312,,,1121.699951171875,31.450000762939453,99.36000061035156
2016-01-27,67.7699966430664,7437.75,19.059999465942383,1116.0999755859375,32.29999923706055,98.9000015258789
2016-01-28,68.19599914550781,7424.64990234375,17.899999618530273,1115.5999755859375,33.220001220703125,98.51000213623047
2016-01-29,68.09300231933594,7563.5498046875,17.239999771118164,1116.4000244140625,33.619998931884766,99.61000061035156
2016-02-01,67.87000274658203,7555.9501953125,17.889999389648438,1127.9000244140625,31.6200008392334,99.0
2016-02-02,67.88200378417969,7455.5498046875,18.040000915527344,1127.300048828125,29.8799991607666,98.87000274658203
2016-02-03,67.98600006103516,7361.7998046875,18.59000015258789,1141.300048828125,32.279998779296875,97.29000091552734
2016-02-04,67.927001953125,7404.0,18.209999084472656,1157.5999755859375,31.719999313354492,96.47000122070312
2016-02-05,67.56400299072266,7489.10009765625,18.110000610351562,1157.800048828125,30.889999389648438,97.02999877929688
2016-02-08,67.802001953125,7387.25,20.260000228881836,1197.9000244140625,29.690000534057617,96.56999969482422
2016-02-09,68.07599639892578,7298.2001953125,21.729999542236328,1198.699951171875,27.940000534057617,96.06999969482422
2016-02-10,67.9280014038086,7215.7001953125,22.469999313354492,1194.699951171875,27.450000762939453,95.88999938964844
2016-02-11,67.89299774169922,6976.35009765625,25.969999313354492,1247.9000244140625,26.209999084472656,95.55999755859375
2016-02-12,68.4739990234375,6980.9501953125,24.670000076293945,1239.0999755859375,29.440000534057617,95.9800033569336
2016-02-15,68.11100006103516,7162.9501953125,22.3799991607666,,,
2016-02-16,68.13700103759766,7048.25,23.040000915527344,1207.9000244140625,29.040000915527344,96.87000274658203
2016-02-17,68.50599670410156,7108.4501953125,21.829999923706055,1211.0999755859375,30.65999984741211,96.79000091552734
2016-02-18,68.35600280761719,7191.75,21.489999771118164,1226.0999755859375,30.770000457763672,96.94999694824219
2016-02-19,68.56600189208984,7210.75,20.920000076293945,1230.4000244140625,29.639999389648438,96.5999984741211
2016-02-22,68.53800201416016,7234.5498046875,21.020000457763672,1209.5,31.479999542236328,97.37999725341797
2016-02-23,68.5739974975586,7109.5498046875,23.84000015258789,1222.300048828125,31.8700008392334,97.4800033569336
2016-02-24,68.60299682617188,7018.7001953125,22.959999084472656,1238.699951171875,32.150001525878906,97.45999908447266
2016-02-25,68.3759994506836,6970.60009765625,22.75,1238.199951171875,33.06999969482422,97.29000091552734
2016-02-26,68.7969970703125,7029.75,21.8700008392334,1219.800048828125,32.779998779296875,98.1500015258789
2016-02-29,68.7300033569336,6987.0498046875,20.15999984741211,1233.9000244140625,33.75,98.20999908447266
2016-03-01,68.21800231933594,7222.2998046875,18.670000076293945,1230.300048828125,34.400001525878906,98.3499984741211
2016-03-02,67.74600219726562,7368.85009765625,18.989999771118164,1241.0999755859375,34.65999984741211,98.20999908447266
2016-03-03,67.38800048828125,7475.60009765625,18.040000915527344,1257.4000244140625,34.56999969482422,97.56999969482422
2016-03-04,67.14299774169922,7485.35009765625,17.8799991607666,1269.9000244140625,35.91999816894531,97.33999633789062
2016-03-07,66.93000030517578,,,1263.199951171875,37.900001525878906,97.06999969482422
2016-03-08,67.0459976196289,7485.2998046875,18.469999313354492,1262.0999755859375,36.5,97.20999908447266
2016-03-09,67.35700225830078,7531.7998046875,17.510000228881836,1256.5999755859375,38.290000915527344,97.16999816894531
2016-03-10,67.1449966430664,7486.14990234375,17.899999618530273,1272.0,37.84000015258789,96.06999969482422
2016-03-11,67.30899810791016,7510.2001953125,17.100000381469727,1258.699951171875,38.5,96.16999816894531
2016-03-14,66.91300201416016,7538.75,17.100000381469727,1244.4000244140625,37.18000030517578,96.62000274658203
2016-03-15,67.17400360107422,7460.60009765625,17.600000381469727,1230.4000244140625,36.34000015258789,96.62999725341797
2016-03-16,67.35900115966797,7498.75,17.110000610351562,1229.300048828125,38.459999084472656,95.88999938964844
2016-03-17,66.83000183105469,7512.5498046875,16.84000015258789,1264.5,40.20000076293945,94.76000213623047
2016-03-18,66.61199951171875,7604.35009765625,16.3799991607666,1253.800048828125,39.439998626708984,94.98999786376953
2016-03-21,66.3759994506836,7704.25,16.329999923706055,1243.800048828125,39.90999984741211,95.29000091552734
2016-03-22,66.5199966430664,7714.89990234375,16.43000030517578,1248.199951171875,41.45000076293945,95.6500015258789
2016-03-23,66.76399993896484,7716.5,16.350000381469727,1223.699951171875,39.790000915527344,96.05000305175781
2016-03-24,66.9020004272461,,,1221.4000244140625,39.459999084472656,96.13999938964844
2016-03-25,66.90699768066406,,,,,
2016-03-28,66.90699768066406,7615.10009765625,17.489999771118164,1219.9000244140625,39.38999938964844,95.94000244140625
2016-03-29,66.90699768066406,7597.0,17.639999389648438,1235.5999755859375,38.279998779296875,95.16000366210938
2016-03-30,66.36799621582031,7735.2001953125,16.809999465942383,1226.9000244140625,38.31999969482422,94.83999633789062
2016-03-31,66.36799621582031,7738.39990234375,16.579999923706055,1234.199951171875,38.34000015258789,94.58999633789062
2016-04-01,66.24800109863281,7713.0498046875,17.280000686645508,1222.199951171875,36.790000915527344,94.62000274658203
2016-04-04,66.35800170898438,7758.7998046875,17.450000762939453,1218.0,35.70000076293945,94.51000213623047
2016-04-05,66.13300323486328,7603.2001953125,17.829999923706055,1228.4000244140625,35.88999938964844,94.62999725341797
2016-04-06,66.46800231933594,7614.35009765625,17.350000381469727,1222.5,37.75,94.43000030517578
2016-04-07,66.53299713134766,7546.4501953125,16.93000030517578,1236.199951171875,37.2599983215332,94.4800033569336
2016-04-08,66.77899932861328,7555.2001953125,16.43000030517578,1242.5,39.720001220703125,94.23999786376953
2016-04-11,66.54399871826172,7671.39990234375,16.010000228881836,1256.699951171875,40.36000061035156,93.94999694824219
2016-04-12,66.29000091552734,7708.9501953125,16.020000457763672,1259.4000244140625,42.16999816894531,93.95999908447266
2016-04-13,66.31500244140625,7850.4501953125,16.040000915527344,1246.800048828125,41.7599983215332,94.73999786376953
2016-04-14,66.5250015258789,,,1225.0,41.5,94.9000015258789
2016-04-15,66.63700103759766,,,1233.0999755859375,40.36000061035156,94.69999694824219
2016-04-18,66.65299987792969,7914.7001953125,16.950000762939453,1233.5999755859375,39.779998779296875,94.48999786376953
2016-04-19,66.40899658203125,,,1253.0,41.08000183105469,93.9800033569336
2016-04-20,66.22200012207031,7914.75,17.079999923706055,1253.199951171875,42.630001068115234,94.48999786376953
2016-04-21,66.2040023803711,7912.0498046875,16.510000228881836,1249.0,43.18000030517578,94.5999984741211
2016-04-22,66.51200103759766,7899.2998046875,16.3799991607666,1228.699951171875,43.72999954223633,95.12000274658203
2016-04-25,66.65299987792969,7855.0498046875,16.56999969482422,1238.9000244140625,42.63999938964844,94.83999633789062
2016-04-26,66.70500183105469,7962.64990234375,16.579999923706055,1242.199951171875,44.040000915527344,94.56999969482422
2016-04-27,66.45700073242188,7979.89990234375,16.350000381469727,1249.199951171875,45.33000183105469,94.38999938964844
2016-04-28,66.3550033569336,7847.25,16.600000381469727,1265.5,46.029998779296875,93.76000213623047
2016-04-29,66.43800354003906,7849.7998046875,16.540000915527344,1289.199951171875,45.91999816894531,93.08000183105469
2016-05-02,66.41799926757812,7805.89990234375,17.09000015258789,1294.699951171875,44.779998779296875,92.62999725341797
2016-05-03,66.37100219726562,7747.0,17.459999084472656,1290.699951171875,43.650001525878906,92.94000244140625
2016-05-04,66.59200286865234,7706.5498046875,17.450000762939453,1273.300048828125,43.779998779296875,93.18000030517578
2016-05-05,66.62000274658203,7735.5,17.170000076293945,1271.4000244140625,44.31999969482422,93.77999877929688
2016-05-06,66.60199737548828,7733.4501953125,16.950000762939453,1292.9000244140625,44.65999984741211,93.88999938964844
2016-05-09,66.59400177001953,7866.0498046875,16.610000610351562,1265.5999755859375,43.439998626708984,94.1500015258789
2016-05-10,66.72100067138672,7887.7998046875,16.420000076293945,1263.9000244140625,44.65999984741211,94.29000091552734
2016-05-11,66.66600036621094,7848.85009765625,16.959999084472656,1274.5999755859375,46.22999954223633,93.81999969482422
2016-05-12,66.59100341796875,7900.39990234375,16.329999923706055,1270.300048828125,46.70000076293945,94.13999938964844
2016-05-13,66.7509994506836,7814.89990234375,17.0,1271.9000244140625,46.209999084472656,94.61000061035156
2016-05-16,66.9000015258789,7860.75,17.030000686645508,1273.4000244140625,47.720001220703125,94.56999969482422
2016-05-17,66.875,7890.75,16.3700008392334,1276.199951171875,48.310001373291016,94.55000305175781
2016-05-18,66.86799621582031,7870.14990234375,16.450000762939453,1273.699951171875,48.189998626708984,95.08000183105469
2016-05-19,67.16000366210938,7783.39990234375,17.059999465942383,1254.199951171875,48.15999984741211,95.29000091552734
2016-05-20,67.47699737548828,7749.7001953125,16.43000030517578,1252.4000244140625,47.75,95.30999755859375
2016-05-23,67.4229965209961,7731.0498046875,16.15999984741211,1251.0999755859375,48.08000183105469,95.2300033569336
2016-05-24,67.447998046875,7748.85009765625,16.219999313354492,1228.9000244140625,48.619998931884766,95.56999969482422
2016-05-25,67.6510009765625,7934.89990234375,15.520000457763672,1223.5,49.560001373291016,95.3499984741211
2016-05-26,67.30400085449219,8069.64990234375,15.329999923706055,1220.0999755859375,49.47999954223633,95.16999816894531
2016-05-27,66.9540023803711,8156.64990234375,15.260000228881836,1213.800048828125,49.33000183105469,95.5199966430664
2016-05-30,67.02400207519531,8178.5,15.979999542236328,,,
2016-05-31,67.13300323486328,8160.10009765625,16.049999237060547,1214.800048828125,49.099998474121094,95.88999938964844
2016-06-01,67.23100280761719,8179.9501953125,15.84000015258789,1211.9000244140625,49.0099983215332,95.45999908447266
2016-06-02,67.4260025024414,8218.9501953125,15.09000015258789,1209.800048828125,49.16999816894531,95.55999755859375
2016-06-03,67.29199981689453,8220.7998046875,15.0,1240.0999755859375,48.619998931884766,94.02999877929688
2016-06-06,66.99199676513672,8201.0498046875,15.359999656677246,1244.5999755859375,49.689998626708984,93.9000015258789
2016-06-07,66.8010025024414,8266.4501953125,14.869999885559082,1244.4000244140625,50.36000061035156,93.83000183105469
2016-06-08,66.76300048828125,8273.0498046875,15.140000343322754,1259.800048828125,51.22999954223633,93.58999633789062
2016-06-09,66.51000213623047,8203.599609375,15.670000076293945,1270.199951171875,50.560001373291016,94.0999984741211
2016-06-10,66.74099731445312,8170.0498046875,15.970000267028809,1273.4000244140625,49.06999969482422,94.5999984741211
2016-06-13,66.94499969482422,8110.60009765625,16.579999923706055,1284.4000244140625,48.880001068115234,94.37000274658203
2016-06-14,67.15399932861328,8108.85009765625,17.190000534057617,1285.5999755859375,48.4900016784668,94.93000030517578
2016-06-15,67.2979965209961,8206.599609375,17.059999465942383,1285.800048828125,48.0099983215332,94.61000061035156
2016-06-16,67.072998046875,8140.75,17.700000762939453,1296.0999755859375,46.209999084472656,94.56999969482422
2016-06-17,67.30699920654297,8170.2001953125,17.350000381469727,1292.5,47.97999954223633,94.20999908447266
2016-06-20,67.06600189208984,8238.5,17.520000457763672,1290.0,49.369998931884766,93.61000061035156
2016-06-21,67.12999725341797,8219.900390625,17.260000228881836,1270.5,48.849998474121094,94.0199966430664
2016-06-22,67.60600280761719,8203.7001953125,18.18000030517578,1268.0,49.130001068115234,93.72000122070312
2016-06-23,67.4219970703125,8270.4501953125,18.020000457763672,1261.199951171875,50.11000061035156,93.52999877929688
2016-06-24,67.24199676513672,8088.60009765625,18.6299991607666,1320.0,47.63999938964844,95.44999694824219
2016-06-27,67.87699890136719,8094.7001953125,18.530000686645508,1322.5,46.33000183105469,96.54000091552734
2016-06-28,67.9209976196289,8127.85009765625,17.729999542236328,1315.300048828125,47.849998474121094,96.25
2016-06-29,67.70500183105469,8204.0,16.15999984741211,1323.9000244140625,49.880001068115234,95.7699966430664
2016-06-30,67.41600036621094,8287.75,16.290000915527344,1318.4000244140625,48.33000183105469,96.13999938964844
2016-07-01,67.5009994506836,8328.349609375,15.739999771118164,1336.699951171875,48.9900016784668,95.6500015258789
2016-07-04,67.18199920654297,8370.7001953125,15.579999923706055,,,
2016-07-05,67.23699951171875,8335.9501953125,15.359999656677246,1356.4000244140625,46.599998474121094,96.16999816894531
2016-07-06,67.4260025024414,,,1364.9000244140625,47.43000030517578,96.05999755859375
2016-07-07,67.4010009765625,8337.900390625,15.3100004196167,1360.0999755859375,45.13999938964844,96.33000183105469
2016-07-08,67.49700164794922,8323.2001953125,15.079999923706055,1356.5999755859375,45.40999984741211,96.30000305175781
2016-07-11,67.13200378417969,8467.900390625,14.850000381469727,1355.0,44.7599983215332,96.56999969482422
2016-07-12,67.1449966430664,8521.0498046875,14.779999732971191,1334.0999755859375,46.79999923706055,96.44000244140625
2016-07-13,66.87000274658203,8519.5,15.329999923706055,1342.4000244140625,44.75,96.22000122070312
2016-07-14,67.00599670410156,8565.0,15.609999656677246,1331.300048828125,45.68000030517578,96.08000183105469
2016-07-15,66.83799743652344,8541.400390625,15.640000343322754,1326.5,45.95000076293945,96.58000183105469
2016-07-18,67.13300323486328,8508.7001953125,15.989999771118164,1328.4000244140625,45.2400016784668,96.55999755859375
2016-07-19,67.13899993896484,8528.5498046875,15.800000190734863,1331.5,44.650001525878906,97.05000305175781
2016-07-20,67.20600128173828,8565.849609375,15.989999771118164,1318.800048828125,44.939998626708984,97.19999694824219
2016-07-21,67.16400146484375,8510.099609375,15.710000038146973,1330.5,44.75,97.0
2016-07-22,67.15399932861328,8541.2001953125,15.5,1323.0999755859375,44.189998626708984,97.47000122070312
2016-07-25,67.14600372314453,8635.650390625,15.720000267028809,1319.300048828125,43.130001068115234,97.29000091552734
2016-07-26,67.40499877929688,8590.650390625,15.619999885559082,1320.699951171875,42.91999816894531,97.16000366210938
2016-07-27,67.28399658203125,8615.7998046875,15.430000305175781,1326.5999755859375,41.91999816894531,97.05000305175781
2016-07-28,67.06300354003906,8666.2998046875,15.149999618530273,1332.300048828125,41.13999938964844,96.73999786376953
2016-07-29,67.00700378417969,8638.5,14.920000076293945,1349.0,41.599998474121094,95.52999877929688
2016-08-01,66.64800262451172,8636.5498046875,15.180000305175781,1351.4000244140625,40.060001373291016,95.70999908447266
2016-08-02,66.7509994506836,8622.900390625,15.6899995803833,1364.4000244140625,39.5099983215332,95.05999755859375
2016-08-03,66.6760025024414,8544.849609375,16.239999771118164,1356.0999755859375,40.83000183105469,95.55999755859375
2016-08-04,66.76000213623047,8551.099609375,15.140000343322754,1358.800048828125,41.93000030517578,95.76000213623047
2016-08-05,66.84100341796875,8683.150390625,14.350000381469727,1336.4000244140625,41.79999923706055,96.19000244140625
2016-08-08,66.83499908447266,8711.349609375,14.59000015258789,1333.4000244140625,43.02000045776367,96.4000015258789
2016-08-09,66.79399871826172,8678.25,14.539999961853027,1339.0,42.77000045776367,96.18000030517578
2016-08-10,66.78299713134766,8575.2998046875,14.920000076293945,1344.300048828125,41.709999084472656,95.6500015258789
2016-08-11,66.75800323486328,8592.150390625,14.210000038146973,1342.5,43.4900016784668,95.86000061035156
2016-08-12,66.73999786376953,,13.770000457763672,1335.800048828125,44.4900016784668,95.72000122070312
2016-08-15,66.89959716796875,,,1340.300048828125,45.7400016784668,95.62999725341797
2016-08-16,66.86489868164062,8642.5498046875,14.180000305175781,1350.5,46.58000183105469,94.79000091552734
2016-08-17,66.85769653320312,8624.0498046875,14.779999732971191,1342.699951171875,46.790000915527344,94.72000122070312
2016-08-18,66.90550231933594,8673.25,14.550000190734863,1351.199951171875,48.220001220703125,94.16000366210938
2016-08-19,66.81999969482422,8666.900390625,14.539999961853027,1340.4000244140625,48.52000045776367,94.51000213623047
2016-08-22,67.12750244140625,8629.150390625,14.239999771118164,1337.699951171875,47.04999923706055,94.5199966430664
2016-08-23,67.1874008178711,8632.599609375,13.899999618530273,1340.5999755859375,48.099998474121094,94.54000091552734
2016-08-24,67.12999725341797,8650.2998046875,13.489999771118164,1324.4000244140625,46.77000045776367,94.79000091552734
2016-08-25,67.16000366210938,8592.2001953125,13.289999961853027,1320.0999755859375,47.33000183105469,94.7699966430664
2016-08-26,67.00559997558594,8572.5498046875,13.569999694824219,1321.5,47.63999938964844,95.56999969482422
2016-08-29,67.12899780273438,8607.4501953125,13.170000076293945,1322.9000244140625,46.97999954223633,95.58000183105469
2016-08-30,67.08999633789062,8744.349609375,13.020000457763672,1311.699951171875,46.349998474121094,96.05000305175781
2016-08-31,67.12660217285156,8786.2001953125,13.239999771118164,1306.9000244140625,44.70000076293945,96.0199966430664
2016-09-01,66.97470092773438,8774.650390625,13.34000015258789,1312.199951171875,43.15999984741211,95.6500015258789
2016-09-02,66.79299926757812,8809.650390625,12.9399995803833,1322.0999755859375,44.439998626708984,95.87999725341797
2016-09-05,66.57279968261719,,,,,
2016-09-06,66.45999908447266,8943.0,12.75,1349.4000244140625,44.83000183105469,94.81999969482422
2016-09-07,66.25520324707031,8917.9501953125,13.149999618530273,1344.300048828125,45.5,94.95999908447266
2016-09-08,66.47160339355469,8952.5,13.119999885559082,1336.800048828125,47.619998931884766,95.02999877929688
2016-09-09,66.44999694824219,8866.7001953125,13.229999542236328,1330.0999755859375,45.880001068115234,95.33999633789062
2016-09-12,66.77799987792969,8715.599609375,15.239999771118164,1321.0,46.290000915527344,95.0999984741211
2016-09-13,66.7229995727539,,,1319.0,44.900001525878906,95.62999725341797
2016-09-14,66.99500274658203,8726.599609375,14.760000228881836,1321.5,43.58000183105469,95.33000183105469
2016-09-15,66.75810241699219,8742.5498046875,14.680000305175781,1313.5,43.90999984741211,95.29000091552734
2016-09-16,66.85030364990234,8779.849609375,14.579999923706055,1305.800048828125,43.029998779296875,96.11000061035156
2016-09-19,67.06529998779297,8808.400390625,14.9399995803833,1313.5,43.29999923706055,95.83999633789062
2016-09-20,66.9552001953125,8775.900390625,14.779999732971191,1313.699951171875,43.439998626708984,96.0199966430664
2016-09-21,66.9749984741211,8777.150390625,14.8100004196167,1326.9000244140625,45.34000015258789,95.66000366210938
2016-09-22,66.76119995117188,8867.4501953125,13.34000015258789,1340.4000244140625,46.31999969482422,95.44999694824219
2016-09-23,66.62259674072266,8831.5498046875,13.25,1337.199951171875,44.47999954223633,95.4800033569336
2016-09-26,66.69650268554688,8723.0498046875,14.569999694824219,1339.699951171875,45.93000030517578,95.30999755859375
2016-09-27,66.60649871826172,8706.400390625,14.25,1325.9000244140625,44.66999816894531,95.44000244140625
2016-09-28,66.44129943847656,8745.150390625,13.850000381469727,1319.4000244140625,47.04999923706055,95.43000030517578
2016-09-29,66.33280181884766,8591.25,18.450000762939453,1321.699951171875,47.83000183105469,95.54000091552734
2016-09-30,66.81629943847656,8611.150390625,17.18000030517578,1313.300048828125,48.2400016784668,95.45999908447266
2016-10-03,66.54650115966797,8738.099609375,15.619999885559082,1309.0,48.810001373291016,95.75
2016-10-04,66.38030242919922,8769.150390625,14.989999771118164,1266.300048828125,48.689998626708984,96.12000274658203
2016-10-05,66.5780029296875,8743.9501953125,14.930000305175781,1265.199951171875,49.83000183105469,96.12999725341797
2016-10-06,66.56320190429688,8709.5498046875,14.84000015258789,1249.800048828125,50.439998626708984,96.66000366210938
2016-10-07,66.68710327148438,8697.599609375,14.489999771118164,1248.9000244140625,49.810001373291016,96.5199966430664
2016-10-10,66.59120178222656,8708.7998046875,14.289999961853027,,,
2016-10-11,66.48509979248047,,,1253.0,50.790000915527344,97.69999694824219
2016-10-12,66.79850006103516,,,1251.0999755859375,50.18000030517578,97.97000122070312
2016-10-13,66.81809997558594,8573.349609375,15.430000305175781,1255.0,50.439998626708984,97.5199966430664
2016-10-14,66.78399658203125,8583.400390625,14.890000343322754,1253.0999755859375,50.349998474121094,98.0199966430664
2016-10-17,66.7052993774414,8520.400390625,15.65999984741211,1254.4000244140625,49.939998626708984,97.88999938964844
2016-10-18,66.78359985351562,8677.900390625,14.539999961853027,1260.800048828125,50.290000915527344,97.9000015258789
2016-10-19,66.73799896240234,8659.099609375,14.609999656677246,1267.9000244140625,51.599998474121094,97.87000274658203
2016-10-20,66.63639831542969,8699.400390625,14.170000076293945,1265.5999755859375,50.43000030517578,98.31999969482422
2016-10-21,66.84130096435547,8693.0498046875,13.829999923706055,1265.9000244140625,50.849998474121094,98.69999694824219
2016-10-24,66.91120147705078,8708.9501953125,14.329999923706055,1262.0,50.52000045776367,98.66999816894531
2016-10-25,66.83399963378906,8691.2998046875,14.479999542236328,1271.9000244140625,49.959999084472656,98.72000122070312
2016-10-26,66.78130340576172,8615.25,14.449999809265137,1264.800048828125,49.18000030517578,98.62999725341797
2016-10-27,66.86399841308594,8615.25,14.09000015258789,1267.9000244140625,49.720001220703125,98.88999938964844
2016-10-28,66.90299987792969,8638.0,14.649999618530273,1275.5,48.70000076293945,98.3499984741211
2016-10-31,66.78140258789062,,,1271.5,46.86000061035156,98.44999694824219
2016-11-01,66.66549682617188,8626.25,15.739999771118164,1286.4000244140625,46.66999816894531,97.69999694824219
2016-11-02,66.67849731445312,8514.0,16.799999237060547,1306.800048828125,45.34000015258789,97.4000015258789
2016-11-03,66.77749633789062,8484.9501953125,16.469999313354492,1302.0999755859375,44.65999984741211,97.16000366210938
2016-11-04,66.68450164794922,8433.75,16.850000381469727,1303.300048828125,44.06999969482422,97.06999969482422
2016-11-07,66.7853012084961,8497.0498046875,16.510000228881836,1278.300048828125,44.88999938964844,97.77999877929688
2016-11-08,66.73500061035156,8543.5498046875,16.770000457763672,1273.4000244140625,44.97999954223633,97.86000061035156
2016-11-09,66.22949981689453,8432.0,16.6200008392334,1272.5999755859375,45.27000045776367,98.5
2016-11-10,66.50749969482422,8525.75,15.460000038146973,1265.5,44.65999984741211,98.79000091552734
2016-11-11,67.2145004272461,8296.2998046875,17.360000610351562,,,
2016-11-14,67.54679870605469,,,1221.199951171875,43.31999969482422,100.11000061035156
2016-11-15,67.77549743652344,8108.4501953125,20.149999618530273,1224.0,45.810001373291016,100.19000244140625
2016-11-16,67.74800109863281,8111.60009765625,19.5,1223.4000244140625,45.56999969482422,100.41000366210938
2016-11-17,67.98149871826172,8079.9501953125,18.709999084472656,1216.5,45.41999816894531,100.88999938964844
2016-11-18,67.97480010986328,8074.10009765625,17.809999465942383,1208.5,45.689998626708984,101.20999908447266
2016-11-21,68.16999816894531,7929.10009765625,19.100000381469727,1209.5999755859375,47.4900016784668,101.05000305175781
2016-11-22,68.21549987792969,8002.2998046875,18.469999313354492,1211.0,48.029998779296875,101.04000091552734
2016-11-23,68.385498046875,8033.2998046875,18.040000915527344,1189.0999755859375,47.959999084472656,101.69999694824219
2016-11-24,68.79850006103516,7965.5,17.15999984741211,,,
2016-11-25,68.74549865722656,8114.2998046875,17.610000610351562,1178.199951171875,46.060001373291016,101.48999786376953
2016-11-28,68.50849914550781,8126.89990234375,18.059999465942383,1190.5999755859375,47.08000183105469,101.33000183105469
2016-11-29,68.55549621582031,8142.14990234375,17.709999084472656,1187.9000244140625,45.22999954223633,100.93000030517578
2016-11-30,68.60800170898438,8224.5,16.850000381469727,1170.800048828125,49.439998626708984,101.5
2016-12-01,68.58799743652344,8192.900390625,16.690000534057617,1166.9000244140625,51.060001373291016,101.04000091552734
2016-12-02,68.21649932861328,8086.7998046875,17.93000030517578,1175.0999755859375,51.68000030517578,100.7699966430664
2016-12-05,68.0114974975586,8128.75,17.290000915527344,1174.0,51.790000915527344,100.13999938964844
2016-12-06,68.01249694824219,8143.14990234375,17.110000610351562,1167.5999755859375,50.93000030517578,100.48999786376953
2016-12-07,67.72200012207031,8102.0498046875,16.850000381469727,1175.0,49.77000045776367,100.2300033569336
2016-12-08,67.43150329589844,8246.849609375,15.529999732971191,1169.800048828125,50.84000015258789,101.06999969482422
2016-12-09,67.40599822998047,8261.75,15.069999694824219,1159.4000244140625,51.5,101.56999969482422
2016-12-12,67.46050262451172,8170.7998046875,16.190000534057617,1163.5,52.83000183105469,100.95999908447266
2016-12-13,67.41799926757812,8221.7998046875,15.920000076293945,1156.699951171875,52.97999954223633,101.02999877929688
2016-12-14,67.3864974975586,8182.4501953125,16.59000015258789,1161.300048828125,51.040000915527344,102.0
2016-12-15,67.81999969482422,8153.60009765625,15.65999984741211,1127.800048828125,50.900001525878906,103.12999725341797
2016-12-16,67.84500122070312,8139.4501953125,15.25,1135.300048828125,51.900001525878906,102.94999694824219
2016-12-19,67.83499908447266,8104.35009765625,14.84000015258789,1140.5,52.119998931884766,103.13999938964844
2016-12-20,67.84020233154297,8082.39990234375,14.539999961853027,1131.5,52.22999954223633,103.29000091552734
2016-12-21,67.89700317382812,8061.2998046875,14.710000038146973,1131.0999755859375,52.4900016784668,103.0199966430664
2016-12-22,67.82550048828125,7979.10009765625,15.550000190734863,1128.800048828125,52.95000076293945,103.08999633789062
2016-12-23,67.83799743652344,7985.75,15.130000114440918,1131.9000244140625,53.02000045776367,103.01000213623047
2016-12-26,67.83080291748047,7908.25,16.600000381469727,,,
2016-12-27,67.77200317382812,8032.85009765625,15.079999923706055,1137.300048828125,53.900001525878906,103.0199966430664
2016-12-28,67.96800231933594,8034.85009765625,15.539999961853027,1139.4000244140625,54.060001373291016,103.26000213623047
2016-12-29,68.20500183105469,8103.60009765625,15.279999732971191,1156.4000244140625,53.77000045776367,102.68000030517578
2016-12-30,67.93299865722656,8185.7998046875,15.470000267028809,1150.0,53.720001220703125,102.38999938964844
2017-01-02,67.9448013305664,8179.5,15.829999923706055,,,
2017-01-03,68.13390350341797,8192.25,15.960000038146973,1160.4000244140625,52.33000183105469,103.20999908447266
2017-01-04,68.2697982788086,8190.5,15.890000343322754,1163.800048828125,53.2599983215332,102.69999694824219
2017-01-05,67.885498046875,8273.7998046875,15.050000190734863,1179.699951171875,53.7599983215332,101.5199966430664
2017-01-06,67.73300170898438,8243.7998046875,14.90999984741211,1171.9000244140625,53.9900016784668,102.22000122070312
2017-01-09,68.1426010131836,8236.0498046875,15.479999542236328,1183.5,51.959999084472656,101.93000030517578
2017-01-10,68.09700012207031,8288.599609375,15.199999809265137,1184.199951171875,50.81999969482422,102.01000213623047
2017-01-11,68.31800079345703,8380.650390625,14.8100004196167,1195.5999755859375,52.25,101.77999877929688
2017-01-12,68.13999938964844,8407.2001953125,14.609999656677246,1198.9000244140625,53.0099983215332,101.3499984741211
2017-01-13,68.12950134277344,8400.349609375,14.380000114440918,1195.300048828125,52.369998931884766,101.18000030517578
2017-01-16,68.15779876708984,8412.7998046875,15.069999694824219,,,
2017-01-17,68.09459686279297,8398.0,15.390000343322754,1212.0,52.47999954223633,100.33000183105469
2017-01-18,67.89949798583984,8417.0,15.180000305175781,1211.300048828125,51.08000183105469,100.93000030517578
2017-01-19,68.197998046875,8435.099609375,15.020000457763672,1200.9000244140625,51.369998931884766,101.1500015258789
2017-01-20,68.09030151367188,8349.349609375,15.789999961853027,1204.300048828125,52.41999816894531,100.73999786376953
2017-01-23,68.07720184326172,8391.5,15.90999984741211,1215.0,52.75,100.16000366210938
2017-01-24,68.05139923095703,8475.7998046875,15.289999961853027,1210.300048828125,53.18000030517578,100.3499984741211
2017-01-25,68.16449737548828,8602.75,15.170000076293945,1197.300048828125,52.75,100.02999877929688
2017-01-26,67.9729995727539,,,1189.5,53.779998779296875,100.37999725341797
2017-01-27,68.14900207519531,8641.25,16.010000228881836,1188.0999755859375,53.16999816894531,100.52999877929688
2017-01-30,68.11000061035156,8632.75,16.670000076293945,1193.199951171875,52.630001068115234,100.43000030517578
2017-01-31,67.82099914550781,8561.2998046875,16.829999923706055,1208.5999755859375,52.810001373291016,99.51000213623047
2017-02-01,67.50160217285156,8716.400390625,13.970000267028809,1205.5999755859375,53.880001068115234,99.63999938964844
2017-02-02,67.39540100097656,8734.25,13.520000457763672,1216.699951171875,53.540000915527344,99.8499984741211
2017-02-03,67.2656021118164,8740.9501953125,13.130000114440918,1218.5,53.83000183105469,99.87000274658203
2017-02-06,67.15730285644531,8801.0498046875,13.399999618530273,1230.0,53.0099983215332,99.91000366210938
2017-02-07,67.19529724121094,8768.2998046875,13.510000228881836,1234.199951171875,52.16999816894531,100.26000213623047
2017-02-08,67.34049987792969,8769.0498046875,13.350000381469727,1237.5999755859375,52.34000015258789,100.27999877929688
2017-02-09,66.96430206298828,8778.400390625,13.239999771118164,1235.0999755859375,53.0,100.6500015258789
2017-02-10,66.74530029296875,8793.5498046875,13.180000305175781,1234.4000244140625,53.86000061035156,100.80000305175781
2017-02-13,66.84369659423828,8805.0498046875,13.6899995803833,1224.4000244140625,52.93000030517578,100.95999908447266
2017-02-14,66.91539764404297,8792.2998046875,13.800000190734863,1223.9000244140625,53.20000076293945,101.25
2017-02-15,66.7759017944336,8724.7001953125,14.210000038146973,1231.699951171875,53.11000061035156,101.18000030517578
2017-02-16,66.8655014038086,8778.0,13.729999542236328,1240.0,53.36000061035156,100.44000244140625
2017-02-17,67.16480255126953,8821.7001953125,13.430000305175781,1237.5999755859375,53.400001525878906,100.94999694824219
2017-02-20,67.06520080566406,8879.2001953125,13.609999656677246,,,
2017-02-21,66.96499633789062,8907.849609375,13.529999732971191,1237.5,54.060001373291016,101.37000274658203
2017-02-22,66.96510314941406,8926.900390625,13.699999809265137,1232.0,53.59000015258789,101.33000183105469
2017-02-23,66.91429901123047,8939.5,13.399999618530273,1250.199951171875,54.45000076293945,101.05000305175781
2017-02-24,66.68280029296875,,,1256.9000244140625,53.9900016784668,101.08999633789062
2017-02-27,66.63500213623047,8896.7001953125,13.680000305175781,1257.4000244140625,54.04999923706055,101.12999725341797
2017-02-28,66.69319915771484,8879.599609375,13.789999961853027,1252.5999755859375,54.0099983215332,101.12000274658203
2017-03-01,66.7051010131836,8945.7998046875,13.579999923706055,1248.9000244140625,53.83000183105469,101.77999877929688
2017-03-02,66.85800170898438,8899.75,13.359999656677246,1231.9000244140625,52.61000061035156,102.19999694824219
2017-03-03,66.84510040283203,8897.5498046875,13.350000381469727,1225.5,53.33000183105469,101.54000091552734
2017-03-06,66.77300262451172,8963.4501953125,13.640000343322754,1224.5,53.20000076293945,101.63999938964844
2017-03-07,66.66470336914062,8946.900390625,13.880000114440918,1215.0999755859375,53.13999938964844,101.80999755859375
2017-03-08,66.61620330810547,8924.2998046875,14.079999923706055,1208.5,50.279998779296875,102.06999969482422
2017-03-09,66.76499938964844,8927.0,14.390000343322754,1202.4000244140625,49.279998779296875,101.8499984741211
2017-03-10,66.68049621582031,8934.5498046875,13.960000038146973,1200.699951171875,48.4900016784668,101.25
2017-03-13,66.48500061035156,,,1202.4000244140625,48.400001525878906,101.37999725341797
2017-03-14,66.17009735107422,9087.0,12.399999618530273,1201.9000244140625,47.720001220703125,101.69999694824219
2017-03-15,65.77510070800781,9084.7998046875,12.420000076293945,1200.0999755859375,48.86000061035156,100.73999786376953
2017-03-16,65.62049865722656,9153.7001953125,11.90999984741211,1226.5,48.75,100.2699966430664
2017-03-17,65.40450286865234,9160.0498046875,11.850000381469727,1229.800048828125,48.779998779296875,100.30000305175781
2017-03-20,65.46810150146484,9126.849609375,12.020000457763672,1233.5999755859375,48.220001220703125,100.41000366210938
2017-03-21,65.33529663085938,9121.5,11.9399995803833,1246.0999755859375,47.34000015258789,99.80999755859375
2017-03-22,65.49500274658203,9030.4501953125,12.270000457763672,1249.300048828125,48.040000915527344,99.68000030517578
2017-03-23,65.36499786376953,9086.2998046875,11.84000015258789,1246.9000244140625,47.70000076293945,99.76000213623047
2017-03-24,65.44439697265625,9108.0,11.979999542236328,1248.199951171875,47.970001220703125,99.62999725341797
2017-03-27,65.39309692382812,9045.2001953125,12.4399995803833,1255.4000244140625,47.72999954223633,99.16999816894531
2017-03-28,65.04499816894531,9100.7998046875,12.119999885559082,1255.300048828125,48.369998931884766,99.70999908447266
2017-03-29,65.11000061035156,9143.7998046875,12.09000015258789,1253.4000244140625,49.5099983215332,100.0
2017-03-30,64.77999877929688,9173.75,12.149999618530273,1245.0,50.349998474121094,100.41000366210938
2017-03-31,64.79000091552734,9173.75,12.420000076293945,1247.300048828125,50.599998474121094,100.3499984741211
2017-04-03,64.79669952392578,9237.849609375,11.489999771118164,1250.800048828125,50.2400016784668,100.54000091552734
2017-04-04,64.87750244140625,,,1255.0,51.029998779296875,100.54000091552734
2017-04-05,65.05000305175781,9265.150390625,11.550000190734863,1245.4000244140625,51.150001525878906,100.55999755859375
2017-04-06,65.04000091552734,9261.9501953125,11.289999961853027,1250.300048828125,51.70000076293945,100.66999816894531
2017-04-07,64.58000183105469,9198.2998046875,11.6899995803833,1254.300048828125,52.2400016784668,101.18000030517578
2017-04-10,64.26000213623047,9181.4501953125,11.619999885559082,1251.0999755859375,53.08000183105469,101.0199966430664
2017-04-11,64.57499694824219,9237.0,11.399999618530273,1271.199951171875,53.400001525878906,100.70999908447266
2017-04-12,64.62999725341797,9203.4501953125,11.630000114440918,1275.300048828125,53.11000061035156,100.77999877929688
2017-04-13,64.5,9150.7998046875,11.579999923706055,1285.9000244140625,53.18000030517578,100.55999755859375
2017-04-14,64.44999694824219,,,,,
2017-04-17,64.45369720458984,9139.2998046875,11.890000343322754,1289.4000244140625,52.650001525878906,100.30000305175781
2017-04-18,64.4083023071289,9105.150390625,12.380000114440918,1291.699951171875,52.40999984741211,99.5
2017-04-19,64.56999969482422,9103.5,12.220000267028809,1281.4000244140625,50.439998626708984,99.73999786376953
2017-04-20,64.64669799804688,9136.400390625,11.5600004196167,1281.9000244140625,50.27000045776367,99.77999877929688
2017-04-21,64.66000366210938,9119.400390625,11.420000076293945,1287.4000244140625,49.619998931884766,99.9800033569336
2017-04-24,64.63999938964844,9217.9501953125,11.630000114440918,1275.800048828125,49.22999954223633,99.08999633789062
2017-04-25,64.38999938964844,9306.599609375,11.15999984741211,1265.5999755859375,49.560001373291016,98.81999969482422
2017-04-26,64.3499984741211,9351.849609375,11.739999771118164,1262.0999755859375,49.619998931884766,98.95999908447266
2017-04-27,64.0199966430664,9342.150390625,11.069999694824219,1263.699951171875,48.970001220703125,99.08000183105469
2017-04-28,64.05999755859375,9304.0498046875,10.859999656677246,1266.0999755859375,49.33000183105469,99.05000305175781
2017-05-01,64.25830078125,,,1253.300048828125,48.84000015258789,99.13999938964844
2017-05-02,64.18000030517578,9313.7998046875,11.449999809265137,1255.0999755859375,47.65999984741211,98.9800033569336
2017-05-03,64.06999969482422,9311.9501953125,11.529999732971191,1246.4000244140625,47.81999969482422,99.20999908447266
2017-05-04,64.20999908447266,9359.900390625,11.329999923706055,1226.5,45.52000045776367,98.76000213623047
2017-05-05,64.16999816894531,9285.2998046875,11.989999771118164,1224.800048828125,46.220001220703125,98.6500015258789
2017-05-08,64.30799865722656,9314.0498046875,11.670000076293945,1225.300048828125,46.43000030517578,99.1500015258789
2017-05-09,64.41179656982422,9316.849609375,11.109999656677246,1214.300048828125,45.880001068115234,99.58999633789062
2017-05-10,64.63999938964844,9407.2998046875,10.949999809265137,1217.300048828125,47.33000183105469,99.66999816894531
2017-05-11,64.55000305175781,9422.400390625,10.84000015258789,1222.699951171875,47.83000183105469,99.62000274658203
2017-05-12,64.36000061035156,9400.900390625,10.630000114440918,1226.199951171875,47.84000015258789,99.25
2017-05-15,64.16549682617188,9445.400390625,10.680000305175781,1228.5999755859375,48.849998474121094,98.91000366210938
2017-05-16,64.03829956054688,9512.25,10.5600004196167,1235.0,48.65999984741211,98.11000061035156
2017-05-17,63.900001525878906,9525.75,10.640000343322754,1257.5,49.06999969482422,97.41999816894531
2017-05-18,64.2300033569336,9429.4501953125,11.789999961853027,1251.699951171875,49.349998474121094,97.87999725341797
2017-05-19,64.87110137939453,9427.900390625,11.300000190734863,1252.699951171875,50.33000183105469,97.1500015258789
2017-05-22,64.44850158691406,9438.25,11.199999809265137,1260.699951171875,50.72999954223633,96.9800033569336
2017-05-23,64.50019836425781,9386.150390625,12.199999809265137,1254.800048828125,51.470001220703125,97.3499984741211
2017-05-24,64.88520050048828,9360.5498046875,11.829999923706055,1252.4000244140625,51.36000061035156,97.23999786376953
2017-05-25,64.76010131835938,9509.75,10.449999809265137,1255.800048828125,48.900001525878906,97.25
2017-05-26,64.54540252685547,9595.099609375,10.859999656677246,1267.5999755859375,49.79999923706055,97.4000015258789
2017-05-29,64.51319885253906,9604.900390625,11.789999961853027,,,
2017-05-30,64.50859832763672,9624.5498046875,11.770000457763672,1262.0999755859375,49.65999984741211,97.27999877929688
2017-05-31,64.61859893798828,9621.25,11.760000228881836,1272.0,48.31999969482422,96.91999816894531
2017-06-01,64.5000991821289,9616.099609375,11.3100004196167,1267.0,48.36000061035156,97.19999694824219
2017-06-02,64.37229919433594,9653.5,10.8100004196167,1276.800048828125,47.65999984741211,96.72000122070312
2017-06-05,64.40499877929688,9675.099609375,11.020000457763672,1279.300048828125,47.400001525878906,96.80000305175781
2017-06-06,64.34400177001953,9637.150390625,11.130000114440918,1294.4000244140625,48.189998626708984,96.63999938964844
2017-06-07,64.42050170898438,9663.900390625,10.890000343322754,1290.0999755859375,45.720001220703125,96.75
2017-06-08,64.41829681396484,9647.25,11.069999694824219,1276.300048828125,45.63999938964844,96.91999816894531
2017-06-09,64.243896484375,9668.25,10.859999656677246,1268.5,45.83000183105469,97.2699966430664
2017-06-12,64.37699890136719,9616.400390625,11.420000076293945,1266.0999755859375,46.08000183105469,97.13999938964844
2017-06-13,64.46910095214844,9606.900390625,11.34000015258789,1265.800048828125,46.459999084472656,96.9800033569336
2017-06-14,64.35749816894531,9618.150390625,11.180000305175781,1272.800048828125,44.72999954223633,96.94000244140625
2017-06-15,64.16580200195312,9578.0498046875,11.329999923706055,1252.199951171875,44.459999084472656,97.43000030517578
2017-06-16,64.55999755859375,9588.0498046875,10.920000076293945,1254.0,44.7400016784668,97.16000366210938
2017-06-19,64.3949966430664,9657.5498046875,10.630000114440918,1244.199951171875,44.20000076293945,97.52999877929688
2017-06-20,64.48760223388672,9653.5,10.65999984741211,1241.0,43.22999954223633,97.75
2017-06-21,64.53050231933594,9633.599609375,10.920000076293945,1243.4000244140625,42.529998779296875,97.55999755859375
2017-06-22,64.5416030883789,9630.0,11.210000038146973,1247.5999755859375,42.7400016784668,97.54000091552734
2017-06-23,64.59100341796875,9574.9501953125,11.5600004196167,1256.199951171875,43.0099983215332,97.30000305175781
2017-06-26,64.49800109863281,,,1246.300048828125,43.380001068115234,97.43000030517578
2017-06-27,64.42130279541016,9511.400390625,12.510000228881836,1246.4000244140625,44.2400016784668,96.47000122070312
2017-06-28,64.5248031616211,9491.25,11.989999771118164,1248.0,44.7400016784668,96.05000305175781
2017-06-29,64.51190185546875,9504.099609375,11.380000114440918,1244.199951171875,44.93000030517578,95.62999725341797
2017-06-30,64.78510284423828,9520.900390625,11.729999542236328,1240.699951171875,46.040000915527344,95.66000366210938
2017-07-03,64.60679626464844,9615.0,11.199999809265137,1217.9000244140625,47.06999969482422,96.19999694824219
2017-07-04,64.84269714355469,9613.2998046875,11.279999732971191,,,
2017-07-05,64.7688980102539,9637.599609375,11.149999618530273,1220.4000244140625,45.130001068115234,96.29000091552734
2017-07-06,64.79139709472656,9674.5498046875,10.979999542236328,1222.199951171875,45.52000045776367,95.81999969482422
2017-07-07,64.71330261230469,9665.7998046875,10.869999885559082,1208.5999755859375,44.22999954223633,96.01000213623047
2017-07-10,64.61170196533203,9771.0498046875,10.90999984741211,1212.0999755859375,44.400001525878906,96.05000305175781
2017-07-11,,9786.0498046875,10.890000343322754,1213.5999755859375,45.040000915527344,95.73999786376953
2017-07-12,64.52559661865234,9816.099609375,11.050000190734863,1218.0999755859375,45.4900016784668,95.79000091552734
2017-07-13,64.36499786376953,9891.7001953125,11.25,1216.300048828125,46.08000183105469,95.7300033569336
2017-07-14,64.42579650878906,9886.349609375,11.170000076293945,1226.5999755859375,46.540000915527344,95.11000061035156
2017-07-17,64.26730346679688,9915.9501953125,11.460000038146973,1232.800048828125,46.02000045776367,95.12999725341797
2017-07-18,64.33000183105469,9827.150390625,11.489999771118164,1241.0999755859375,46.400001525878906,94.66000366210938
2017-07-19,64.3062973022461,9899.599609375,11.260000228881836,1241.199951171875,47.119998931884766,94.80000305175781
2017-07-20,64.26329803466797,9873.2998046875,11.319999694824219,1244.800048828125,46.790000915527344,94.2699966430664
2017-07-21,64.32499694824219,9915.25,11.09000015258789,1254.300048828125,45.77000045776367,93.94000244140625
2017-07-24,64.46109771728516,9966.400390625,11.3100004196167,1253.9000244140625,46.34000015258789,93.9800033569336
2017-07-25,64.36509704589844,9964.5498046875,10.90999984741211,1251.699951171875,47.88999938964844,94.05000305175781
2017-07-26,64.4469985961914,10020.650390625,11.170000076293945,1249.0,48.75,93.66999816894531
2017-07-27,64.3447036743164,10020.5498046875,11.220000267028809,1259.5999755859375,49.040000915527344,93.86000061035156
2017-07-28,64.18499755859375,10014.5,11.140000343322754,1268.4000244140625,49.709999084472656,93.26000213623047
2017-07-31,64.12349700927734,10077.099609375,11.899999618530273,1266.5999755859375,50.16999816894531,92.86000061035156
2017-08-01,64.18949890136719,10114.650390625,11.90999984741211,1272.5999755859375,49.15999984741211,93.02999877929688
2017-08-02,64.05580139160156,10081.5,11.9399995803833,1271.800048828125,49.59000015258789,92.83000183105469
2017-08-03,63.64059829711914,10013.650390625,11.640000343322754,1267.800048828125,49.029998779296875,92.80999755859375
2017-08-04,63.696998596191406,10066.400390625,11.390000343322754,1258.300048828125,49.58000183105469,93.54000091552734
2017-08-07,63.66510009765625,10057.400390625,11.899999618530273,1258.199951171875,49.38999938964844,93.43000030517578
2017-08-08,63.830101013183594,9978.5498046875,12.770000457763672,1256.4000244140625,49.16999816894531,93.63999938964844
2017-08-09,63.70289993286133,9908.0498046875,13.449999809265137,1273.0,49.560001373291016,93.5199966430664
2017-08-10,63.887699127197266,9820.25,13.800000190734863,1283.699951171875,48.59000015258789,93.4000015258789
2017-08-11,64.13860321044922,9710.7998046875,15.199999809265137,1287.699951171875,48.81999969482422,93.06999969482422
2017-08-14,64.08100128173828,9794.150390625,14.380000114440918,1284.199951171875,47.59000015258789,93.45999908447266
2017-08-15,64.17430114746094,,,1273.699951171875,47.54999923706055,93.8499984741211
2017-08-16,64.26300048828125,9897.2998046875,14.239999771118164,1276.9000244140625,46.779998779296875,93.48999786376953
2017-08-17,64.1604995727539,9904.150390625,14.34000015258789,1286.4000244140625,47.09000015258789,93.62000274658203
2017-08-18,64.18890380859375,9837.400390625,14.569999694824219,1285.699951171875,48.5099983215332,93.43000030517578
2017-08-21,64.07589721679688,9754.349609375,14.819999694824219,1290.800048828125,47.369998931884766,93.0999984741211
2017-08-22,64.15750122070312,9765.5498046875,14.109999656677246,1285.0999755859375,47.63999938964844,93.55000305175781
2017-08-23,64.05750274658203,9852.5,13.180000305175781,1288.9000244140625,48.40999984741211,93.1500015258789
2017-08-24,64.00499725341797,9857.0498046875,12.569999694824219,1286.5,47.43000030517578,93.27999877929688
2017-08-25,64.03500366210938,,,1292.5,47.869998931884766,92.73999786376953
2017-08-28,63.99549865722656,9912.7998046875,12.640000343322754,1309.699951171875,46.56999969482422,92.20999908447266
2017-08-29,63.78929901123047,9796.0498046875,13.539999961853027,1313.0999755859375,46.439998626708984,92.3499984741211
2017-08-30,63.98680114746094,9884.400390625,12.890000343322754,1308.0999755859375,45.959999084472656,92.87999725341797
2017-08-31,63.976200103759766,9917.900390625,11.949999809265137,1316.199951171875,47.22999954223633,92.66999816894531
2017-09-01,63.91189956665039,9974.400390625,11.680000305175781,1324.5,47.290000915527344,92.80999755859375
2017-09-04,64.0155029296875,9912.849609375,13.170000076293945,,,
2017-09-05,64.02629852294922,9952.2001953125,12.890000343322754,1339.199951171875,48.65999984741211,92.30999755859375
2017-09-06,64.0999984741211,9916.2001953125,13.119999885559082,1333.9000244140625,49.15999984741211,92.29000091552734
2017-09-07,64.0154037475586,9929.900390625,13.010000228881836,1345.0999755859375,49.09000015258789,91.52999877929688
2017-09-08,63.95009994506836,9934.7998046875,12.960000038146973,1346.0,47.47999954223633,91.33000183105469
2017-09-11,63.930999755859375,10006.0498046875,12.359999656677246,1331.0,48.06999969482422,91.86000061035156
2017-09-12,63.97999954223633,10093.0498046875,11.760000228881836,1328.0,48.22999954223633,91.91000366210938
2017-09-13,63.98759841918945,10079.2998046875,11.760000228881836,1323.4000244140625,49.29999923706055,92.5199966430664
2017-09-14,64.11509704589844,10086.599609375,11.470000267028809,1324.699951171875,49.88999938964844,92.12000274658203
2017-09-15,64.15499877929688,10085.400390625,11.680000305175781,1320.4000244140625,49.88999938964844,91.87000274658203
2017-09-18,64.12020111083984,10153.099609375,11.4399995803833,1306.300048828125,49.90999984741211,92.05000305175781
2017-09-19,64.2146987915039,10147.5498046875,11.470000267028809,1306.199951171875,49.47999954223633,91.79000091552734
2017-09-20,64.29869842529297,10141.150390625,11.630000114440918,1312.0,50.40999984741211,92.51000213623047
2017-09-21,64.28369903564453,10121.900390625,11.630000114440918,1290.5999755859375,50.54999923706055,92.26000213623047
2017-09-22,64.80229949951172,9964.400390625,12.8100004196167,1293.300048828125,50.65999984741211,92.16999816894531
2017-09-25,64.89099884033203,9872.599609375,13.34000015258789,1306.800048828125,52.220001220703125,92.6500015258789
2017-09-26,65.26509857177734,9871.5,12.930000305175781,1297.0,51.880001068115234,92.97000122070312
2017-09-27,65.3499984741211,9735.75,13.859999656677246,1283.4000244140625,52.13999938964844,93.36000061035156
2017-09-28,65.5250015258789,9768.9501953125,13.170000076293945,1285.5,51.560001373291016,93.08999633789062
2017-09-29,65.36000061035156,9788.599609375,12.489999771118164,1281.5,51.66999816894531,93.08000183105469
2017-10-02,65.29329681396484,,,1272.699951171875,50.58000183105469,93.55999755859375
2017-10-03,65.57170104980469,9859.5,12.460000038146973,1271.5,50.41999816894531,93.56999969482422
2017-10-04,65.44309997558594,9914.900390625,11.800000190734863,1273.699951171875,49.97999954223633,93.45999908447266
2017-10-05,65.01950073242188,9888.7001953125,11.710000038146973,1269.9000244140625,50.790000915527344,93.95999908447266
2017-10-06,65.20999908447266,9979.7001953125,11.119999885559082,1271.5999755859375,49.290000915527344,93.80000305175781
2017-10-09,65.41419982910156,9988.75,11.390000343322754,1281.800048828125,49.58000183105469,93.73999786376953
2017-10-10,65.41459655761719,10016.9501953125,11.109999656677246,1290.5999755859375,50.91999816894531,93.29000091552734
2017-10-11,65.23889923095703,9984.7998046875,11.729999542236328,1285.800048828125,51.29999923706055,92.95999908447266
2017-10-12,65.20539855957031,10096.400390625,11.039999961853027,1293.300048828125,50.599998474121094,93.12000274658203
2017-10-13,65.0459976196289,10167.4501953125,11.260000228881836,1301.5,51.45000076293945,93.08999633789062
2017-10-16,64.6729965209961,10230.849609375,11.3100004196167,1299.9000244140625,51.869998931884766,93.27999877929688
2017-10-17,64.6946029663086,10234.4501953125,11.609999656677246,1283.0,51.880001068115234,93.48999786376953
2017-10-18,64.92870330810547,10210.849609375,11.539999961853027,1279.9000244140625,52.040000915527344,93.36000061035156
2017-10-19,65.04010009765625,10146.5498046875,12.399999618530273,1286.9000244140625,51.290000915527344,93.2699966430664
2017-10-20,64.90460205078125,,,1277.4000244140625,51.470001220703125,93.69999694824219
2017-10-23,65.1041030883789,10184.849609375,12.329999923706055,1277.699951171875,51.900001525878906,93.94000244140625
2017-10-24,65.03489685058594,10207.7001953125,11.59000015258789,1275.0,52.470001220703125,93.95999908447266
2017-10-25,65.07949829101562,10295.349609375,11.760000228881836,1275.4000244140625,52.18000030517578,93.70999908447266
2017-10-26,64.83999633789062,10343.7998046875,11.619999885559082,1266.300048828125,52.63999938964844,94.61000061035156
2017-10-27,64.5999984741211,10323.0498046875,11.479999542236328,1268.5,53.900001525878906,94.91999816894531
2017-10-30,64.87339782714844,10363.650390625,12.109999656677246,1274.0999755859375,54.150001525878906,94.48999786376953
2017-10-31,64.84239959716797,10335.2998046875,12.4399995803833,1267.0,54.380001068115234,94.55000305175781
2017-11-01,64.67009735107422,10440.5,12.140000343322754,1274.0999755859375,54.29999923706055,94.81999969482422
2017-11-02,64.55509948730469,10423.7998046875,12.010000228881836,1274.9000244140625,54.540000915527344,94.69000244140625
2017-11-03,64.50050354003906,10452.5,11.90999984741211,1266.5,55.63999938964844,94.94000244140625
2017-11-06,64.69339752197266,10451.7998046875,13.020000457763672,1279.4000244140625,57.349998474121094,94.72000122070312
2017-11-07,64.59089660644531,10350.150390625,13.239999771118164,1273.699951171875,57.20000076293945,94.91000366210938
2017-11-08,65.16449737548828,10303.150390625,13.609999656677246,1281.5999755859375,56.810001373291016,94.87000274658203
2017-11-09,64.9104995727539,10308.9501953125,13.270000457763672,1285.5999755859375,57.16999816894531,94.44000244140625
2017-11-10,64.96800231933594,10321.75,13.479999542236328,1272.4000244140625,56.7400016784668,94.38999938964844
2017-11-13,65.1603012084961,10224.9501953125,14.050000190734863,1277.300048828125,56.7599983215332,94.48999786376953
2017-11-14,65.43840026855469,10186.599609375,14.170000076293945,1281.5,55.70000076293945,93.83000183105469
2017-11-15,65.41339874267578,10118.0498046875,14.270000457763672,1276.5,55.33000183105469,93.80999755859375
2017-11-16,,10214.75,13.460000038146973,1277.4000244140625,55.13999938964844,93.93000030517578
2017-11-17,65.20999908447266,10283.599609375,13.710000038146973,1295.800048828125,56.54999923706055,93.66000366210938
2017-11-20,64.90499877929688,10298.75,13.430000305175781,1274.5999755859375,56.09000015258789,94.08000183105469
2017-11-21,65.0250015258789,10326.900390625,13.720000267028809,1281.0999755859375,56.83000183105469,93.94999694824219
2017-11-22,64.76129913330078,10342.2998046875,14.039999961853027,1291.5999755859375,58.02000045776367,93.22000122070312
2017-11-23,64.7699966430664,10348.75,13.869999885559082,,,
2017-11-24,64.57939910888672,10389.7001953125,13.510000228881836,1286.699951171875,58.95000076293945,92.76000213623047
2017-11-27,64.54499816894531,10399.5498046875,13.029999732971191,1293.800048828125,58.11000061035156,92.9000015258789
2017-11-28,64.43389892578125,10370.25,13.149999618530273,1294.699951171875,57.9900016784668,93.26000213623047
2017-11-29,64.47000122070312,10361.2998046875,13.0600004196167,1282.0999755859375,57.29999923706055,93.26000213623047
2017-11-30,64.41480255126953,10226.5498046875,13.550000190734863,1273.199951171875,57.400001525878906,93.01000213623047
2017-12-01,64.49939727783203,10121.7998046875,14.800000190734863,1278.800048828125,58.36000061035156,92.9000015258789
2017-12-04,64.50900268554688,10127.75,14.859999656677246,1274.300048828125,57.470001220703125,93.19000244140625
2017-12-05,64.35140228271484,10118.25,15.010000228881836,1261.5999755859375,57.619998931884766,93.37999725341797
2017-12-06,64.35690307617188,10044.099609375,15.09000015258789,1262.800048828125,55.959999084472656,93.61000061035156
2017-12-07,64.51519775390625,10166.7001953125,14.270000457763672,1249.800048828125,56.689998626708984,93.80000305175781
2017-12-08,64.54239654541016,10265.650390625,13.670000076293945,1245.199951171875,57.36000061035156,93.9000015258789
2017-12-11,64.4729995727539,10322.25,14.149999618530273,1243.699951171875,57.9900016784668,93.87000274658203
2017-12-12,64.3499984741211,10240.150390625,15.260000228881836,1238.5,57.13999938964844,94.0999984741211
2017-12-13,64.55000305175781,10192.9501953125,15.949999809265137,1245.4000244140625,56.599998474121094,93.43000030517578
2017-12-14,64.31999969482422,10252.099609375,16.40999984741211,1253.800048828125,57.040000915527344,93.48999786376953
2017-12-15,64.2750015258789,10333.25,14.9399995803833,1254.300048828125,57.29999923706055,93.93000030517578
2017-12-18,64.07230377197266,10388.75,13.119999885559082,1262.199951171875,57.15999984741211,93.69999694824219
2017-12-19,64.20010375976562,10463.2001953125,12.1899995803833,1260.699951171875,57.459999084472656,93.47000122070312
2017-12-20,64.04759979248047,10444.2001953125,12.1899995803833,1266.0999755859375,58.09000015258789,93.3499984741211
2017-12-21,63.96500015258789,10440.2998046875,12.09000015258789,1267.300048828125,58.36000061035156,93.27999877929688
2017-12-22,64.00969696044922,10493.0,11.59000015258789,1275.4000244140625,58.470001220703125,93.3499984741211
2017-12-25,64.00779724121094,,,,,
2017-12-26,64.010498046875,10531.5,12.050000190734863,1284.0999755859375,59.970001220703125,93.26000213623047
2017-12-27,64.0281982421875,10490.75,12.489999771118164,1287.0,59.63999938964844,93.02999877929688
2017-12-28,64.11499786376953,10477.900390625,12.300000190734863,1294.0999755859375,59.84000015258789,92.5999984741211
2017-12-29,64.06199645996094,10530.7001953125,12.670000076293945,1306.300048828125,60.41999816894531,92.12000274658203
2018-01-01,63.84080123901367,,13.350000381469727,,,
2018-01-02,63.86759948730469,10442.2001953125,13.6899995803833,1313.699951171875,60.369998931884766,91.8499984741211
2018-01-03,63.459999084472656,10443.2001953125,13.619999885559082,1316.199951171875,61.630001068115234,92.16000366210938
2018-01-04,63.41910171508789,10504.7998046875,13.420000076293945,1319.4000244140625,62.0099983215332,91.8499984741211
2018-01-05,63.369598388671875,10558.849609375,13.109999656677246,1320.300048828125,61.439998626708984,91.94999694824219
2018-01-08,63.26499938964844,10623.599609375,13.739999771118164,1318.5999755859375,61.72999954223633,92.33000183105469
2018-01-09,63.45199966430664,10637.0,13.850000381469727,1311.699951171875,62.959999084472656,92.52999877929688
2018-01-10,63.63610076904297,10632.2001953125,14.039999961853027,1317.4000244140625,63.56999969482422,92.33000183105469
2018-01-11,63.7599983215332,10651.2001953125,14.010000228881836,1320.5999755859375,63.79999923706055,91.8499984741211
2018-01-12,63.67210006713867,10681.25,13.729999542236328,1333.4000244140625,64.30000305175781,90.97000122070312
2018-01-15,63.5885009765625,10741.5498046875,14.3100004196167,,,
2018-01-16,63.52119827270508,10700.4501953125,14.09000015258789,1335.4000244140625,63.72999954223633,90.38999938964844
2018-01-17,63.994300842285156,10788.5498046875,13.859999656677246,1338.0,63.970001220703125,90.54000091552734
2018-01-18,63.82500076293945,10817.0,13.960000038146973,1326.0,63.95000076293945,90.5
2018-01-19,63.86759948730469,10894.7001953125,13.979999542236328,1331.9000244140625,63.369998931884766,90.56999969482422
2018-01-22,63.83209991455078,10966.2001953125,15.390000343322754,1330.9000244140625,63.4900016784668,90.4000015258789
2018-01-23,63.88010025024414,11083.7001953125,16.229999542236328,1335.699951171875,64.47000122070312,90.12000274658203
2018-01-24,63.7504997253418,11086.0,18.040000915527344,1355.9000244140625,65.61000061035156,89.20999908447266
2018-01-25,63.57789993286133,11069.650390625,17.510000228881836,1362.4000244140625,65.51000213623047,89.38999938964844
2018-01-26,63.57310104370117,,,1351.5999755859375,66.13999938964844,89.06999969482422
2018-01-29,63.56999969482422,11130.400390625,17.889999389648438,,65.55999755859375,89.30999755859375
2018-01-30,63.66939926147461,11049.650390625,16.420000076293945,1335.4000244140625,64.5,89.19000244140625
2018-01-31,63.769901275634766,11027.7001953125,15.930000305175781,1339.0,64.7300033569336,89.12999725341797
2018-02-01,63.665000915527344,11016.900390625,14.109999656677246,1344.300048828125,65.80000305175781,88.66999816894531
2018-02-02,63.974998474121094,10760.599609375,15.25,1333.699951171875,65.44999694824219,89.19999694824219
2018-02-05,64.13249969482422,10666.5498046875,16.049999237060547,1333.0,64.1500015258789,89.55000305175781
2018-02-06,64.314697265625,10498.25,20.020000457763672,1326.0999755859375,63.38999938964844,89.58999633789062
2018-02-07,63.97999954223633,10476.7001953125,19.469999313354492,1311.5999755859375,61.790000915527344,90.26000213623047
2018-02-08,64.19999694824219,10576.849609375,17.770000457763672,1316.9000244140625,61.150001525878906,90.2300033569336
2018-02-09,64.44049835205078,10454.9501953125,19.229999542236328,1313.0999755859375,59.20000076293945,90.44000244140625
2018-02-12,64.2113037109375,10539.75,17.8799991607666,1324.199951171875,59.290000915527344,90.20999908447266
2018-02-13,64.28350067138672,,,1328.0999755859375,59.189998626708984,89.69999694824219
2018-02-14,64.2500991821289,10500.900390625,17.18000030517578,1355.5,60.599998474121094,89.12000274658203
2018-02-15,64.02519989013672,10545.5,16.31999969482422,1352.0999755859375,61.34000015258789,88.58999633789062
2018-02-16,63.890899658203125,10452.2998046875,16.3799991607666,1353.199951171875,61.68000030517578,89.0999984741211
2018-02-19,64.37999725341797,10378.400390625,16.670000076293945,,,
2018-02-20,64.50499725341797,10360.400390625,16.8700008392334,1328.800048828125,61.900001525878906,89.72000122070312
2018-02-21,64.86499786376953,10397.4501953125,15.920000076293945,1330.0,61.68000030517578,90.08000183105469
2018-02-22,64.8949966430664,10382.7001953125,14.829999923706055,1330.5999755859375,62.77000045776367,89.75
2018-02-23,64.95140075683594,10491.0498046875,14.199999809265137,1328.199951171875,63.54999923706055,89.87999725341797
2018-02-26,64.7030029296875,10582.599609375,13.699999809265137,1330.699951171875,63.90999984741211,89.81999969482422
2018-02-27,64.78040313720703,10554.2998046875,13.920000076293945,1315.5,63.0099983215332,90.36000061035156
2018-02-28,64.91000366210938,10492.849609375,13.8100004196167,1315.5,61.63999938964844,90.61000061035156
2018-03-01,65.23999786376953,10458.349609375,14.069999694824219,1302.9000244140625,60.9900016784668,90.31999969482422
2018-03-02,65.1500015258789,,,1321.0999755859375,61.25,89.94000244140625
2018-03-05,65.18669891357422,10358.849609375,15.399999618530273,1318.0999755859375,62.56999969482422,90.08000183105469
2018-03-06,65.00370025634766,10249.25,16.25,1333.5999755859375,62.599998474121094,89.62000274658203
2018-03-07,64.88999938964844,10154.2001953125,15.699999809265137,1326.0,61.150001525878906,89.63999938964844
2018-03-08,64.89119720458984,10242.650390625,14.59000015258789,1319.9000244140625,60.119998931884766,90.12000274658203
2018-03-09,65.09040069580078,10226.849609375,14.529999732971191,1322.4000244140625,62.040000915527344,90.08999633789062
2018-03-12,64.96489715576172,10421.400390625,14.489999771118164,1319.4000244140625,61.36000061035156,89.9000015258789
2018-03-13,64.94550323486328,10426.849609375,14.460000038146973,1325.9000244140625,60.709999084472656,89.66000366210938
2018-03-14,64.8281021118164,10410.900390625,14.359999656677246,1324.4000244140625,60.959999084472656,89.69999694824219
2018-03-15,64.83679962158203,10360.150390625,14.329999923706055,1316.800048828125,61.189998626708984,90.13999938964844
2018-03-16,65.01439666748047,10195.150390625,15.220000267028809,1311.300048828125,62.34000015258789,90.2300033569336
2018-03-19,65.06500244140625,10094.25,15.819999694824219,1316.800048828125,62.060001373291016,89.9000015258789
2018-03-20,65.21009826660156,10124.349609375,15.609999656677246,1311.0999755859375,63.400001525878906,90.37000274658203
2018-03-21,65.2323989868164,10155.25,15.109999656677246,1320.699951171875,65.16999816894531,89.77999877929688
2018-03-22,65.06559753417969,10114.75,15.25,1326.5999755859375,64.30000305175781,89.86000061035156
2018-03-23,65.16000366210938,9998.0498046875,15.550000190734863,1349.300048828125,65.87999725341797,89.44000244140625
2018-03-26,65.01499938964844,10130.650390625,15.199999809265137,1354.4000244140625,65.55000305175781,89.02999877929688
2018-03-27,64.69499969482422,10184.150390625,15.550000190734863,1341.300048828125,65.25,89.37000274658203
2018-03-28,64.89550018310547,10113.7001953125,15.760000228881836,1324.199951171875,64.37999725341797,90.05999755859375
2018-03-29,65.14920043945312,,,1322.800048828125,64.94000244140625,90.1500015258789
2018-03-30,65.02999877929688,,,,,
2018-04-02,65.10549926757812,10211.7998046875,15.350000381469727,1342.0999755859375,63.0099983215332,90.05000305175781
2018-04-03,65.13999938964844,10245.0,15.1899995803833,1332.800048828125,63.5099983215332,90.19999694824219
2018-04-04,64.90499877929688,10128.400390625,16.34000015258789,1335.800048828125,63.369998931884766,90.13999938964844
2018-04-05,64.99500274658203,10325.150390625,14.800000190734863,1324.300048828125,63.540000915527344,90.45999908447266
2018-04-06,64.86150360107422,10331.599609375,14.75,1331.9000244140625,62.060001373291016,90.11000061035156
2018-04-09,64.90450286865234,10379.349609375,14.869999885559082,1336.300048828125,63.41999816894531,89.83999633789062
2018-04-10,64.87000274658203,10402.25,14.5,1342.0,65.51000213623047,89.58999633789062
2018-04-11,64.92530059814453,10417.150390625,14.720000267028809,1356.5,66.81999969482422,89.56999969482422
2018-04-12,65.19000244140625,10458.650390625,14.5600004196167,1338.4000244140625,67.06999969482422,89.75
2018-04-13,65.27570343017578,10480.599609375,14.140000343322754,1344.800048828125,67.38999938964844,89.80000305175781
2018-04-16,65.19560241699219,10528.349609375,14.260000228881836,1347.5,66.22000122070312,89.43000030517578
2018-04-17,65.4292984008789,10548.7001953125,14.039999961853027,1347.199951171875,66.5199966430664,89.5199966430664
2018-04-18,65.67500305175781,10526.2001953125,14.109999656677246,1351.199951171875,68.47000122070312,89.62000274658203
2018-04-19,66.01000213623047,10565.2998046875,13.75,1346.800048828125,68.29000091552734,89.94000244140625
2018-04-20,66.11479949951172,10564.0498046875,12.9399995803833,1336.699951171875,68.37999725341797,90.31999969482422
2018-04-23,66.1968994140625,10584.7001953125,13.149999618530273,1322.5,68.63999938964844,90.94000244140625
2018-04-24,66.54499816894531,10614.349609375,11.899999618530273,1331.4000244140625,67.69999694824219,90.7699966430664
2018-04-25,66.41410064697266,10570.5498046875,12.399999618530273,1321.199951171875,68.05000305175781,91.16999816894531
2018-04-26,66.90769958496094,10617.7998046875,12.039999961853027,1316.300048828125,68.19000244140625,91.55999755859375
2018-04-27,66.9000015258789,10692.2998046875,12.020000457763672,1320.300048828125,68.0999984741211,91.54000091552734
2018-04-30,66.61000061035156,10739.349609375,12.359999656677246,1316.199951171875,68.56999969482422,91.83999633789062
2018-05-01,66.44999694824219,,,1303.800048828125,67.25,92.44999694824219
2018-05-02,66.7886962890625,10718.0498046875,12.84000015258789,1302.5999755859375,67.93000030517578,92.51000213623047
2018-05-03,67.08000183105469,10679.650390625,12.989999771118164,1310.699951171875,68.43000030517578,92.41000366210938
2018-05-04,66.66000366210938,10618.25,13.25,1312.699951171875,69.72000122070312,92.56999969482422
2018-05-07,66.81050109863281,10715.5,13.760000228881836,1312.199951171875,70.7300033569336,92.75
2018-05-08,67.1187973022461,10717.7998046875,14.0600004196167,1312.0,69.05999755859375,93.12000274658203
2018-05-09,67.1624984741211,10741.7001953125,14.270000457763672,1311.300048828125,71.13999938964844,93.04000091552734
2018-05-10,67.62000274658203,10716.5498046875,14.430000305175781,1320.800048828125,71.36000061035156,92.6500015258789
2018-05-11,67.38999938964844,10806.5,13.979999542236328,1319.0,70.69999694824219,92.54000091552734
2018-05-14,67.3822021484375,10806.599609375,14.25,1316.5,70.95999908447266,92.58999633789062
2018-05-15,67.6780014038086,10801.849609375,13.170000076293945,1288.9000244140625,71.30999755859375,93.22000122070312
2018-05-16,68.45999908447266,10741.099609375,13.4399995803833,1290.199951171875,71.48999786376953,93.38999938964844
2018-05-17,68.05999755859375,10682.7001953125,13.40999984741211,1288.199951171875,71.48999786376953,93.47000122070312
2018-05-18,68.13999938964844,10596.400390625,14.149999618530273,1290.199951171875,71.27999877929688,93.63999938964844
2018-05-21,67.9749984741211,10516.7001953125,14.40999984741211,1290.199951171875,72.23999786376953,93.68000030517578
2018-05-22,68.4000015258789,10536.7001953125,13.600000381469727,1291.699951171875,72.12999725341797,93.61000061035156
2018-05-23,68.43000030517578,10430.349609375,14.15999984741211,1289.300048828125,71.83999633789062,94.01000213623047
2018-05-24,68.6500015258789,10513.849609375,13.149999618530273,1303.699951171875,70.70999908447266,93.77999877929688
2018-05-25,68.26010131835938,10605.150390625,12.649999618530273,1303.300048828125,67.87999725341797,94.19000244140625
2018-05-28,67.7217025756836,10688.650390625,13.0600004196167,,,
2018-05-29,67.40280151367188,10633.2998046875,13.069999694824219,1298.699951171875,66.7300033569336,94.83000183105469
2018-05-30,68.12999725341797,10614.349609375,13.40999984741211,1301.5,68.20999908447266,94.1500015258789
2018-05-31,67.43000030517578,10736.150390625,13.220000267028809,1300.0999755859375,67.04000091552734,93.98999786376953
2018-06-01,67.43499755859375,10696.2001953125,13.569999694824219,1294.800048828125,65.80999755859375,94.19000244140625
2018-06-04,66.92500305175781,10628.5,13.880000114440918,1293.0999755859375,64.75,94.0199966430664
2018-06-05,67.05999755859375,10593.150390625,13.319999694824219,1297.5,65.5199966430664,93.88999938964844
2018-06-06,67.08999633789062,10684.650390625,12.550000190734863,1297.0999755859375,64.7300033569336,93.66000366210938
2018-06-07,66.8301010131836,10768.349609375,12.779999732971191,1298.699951171875,65.94999694824219,93.4000015258789
2018-06-08,67.41000366210938,10767.650390625,12.699999809265137,1298.0999755859375,65.73999786376953,93.55000305175781
2018-06-11,67.51000213623047,10786.9501953125,13.180000305175781,1298.9000244140625,66.0999984741211,93.58000183105469
2018-06-12,67.48999786376953,10842.849609375,12.729999542236328,1295.0999755859375,66.36000061035156,93.80000305175781
2018-06-13,67.91000366210938,10856.7001953125,12.640000343322754,1296.9000244140625,66.63999938964844,93.70999908447266
2018-06-14,67.77999877929688,10808.0498046875,12.100000381469727,1304.0,66.88999938964844,94.7699966430664
2018-06-15,68.12999725341797,10817.7001953125,12.069999694824219,1274.5999755859375,65.05999755859375,94.79000091552734
2018-06-18,68.05000305175781,10799.849609375,12.380000114440918,1276.199951171875,65.8499984741211,94.75
2018-06-19,68.01000213623047,10710.4501953125,12.920000076293945,1275.5999755859375,65.06999969482422,95.08999633789062
2018-06-20,68.05000305175781,10772.0498046875,12.170000076293945,1271.199951171875,66.22000122070312,95.05999755859375
2018-06-21,68.3499984741211,10741.099609375,12.449999809265137,1267.199951171875,65.54000091552734,94.87000274658203
2018-06-22,67.83000183105469,10821.849609375,12.020000457763672,1267.4000244140625,68.58000183105469,94.5199966430664
2018-06-25,67.85489654541016,10762.4501953125,12.579999923706055,1265.5999755859375,68.08000183105469,94.27999877929688
2018-06-26,68.33999633789062,10769.150390625,12.800000190734863,1256.5999755859375,70.52999877929688,94.68000030517578
2018-06-27,68.36499786376953,10671.400390625,13.510000228881836,1252.800048828125,72.76000213623047,95.29000091552734
2018-06-28,69.23999786376953,10589.099609375,13.949999809265137,1247.800048828125,73.44999694824219,95.38999938964844
2018-06-29,68.79669952392578,10714.2998046875,12.9399995803833,1251.300048828125,74.1500015258789,94.62999725341797
2018-07-02,68.43499755859375,10657.2998046875,13.369999885559082,1239.800048828125,73.94000244140625,94.87000274658203
2018-07-03,68.6948013305664,10699.900390625,13.0,1251.5999755859375,74.13999938964844,94.58999633789062
2018-07-04,68.83000183105469,10769.900390625,12.65999984741211,,,
2018-07-05,68.9800033569336,10749.75,12.579999923706055,1257.300048828125,72.94000244140625,94.47000122070312
2018-07-06,69.06999969482422,10772.650390625,12.4399995803833,1254.300048828125,73.80000305175781,94.04000091552734
2018-07-09,68.75499725341797,10852.900390625,12.390000343322754,1258.0999755859375,73.8499984741211,94.08000183105469
2018-07-10,68.65979766845703,10947.25,12.399999618530273,1253.800048828125,74.11000061035156,94.11000061035156
2018-07-11,68.9000015258789,10948.2998046875,12.779999732971191,1242.800048828125,70.37999725341797,94.72000122070312
2018-07-12,68.72000122070312,11023.2001953125,12.510000228881836,1245.0,70.33000183105469,94.80999755859375
2018-07-13,68.54000091552734,11018.900390625,12.300000190734863,1239.5999755859375,71.01000213623047,94.75
2018-07-16,68.48670196533203,10936.849609375,12.949999809265137,1238.0999755859375,68.05999755859375,94.51000213623047
2018-07-17,68.72000122070312,11008.0498046875,12.829999923706055,1225.699951171875,68.08000183105469,94.97000122070312
2018-07-18,68.35600280761719,10980.4501953125,13.680000305175781,1226.300048828125,68.76000213623047,95.08000183105469
2018-07-19,68.6155014038086,10957.099609375,13.59000015258789,1222.4000244140625,69.45999908447266,95.16999816894531
2018-07-20,68.93509674072266,11010.2001953125,13.539999961853027,1229.5,70.45999908447266,94.45999908447266
2018-07-23,68.7332992553711,11084.75,13.010000228881836,1224.0,67.88999938964844,94.66999816894531
2018-07-24,69.19999694824219,11134.2998046875,12.470000267028809,1223.9000244140625,68.5199966430664,94.61000061035156
2018-07-25,68.80999755859375,11132.0,12.210000038146973,1231.4000244140625,69.30000305175781,94.36000061035156
2018-07-26,68.83999633789062,11167.2998046875,12.029999732971191,1225.300048828125,69.61000061035156,94.75
2018-07-27,68.73999786376953,11278.349609375,12.3100004196167,1222.5999755859375,68.69000244140625,94.68000030517578
2018-07-30,68.61499786376953,11319.5498046875,12.59000015258789,1221.300048828125,70.12999725341797,94.36000061035156
2018-07-31,68.68499755859375,11356.5,12.479999542236328,1223.699951171875,68.76000213623047,94.48999786376953
2018-08-01,68.4968032836914,11346.2001953125,12.529999732971191,1217.9000244140625,67.66000366210938,94.62000274658203
2018-08-02,68.30709838867188,11244.7001953125,12.5600004196167,1210.5999755859375,68.95999908447266,95.16999816894531
2018-08-03,68.6155014038086,11360.7998046875,12.079999923706055,1214.199951171875,68.48999786376953,95.13999938964844
2018-08-06,68.50499725341797,11387.099609375,12.5600004196167,1208.5999755859375,69.01000213623047,95.36000061035156
2018-08-07,68.80999755859375,11389.4501953125,12.579999923706055,1209.5999755859375,69.16999816894531,95.22000122070312
2018-08-08,68.59600067138672,11450.0,12.539999961853027,1212.5999755859375,66.94000244140625,95.0999984741211
2018-08-09,68.45500183105469,11470.7001953125,12.680000305175781,1211.9000244140625,66.80999755859375,95.5
2018-08-10,69.0999984741211,11429.5,12.850000381469727,1211.0999755859375,67.62999725341797,96.36000061035156
2018-08-13,69.08499908447266,11355.75,13.399999618530273,1191.300048828125,67.19999694824219,96.38999938964844
2018-08-14,69.9490966796875,11435.099609375,13.279999732971191,1193.0,67.04000091552734,96.7300033569336
2018-08-15,69.94999694824219,,,1177.5,65.01000213623047,96.69999694824219
2018-08-16,70.66000366210938,11385.0498046875,13.649999618530273,1176.199951171875,65.45999908447266,96.6500015258789
2018-08-17,70.00499725341797,11470.75,13.15999984741211,1176.5,65.91000366210938,96.0999984741211
2018-08-20,69.78500366210938,11551.75,13.029999732971191,1186.800048828125,66.43000030517578,95.9000015258789
2018-08-21,69.73999786376953,11570.900390625,12.899999618530273,1192.5999755859375,67.3499984741211,95.26000213623047
2018-08-22,69.80999755859375,,,1196.300048828125,67.86000061035156,95.1500015258789
2018-08-23,69.79000091552734,11582.75,12.760000228881836,1187.0,67.83000183105469,95.62000274658203
2018-08-24,70.2750015258789,11557.099609375,12.40999984741211,1206.300048828125,68.72000122070312,95.1500015258789
2018-08-27,69.76499938964844,11691.9501953125,12.239999771118164,1209.0,68.87000274658203,94.77999877929688
2018-08-28,69.94499969482422,11738.5,12.430000305175781,1207.4000244140625,68.52999877929688,94.72000122070312
2018-08-29,70.54000091552734,11691.900390625,12.4399995803833,1204.5,69.51000213623047,94.5999984741211
2018-08-30,70.91000366210938,11676.7998046875,12.40999984741211,1197.699951171875,70.25,94.72000122070312
2018-08-31,71.40499877929688,11680.5,12.600000381469727,1200.300048828125,69.80000305175781,95.13999938964844
2018-09-03,70.99500274658203,11582.349609375,13.390000343322754,,,
2018-09-04,71.06999969482422,11520.2998046875,13.779999732971191,1192.699951171875,69.87000274658203,95.41999816894531
2018-09-05,71.75,11476.9501953125,13.649999618530273,1194.9000244140625,68.72000122070312,95.12999725341797
2018-09-06,71.88999938964844,11536.900390625,13.720000267028809,1197.9000244140625,67.7699966430664,95.0199966430664
2018-09-07,71.93890380859375,11589.099609375,13.890000343322754,1193.5999755859375,67.75,95.37000274658203
2018-09-10,72.09500122070312,11438.099609375,15.199999809265137,1193.0,67.54000091552734,95.1500015258789
2018-09-11,72.44499969482422,11287.5,15.329999923706055,1195.4000244140625,69.25,95.05999755859375
2018-09-12,72.98999786376953,11369.900390625,14.25,1204.699951171875,70.37000274658203,94.80000305175781
2018-09-13,71.92520141601562,,,1202.0,68.58999633789062,94.54000091552734
2018-09-14,72.02749633789062,11515.2001953125,13.84000015258789,1195.0,68.98999786376953,94.9800033569336
2018-09-17,72.09500122070312,11377.75,14.5,1199.699951171875,68.91000366210938,94.51000213623047
2018-09-18,72.53479766845703,11278.900390625,14.420000076293945,1196.800048828125,69.8499984741211,94.62000274658203
2018-09-19,73.12000274658203,11234.349609375,14.010000228881836,1202.199951171875,71.12000274658203,94.55000305175781
2018-09-20,72.34500122070312,,,1206.199951171875,70.80000305175781,93.91000366210938
2018-09-21,71.72000122070312,11143.099609375,15.539999961853027,1196.199951171875,70.77999877929688,94.22000122070312
2018-09-24,72.2300033569336,10967.400390625,17.43000030517578,1199.300048828125,72.08000183105469,94.26000213623047
2018-09-25,73.30000305175781,11067.4501953125,16.68000030517578,1200.0,72.27999877929688,94.12999725341797
2018-09-26,73.08999633789062,11053.7998046875,17.09000015258789,1194.0,71.56999969482422,94.19000244140625
2018-09-27,72.7699966430664,10977.5498046875,16.920000076293945,1182.300048828125,72.12000274658203,95.0
2018-09-28,72.94999694824219,10930.4501953125,17.0,1191.5,73.25,95.19000244140625
2018-10-01,72.50499725341797,11008.2998046875,16.84000015258789,1187.0999755859375,75.30000305175781,95.30000305175781
2018-10-02,73.75499725341797,,,1202.4000244140625,75.2300033569336,95.51000213623047
2018-10-03,73.27999877929688,10858.25,18.1200008392334,1198.300048828125,76.41000366210938,95.76000213623047
2018-10-04,73.8499984741211,10599.25,18.920000076293945,1197.199951171875,74.33000183105469,95.75
2018-10-05,74.22000122070312,10316.4501953125,19.729999542236328,1201.199951171875,74.33999633789062,95.62000274658203
2018-10-08,73.76300048828125,10348.0498046875,20.149999618530273,1184.4000244140625,74.29000091552734,95.7699966430664
2018-10-09,73.88999938964844,10301.0498046875,19.760000228881836,1187.199951171875,74.95999908447266,95.68000030517578
2018-10-10,74.55000305175781,10460.099609375,17.90999984741211,1189.300048828125,73.16999816894531,95.51000213623047
2018-10-11,74.5999984741211,10234.650390625,20.549999237060547,1223.5,70.97000122070312,95.0199966430664
2018-10-12,74.16000366210938,10472.5,18.6299991607666,1218.0999755859375,71.33999633789062,95.22000122070312
2018-10-15,73.6760025024414,10512.5,18.889999389648438,1226.4000244140625,71.77999877929688,95.06999969482422
2018-10-16,74.08000183105469,10584.75,17.3700008392334,1227.300048828125,71.91999816894531,95.05000305175781
2018-10-17,73.45549774169922,10453.0498046875,17.979999542236328,1223.699951171875,69.75,95.58000183105469
2018-10-18,73.91999816894531,,,1226.5,68.6500015258789,95.9000015258789
2018-10-19,74.16000366210938,10303.5498046875,19.790000915527344,1225.300048828125,69.12000274658203,95.70999908447266
2018-10-22,73.46499633789062,10245.25,21.360000610351562,1221.199951171875,69.16999816894531,96.01000213623047
2018-10-23,73.8594970703125,10146.7998046875,19.040000915527344,1233.4000244140625,66.43000030517578,95.95999908447266
2018-10-24,73.22129821777344,10224.75,18.8799991607666,1227.800048828125,66.81999969482422,96.43000030517578
2018-10-25,73.22049713134766,10124.900390625,18.959999084472656,1229.0999755859375,67.33000183105469,96.68000030517578
2018-10-26,73.22019958496094,10030.0,19.229999542236328,1232.5,67.58999633789062,96.36000061035156
2018-10-29,73.125,10250.849609375,19.829999923706055,1224.5,67.04000091552734,96.58000183105469
2018-10-30,73.5905990600586,10198.400390625,20.5,1222.5999755859375,66.18000030517578,97.01000213623047
2018-10-31,73.6500015258789,10386.599609375,19.799999237060547,1212.300048828125,65.30999755859375,97.12999725341797
2018-11-01,74.06999969482422,10380.4501953125,19.190000534057617,1236.0,63.689998626708984,96.27999877929688
2018-11-02,73.30999755859375,10553.0,18.229999542236328,1230.9000244140625,63.13999938964844,96.54000091552734
2018-11-05,72.90499877929688,10524.0,19.479999542236328,1229.800048828125,63.099998474121094,96.3499984741211
2018-11-06,72.86000061035156,10530.0,18.510000228881836,1223.800048828125,62.209999084472656,96.31999969482422
2018-11-07,73.2300033569336,10598.400390625,17.719999313354492,1226.199951171875,61.66999816894531,96.0
2018-11-08,72.37999725341797,,,1222.9000244140625,60.66999816894531,96.63999938964844
2018-11-09,72.9000015258789,10585.2001953125,17.770000457763672,1206.4000244140625,60.189998626708984,96.91000366210938
2018-11-12,72.47000122070312,10482.2001953125,19.3700008392334,1201.300048828125,59.93000030517578,97.54000091552734
2018-11-13,73.18000030517578,10582.5,18.700000762939453,1199.199951171875,55.689998626708984,97.30000305175781
2018-11-14,72.55000305175781,10576.2998046875,18.829999923706055,1207.9000244140625,56.25,96.80000305175781
2018-11-15,72.4000015258789,10616.7001953125,18.450000762939453,1212.800048828125,56.459999084472656,96.93000030517578
2018-11-16,71.8917007446289,10682.2001953125,18.350000381469727,1220.800048828125,56.459999084472656,96.47000122070312
2018-11-19,71.7750015258789,10763.400390625,19.260000228881836,1223.0999755859375,56.7599983215332,96.19000244140625
2018-11-20,71.69000244140625,10656.2001953125,19.329999923706055,1219.0,53.43000030517578,96.80999755859375
2018-11-21,71.41500091552734,10600.0498046875,19.559999465942383,1225.800048828125,54.630001068115234,96.70999908447266
2018-11-22,71.29499816894531,10526.75,19.15999984741211,,,
2018-11-23,70.83499908447266,,,1221.0,50.41999816894531,96.91999816894531
2018-11-26,70.66999816894531,10628.599609375,20.399999618530273,1220.199951171875,51.630001068115234,97.06999969482422
2018-11-27,70.80999755859375,10685.599609375,18.31999969482422,1211.199951171875,51.560001373291016,97.37000274658203
2018-11-28,70.87999725341797,10728.849609375,17.959999084472656,1221.4000244140625,50.290000915527344,96.79000091552734
2018-11-29,70.5999984741211,10858.7001953125,18.700000762939453,1224.0999755859375,51.45000076293945,96.77999877929688
2018-11-30,69.91999816894531,10876.75,19.15999984741211,1220.199951171875,50.93000030517578,97.2699966430664
2018-12-03,69.76000213623047,10883.75,18.219999313354492,1233.9000244140625,52.95000076293945,97.04000091552734
2018-12-04,70.48500061035156,10869.5,18.110000610351562,1241.0999755859375,53.25,96.97000122070312
2018-12-05,70.62999725341797,10782.900390625,18.389999389648438,,,
2018-12-06,70.87000274658203,10601.150390625,19.309999465942383,1238.0999755859375,51.4900016784668,96.80999755859375
2018-12-07,70.75,10693.7001953125,18.59000015258789,1246.800048828125,52.61000061035156,96.51000213623047
2018-12-10,71.36499786376953,10488.4501953125,20.440000534057617,1243.699951171875,51.0,97.22000122070312
2018-12-11,72.7300033569336,10549.150390625,17.950000762939453,1241.9000244140625,51.650001525878906,97.38999938964844
2018-12-12,72.62000274658203,10737.599609375,15.8100004196167,1244.4000244140625,51.150001525878906,97.04000091552734
2018-12-13,72.1500015258789,10791.5498046875,15.550000190734863,1242.699951171875,52.58000183105469,97.05999755859375
2018-12-14,71.5469970703125,10805.4501953125,15.15999984741211,1237.0,51.20000076293945,97.44000244140625
2018-12-17,71.91000366210938,10888.349609375,14.539999961853027,1247.4000244140625,49.880001068115234,97.0999984741211
2018-12-18,71.58999633789062,10908.7001953125,14.579999923706055,1249.199951171875,46.2400016784668,97.13999938964844
2018-12-19,70.56999969482422,10967.2998046875,14.65999984741211,1252.0999755859375,47.20000076293945,97.04000091552734
2018-12-20,70.68550109863281,10951.7001953125,14.329999923706055,1263.5999755859375,45.880001068115234,96.27999877929688
2018-12-21,70.30000305175781,10754.0,15.989999771118164,1253.800048828125,45.59000015258789,96.95999908447266
2018-12-24,70.13999938964844,10663.5,15.75,1267.5,42.529998779296875,96.55000305175781
2018-12-25,70.23999786376953,,,,,
2018-12-26,70.23999786376953,10729.849609375,15.920000076293945,1269.199951171875,46.220001220703125,97.05000305175781
2018-12-27,70.1500015258789,10779.7998046875,16.06999969482422,1277.300048828125,44.61000061035156,96.4800033569336
2018-12-28,69.98999786376953,10859.900390625,15.270000457763672,1279.9000244140625,45.33000183105469,96.38999938964844
2018-12-31,69.92250061035156,10862.5498046875,16.0,1278.300048828125,45.40999984741211,96.16999816894531
2019-01-01,69.70999908447266,,15.329999923706055,,,
2019-01-02,69.70999908447266,10792.5,16.389999389648438,1281.0,46.540000915527344,96.81999969482422
2019-01-03,69.95999908447266,10672.25,16.790000915527344,1291.800048828125,47.09000015258789,96.30999755859375
2019-01-04,70.30000305175781,10727.349609375,16.15999984741211,1282.699951171875,47.959999084472656,96.19000244140625
2019-01-07,69.5250015258789,10771.7998046875,16.299999237060547,1286.800048828125,48.52000045776367,95.70999908447266
2019-01-08,69.80999755859375,10802.150390625,15.699999809265137,1283.199951171875,49.779998779296875,95.9000015258789
2019-01-09,70.33000183105469,10855.150390625,15.270000457763672,1289.300048828125,52.36000061035156,95.22000122070312
2019-01-10,70.55049896240234,10821.599609375,15.350000381469727,1284.699951171875,52.59000015258789,95.54000091552734
2019-01-11,70.72000122070312,10794.9501953125,15.350000381469727,1287.0999755859375,51.59000015258789,95.66999816894531
2019-01-14,70.37000274658203,10737.599609375,16.15999984741211,1289.0999755859375,50.5099983215332,95.58999633789062
2019-01-15,71.08499908447266,10886.7998046875,15.579999923706055,1286.199951171875,52.11000061035156,95.97000122070312
2019-01-16,71.09249877929688,10890.2998046875,16.079999923706055,1291.5999755859375,52.310001373291016,96.05999755859375
2019-01-17,71.36499786376953,10905.2001953125,16.239999771118164,1291.0,52.06999969482422,96.06999969482422
2019-01-18,71.03019714355469,10906.9501953125,16.6200008392334,1281.300048828125,53.79999923706055,96.33999633789062
2019-01-21,71.2300033569336,10961.849609375,18.149999618530273,,,
2019-01-22,71.5,10922.75,17.989999771118164,1282.5,52.56999969482422,96.30000305175781
2019-01-23,71.2302017211914,10831.5,18.09000015258789,1283.0999755859375,52.619998931884766,96.12000274658203
2019-01-24,71.15730285644531,10849.7998046875,17.43000030517578,1279.0999755859375,53.130001068115234,96.5999984741211
2019-01-25,70.98999786376953,10780.5498046875,17.690000534057617,1297.4000244140625,53.689998626708984,95.79000091552734
2019-01-28,70.9749984741211,10661.5498046875,18.899999618530273,1302.4000244140625,51.9900016784668,95.75
2019-01-29,71.09010314941406,10652.2001953125,18.43000030517578,1308.199951171875,53.310001373291016,95.81999969482422
2019-01-30,71.62000274658203,10651.7998046875,17.850000381469727,1309.9000244140625,54.22999954223633,95.33999633789062
2019-01-31,71.12000274658203,10830.9501953125,17.1200008392334,1319.699951171875,53.790000915527344,95.58000183105469
2019-02-01,71.19999694824219,10893.650390625,15.720000267028809,1316.9000244140625,55.2599983215332,95.58000183105469
2019-02-04,71.45169830322266,10912.25,15.720000267028809,1314.300048828125,54.560001373291016,95.8499984741211
2019-02-05,71.68499755859375,10934.349609375,15.779999732971191,1314.199951171875,53.65999984741211,96.0999984741211
2019-02-06,71.7699966430664,11062.4501953125,15.630000114440918,1309.5,54.0099983215332,96.41999816894531
2019-02-07,71.54049682617188,11069.400390625,15.4399995803833,1309.4000244140625,52.63999938964844,96.51000213623047
2019-02-08,71.58000183105469,10943.599609375,15.569999694824219,1313.699951171875,52.720001220703125,96.63999938964844
2019-02-11,71.1500015258789,10888.7998046875,15.84000015258789,1307.0,52.40999984741211,97.05999755859375
2019-02-12,71.2300033569336,10831.400390625,15.75,1309.199951171875,53.099998474121094,96.70999908447266
2019-02-13,70.80999755859375,,,1310.800048828125,53.900001525878906,97.12999725341797
2019-02-14,70.86509704589844,10746.0498046875,15.770000457763672,1309.800048828125,54.40999984741211,96.9800033569336
2019-02-15,71.01000213623047,10724.400390625,16.459999084472656,1318.0999755859375,55.59000015258789,96.91999816894531
2019-02-18,71.31999969482422,10640.9501953125,18.0,,,
2019-02-19,71.69999694824219,10604.349609375,18.469999313354492,1340.0999755859375,56.09000015258789,96.5199966430664
2019-02-20,71.5999984741211,10735.4501953125,17.059999465942383,1343.300048828125,56.91999816894531,96.44999694824219
2019-02-21,71.30000305175781,10789.849609375,16.049999237060547,1323.5,56.959999084472656,96.61000061035156
2019-02-22,71.18499755859375,10791.650390625,15.449999809265137,1329.199951171875,57.2599983215332,96.51000213623047
2019-02-25,71.03099822998047,10880.099609375,15.359999656677246,1325.9000244140625,55.47999954223633,96.41000366210938
2019-02-26,71.08999633789062,10835.2998046875,17.110000610351562,1325.0999755859375,55.5,96.0
2019-02-27,70.94000244140625,10806.650390625,18.899999618530273,1317.699951171875,56.939998626708984,96.1500015258789
2019-02-28,71.19000244140625,10792.5,18.280000686645508,1312.800048828125,57.220001220703125,96.16000366210938
2019-03-01,70.81600189208984,10863.5,16.270000457763672,1296.4000244140625,55.79999923706055,96.52999877929688
2019-03-04,70.98999786376953,,,1284.800048828125,56.59000015258789,96.68000030517578
2019-03-05,70.9000015258789,10987.4501953125,15.65999984741211,1282.0,56.560001373291016,96.8499984741211
2019-03-06,70.74250030517578,11053.0,15.609999656677246,1284.9000244140625,56.220001220703125,96.87000274658203
2019-03-07,70.36499786376953,11058.2001953125,15.289999961853027,1283.800048828125,56.65999984741211,97.66999816894531
2019-03-08,70.48750305175781,11035.400390625,14.9399995803833,1297.0,56.06999969482422,97.37000274658203
2019-03-11,69.98690032958984,11168.0498046875,14.899999618530273,1288.800048828125,56.790000915527344,97.22000122070312
2019-03-12,69.79010009765625,11301.2001953125,15.100000381469727,1296.300048828125,56.869998931884766,96.94000244140625
2019-03-13,69.84500122070312,11341.7001953125,15.279999732971191,1307.5,58.2599983215332,96.55000305175781
2019-03-14,69.72630310058594,11343.25,15.149999618530273,1293.4000244140625,58.61000061035156,96.79000091552734
2019-03-15,69.3373031616211,11426.849609375,15.869999885559082,1301.800048828125,58.52000045776367,96.5999984741211
2019-03-18,68.9530029296875,11462.2001953125,16.899999618530273,1300.300048828125,59.09000015258789,96.5199966430664
2019-03-19,68.61799621582031,11532.400390625,16.489999771118164,1305.0,59.029998779296875,96.37999725341797
2019-03-20,69.31749725341797,11521.0498046875,16.030000686645508,1300.5,59.83000183105469,95.76000213623047
2019-03-21,68.82499694824219,,,1306.0999755859375,59.97999954223633,96.5
2019-03-22,68.93000030517578,11456.900390625,16.270000457763672,1311.5999755859375,59.040000915527344,96.6500015258789
2019-03-25,69.1604995727539,11354.25,16.670000076293945,1321.9000244140625,58.81999969482422,96.56999969482422
2019-03-26,68.92340087890625,11483.25,16.489999771118164,1314.300048828125,59.939998626708984,96.73999786376953
2019-03-27,69.42749786376953,11445.0498046875,17.049999237060547,1309.9000244140625,59.40999984741211,96.7699966430664
2019-03-28,69.37000274658203,11570.0,16.649999618530273,1289.800048828125,59.29999923706055,97.19999694824219
2019-03-29,69.5,,,1293.0,60.13999938964844,97.27999877929688
2019-04-01,69.43000030517578,11669.150390625,18.010000228881836,1288.4000244140625,61.59000015258789,97.25
2019-04-02,69.19529724121094,11713.2001953125,18.079999923706055,1290.0,62.58000183105469,97.36000061035156
2019-04-03,68.91020202636719,11643.9501953125,18.780000686645508,1289.9000244140625,62.459999084472656,97.08999633789062
2019-04-04,68.8499984741211,11598.0,18.649999618530273,1289.0,62.099998474121094,97.30999755859375
2019-04-05,68.97039794921875,11665.9501953125,18.389999389648438,1290.4000244140625,63.08000183105469,97.4000015258789
2019-04-08,69.16000366210938,11604.5,20.149999618530273,1297.0999755859375,64.4000015258789,97.05000305175781
2019-04-09,69.55249786376953,11671.9501953125,20.280000686645508,1303.5,63.97999954223633,97.01000213623047
2019-04-10,69.26180267333984,11584.2998046875,21.1299991607666,1309.0999755859375,64.61000061035156,96.94999694824219
2019-04-11,69.14019775390625,11596.7001953125,20.959999084472656,1288.5999755859375,63.58000183105469,97.18000030517578
2019-04-12,69.43000030517578,11643.4501953125,21.0,1290.5999755859375,63.88999938964844,96.97000122070312
2019-04-15,69.16100311279297,11690.349609375,21.389999389648438,1286.800048828125,63.400001525878906,96.94000244140625
2019-04-16,69.80999755859375,11787.150390625,21.690000534057617,1272.5999755859375,64.05000305175781,97.04000091552734
2019-04-17,69.88500213623047,,,1272.199951171875,63.7599983215332,97.01000213623047
2019-04-18,69.4010009765625,11752.7998046875,22.739999771118164,1271.9000244140625,64.0,97.47000122070312
2019-04-19,69.38099670410156,,,,,
2019-04-22,69.36000061035156,11594.4501953125,24.049999237060547,1273.5,65.69999694824219,97.27999877929688
2019-04-23,70.0625,11575.9501953125,24.649999618530273,1269.300048828125,66.30000305175781,97.56999969482422
2019-04-24,69.75800323486328,11726.150390625,23.709999084472656,1275.5,65.88999938964844,98.0999984741211
2019-04-25,70.0958023071289,11641.7998046875,23.229999542236328,1275.800048828125,65.20999908447266,98.19999694824219
2019-04-26,70.16000366210938,11754.650390625,21.719999313354492,1284.9000244140625,63.29999923706055,98.01000213623047
2019-04-29,69.84200286865234,,,1278.5999755859375,63.5,97.86000061035156
2019-04-30,69.81179809570312,11748.150390625,21.829999923706055,1282.800048828125,63.90999984741211,97.4800033569336
2019-05-01,69.55599975585938,,,1281.4000244140625,63.599998474121094,97.69000244140625
2019-05-02,69.63289642333984,11724.75,22.979999542236328,1269.699951171875,61.810001373291016,97.83000183105469
2019-05-03,69.42440032958984,11712.25,24.030000686645508,1279.199951171875,61.939998626708984,97.5199966430664
2019-05-06,69.16799926757812,11598.25,26.43000030517578,1281.699951171875,62.25,97.5199966430664
2019-05-07,69.40029907226562,11497.900390625,26.479999542236328,1283.5,61.400001525878906,97.62999725341797
2019-05-08,69.91000366210938,11359.4501953125,26.3700008392334,1279.4000244140625,62.119998931884766,97.62000274658203
2019-05-09,70.01000213623047,11301.7998046875,25.489999771118164,1283.5,61.70000076293945,97.37000274658203
2019-05-10,70.41000366210938,11278.900390625,26.34000015258789,1285.699951171875,61.65999984741211,97.33000183105469
2019-05-13,69.92250061035156,11148.2001953125,27.3799991607666,1300.0999755859375,61.040000915527344,97.31999969482422
2019-05-14,70.61699676513672,11222.0498046875,27.1299991607666,1294.699951171875,61.779998779296875,97.52999877929688
2019-05-15,70.30699920654297,11157.0,28.65999984741211,1296.300048828125,62.02000045776367,97.56999969482422
2019-05-16,70.20919799804688,11257.099609375,28.3700008392334,1285.0,62.869998931884766,97.83999633789062
2019-05-17,70.23500061035156,11407.150390625,28.079999923706055,1274.5,62.7599983215332,98.0
2019-05-20,70.28150177001953,11828.25,23.68000030517578,1276.0999755859375,63.099998474121094,97.93000030517578
2019-05-21,70.12750244140625,11709.099609375,25.649999618530273,1272.0,62.9900016784668,98.05999755859375
2019-05-22,,11737.900390625,27.6299991607666,1273.5999755859375,61.41999816894531,98.11000061035156
2019-05-23,69.97250366210938,11657.0498046875,19.40999984741211,1284.800048828125,57.90999984741211,97.8499984741211
2019-05-24,69.94499969482422,11844.099609375,16.469999313354492,1283.0,58.630001068115234,97.61000061035156
2019-05-27,69.36000061035156,11924.75,16.190000534057617,,,
2019-05-28,69.72000122070312,11928.75,15.920000076293945,1276.5,59.13999938964844,97.95999908447266
2019-05-29,69.875,11861.099609375,16.40999984741211,1280.5999755859375,58.810001373291016,98.13999938964844
2019-05-30,69.81500244140625,11945.900390625,15.609999656677246,1287.0999755859375,56.59000015258789,98.13999938964844
2019-05-31,69.9800033569336,11922.7998046875,16.06999969482422,1305.800048828125,53.5,97.75
2019-06-03,69.5696029663086,12088.5498046875,15.970000267028809,1322.699951171875,53.25,97.13999938964844
2019-06-04,69.16190338134766,12021.650390625,15.630000114440918,1323.4000244140625,53.47999954223633,97.06999969482422
2019-06-05,69.55999755859375,,,1328.300048828125,51.68000030517578,97.37000274658203
2019-06-06,69.625,11843.75,15.529999732971191,1337.5999755859375,52.59000015258789,97.02999877929688
2019-06-07,69.36000061035156,11870.650390625,14.859999656677246,1341.199951171875,53.9900016784668,96.61000061035156
2019-06-10,69.34500122070312,11922.7001953125,14.979999542236328,1324.699951171875,53.2599983215332,96.76000213623047
2019-06-11,69.52349853515625,11965.599609375,14.489999771118164,1326.4000244140625,53.27000045776367,96.69000244140625
2019-06-12,69.3864974975586,11906.2001953125,14.119999885559082,1331.9000244140625,51.13999938964844,97.0
2019-06-13,69.69999694824219,11914.0498046875,13.65999984741211,1339.199951171875,52.279998779296875,97.01000213623047
2019-06-14,69.80000305175781,11823.2998046875,13.899999618530273,1340.0999755859375,52.5099983215332,97.56999969482422
2019-06-17,69.77050018310547,11672.150390625,14.649999618530273,1338.699951171875,51.93000030517578,97.55999755859375
2019-06-18,70.11250305175781,11691.5,14.600000381469727,1346.5999755859375,53.900001525878906,97.63999938964844
2019-06-19,69.76499938964844,11691.4501953125,14.729999542236328,1344.5999755859375,53.7599983215332,97.12000274658203
2019-06-20,69.87000274658203,11831.75,14.0,1392.9000244140625,56.650001525878906,96.62999725341797
2019-06-21,69.77999877929688,11724.099609375,14.609999656677246,1396.199951171875,57.43000030517578,96.22000122070312
2019-06-24,69.56990051269531,11699.650390625,15.220000267028809,1414.300048828125,57.900001525878906,95.9800033569336
2019-06-25,69.60250091552734,11796.4501953125,15.010000228881836,1414.9000244140625,57.83000183105469,96.16000366210938
2019-06-26,69.63749694824219,11847.5498046875,14.75,1411.5999755859375,59.380001068115234,96.20999908447266
2019-06-27,69.60250091552734,11841.5498046875,14.649999618530273,1408.4000244140625,59.43000030517578,96.19000244140625
2019-06-28,69.32499694824219,11788.849609375,14.949999809265137,1409.699951171875,58.470001220703125,96.12999725341797
2019-07-01,68.94049835205078,11865.599609375,14.600000381469727,1385.5999755859375,59.09000015258789,96.83999633789062
2019-07-02,69.1675033569336,11910.2998046875,14.25,1404.5999755859375,56.25,96.7300033569336
2019-07-03,69.0824966430664,11916.75,13.699999809265137,1417.699951171875,57.34000015258789,96.7699966430664
2019-07-04,69.00749969482422,11946.75,13.529999732971191,,,
2019-07-05,68.73999786376953,11811.150390625,13.069999694824219,1396.699951171875,57.5099983215332,97.25
2019-07-08,68.44000244140625,11558.599609375,13.850000381469727,1397.0,57.65999984741211,97.37999725341797
2019-07-09,68.8499984741211,11555.900390625,13.6899995803833,1397.5,57.83000183105469,97.48999786376953
2019-07-10,68.76499938964844,11498.900390625,13.640000343322754,1410.0999755859375,60.43000030517578,97.0999984741211
2019-07-11,68.36759948730469,11582.900390625,12.470000267028809,1404.300048828125,60.20000076293945,97.05000305175781
2019-07-12,68.66999816894531,11552.5,12.0,1409.9000244140625,60.209999084472656,96.80999755859375
2019-07-15,68.55030059814453,11588.349609375,12.020000457763672,1411.4000244140625,59.58000183105469,96.93000030517578
2019-07-16,68.74749755859375,11662.599609375,11.5600004196167,1409.199951171875,57.619998931884766,97.4000015258789
2019-07-17,68.8949966430664,11687.5,11.800000190734863,1421.300048828125,56.779998779296875,97.22000122070312
2019-07-18,68.78600311279297,11596.900390625,11.75,1426.0999755859375,55.29999923706055,96.79000091552734
2019-07-19,68.8499984741211,11419.25,12.520000457763672,1425.0999755859375,55.630001068115234,97.1500015258789
2019-07-22,68.83000183105469,11346.2001953125,13.010000228881836,1425.300048828125,56.220001220703125,97.26000213623047
2019-07-23,69.16000366210938,11331.0498046875,13.430000305175781,1420.0999755859375,56.77000045776367,97.70999908447266
2019-07-24,69.0199966430664,11271.2998046875,12.760000228881836,1422.800048828125,55.880001068115234,97.7300033569336
2019-07-25,69.18499755859375,11252.150390625,12.640000343322754,1413.9000244140625,56.02000045776367,97.81999969482422
2019-07-26,69.15049743652344,11284.2998046875,12.130000114440918,1418.5,56.20000076293945,98.01000213623047
2019-07-29,68.87000274658203,11189.2001953125,13.0600004196167,1419.5999755859375,56.869998931884766,98.04000091552734
2019-07-30,68.94999694824219,11085.400390625,13.609999656677246,1429.699951171875,58.04999923706055,98.05000305175781
2019-07-31,69.07749938964844,11118.0,13.59000015258789,1426.0999755859375,58.58000183105469,98.5199966430664
2019-08-01,69.40499877929688,10980.0,14.5600004196167,1420.9000244140625,53.95000076293945,98.38999938964844
2019-08-02,69.29720306396484,10997.349609375,15.1899995803833,1445.5999755859375,55.65999984741211,98.0999984741211
2019-08-05,69.65689849853516,10862.599609375,16.59000015258789,1464.5999755859375,54.689998626708984,97.5
2019-08-06,71.5199966430664,10948.25,16.1200008392334,1472.4000244140625,53.630001068115234,97.62999725341797
2019-08-07,71.2300033569336,10855.5,16.739999771118164,1507.300048828125,51.09000015258789,97.54000091552734
2019-08-08,71.16510009765625,11032.4501953125,16.09000015258789,1497.699951171875,52.540000915527344,97.62000274658203
2019-08-09,70.47090148925781,11109.650390625,15.850000381469727,1496.5999755859375,54.5,97.48999786376953
2019-08-12,71.03500366210938,,,1505.300048828125,54.93000030517578,97.37999725341797
2019-08-13,71.58000183105469,10925.849609375,17.780000686645508,1502.199951171875,57.099998474121094,97.80999755859375
2019-08-14,71.08000183105469,11029.400390625,16.360000610351562,1515.9000244140625,55.22999954223633,97.98999786376953
2019-08-15,71.63520050048828,,,1519.5999755859375,54.470001220703125,98.13999938964844
2019-08-16,71.72000122070312,11047.7998046875,16.649999618530273,1512.5,54.869998931884766,98.13999938964844
2019-08-19,71.13200378417969,11053.900390625,16.75,1500.4000244140625,56.209999084472656,98.3499984741211
2019-08-20,71.99500274658203,11017.0,16.6299991607666,1504.5999755859375,56.34000015258789,98.19000244140625
2019-08-21,71.80999755859375,10918.7001953125,17.020000457763672,1504.5999755859375,55.68000030517578,98.30000305175781
2019-08-22,71.43779754638672,10741.349609375,17.850000381469727,1497.300048828125,55.349998474121094,98.16999816894531
2019-08-23,71.92040252685547,10829.349609375,17.350000381469727,1526.5999755859375,54.16999816894531,97.63999938964844
2019-08-26,71.50250244140625,11057.849609375,16.65999984741211,1526.300048828125,53.63999938964844,98.08000183105469
2019-08-27,72.16000366210938,11105.349609375,16.010000228881836,1541.0,54.93000030517578,98.0
2019-08-28,71.53500366210938,11046.099609375,16.84000015258789,1537.800048828125,55.779998779296875,98.20999908447266
2019-08-29,72.08499908447266,10948.2998046875,16.43000030517578,1526.5,56.709999084472656,98.51000213623047
2019-08-30,71.6801986694336,11023.25,16.280000686645508,1519.0999755859375,55.099998474121094,98.91999816894531
2019-09-02,71.72989654541016,,,,,
2019-09-03,71.96209716796875,10797.900390625,18.059999465942383,1545.9000244140625,53.939998626708984,98.94999694824219
2019-09-04,72.45999908447266,10844.650390625,17.239999771118164,1550.300048828125,56.2599983215332,98.44999694824219
2019-09-05,71.95570373535156,10847.900390625,17.270000457763672,1515.4000244140625,56.29999923706055,98.41000366210938
2019-09-06,72.22000122070312,10946.2001953125,16.270000457763672,1506.199951171875,56.52000045776367,98.38999938964844
2019-09-09,71.66999816894531,11003.0498046875,15.850000381469727,1502.199951171875,57.849998474121094,98.27999877929688
2019-09-10,72.09249877929688,,,1490.300048828125,57.400001525878906,98.33000183105469
2019-09-11,71.85900115966797,11035.7001953125,15.369999885559082,1494.4000244140625,55.75,98.6500015258789
2019-09-12,71.56009674072266,10982.7998046875,14.899999618530273,1498.699951171875,55.09000015258789,98.30999755859375
2019-09-13,71.28500366210938,11075.900390625,14.119999885559082,1490.9000244140625,54.849998474121094,98.26000213623047
2019-09-16,71.02069854736328,11003.5,14.949999809265137,1503.0999755859375,62.900001525878906,98.6500015258789
2019-09-17,71.74909973144531,10817.599609375,16.020000457763672,1505.0999755859375,59.34000015258789,98.26000213623047
2019-09-18,71.70999908447266,10840.650390625,15.350000381469727,1507.5,58.11000061035156,98.5999984741211
2019-09-19,71.5425033569336,10704.7998046875,15.550000190734863,1498.4000244140625,58.130001068115234,98.2699966430664
2019-09-20,71.71749877929688,11274.2001953125,15.399999618530273,1507.300048828125,58.09000015258789,98.51000213623047
2019-09-23,71.19159698486328,11600.2001953125,16.790000915527344,1523.699951171875,58.63999938964844,98.5999984741211
2019-09-24,70.78959655761719,11588.2001953125,16.729999542236328,1532.0999755859375,57.290000915527344,98.33999633789062
2019-09-25,71.28500366210938,11440.2001953125,16.170000076293945,1504.5999755859375,56.4900016784668,99.04000091552734
2019-09-26,71.30999755859375,11571.2001953125,16.34000015258789,1507.5,56.40999984741211,99.20999908447266
2019-09-27,71.21499633789062,11512.400390625,16.110000610351562,1499.0999755859375,55.90999984741211,99.11000061035156
2019-09-30,70.49870300292969,11474.4501953125,15.869999885559082,1465.699951171875,54.06999969482422,99.37999725341797
2019-10-01,70.92250061035156,11359.900390625,16.760000228881836,1482.0,53.619998931884766,99.12999725341797
2019-10-02,71.0999984741211,,,1501.0,52.63999938964844,99.04000091552734
2019-10-03,71.1416015625,11314.0,17.700000762939453,1507.0999755859375,52.45000076293945,98.86000061035156
2019-10-04,71.0199966430664,11174.75,17.579999923706055,1506.199951171875,52.810001373291016,98.80999755859375
2019-10-07,70.81500244140625,11126.400390625,17.829999923706055,1497.699951171875,52.75,98.98999786376953
2019-10-08,71.36000061035156,,,1497.199951171875,52.630001068115234,99.13999938964844
2019-10-09,71.20999908447266,11313.2998046875,17.15999984741211,1506.0999755859375,52.59000015258789,99.12000274658203
2019-10-10,71.41000366210938,11234.5498046875,17.229999542236328,1494.800048828125,53.54999923706055,98.70999908447266
2019-10-11,70.9800033569336,11305.0498046875,17.139999389648438,1482.699951171875,54.70000076293945,98.30000305175781
2019-10-14,70.91400146484375,11341.150390625,17.43000030517578,1491.699951171875,53.59000015258789,98.44999694824219
2019-10-15,71.45249938964844,11428.2998046875,16.850000381469727,1477.5999755859375,52.810001373291016,98.29000091552734
2019-10-16,71.76000213623047,11464.0,16.360000610351562,1488.0,53.36000061035156,98.01000213623047
2019-10-17,71.62000274658203,11586.349609375,15.880000114440918,1492.300048828125,53.93000030517578,97.61000061035156
2019-10-18,71.42250061035156,11661.849609375,15.930000305175781,1488.199951171875,53.779998779296875,97.27999877929688
2019-10-21,71.02999877929688,,,1482.4000244140625,53.310001373291016,97.33000183105469
2019-10-22,71.1050033569336,11588.349609375,16.809999465942383,1481.699951171875,54.15999984741211,97.52999877929688
2019-10-23,71.07499694824219,11604.099609375,16.540000915527344,1489.9000244140625,55.970001220703125,97.47000122070312
2019-10-24,70.71499633789062,11582.599609375,16.239999771118164,1498.9000244140625,56.22999954223633,97.62999725341797
2019-10-25,71.19000244140625,11583.900390625,15.319999694824219,1499.5,56.65999984741211,97.83000183105469
2019-10-28,70.83000183105469,,,1490.0,55.810001373291016,97.76000213623047
2019-10-29,70.73500061035156,11786.849609375,16.420000076293945,1487.0,55.540000915527344,97.69000244140625
2019-10-30,70.88459777832031,11844.099609375,16.65999984741211,1493.199951171875,55.060001373291016,97.6500015258789
2019-10-31,70.98999786376953,11877.4501953125,16.280000686645508,1511.4000244140625,54.18000030517578,97.3499984741211
2019-11-01,70.97000122070312,11890.599609375,15.729999542236328,1508.0,56.20000076293945,97.23999786376953
2019-11-04,70.51210021972656,11941.2998046875,15.930000305175781,1508.0,56.540000915527344,97.51000213623047
2019-11-05,71.0,11917.2001953125,15.920000076293945,1480.800048828125,57.22999954223633,97.9800033569336
2019-11-06,70.8949966430664,11966.0498046875,15.779999732971191,1490.199951171875,56.349998474121094,97.94999694824219
2019-11-07,71.0,12012.0498046875,15.210000038146973,1464.199951171875,57.150001525878906,98.13999938964844
2019-11-08,71.37650299072266,11908.150390625,15.859999656677246,1461.300048828125,57.2400016784668,98.3499984741211
2019-11-11,71.37650299072266,11913.4501953125,16.25,1455.5,56.86000061035156,98.19999694824219
2019-11-12,71.5739974975586,,,1452.0999755859375,56.79999923706055,98.30999755859375
2019-11-13,71.77999877929688,11840.4501953125,16.459999084472656,1461.699951171875,57.119998931884766,98.37000274658203
2019-11-14,72.1415023803711,11872.099609375,15.649999618530273,1471.800048828125,56.77000045776367,98.16000366210938
2019-11-15,71.95580291748047,11895.4501953125,15.029999732971191,1467.300048828125,57.720001220703125,98.0
2019-11-18,71.70580291748047,11884.5,15.760000228881836,1470.9000244140625,57.04999923706055,97.79000091552734
2019-11-19,71.93509674072266,11940.099609375,15.40999984741211,1473.300048828125,55.209999084472656,97.86000061035156
2019-11-20,71.85099792480469,11999.099609375,15.15999984741211,1473.300048828125,57.11000061035156,97.93000030517578
2019-11-21,71.76820373535156,11968.400390625,14.979999542236328,1463.0999755859375,58.58000183105469,97.98999786376953
2019-11-22,71.7405014038086,11914.400390625,14.869999885559082,1463.0999755859375,57.77000045776367,98.2699966430664
2019-11-25,71.78260040283203,12073.75,15.0,1456.5999755859375,58.0099983215332,98.31999969482422
2019-11-26,71.67949676513672,12037.7001953125,14.84000015258789,1459.800048828125,58.40999984741211,98.25
2019-11-27,71.42839813232422,12100.7001953125,14.619999885559082,1453.4000244140625,58.11000061035156,98.41000366210938
2019-11-28,71.22810363769531,12151.150390625,13.989999771118164,,,
2019-11-29,71.54740142822266,12056.0498046875,13.899999618530273,1465.5999755859375,55.16999816894531,98.2699966430664
2019-12-02,71.7229995727539,12048.2001953125,14.199999809265137,1462.300048828125,55.959999084472656,97.86000061035156
2019-12-03,71.625,11994.2001953125,14.5600004196167,1478.199951171875,56.099998474121094,97.73999786376953
2019-12-04,71.95999908447266,12043.2001953125,13.319999694824219,1474.0,58.43000030517578,97.6500015258789
2019-12-05,71.4801025390625,12018.400390625,14.3100004196167,1476.9000244140625,58.43000030517578,97.41000366210938
2019-12-06,71.38500213623047,11921.5,13.640000343322754,1459.0999755859375,59.20000076293945,97.69999694824219
2019-12-09,71.28679656982422,11937.5,14.600000381469727,1459.300048828125,59.02000045776367,97.63999938964844
2019-12-10,70.96019744873047,11856.7998046875,14.289999961853027,1462.5999755859375,59.2400016784668,97.41000366210938
2019-12-11,71.01000213623047,11910.150390625,13.380000114440918,1469.4000244140625,58.7599983215332,97.16000366210938
2019-12-12,70.72930145263672,11971.7998046875,13.350000381469727,1466.699951171875,59.18000030517578,97.4000015258789
2019-12-13,70.55989837646484,12086.7001953125,13.300000190734863,1475.5999755859375,60.06999969482422,97.16999816894531
2019-12-16,70.68900299072266,12053.9501953125,13.420000076293945,1475.0,60.209999084472656,97.06999969482422
2019-12-17,70.92050170898438,12165.0,12.520000457763672,1474.5999755859375,60.939998626708984,97.20999908447266
2019-12-18,71.21499633789062,12221.650390625,12.34000015258789,1472.5999755859375,60.93000030517578,97.41000366210938
2019-12-19,70.98989868164062,12259.7001953125,12.119999885559082,1478.199951171875,61.220001220703125,97.41999816894531
2019-12-20,71.22270202636719,12271.7998046875,12.329999923706055,1474.699951171875,60.439998626708984,97.70999908447266
2019-12-23,71.02400207519531,12262.75,11.960000038146973,1482.5,60.52000045776367,97.66000366210938
2019-12-24,71.21070098876953,12214.5498046875,11.630000114440918,1499.0999755859375,61.11000061035156,97.6500015258789
2019-12-25,71.45999908447266,,,,,
2019-12-26,71.54000091552734,12126.5498046875,11.119999885559082,1509.300048828125,61.68000030517578,97.58999633789062
2019-12-27,71.30030059814453,12245.7998046875,10.529999732971191,1513.800048828125,61.720001220703125,96.91999816894531
2019-12-30,71.31300354003906,12255.849609375,11.010000228881836,1514.5,61.68000030517578,96.73999786376953
2019-12-31,71.31099700927734,12168.4501953125,11.670000076293945,1519.5,61.060001373291016,96.38999938964844
2020-01-01,71.27580261230469,12182.5,,,,
2020-01-02,71.0250015258789,12282.2001953125,11.489999771118164,1524.5,61.18000030517578,96.8499984741211
2020-01-03,71.41500091552734,12226.650390625,12.699999809265137,1549.199951171875,63.04999923706055,96.83999633789062
2020-01-06,71.73100280761719,11993.0498046875,14.779999732971191,1566.199951171875,63.27000045776367,96.66999816894531
2020-01-07,71.78700256347656,12052.9501953125,14.609999656677246,1571.800048828125,62.70000076293945,96.9800033569336
2020-01-08,72.16000366210938,12025.349609375,15.640000343322754,1557.4000244140625,59.61000061035156,97.30000305175781
2020-01-09,71.41190338134766,12215.900390625,14.0,1551.699951171875,59.560001373291016,97.44999694824219
2020-01-10,71.19429779052734,12256.7998046875,14.079999923706055,1557.5,59.040000915527344,97.36000061035156
2020-01-13,70.9530029296875,12329.5498046875,14.279999732971191,1548.4000244140625,58.08000183105469,97.3499984741211
2020-01-14,70.71890258789062,12362.2998046875,13.90999984741211,1542.4000244140625,58.22999954223633,97.37000274658203
2020-01-15,70.84510040283203,12343.2998046875,14.119999885559082,1552.0999755859375,57.810001373291016,97.2300033569336
2020-01-16,70.71800231933594,12355.5,14.180000305175781,1549.0,58.52000045776367,97.31999969482422
2020-01-17,70.94560241699219,12352.349609375,14.130000114440918,1558.800048828125,58.540000915527344,97.61000061035156
2020-01-20,71.03469848632812,12224.5498046875,15.40999984741211,,,
2020-01-21,71.03099822998047,12169.849609375,15.859999656677246,1556.4000244140625,58.34000015258789,97.52999877929688
2020-01-22,71.16999816894531,12106.900390625,16.360000610351562,1555.300048828125,56.7400016784668,97.52999877929688
2020-01-23,71.0781021118164,12180.349609375,15.859999656677246,1564.5999755859375,55.59000015258789,97.69000244140625
2020-01-24,71.32099914550781,12248.25,15.5600004196167,1571.0999755859375,54.189998626708984,97.8499984741211
2020-01-27,71.32499694824219,12119.0,17.18000030517578,1576.800048828125,53.13999938964844,97.95999908447266
2020-01-28,71.44000244140625,12055.7998046875,17.299999237060547,1569.199951171875,53.47999954223633,98.0199966430664
2020-01-29,71.23040008544922,12129.5,16.5,1569.800048828125,53.33000183105469,97.98999786376953
2020-01-30,71.30000305175781,12035.7998046875,16.799999237060547,1583.5,52.13999938964844,97.87000274658203
2020-01-31,71.63999938964844,11962.099609375,17.3700008392334,1582.9000244140625,51.560001373291016,97.38999938964844
2020-02-03,71.49649810791016,11707.900390625,15.779999732971191,1577.199951171875,50.11000061035156,97.80000305175781
2020-02-04,71.31410217285156,11979.650390625,14.380000114440918,1550.4000244140625,49.61000061035156,97.95999908447266
2020-02-05,71.0999984741211,12089.150390625,14.170000076293945,1557.800048828125,50.75,98.2699966430664
2020-02-06,71.18000030517578,12137.9501953125,13.779999732971191,1565.0999755859375,50.95000076293945,98.5
2020-02-07,71.47000122070312,12098.349609375,13.75,1568.5999755859375,50.31999969482422,98.68000030517578
2020-02-10,71.5155029296875,12031.5,14.210000038146973,1574.699951171875,49.56999969482422,98.83000183105469
2020-02-11,71.27999877929688,12107.900390625,13.880000114440918,1565.5999755859375,49.939998626708984,98.72000122070312
2020-02-12,71.27529907226562,12201.2001953125,13.619999885559082,1567.4000244140625,51.16999816894531,99.05000305175781
2020-02-13,71.29620361328125,12174.650390625,13.369999885559082,1575.0999755859375,51.41999816894531,99.06999969482422
2020-02-14,71.26850128173828,12113.4501953125,13.619999885559082,1582.699951171875,52.04999923706055,99.12000274658203
2020-02-17,71.51480102539062,12045.7998046875,14.420000076293945,,,
2020-02-18,71.34919738769531,11992.5,14.510000228881836,1600.0,52.04999923706055,99.45999908447266
2020-02-19,71.57499694824219,12125.900390625,14.020000457763672,1607.5,53.290000915527344,99.5999984741211
2020-02-20,71.82749938964844,12080.849609375,13.699999809265137,1616.5999755859375,53.779998779296875,99.87000274658203
2020-02-21,72.11000061035156,,,1644.5999755859375,53.380001068115234,99.26000213623047
2020-02-24,71.88680267333984,11829.400390625,17.0,1672.4000244140625,51.43000030517578,99.29000091552734
2020-02-25,72.04669952392578,11797.900390625,16.899999618530273,1646.9000244140625,49.900001525878906,98.97000122070312
2020-02-26,71.87000274658203,11678.5,18.260000228881836,1640.0,48.72999954223633,99.0
2020-02-27,71.66339874267578,11633.2998046875,17.770000457763672,1640.0,47.09000015258789,98.44000244140625
2020-02-28,71.93000030517578,11201.75,23.239999771118164,1564.0999755859375,44.7599983215332,98.12999725341797
2020-03-02,72.1500015258789,11132.75,25.200000762939453,1592.300048828125,46.75,97.36000061035156
2020-03-03,72.82499694824219,11303.2998046875,24.540000915527344,1642.0999755859375,47.18000030517578,97.1500015258789
2020-03-04,73.34200286865234,11251.0,24.229999542236328,1641.0999755859375,46.779998779296875,97.33999633789062
2020-03-05,74.0425033569336,11269.0,23.25,1666.4000244140625,45.900001525878906,96.81999969482422
2020-03-06,73.8551025390625,10989.4501953125,25.639999389648438,1670.800048828125,41.279998779296875,95.94999694824219
2020-03-09,73.99530029296875,10451.4501953125,30.799999237060547,1674.5,31.1299991607666,94.9000015258789
2020-03-10,74.40599822998047,,,1659.0999755859375,34.36000061035156,96.41000366210938
2020-03-11,74.20500183105469,10458.400390625,31.559999465942383,1641.4000244140625,32.97999954223633,96.51000213623047
2020-03-12,74.76000213623047,9590.150390625,41.15999984741211,1589.300048828125,31.5,97.47000122070312
2020-03-13,75.30000305175781,9955.2001953125,51.470001220703125,1515.699951171875,31.729999542236328,98.75
2020-03-16,73.90399932861328,9197.400390625,58.880001068115234,1485.9000244140625,28.700000762939453,98.08999633789062
2020-03-17,75.15499877929688,8967.0498046875,62.93000030517578,1524.9000244140625,26.950000762939453,99.58000183105469
2020-03-18,74.01239776611328,8468.7998046875,63.959999084472656,1477.300048828125,20.3700008392334,101.16000366210938
2020-03-19,74.98200225830078,8263.4501953125,72.19999694824219,1478.5999755859375,25.219999313354492,102.76000213623047
2020-03-20,75.15969848632812,8745.4501953125,67.0999984741211,1484.0,22.43000030517578,102.81999969482422
2020-03-23,75.62210083007812,7610.25,71.98999786376953,1567.0,23.360000610351562,102.48999786376953
2020-03-24,76.50599670410156,7801.0498046875,83.61000061035156,1660.199951171875,24.010000228881836,101.73999786376953
2020-03-25,77.26000213623047,8317.849609375,77.62999725341797,1632.300048828125,24.489999771118164,101.05000305175781
2020-03-26,75.84549713134766,8641.4501953125,71.52999877929688,1650.0999755859375,22.600000381469727,99.41999816894531
2020-03-27,74.72560119628906,8660.25,70.38999938964844,1623.9000244140625,21.510000228881836,98.37000274658203
2020-03-30,75.46499633789062,8281.099609375,71.88999938964844,1622.0,20.09000015258789,99.18000030517578
2020-03-31,75.4000015258789,8597.75,64.41000366210938,1583.4000244140625,20.479999542236328,99.05000305175781
2020-04-01,75.32499694824219,8253.7998046875,60.04999923706055,1578.199951171875,20.309999465942383,99.66999816894531
2020-04-02,77.56999969482422,,,1625.699951171875,25.31999969482422,100.18000030517578
2020-04-03,77.13999938964844,8083.7998046875,55.29999923706055,1633.699951171875,28.34000015258789,100.58000183105469
2020-04-06,76.2300033569336,,,1677.0,26.079999923706055,100.69000244140625
2020-04-07,75.96489715576172,8792.2001953125,51.79999923706055,1664.800048828125,23.6299991607666,99.9800033569336
2020-04-08,76.66000366210938,8748.75,52.2400016784668,1665.4000244140625,25.09000015258789,100.12000274658203
2020-04-09,75.95899963378906,9111.900390625,49.75,1736.199951171875,22.760000228881836,99.5199966430664
2020-04-10,76.6500015258789,,,,,
2020-04-13,76.16649627685547,8993.849609375,51.459999084472656,1744.800048828125,22.40999984741211,99.3499984741211
2020-04-14,76.91000366210938,,,1756.699951171875,20.110000610351562,98.88999938964844
2020-04-15,75.93099975585938,8925.2998046875,49.7400016784668,1727.199951171875,19.8700008392334,99.45999908447266
2020-04-16,77.2125015258789,8992.7998046875,46.099998474121094,1720.4000244140625,19.8700008392334,100.02999877929688
2020-04-17,77.56999969482422,9266.75,42.59000015258789,1689.199951171875,18.270000457763672,99.77999877929688
2020-04-20,76.55999755859375,9261.849609375,43.459999084472656,1701.5999755859375,-37.630001068115234,99.95999908447266
2020-04-21,77.20999908447266,8981.4501953125,45.20000076293945,1678.199951171875,10.010000228881836,100.26000213623047
2020-04-22,76.96939849853516,9187.2998046875,42.81999969482422,1728.699951171875,13.779999732971191,100.38999938964844
2020-04-23,76.4000015258789,9313.900390625,39.22999954223633,1733.300048828125,16.5,100.43000030517578
2020-04-24,76.42250061035156,9154.400390625,39.119998931884766,1723.5,16.940000534057617,100.37999725341797
2020-04-27,76.27149963378906,9282.2998046875,38.040000915527344,1711.9000244140625,12.779999732971191,100.04000091552734
2020-04-28,76.1863021850586,9380.900390625,35.349998474121094,1710.5,12.34000015258789,99.87000274658203
2020-04-29,76.46499633789062,9553.349609375,33.84000015258789,1703.4000244140625,15.0600004196167,99.56999969482422
2020-04-30,75.25849914550781,9859.900390625,33.9900016784668,1684.199951171875,18.84000015258789,99.0199966430664
2020-05-01,75.72000122070312,,,1694.5,19.780000686645508,98.80000305175781
2020-05-04,75.60050201416016,9293.5,43.66999816894531,1706.9000244140625,20.389999389648438,99.4800033569336
2020-05-05,75.8499984741211,9205.599609375,43.61000061035156,1704.4000244140625,24.559999465942383,99.70999908447266
2020-05-06,76.16999816894531,9270.900390625,41.25,1684.199951171875,23.989999771118164,100.08999633789062
2020-05-07,76.15129852294922,9199.0498046875,39.93000030517578,1721.800048828125,23.549999237060547,99.88999938964844
2020-05-08,76.08000183105469,9251.5,38.40999984741211,1709.9000244140625,24.739999771118164,99.7300033569336
2020-05-11,75.5250015258789,9239.2001953125,38.040000915527344,1695.300048828125,24.139999389648438,100.23999786376953
2020-05-12,76.30999755859375,9196.5498046875,38.209999084472656,1704.4000244140625,25.780000686645508,99.93000030517578
2020-05-13,75.68000030517578,9383.5498046875,38.84000015258789,1713.9000244140625,25.290000915527344,100.23999786376953
2020-05-14,75.42620086669922,9142.75,38.18000030517578,1738.0999755859375,27.559999465942383,100.47000122070312
2020-05-15,75.48500061035156,9136.849609375,38.02000045776367,1753.4000244140625,29.43000030517578,100.4000015258789
2020-05-18,75.81999969482422,8823.25,40.91999816894531,1731.800048828125,31.81999969482422,99.66999816894531
2020-05-19,75.60009765625,8879.099609375,39.45000076293945,1744.199951171875,32.5,99.37000274658203
2020-05-20,76.0,9066.5498046875,35.810001373291016,1750.5999755859375,33.4900016784668,99.12000274658203
2020-05-21,75.77999877929688,9106.25,32.9900016784668,1720.5,33.91999816894531,99.37000274658203
2020-05-22,75.625,9039.25,32.380001068115234,1734.5999755859375,33.25,99.86000061035156
2020-05-25,75.98500061035156,,,,,
2020-05-26,76.11000061035156,9029.0498046875,31.469999313354492,1704.800048828125,34.349998474121094,98.91000366210938
2020-05-27,75.81999969482422,9314.9501953125,31.270000457763672,1710.300048828125,32.810001373291016,99.05999755859375
2020-05-28,76.12999725341797,9490.099609375,30.020000457763672,1713.300048828125,33.709999084472656,98.37999725341797
2020-05-29,75.95999908447266,9580.2998046875,30.219999313354492,1736.9000244140625,35.4900016784668,98.33999633789062
2020-06-01,75.51319885253906,9826.150390625,30.739999771118164,1737.800048828125,35.439998626708984,97.83000183105469
2020-06-02,75.7300033569336,9979.099609375,30.1200008392334,1725.199951171875,36.810001373291016,97.66999816894531
2020-06-03,75.06580352783203,10061.5498046875,30.040000915527344,1697.800048828125,37.290000915527344,97.27999877929688
2020-06-04,75.54499816894531,10029.099609375,29.690000534057617,1718.9000244140625,37.40999984741211,96.68000030517578
2020-06-05,75.49089813232422,10142.150390625,28.68000030517578,1676.199951171875,39.54999923706055,96.94000244140625
2020-06-08,75.5177001953125,10167.4501953125,29.649999618530273,1698.300048828125,38.189998626708984,96.62000274658203
2020-06-09,75.625,10046.650390625,30.209999084472656,1714.699951171875,38.939998626708984,96.31999969482422
2020-06-10,75.50980377197266,10116.150390625,29.440000534057617,1713.300048828125,39.599998474121094,95.95999908447266
2020-06-11,75.875,9902.0,29.65999984741211,1732.0,36.34000015258789,96.7300033569336
2020-06-12,76.38999938964844,9972.900390625,30.81999969482422,1729.300048828125,36.2599983215332,97.31999969482422
2020-06-15,75.95680236816406,9813.7001953125,32.58000183105469,1720.300048828125,37.119998931884766,96.68000030517578
2020-06-16,75.97799682617188,9914.0,32.970001220703125,1729.5999755859375,38.380001068115234,96.95999908447266
2020-06-17,76.65499877929688,9881.150390625,33.349998474121094,1729.199951171875,37.959999084472656,97.16000366210938
2020-06-18,76.55000305175781,10091.650390625,31.459999084472656,1724.800048828125,38.84000015258789,97.41999816894531
2020-06-19,76.40039825439453,10244.400390625,29.969999313354492,1745.9000244140625,39.75,97.62000274658203
2020-06-22,76.2520980834961,10311.2001953125,30.459999084472656,1756.699951171875,40.459999084472656,97.04000091552734
2020-06-23,75.78980255126953,10471.0,29.34000015258789,1772.0999755859375,40.369998931884766,96.69000244140625
2020-06-24,75.60780334472656,10305.2998046875,29.579999923706055,1765.800048828125,38.0099983215332,97.1500015258789
2020-06-25,75.97000122070312,10288.900390625,29.729999542236328,1762.0999755859375,38.720001220703125,97.43000030517578
2020-06-26,75.53980255126953,10383.0,28.739999771118164,1772.5,38.4900016784668,97.5
2020-06-29,75.61979675292969,10312.400390625,28.90999984741211,1774.800048828125,39.70000076293945,97.54000091552734
2020-06-30,75.69999694824219,10302.099609375,29.1200008392334,1793.0,39.27000045776367,97.38999938964844
2020-07-01,75.75,10430.0498046875,28.1200008392334,1773.199951171875,39.81999969482422,97.19999694824219
2020-07-02,75.45490264892578,10551.7001953125,26.510000228881836,1784.0,40.650001525878906,97.31999969482422
2020-07-03,74.72100067138672,10607.349609375,25.770000457763672,,,
2020-07-06,74.6792984008789,10763.650390625,25.200000762939453,1788.5,40.630001068115234,96.79000091552734
2020-07-07,74.60759735107422,10799.650390625,25.100000381469727,1804.199951171875,40.619998931884766,96.87999725341797
2020-07-08,75.125,10705.75,26.100000381469727,1815.5,40.900001525878906,96.43000030517578
2020-07-09,74.93990325927734,10813.4501953125,24.90999984741211,1799.199951171875,39.619998931884766,96.69999694824219
2020-07-10,75.33999633789062,10768.0498046875,24.940000534057617,1798.199951171875,40.54999923706055,96.6500015258789
2020-07-13,75.15850067138672,10802.7001953125,25.25,1811.0,40.099998474121094,96.45999908447266
2020-07-14,75.44999694824219,10607.349609375,26.639999389648438,1810.5999755859375,40.290000915527344,96.26000213623047
2020-07-15,75.57499694824219,10618.2001953125,26.290000915527344,1811.4000244140625,41.20000076293945,96.08000183105469
2020-07-16,75.1249008178711,10739.9501953125,25.360000610351562,1798.699951171875,40.75,96.3499984741211
2020-07-17,75.17449951171875,10901.7001953125,24.15999984741211,1808.300048828125,40.59000015258789,95.94000244140625
2020-07-20,74.89730072021484,11022.2001953125,24.709999084472656,1815.9000244140625,40.810001373291016,95.83000183105469
2020-07-21,74.98999786376953,11162.25,24.43000030517578,1842.4000244140625,41.959999084472656,95.12000274658203
2020-07-22,74.7699966430664,11132.599609375,24.889999389648438,1864.0999755859375,41.900001525878906,94.97000122070312
2020-07-23,74.81999969482422,11215.4501953125,24.639999389648438,1889.0999755859375,41.06999969482422,94.69000244140625
2020-07-24,74.80729675292969,11194.150390625,24.540000915527344,1897.300048828125,41.290000915527344,94.44000244140625
2020-07-27,74.75980377197266,11131.7998046875,25.020000457763672,1931.0,41.599998474121094,93.66999816894531
2020-07-28,75.0,11300.5498046875,23.639999389648438,1944.699951171875,41.040000915527344,93.76000213623047
2020-07-29,75.08999633789062,11202.849609375,24.110000610351562,1953.5,41.27000045776367,93.26000213623047
2020-07-30,74.8311996459961,11102.150390625,24.729999542236328,1942.300048828125,39.91999816894531,93.0199966430664
2020-07-31,74.98999786376953,11073.4501953125,24.190000534057617,1962.800048828125,40.27000045776367,93.48999786376953
2020-08-03,74.91780090332031,10891.599609375,25.190000534057617,1966.0,41.0099983215332,93.5
2020-08-04,75.33000183105469,11095.25,23.81999969482422,2001.199951171875,41.70000076293945,93.37999725341797
2020-08-05,75.25,11101.650390625,23.56999969482422,2031.0999755859375,42.189998626708984,92.83000183105469
2020-08-06,74.8822021484375,11200.150390625,23.149999618530273,2051.5,41.95000076293945,92.79000091552734
2020-08-07,74.8998031616211,11214.0498046875,22.579999923706055,2010.0999755859375,41.220001220703125,93.44000244140625
2020-08-10,75.0248031616211,11270.150390625,22.510000228881836,2024.4000244140625,41.939998626708984,93.58000183105469
2020-08-11,75.0999984741211,11322.5,21.360000610351562,1932.5999755859375,41.61000061035156,93.62999725341797
2020-08-12,74.9000015258789,11308.400390625,20.850000381469727,1934.9000244140625,42.66999816894531,93.44000244140625
2020-08-13,74.77210235595703,11300.4501953125,20.56999969482422,1956.699951171875,42.2400016784668,93.33999633789062
2020-08-14,75.02999877929688,11178.400390625,21.670000076293945,1937.0,42.0099983215332,93.0999984741211
2020-08-17,74.90280151367188,11247.099609375,21.309999465942383,1985.0,42.88999938964844,92.8499984741211
2020-08-18,75.0,11385.349609375,20.43000030517578,1999.4000244140625,42.88999938964844,92.2699966430664
2020-08-19,74.79499816894531,11408.400390625,19.959999084472656,1958.699951171875,42.93000030517578,92.88999938964844
2020-08-20,74.966796875,11312.2001953125,20.6200008392334,1933.800048828125,42.58000183105469,92.79000091552734
2020-08-21,74.9999008178711,11371.599609375,19.940000534057617,1934.5999755859375,42.34000015258789,93.25
2020-08-24,74.92179870605469,11466.4501953125,19.229999542236328,1927.699951171875,42.619998931884766,93.30000305175781
2020-08-25,74.4000015258789,11472.25,19.31999969482422,1911.800048828125,43.349998474121094,93.0199966430664
2020-08-26,74.45249938964844,11549.599609375,19.299999237060547,1940.699951171875,43.38999938964844,93.01000213623047
2020-08-27,74.24009704589844,11559.25,18.899999618530273,1921.5999755859375,43.040000915527344,93.01000213623047
2020-08-28,73.77449798583984,11647.599609375,18.350000381469727,1964.5999755859375,42.970001220703125,92.37000274658203
2020-08-31,73.12830352783203,11387.5,22.84000015258789,1967.5999755859375,42.61000061035156,92.13999938964844
2020-09-01,73.66999816894531,11470.25,21.799999237060547,1968.199951171875,42.7599983215332,92.33999633789062
2020-09-02,73.2699966430664,11535.0,21.110000610351562,1934.4000244140625,41.5099983215332,92.8499984741211
2020-09-03,73.24849700927734,11527.4501953125,20.5,1927.5999755859375,41.369998931884766,92.73999786376953
2020-09-04,73.4478988647461,11333.849609375,22.149999618530273,1923.9000244140625,39.77000045776367,92.72000122070312
2020-09-07,73.29029846191406,11355.0498046875,22.010000228881836,,,
2020-09-08,73.6500015258789,11317.349609375,22.719999313354492,1933.0,36.7599983215332,93.4800033569336
2020-09-09,73.78679656982422,11278.0,22.229999542236328,1944.699951171875,38.04999923706055,93.26000213623047
2020-09-10,73.55000305175781,11449.25,21.260000228881836,1954.199951171875,37.29999923706055,93.33999633789062
2020-09-11,73.52729797363281,11464.4501953125,20.709999084472656,1937.800048828125,37.33000183105469,93.33000183105469
2020-09-14,73.47859954833984,11440.0498046875,21.190000534057617,1953.0999755859375,37.2599983215332,93.06999969482422
2020-09-15,73.61499786376953,11521.7998046875,20.600000381469727,1956.300048828125,38.279998779296875,93.05000305175781
2020-09-16,73.80000305175781,11604.5498046875,19.65999984741211,1960.199951171875,40.15999984741211,93.20999908447266
2020-09-17,73.55069732666016,11516.099609375,20.100000381469727,1940.0,40.970001220703125,92.97000122070312
2020-09-18,73.58360290527344,11504.9501953125,20.049999237060547,1952.0999755859375,41.11000061035156,92.93000030517578
2020-09-21,73.53479766845703,11250.5498046875,22.190000534057617,1901.199951171875,39.310001373291016,93.54000091552734
2020-09-22,73.57980346679688,11153.650390625,21.40999984741211,1898.5999755859375,39.599998474121094,93.98999786376953
2020-09-23,73.50299835205078,11131.849609375,20.989999771118164,1859.9000244140625,39.93000030517578,94.38999938964844
2020-09-24,73.77839660644531,10805.5498046875,23.510000228881836,1868.300048828125,40.310001373291016,94.3499984741211
2020-09-25,73.68240356445312,11050.25,20.68000030517578,1857.699951171875,40.25,94.58000183105469
2020-09-28,73.69930267333984,11227.5498046875,19.56999969482422,1872.800048828125,40.599998474121094,94.26000213623047
2020-09-29,73.9749984741211,11222.400390625,19.770000457763672,1894.300048828125,39.290000915527344,93.88999938964844
2020-09-30,73.84500122070312,11247.5498046875,19.530000686645508,1887.5,40.220001220703125,93.88999938964844
2020-10-01,73.70500183105469,11416.9501953125,18.350000381469727,1908.4000244140625,38.720001220703125,93.70999908447266
2020-10-02,73.21700286865234,,,1900.199951171875,37.04999923706055,93.83999633789062
2020-10-05,73.32240295410156,11503.349609375,19.700000762939453,1912.5,39.220001220703125,93.51000213623047
2020-10-06,73.1082992553711,11662.400390625,19.639999389648438,1901.0999755859375,40.66999816894531,93.83000183105469
2020-10-07,73.81500244140625,11738.849609375,20.059999465942383,1883.5999755859375,39.95000076293945,93.62999725341797
2020-10-08,73.5425033569336,11834.599609375,20.3799991607666,1888.5999755859375,41.189998626708984,93.61000061035156
2020-10-09,73.28050231933594,11914.2001953125,20.3799991607666,1919.5,40.599998474121094,93.05999755859375
2020-10-12,73.01480102539062,11930.9501953125,21.1299991607666,1922.5,39.43000030517578,93.06999969482422
2020-10-13,73.35079956054688,11934.5,20.719999313354492,1888.5,40.20000076293945,93.52999877929688
2020-10-14,73.62000274658203,11971.0498046875,20.209999084472656,1901.300048828125,41.040000915527344,93.37999725341797
2020-10-15,73.29620361328125,11680.349609375,22.059999465942383,1903.199951171875,40.959999084472656,93.86000061035156
2020-10-16,73.37100219726562,11762.4501953125,21.649999618530273,1900.800048828125,40.880001068115234,93.68000030517578
2020-10-19,73.44380187988281,11873.0498046875,21.81999969482422,1906.4000244140625,40.83000183105469,93.43000030517578
2020-10-20,73.57499694824219,11896.7998046875,22.690000534057617,1910.4000244140625,41.459999084472656,93.06999969482422
2020-10-21,73.64749908447266,11937.650390625,22.920000076293945,1924.5999755859375,40.029998779296875,92.61000061035156
2020-10-22,73.6812973022461,11896.4501953125,22.639999389648438,1901.0999755859375,40.63999938964844,92.94999694824219
2020-10-23,73.72000122070312,11930.349609375,21.829999923706055,1902.0,39.849998474121094,92.7699966430664
2020-10-26,73.8228988647461,11767.75,22.829999923706055,1902.699951171875,38.560001373291016,93.05000305175781
2020-10-27,73.94850158691406,11889.400390625,22.200000762939453,1908.800048828125,39.56999969482422,92.94000244140625
2020-10-28,73.80500030517578,11729.599609375,23.280000686645508,1876.199951171875,37.38999938964844,93.41000366210938
2020-10-29,74.44000244140625,11670.7998046875,24.020000457763672,1865.5999755859375,36.16999816894531,93.95999908447266
2020-10-30,74.26399993896484,11642.400390625,24.75,1877.4000244140625,35.790000915527344,94.04000091552734
2020-11-02,74.55049896240234,11669.150390625,25.209999084472656,1890.4000244140625,36.810001373291016,94.05000305175781
2020-11-03,74.45680236816406,11813.5,24.239999771118164,1908.5,37.65999984741211,93.55000305175781
2020-11-04,74.65560150146484,11908.5,23.200000762939453,1894.5999755859375,39.150001525878906,93.41000366210938
2020-11-05,74.37999725341797,12120.2998046875,20.969999313354492,1945.300048828125,38.790000915527344,92.52999877929688
2020-11-06,74.12000274658203,12263.5498046875,20.5,1950.300048828125,37.13999938964844,92.2300033569336
2020-11-09,73.97979736328125,12461.0498046875,20.110000610351562,1853.199951171875,40.290000915527344,92.7300033569336
2020-11-10,73.95320129394531,12631.099609375,21.579999923706055,1875.4000244140625,41.36000061035156,92.75
2020-11-11,74.28160095214844,12749.150390625,22.030000686645508,1860.699951171875,41.45000076293945,93.04000091552734
2020-11-12,74.56999969482422,12690.7998046875,20.6200008392334,1872.5999755859375,41.119998931884766,92.95999908447266
2020-11-13,74.86499786376953,12719.9501953125,19.700000762939453,1885.699951171875,40.130001068115234,92.76000213623047
2020-11-16,74.48770141601562,,,1887.300048828125,41.34000015258789,92.56999969482422
2020-11-17,74.41809844970703,12874.2001953125,19.799999237060547,1884.5,41.43000030517578,92.41999816894531
2020-11-18,74.47969818115234,12938.25,19.1200008392334,1873.5,41.81999969482422,92.31999969482422
2020-11-19,74.41999816894531,12771.7001953125,19.56999969482422,1861.0999755859375,41.7400016784668,92.29000091552734
2020-11-20,74.09960174560547,12859.0498046875,19.6200008392334,1872.5999755859375,42.150001525878906,92.38999938964844
2020-11-23,74.16239929199219,12926.4501953125,20.799999237060547,1837.800048828125,43.060001373291016,92.51000213623047
2020-11-24,74.24490356445312,13055.150390625,21.059999465942383,1804.800048828125,44.90999984741211,92.2300033569336
2020-11-25,73.96080017089844,12858.400390625,23.1299991607666,1805.699951171875,45.709999084472656,91.98999786376953
2020-11-26,73.77989959716797,12987.0,20.020000457763672,,,
2020-11-27,74.04879760742188,12968.9501953125,19.81999969482422,1781.9000244140625,45.529998779296875,91.79000091552734
2020-11-30,73.94090270996094,,,1775.699951171875,45.34000015258789,91.87000274658203
2020-12-01,74.02519989013672,13109.0498046875,20.18000030517578,1814.0999755859375,44.54999923706055,91.30999755859375
2020-12-02,73.65499877929688,13113.75,19.90999984741211,1825.699951171875,45.279998779296875,91.12000274658203
2020-12-03,73.66259765625,13133.900390625,19.0,1836.800048828125,45.63999938964844,90.70999908447266
2020-12-04,73.86489868164062,13258.5498046875,18.030000686645508,1835.9000244140625,46.2599983215332,90.69999694824219
2020-12-07,73.79029846191406,13355.75,18.020000457763672,1861.800048828125,45.7599983215332,90.79000091552734
2020-12-08,74.0199966430664,13392.9501953125,18.6200008392334,1870.800048828125,45.599998474121094,90.97000122070312
2020-12-09,73.72640228271484,13529.099609375,18.920000076293945,1834.5999755859375,45.52000045776367,91.08999633789062
2020-12-10,73.93499755859375,13478.2998046875,18.709999084472656,1833.5999755859375,46.779998779296875,90.79000091552734
2020-12-11,73.72669982910156,13513.849609375,18.790000915527344,1839.800048828125,46.56999969482422,90.9800033569336
2020-12-14,73.73799896240234,13558.150390625,19.399999618530273,1828.699951171875,46.9900016784668,90.70999908447266
2020-12-15,73.86000061035156,13567.849609375,19.350000381469727,1852.300048828125,47.619998931884766,90.47000122070312
2020-12-16,73.75980377197266,13682.7001953125,19.200000762939453,1856.0999755859375,47.81999969482422,90.44999694824219
2020-12-17,73.6166000366211,13740.7001953125,19.15999984741211,1887.199951171875,48.36000061035156,89.81999969482422
2020-12-18,73.52980041503906,13760.5498046875,18.6200008392334,1885.699951171875,49.099998474121094,90.0199966430664
2020-12-21,73.60359954833984,13328.400390625,23.190000534057617,1879.199951171875,47.7400016784668,90.04000091552734
2020-12-22,73.935302734375,13466.2998046875,21.989999771118164,1866.5999755859375,47.02000045776367,90.6500015258789
2020-12-23,74.2699966430664,13601.099609375,20.5,1874.699951171875,48.119998931884766,90.41000366210938
2020-12-24,73.83979797363281,13749.25,19.969999313354492,1879.9000244140625,48.22999954223633,90.33000183105469
2020-12-25,73.55780029296875,,,,,
2020-12-28,73.68900299072266,13873.2001953125,20.43000030517578,1877.199951171875,47.619998931884766,90.33999633789062
2020-12-29,73.5448989868164,13932.599609375,20.790000915527344,1879.699951171875,48.0,90.01000213623047
2020-12-30,73.45359802246094,13981.9501953125,21.110000610351562,1891.0,48.400001525878906,89.62999725341797
2020-12-31,73.13400268554688,13981.75,21.100000381469727,1893.0999755859375,48.52000045776367,89.94000244140625
2021-01-01,73.08920288085938,14018.5,,,,
2021-01-04,73.09200286865234,14132.900390625,20.030000686645508,1944.699951171875,47.619998931884766,89.87999725341797
2021-01-05,73.31999969482422,14199.5,20.459999084472656,1952.699951171875,49.93000030517578,89.44000244140625
2021-01-06,73.37480163574219,14146.25,21.0,1906.9000244140625,50.630001068115234,89.52999877929688
2021-01-07,73.36000061035156,14137.349609375,20.6200008392334,1912.300048828125,50.83000183105469,89.83000183105469
2021-01-08,73.44599914550781,14347.25,20.639999389648438,1834.0999755859375,52.2400016784668,90.0999984741211
2021-01-11,73.37339782714844,14484.75,22.3799991607666,1849.5999755859375,52.25,90.54000091552734
2021-01-12,73.51349639892578,14563.4501953125,22.850000381469727,1842.9000244140625,53.209999084472656,90.05000305175781
2021-01-13,73.16500091552734,14564.849609375,23.290000915527344,1853.5999755859375,52.90999984741211,90.31999969482422
2021-01-14,73.1698989868164,14595.599609375,23.030000686645508,1850.300048828125,53.56999969482422,90.23999786376953
2021-01-15,73.08760070800781,14433.7001953125,24.010000228881836,1829.300048828125,52.36000061035156,90.77999877929688
2021-01-18,73.15899658203125,14281.2998046875,24.399999618530273,,,
2021-01-19,73.1886978149414,14521.150390625,22.899999618530273,1839.5,52.97999954223633,90.5
2021-01-20,73.19190216064453,14644.7001953125,21.549999237060547,1865.9000244140625,53.2400016784668,90.47000122070312
2021-01-21,72.91089630126953,14590.349609375,22.18000030517578,1865.300048828125,53.130001068115234,90.12999725341797
2021-01-22,72.95490264892578,14371.900390625,,1855.699951171875,52.27000045776367,90.23999786376953
2021-01-25,72.99590301513672,14238.900390625,23.25,1854.9000244140625,52.77000045776367,90.38999938964844
2021-01-26,72.97000122070312,,,1850.699951171875,52.61000061035156,90.16999816894531
2021-01-27,72.91999816894531,13967.5,24.389999389648438,1844.9000244140625,52.849998474121094,90.6500015258789
2021-01-28,73.03710174560547,13817.5498046875,24.290000915527344,1837.9000244140625,52.34000015258789,90.45999908447266
2021-01-29,72.93879699707031,13634.599609375,25.34000015258789,1847.300048828125,52.20000076293945,90.58000183105469
2021-02-01,72.90660095214844,14281.2001953125,23.31999969482422,1860.800048828125,53.54999923706055,91.0199966430664
2021-02-02,73.11979675292969,14647.849609375,23.350000381469727,1830.5,54.7599983215332,91.19999694824219
2021-02-03,72.91629791259766,14789.9501953125,23.75,1832.199951171875,55.689998626708984,91.12000274658203
2021-02-04,72.85800170898438,14895.650390625,23.1200008392334,1788.9000244140625,56.22999954223633,91.52999877929688
2021-02-05,72.9457015991211,14924.25,23.420000076293945,1810.9000244140625,56.849998474121094,91.04000091552734
2021-02-08,72.78479766845703,15115.7998046875,23.959999084472656,1831.9000244140625,57.970001220703125,90.93000030517578
2021-02-09,72.92990112304688,15109.2998046875,24.270000457763672,1835.300048828125,58.36000061035156,90.44000244140625
2021-02-10,72.85489654541016,15106.5,23.950000762939453,1840.5999755859375,58.68000030517578,90.37000274658203
2021-02-11,72.80729675292969,15173.2998046875,23.049999237060547,1824.9000244140625,58.2400016784668,90.41999816894531
2021-02-12,72.70950317382812,15163.2998046875,22.040000915527344,1821.5999755859375,59.470001220703125,90.4800033569336
2021-02-15,72.59480285644531,15314.7001953125,,,,
2021-02-16,72.63870239257812,15313.4501953125,21.780000686645508,1797.199951171875,60.04999923706055,90.51000213623047
2021-02-17,72.93499755859375,15208.900390625,,1771.0999755859375,61.13999938964844,90.94999694824219
2021-02-18,72.79730224609375,15118.9501953125,21.540000915527344,1773.4000244140625,60.52000045776367,90.58999633789062
2021-02-19,72.60540008544922,14981.75,22.25,1775.800048828125,59.2400016784668,90.36000061035156
2021-02-22,72.5530014038086,14675.7001953125,25.469999313354492,1806.699951171875,61.4900016784668,90.01000213623047
2021-02-23,72.44400024414062,14707.7998046875,25.229999542236328,1804.4000244140625,61.66999816894531,90.16999816894531
2021-02-24,72.37699890136719,14982.0,24.170000076293945,1796.4000244140625,63.220001220703125,90.18000030517578
2021-02-25,72.4000015258789,15097.349609375,22.889999389648438,1774.4000244140625,63.529998779296875,90.12999725341797
2021-02-26,73.1509017944336,14529.150390625,28.139999389648438,1728.0999755859375,61.5,90.93000030517578
2021-03-01,73.59590148925781,14761.5498046875,25.6299991607666,1722.5,60.63999938964844,91.04000091552734
2021-03-02,73.30940246582031,14919.099609375,23.610000610351562,1733.0999755859375,59.75,90.79000091552734
2021-03-03,73.27749633789062,15245.599609375,22.09000015258789,1715.300048828125,61.279998779296875,90.94999694824219
2021-03-04,72.88069915771484,15080.75,24.149999618530273,1700.199951171875,63.83000183105469,91.62999725341797
2021-03-05,73.13179779052734,14938.099609375,25.559999465942383,1698.0,66.08999633789062,91.9800033569336
2021-03-08,73.1333999633789,14956.2001953125,24.68000030517578,1677.699951171875,65.05000305175781,92.30999755859375
2021-03-09,73.33000183105469,15098.400390625,22.5,1716.5999755859375,64.01000213623047,91.95999908447266
2021-03-10,72.7759017944336,15174.7998046875,20.75,1721.5,64.44000244140625,91.79000091552734
2021-03-11,72.70600128173828,,,1722.300048828125,66.0199966430664,91.41999816894531
2021-03-12,72.63899993896484,15030.9501953125,21.709999084472656,1719.5,65.61000061035156,91.68000030517578
2021-03-15,72.68299865722656,14929.5,21.229999542236328,1728.9000244140625,65.38999938964844,91.83000183105469
2021-03-16,72.51529693603516,14910.4501953125,20.190000534057617,1730.5999755859375,64.80000305175781,91.87000274658203
2021-03-17,72.5156021118164,14721.2998046875,20.15999984741211,1726.800048828125,64.5999984741211,91.4000015258789
2021-03-18,72.29560089111328,14557.849609375,20.079999923706055,1732.199951171875,60.0,91.8499984741211
2021-03-19,72.6688003540039,14744.0,19.989999771118164,1741.4000244140625,61.41999816894531,91.91999816894531
2021-03-22,72.40499877929688,14736.400390625,20.489999771118164,1737.800048828125,61.54999923706055,91.80000305175781
2021-03-23,72.38050079345703,14814.75,20.670000076293945,1724.699951171875,57.7599983215332,92.33999633789062
2021-03-24,72.61219787597656,14549.400390625,22.459999084472656,1732.9000244140625,61.18000030517578,92.52999877929688
2021-03-25,72.64559936523438,14324.900390625,22.700000762939453,1724.9000244140625,58.560001373291016,92.87999725341797
2021-03-26,72.61280059814453,14507.2998046875,20.649999618530273,1732.199951171875,60.970001220703125,92.7699966430664
2021-03-29,72.44719696044922,,,1712.0999755859375,61.560001373291016,92.94000244140625
2021-03-30,72.74189758300781,14845.099609375,20.489999771118164,1683.9000244140625,60.54999923706055,93.30000305175781
2021-03-31,73.44529724121094,14690.7001953125,20.649999618530273,1713.800048828125,59.15999984741211,93.2300033569336
2021-04-01,73.20349884033203,14867.349609375,19.989999771118164,1726.5,61.45000076293945,92.93000030517578
2021-04-02,73.28730010986328,,,,,
2021-04-05,73.3759994506836,14637.7998046875,21.219999313354492,1727.0,58.650001525878906,92.5999984741211
2021-04-06,73.27950286865234,14683.5,20.84000015258789,1741.5,59.33000183105469,92.33999633789062
2021-04-07,73.48999786376953,14819.0498046875,20.25,1740.0999755859375,59.77000045776367,92.45999908447266
2021-04-08,74.40149688720703,14873.7998046875,20.309999465942383,1756.800048828125,59.599998474121094,92.05999755859375
2021-04-09,74.54450225830078,14834.849609375,19.790000915527344,1743.300048828125,59.31999969482422,92.16000366210938
2021-04-12,74.72949981689453,14310.7998046875,23.0,1731.199951171875,59.70000076293945,92.13999938964844
2021-04-13,74.99099731445312,14504.7998046875,20.459999084472656,1746.199951171875,60.18000030517578,91.8499984741211
2021-04-14,75.18150329589844,,,1734.9000244140625,63.150001525878906,91.69000244140625
2021-04-15,75.0261001586914,14581.4501953125,20.889999389648438,1765.4000244140625,63.459999084472656,91.66999816894531
2021-04-16,74.72740173339844,14617.849609375,20.399999618530273,1779.0,63.130001068115234,91.55999755859375
2021-04-19,74.56320190429688,14359.4501953125,22.489999771118164,1769.4000244140625,63.380001068115234,91.06999969482422
2021-04-20,74.8781967163086,14296.400390625,22.43000030517578,1777.300048828125,62.439998626708984,91.23999786376953
2021-04-21,75.44920349121094,,,1792.300048828125,61.349998474121094,91.16000366210938
2021-04-22,75.42949676513672,14406.150390625,23.030000686645508,1781.199951171875,61.43000030517578,91.33000183105469
2021-04-23,75.0916976928711,14341.349609375,22.690000534057617,1777.0,62.13999938964844,90.86000061035156
2021-04-26,74.86810302734375,14485.0,23.5,1779.199951171875,61.90999984741211,90.80999755859375
2021-04-27,74.81490325927734,14653.0498046875,23.079999923706055,1778.0,62.939998626708984,90.91000366210938
2021-04-28,74.57499694824219,14864.5498046875,22.579999923706055,1773.199951171875,63.86000061035156,90.61000061035156
2021-04-29,74.31179809570312,14894.900390625,23.309999465942383,1768.0999755859375,65.01000213623047,90.61000061035156
2021-04-30,74.10579681396484,14631.099609375,23.030000686645508,1767.300048828125,63.58000183105469,91.27999877929688
2021-05-03,74.09480285644531,14634.150390625,23.690000534057617,1791.4000244140625,64.48999786376953,90.94999694824219
2021-05-04,73.8375015258789,14496.5,23.010000228881836,1775.800048828125,65.69000244140625,91.29000091552734
2021-05-05,73.77890014648438,14617.849609375,,1784.0999755859375,65.62999725341797,91.30999755859375
2021-05-06,73.79940032958984,14724.7998046875,22.040000915527344,1815.5,64.70999908447266,90.94999694824219
2021-05-07,73.61519622802734,14823.150390625,20.81999969482422,1831.0999755859375,64.9000015258789,90.2300033569336
2021-05-10,73.29029846191406,14942.349609375,20.229999542236328,1837.5,64.91999816894531,90.20999908447266
2021-05-11,73.5,14850.75,,1835.9000244140625,65.27999877929688,90.13999938964844
2021-05-12,73.3750991821289,14696.5,20.079999923706055,1822.5999755859375,66.08000183105469,90.70999908447266
2021-05-13,73.68160247802734,,,1823.800048828125,63.81999969482422,90.75
2021-05-14,73.44490051269531,14677.7998046875,20.270000457763672,1837.9000244140625,65.37000274658203,90.31999969482422
2021-05-17,73.27890014648438,14923.150390625,19.610000610351562,1867.5,66.2699966430664,90.22000122070312
2021-05-18,73.26969909667969,15108.099609375,19.239999771118164,1867.800048828125,65.48999786376953,89.75
2021-05-19,73.1281967163086,15030.150390625,19.31999969482422,1881.300048828125,63.36000061035156,90.19000244140625
2021-05-20,73.222900390625,14906.0498046875,,1881.800048828125,62.04999923706055,89.80999755859375
2021-05-21,73.02189636230469,15175.2998046875,19.079999923706055,1876.699951171875,63.58000183105469,90.0199966430664
2021-05-24,72.90979766845703,15197.7001953125,19.1299991607666,1884.5999755859375,66.05000305175781,89.83000183105469
2021-05-25,72.83660125732422,15208.4501953125,,1898.0999755859375,66.06999969482422,89.63999938964844
2021-05-26,72.80490112304688,15301.4501953125,20.8700008392334,1901.300048828125,66.20999908447266,90.04000091552734
2021-05-27,72.67250061035156,15337.849609375,19.90999984741211,1895.699951171875,66.8499984741211,89.97000122070312
2021-05-28,72.68299865722656,15435.650390625,17.399999618530273,1902.5,66.31999969482422,90.02999877929688
2021-05-31,72.39350128173828,15582.7998046875,,,,
2021-06-01,72.48719787597656,15574.849609375,17.389999389648438,1902.9000244140625,67.72000122070312,89.83000183105469
2021-06-02,72.8550033569336,15576.2001953125,17.209999084472656,1907.5,68.83000183105469,89.9000015258789
2021-06-03,72.96510314941406,15690.349609375,15.75,1871.199951171875,68.80999755859375,90.5
2021-06-04,73.04419708251953,15670.25,15.9399995803833,1889.800048828125,69.62000274658203,90.13999938964844
2021-06-07,72.90969848632812,15751.650390625,15.569999694824219,1896.800048828125,69.2300033569336,89.94999694824219
2021-06-08,72.80940246582031,15740.099609375,15.229999542236328,1892.199951171875,70.05000305175781,90.08000183105469
2021-06-09,72.97530364990234,15635.349609375,14.75,1893.199951171875,69.95999908447266,90.12000274658203
2021-06-10,72.98529815673828,15737.75,15.0,1894.199951171875,70.29000091552734,90.08000183105469
2021-06-11,73.01229858398438,15799.349609375,14.100000381469727,1877.4000244140625,70.91000366210938,90.55999755859375
2021-06-14,73.23159790039062,15811.849609375,14.720000267028809,1864.0,70.87999725341797,90.5199966430664
2021-06-15,73.18080139160156,15869.25,14.609999656677246,1854.5,72.12000274658203,90.54000091552734
2021-06-16,73.3447036743164,15767.5498046875,14.869999885559082,1859.5,72.1500015258789,91.12999725341797
2021-06-17,73.8240966796875,15691.400390625,15.289999961853027,1773.800048828125,71.04000091552734,91.88999938964844
2021-06-18,74.25389862060547,15683.349609375,14.800000190734863,1767.9000244140625,71.63999938964844,92.2300033569336
2021-06-21,74.1438980102539,15746.5,15.0600004196167,1781.800048828125,73.66000366210938,91.86000061035156
2021-06-22,74.13520050048828,15772.75,14.739999771118164,1776.300048828125,73.05999755859375,91.7300033569336
2021-06-23,74.33219909667969,15686.9501953125,15.369999885559082,1782.300048828125,73.08000183105469,91.80000305175781
2021-06-24,74.24690246582031,15790.4501953125,15.100000381469727,1775.5999755859375,73.30000305175781,91.81999969482422
2021-06-25,74.19029998779297,15860.349609375,13.369999885559082,1776.5999755859375,74.05000305175781,91.80999755859375
2021-06-28,74.21299743652344,15814.7001953125,13.399999618530273,1779.5999755859375,72.91000366210938,91.87999725341797
2021-06-29,74.285400390625,15748.4501953125,13.0,1762.800048828125,72.9800033569336,92.05000305175781
2021-06-30,74.28759765625,15721.5,13.050000190734863,1770.800048828125,73.47000122070312,92.44000244140625
2021-07-01,74.37100219726562,15680.0,12.84000015258789,1775.9000244140625,75.2300033569336,92.5999984741211
2021-07-02,74.54499816894531,15722.2001953125,12.09000015258789,1782.5999755859375,75.16000366210938,92.2300033569336
2021-07-05,74.48179626464844,15834.349609375,,,,
2021-07-06,74.31780242919922,15818.25,12.279999732971191,1793.5,73.37000274658203,92.55000305175781
2021-07-07,74.76290130615234,15879.650390625,12.210000038146973,1801.5,72.19999694824219,92.63999938964844
2021-07-08,74.8218994140625,15727.900390625,13.5600004196167,1799.5999755859375,72.94000244140625,92.36000061035156
2021-07-09,74.72139739990234,15689.7998046875,12.9399995803833,1810.0,74.55999755859375,92.12999725341797
2021-07-12,74.4905014038086,15692.599609375,12.989999771118164,1805.5,74.0999984741211,92.2300033569336
2021-07-13,74.54170227050781,15812.349609375,12.619999885559082,1809.4000244140625,75.25,92.75
2021-07-14,74.65910339355469,15853.9501953125,12.59000015258789,1824.300048828125,73.12999725341797,92.41000366210938
2021-07-15,74.46910095214844,15924.2001953125,12.270000457763672,1828.4000244140625,71.6500015258789,92.62000274658203
2021-07-16,74.53700256347656,15923.400390625,11.710000038146973,1814.5,71.80999755859375,92.69000244140625
2021-07-19,74.63179779052734,15752.400390625,12.680000305175781,1808.699951171875,66.41999816894531,92.88999938964844
2021-07-20,74.99340057373047,15632.099609375,13.210000038146973,1810.9000244140625,67.41999816894531,92.97000122070312
2021-07-21,74.5270004272461,,,1802.9000244140625,70.30000305175781,92.75
2021-07-22,74.44020080566406,15824.0498046875,11.890000343322754,1805.0,71.91000366210938,92.81999969482422
2021-07-23,74.4520034790039,15856.0498046875,11.760000228881836,1801.4000244140625,72.06999969482422,92.91000366210938
2021-07-26,74.44889831542969,15824.4501953125,12.449999809265137,1798.699951171875,71.91000366210938,92.6500015258789
2021-07-27,74.28949737548828,15746.4501953125,13.229999542236328,1799.5,71.6500015258789,92.43000030517578
2021-07-28,74.5022964477539,15709.400390625,13.6899995803833,1799.5,72.38999938964844,92.31999969482422
2021-07-29,74.38999938964844,15778.4501953125,12.949999809265137,1831.199951171875,73.62000274658203,91.86000061035156
2021-07-30,74.25199890136719,15763.0498046875,12.800000190734863,1812.5999755859375,73.94999694824219,92.16999816894531
2021-08-02,74.37909698486328,15885.150390625,12.8100004196167,1818.0999755859375,71.26000213623047,92.05000305175781
2021-08-03,74.33200073242188,16130.75,13.75,1810.0999755859375,70.55999755859375,92.08000183105469
2021-08-04,74.21440124511719,16258.7998046875,13.210000038146973,1810.5,68.1500015258789,92.2699966430664
2021-08-05,74.18399810791016,16294.599609375,12.869999885559082,1805.0999755859375,69.08999633789062,92.23999786376953
2021-08-06,74.08200073242188,16238.2001953125,12.609999656677246,1760.0,68.27999877929688,92.80000305175781
2021-08-09,74.49140167236328,16258.25,12.609999656677246,1723.4000244140625,66.4800033569336,92.94999694824219
2021-08-10,74.46620178222656,16280.099609375,12.710000038146973,1728.800048828125,68.29000091552734,93.05999755859375
2021-08-11,74.43550109863281,16282.25,12.710000038146973,1750.4000244140625,69.25,92.91000366210938
2021-08-12,74.10299682617188,16364.400390625,12.369999885559082,1749.0,69.08999633789062,93.04000091552734
2021-08-13,74.26010131835938,16529.099609375,12.989999771118164,1775.199951171875,68.44000244140625,92.5199966430664
2021-08-16,74.216796875,16563.05078125,13.460000038146973,1786.9000244140625,67.29000091552734,92.62999725341797
2021-08-17,74.13500213623047,16614.599609375,13.40999984741211,1785.0,66.58999633789062,93.12999725341797
2021-08-18,74.364501953125,16568.849609375,12.90999984741211,1781.5999755859375,65.45999908447266,93.13999938964844
2021-08-19,74.2697982788086,,,1780.199951171875,63.689998626708984,93.56999969482422
2021-08-20,74.4292984008789,16450.5,14.020000457763672,1781.0,62.31999969482422,93.5
2021-08-23,74.30149841308594,16496.44921875,13.6899995803833,1803.199951171875,65.63999938964844,92.95999908447266
2021-08-24,74.10590362548828,16624.599609375,13.1899995803833,1805.5999755859375,67.54000091552734,92.88999938964844
2021-08-25,74.1447982788086,16634.650390625,13.5,1788.199951171875,68.36000061035156,92.83000183105469
2021-08-26,74.0999984741211,16636.900390625,13.539999961853027,1792.199951171875,67.41999816894531,93.05999755859375
2021-08-27,74.15599822998047,16705.19921875,13.40999984741211,1816.5999755859375,68.73999786376953,92.69000244140625
2021-08-30,73.49659729003906,16931.05078125,13.319999694824219,1809.0,69.20999908447266,92.6500015258789
2021-08-31,73.41120147705078,17132.19921875,14.520000457763672,1815.0,68.5,92.62999725341797
2021-09-01,72.99669647216797,17076.25,14.1899995803833,1813.0999755859375,68.58999633789062,92.44999694824219
2021-09-02,72.98509979248047,17234.150390625,14.239999771118164,1808.699951171875,69.98999786376953,92.2300033569336
2021-09-03,73.0542984008789,17323.599609375,14.539999961853027,1830.9000244140625,69.29000091552734,92.04000091552734
2021-09-06,72.99449920654297,17377.80078125,15.109999656677246,,,
2021-09-07,73.11000061035156,17362.099609375,14.899999618530273,1795.9000244140625,68.3499984741211,92.5199966430664
2021-09-08,73.3904037475586,17353.5,14.40999984741211,1790.699951171875,69.30000305175781,92.6500015258789
2021-09-09,73.78900146484375,17369.25,13.9399995803833,1797.4000244140625,68.13999938964844,92.4800033569336
2021-09-10,73.53800201416016,,,1789.5999755859375,69.72000122070312,92.58000183105469
2021-09-13,73.52429962158203,17355.30078125,14.029999732971191,1792.0,70.44999694824219,92.62000274658203
2021-09-14,73.54080200195312,17380.0,13.579999923706055,1804.699951171875,70.45999908447266,92.6500015258789
2021-09-15,73.65080261230469,17519.44921875,13.729999542236328,1792.4000244140625,72.61000061035156,92.48999786376953
2021-09-16,73.43800354003906,17629.5,14.40999984741211,1754.5999755859375,72.61000061035156,92.86000061035156
2021-09-17,73.56490325927734,17585.150390625,15.229999542236328,1749.4000244140625,71.97000122070312,93.19999694824219
2021-09-20,73.69609832763672,17396.900390625,17.489999771118164,1761.800048828125,70.29000091552734,93.23999786376953
2021-09-21,73.65899658203125,17562.0,16.520000457763672,1776.0,70.55999755859375,93.19999694824219
2021-09-22,73.7927017211914,17546.650390625,16.489999771118164,1776.699951171875,72.2300033569336,93.45999908447266
2021-09-23,73.8749008178711,17822.94921875,16.600000381469727,1747.699951171875,73.30000305175781,93.0999984741211
2021-09-24,73.83999633789062,17853.19921875,16.920000076293945,1749.699951171875,73.9800033569336,93.33000183105469
2021-09-27,73.81289672851562,17855.099609375,18.049999237060547,1750.0,75.44999694824219,93.37999725341797
2021-09-28,73.82530212402344,17748.599609375,18.540000915527344,1735.800048828125,75.29000091552734,93.7699966430664
2021-09-29,74.16329956054688,17711.30078125,18.84000015258789,1721.5,74.83000183105469,94.33999633789062
2021-09-30,74.3219985961914,17618.150390625,18.399999618530273,1755.300048828125,75.02999877929688,94.25
2021-10-01,74.25440216064453,17532.05078125,17.209999084472656,1757.0,75.87999725341797,94.04000091552734
2021-10-04,74.152099609375,17691.25,16.739999771118164,1766.199951171875,77.62000274658203,93.80999755859375
2021-10-05,74.57279968261719,17822.30078125,16.399999618530273,1759.5999755859375,78.93000030517578,93.9800033569336
2021-10-06,74.56320190429688,17646.0,17.329999923706055,1760.5,77.43000030517578,94.2699966430664
2021-10-07,74.76000213623047,17790.349609375,16.15999984741211,1757.9000244140625,78.30000305175781,94.22000122070312
2021-10-08,74.83000183105469,17895.19921875,15.649999618530273,1756.300048828125,79.3499984741211,94.06999969482422
2021-10-11,75.30580139160156,17945.94921875,16.09000015258789,1754.5999755859375,80.5199966430664,94.31999969482422
2021-10-12,75.40260314941406,17991.94921875,15.850000381469727,1758.300048828125,80.63999938964844,94.5199966430664
2021-10-13,75.48390197753906,18161.75,16.100000381469727,1793.699951171875,80.44000244140625,94.08000183105469
2021-10-14,75.3062973022461,18338.55078125,15.770000457763672,1796.699951171875,81.30999755859375,93.95999908447266
2021-10-15,74.99500274658203,,,1767.199951171875,82.27999877929688,93.94000244140625
2021-10-18,75.00589752197266,18477.05078125,17.18000030517578,1764.800048828125,82.44000244140625,93.94999694824219
2021-10-19,75.2354965209961,18418.75,17.3799991607666,1769.699951171875,82.95999908447266,93.79000091552734
2021-10-20,75.12010192871094,18266.599609375,18.309999465942383,1784.0999755859375,83.87000274658203,93.55999755859375
2021-10-21,74.80919647216797,18178.099609375,18.040000915527344,1781.199951171875,82.5,93.7699966430664
2021-10-22,74.86540222167969,18114.900390625,17.549999237060547,1795.5,83.76000213623047,93.61000061035156
2021-10-25,74.99369812011719,18125.400390625,17.610000610351562,1806.0,83.76000213623047,93.80999755859375
2021-10-26,75.08989715576172,18268.400390625,16.75,1792.699951171875,84.6500015258789,93.94999694824219
2021-10-27,74.88890075683594,18210.94921875,16.829999923706055,1797.9000244140625,82.66000366210938,93.86000061035156
2021-10-28,75.05000305175781,17857.25,17.90999984741211,1801.5999755859375,82.80999755859375,93.3499984741211
2021-10-29,74.79720306396484,17671.650390625,17.43000030517578,1783.0,83.56999969482422,94.12000274658203
2021-11-01,74.92829895019531,17929.650390625,17.239999771118164,1795.0999755859375,84.05000305175781,93.87999725341797
2021-11-02,74.82990264892578,17888.94921875,17.059999465942383,1788.699951171875,83.91000366210938,94.08999633789062
2021-11-03,74.71199798583984,17829.19921875,16.1299991607666,1763.5999755859375,80.86000061035156,93.86000061035156
2021-11-04,74.43550109863281,17916.80078125,15.75,1793.0,78.80999755859375,94.3499984741211
2021-11-05,74.47810363769531,,,1816.4000244140625,81.2699966430664,94.31999969482422
2021-11-08,74.19110107421875,18068.55078125,16.34000015258789,1827.4000244140625,81.93000030517578,94.05000305175781
2021-11-09,73.91850280761719,18044.25,16.0,1830.199951171875,84.1500015258789,93.95999908447266
2021-11-10,74.17479705810547,18017.19921875,16.309999465942383,1847.5999755859375,81.33999633789062,94.8499984741211
2021-11-11,74.40489959716797,17873.599609375,16.350000381469727,1863.199951171875,81.58999633789062,95.18000030517578
2021-11-12,74.32209777832031,18102.75,15.220000267028809,1867.9000244140625,80.79000091552734,95.12999725341797
2021-11-15,74.33999633789062,18109.44921875,15.470000267028809,1866.0999755859375,80.87999725341797,95.41000366210938
2021-11-16,74.43509674072266,17999.19921875,15.199999809265137,1853.5999755859375,80.76000213623047,95.91999816894531
2021-11-17,74.45860290527344,17898.650390625,14.979999542236328,1869.699951171875,78.36000061035156,95.83000183105469
2021-11-18,74.25980377197266,17764.80078125,14.859999656677246,1861.0,79.01000213623047,95.54000091552734
2021-11-19,74.17440032958984,,,1851.199951171875,76.0999984741211,96.06999969482422
2021-11-22,74.30259704589844,17416.55078125,17.520000457763672,1806.0,76.75,96.5
2021-11-23,74.42980194091797,17503.349609375,18.020000457763672,1783.5,78.5,96.48999786376953
2021-11-24,74.4469985961914,17415.05078125,17.100000381469727,1784.0999755859375,78.38999938964844,96.83999633789062
2021-11-25,74.625,17536.25,16.65999984741211,,,
2021-11-26,74.50579833984375,17026.44921875,20.799999237060547,1785.300048828125,68.1500015258789,96.08999633789062
2021-11-29,74.98159790039062,17053.94921875,20.829999923706055,1782.300048828125,69.94999694824219,96.33999633789062
2021-11-30,75.05490112304688,16983.19921875,21.170000076293945,1773.5999755859375,66.18000030517578,95.98999786376953
2021-12-01,75.0509033203125,17166.900390625,19.450000762939453,1781.5999755859375,65.56999969482422,96.05000305175781
2021-12-02,75.01789855957031,17401.650390625,18.09000015258789,1760.699951171875,66.5,96.12999725341797
2021-12-03,74.9834976196289,17196.69921875,18.450000762939453,1782.0,66.26000213623047,96.12000274658203
2021-12-06,75.23400115966797,16912.25,20.079999923706055,1777.5,69.48999786376953,96.29000091552734
2021-12-07,75.39129638671875,17176.69921875,18.459999084472656,1782.5999755859375,72.05000305175781,96.37000274658203
2021-12-08,75.40859985351562,17469.75,17.270000457763672,1783.4000244140625,72.36000061035156,95.88999938964844
2021-12-09,75.38330078125,17516.849609375,16.600000381469727,1774.5999755859375,70.94000244140625,96.2699966430664
2021-12-10,75.59919738769531,17511.30078125,16.059999465942383,1782.9000244140625,71.66999816894531,96.05000305175781
2021-12-13,75.70999908447266,17368.25,16.56999969482422,1786.300048828125,71.29000091552734,96.31999969482422
2021-12-14,75.82689666748047,17324.900390625,16.950000762939453,1770.4000244140625,70.7300033569336,96.56999969482422
2021-12-15,76.04720306396484,17221.400390625,17.219999313354492,1762.5999755859375,70.87000274658203,96.51000213623047
2021-12-16,76.2114028930664,17248.400390625,15.899999618530273,1796.5999755859375,72.37999725341797,96.04000091552734
2021-12-17,76.1675033569336,16985.19921875,16.34000015258789,1803.800048828125,70.86000061035156,96.56999969482422
2021-12-20,76.00599670410156,16614.19921875,18.969999313354492,1793.699951171875,68.2300033569336,96.55000305175781
2021-12-21,75.75869750976562,16770.849609375,17.540000915527344,1787.9000244140625,71.12000274658203,96.48999786376953
2021-12-22,75.6864013671875,16955.44921875,16.579999923706055,1801.5999755859375,72.76000213623047,96.08000183105469
2021-12-23,75.45850372314453,17072.599609375,15.829999923706055,1811.199951171875,73.79000091552734,96.0199966430664
2021-12-24,75.06739807128906,17003.75,16.149999618530273,,,
2021-12-27,75.31500244140625,17086.25,17.1200008392334,1808.0999755859375,75.56999969482422,96.08999633789062
2021-12-28,74.98030090332031,17233.25,16.479999542236328,1810.199951171875,75.9800033569336,96.19999694824219
2021-12-29,74.74500274658203,17213.599609375,16.239999771118164,1805.0999755859375,76.55999755859375,95.93000030517578
2021-12-30,74.57029724121094,17203.94921875,16.56999969482422,1812.699951171875,76.98999786376953,95.97000122070312
2021-12-31,74.43119812011719,17354.05078125,16.219999313354492,1827.5,75.20999908447266,95.66999816894531
2022-01-03,74.51380157470703,17625.69921875,16.450000762939453,1799.4000244140625,76.08000183105469,96.23999786376953
2022-01-04,74.4032974243164,17805.25,16.1200008392334,1814.0,76.98999786376953,96.29000091552734
2022-01-05,74.53489685058594,17925.25,17.229999542236328,1824.5999755859375,77.8499984741211,96.19000244140625
2022-01-06,74.43009948730469,17745.900390625,17.979999542236328,1788.699951171875,79.45999908447266,96.25
2022-01-07,74.41929626464844,17812.69921875,17.600000381469727,1797.0,78.9000015258789,95.73999786376953
2022-01-10,74.2699966430664,18003.30078125,17.68000030517578,1798.4000244140625,78.2300033569336,95.98999786376953
2022-01-11,74.05699920654297,18055.75,17.760000228881836,1818.5999755859375,81.22000122070312,95.62000274658203
2022-01-12,73.81529998779297,18212.349609375,17.18000030517578,1827.199951171875,82.63999938964844,95.0
2022-01-13,73.79910278320312,18257.80078125,16.700000762939453,1821.199951171875,82.12000274658203,94.79000091552734
2022-01-14,73.97229766845703,18255.75,16.559999465942383,1816.5,83.81999969482422,95.16999816894531
2022-01-17,74.37899780273438,18308.099609375,16.770000457763672,,,
2022-01-18,74.25509643554688,18113.05078125,17.780000686645508,1812.300048828125,85.43000030517578,95.7300033569336
2022-01-19,74.61969757080078,17938.400390625,17.81999969482422,1843.0999755859375,86.95999908447266,95.51000213623047
2022-01-20,74.44920349121094,17757.0,17.790000915527344,1842.5,86.9000015258789,95.73999786376953
2022-01-21,74.45220184326172,17617.150390625,18.889999389648438,1831.800048828125,85.13999938964844,95.63999938964844
2022-01-24,74.41320037841797,17149.099609375,22.829999923706055,1841.699951171875,83.30999755859375,95.91999816894531
2022-01-25,74.6447982788086,17277.94921875,21.360000610351562,1852.699951171875,85.5999984741211,95.94999694824219
2022-01-26,74.77999877929688,,,1829.9000244140625,87.3499984741211,96.48999786376953
2022-01-27,74.8949966430664,17110.150390625,21.06999969482422,1793.300048828125,86.61000061035156,97.26000213623047
2022-01-28,75.20929718017578,17101.94921875,20.700000762939453,1784.9000244140625,86.81999969482422,97.2699966430664
2022-01-31,75.03900146484375,17339.849609375,21.950000762939453,1795.0,88.1500015258789,96.54000091552734
2022-02-01,74.55580139160156,17576.849609375,19.979999542236328,1800.300048828125,88.19999694824219,96.38999938964844
2022-02-02,74.74549865722656,17780.0,18.649999618530273,1809.199951171875,88.26000213623047,95.94000244140625
2022-02-03,74.82240295410156,17560.19921875,19.15999984741211,1803.0,90.2699966430664,95.37999725341797
2022-02-04,74.6438980102539,17516.30078125,18.899999618530273,1806.5999755859375,92.30999755859375,95.4800033569336
2022-02-07,74.64219665527344,17213.599609375,20.440000534057617,1820.5999755859375,91.31999969482422,95.4000015258789
2022-02-08,74.6583023071289,17266.75,19.68000030517578,1826.5999755859375,89.36000061035156,95.63999938964844
2022-02-09,74.69519805908203,17463.80078125,18.559999465942383,1835.199951171875,89.66000366210938,95.48999786376953
2022-02-10,74.80889892578125,17605.849609375,17.709999084472656,1836.199951171875,89.87999725341797,95.55000305175781
2022-02-11,75.53839874267578,17374.75,18.68000030517578,1840.800048828125,93.0999984741211,96.08000183105469
2022-02-14,75.34100341796875,16842.80078125,22.979999542236328,1868.0,95.45999908447266,96.37000274658203
2022-02-15,75.6854019165039,17352.44921875,20.610000610351562,1854.800048828125,92.06999969482422,95.98999786376953
2022-02-16,75.17479705810547,17322.19921875,20.59000015258789,1870.199951171875,93.66000366210938,95.69999694824219
2022-02-17,75.04199981689453,17304.599609375,22.010000228881836,1900.699951171875,91.76000213623047,95.80000305175781
2022-02-18,75.06300354003906,17276.30078125,22.170000076293945,1898.5999755859375,91.06999969482422,96.04000091552734
2022-02-21,74.68240356445312,17206.650390625,22.899999618530273,,,
2022-02-22,74.51699829101562,17092.19921875,26.65999984741211,1906.0999755859375,92.3499984741211,96.02999877929688
2022-02-23,74.62300109863281,17063.25,24.540000915527344,1909.199951171875,92.0999984741211,96.19000244140625
2022-02-24,74.63300323486328,16247.9501953125,31.979999542236328,1925.0999755859375,92.80999755859375,97.13999938964844
2022-02-25,75.4083023071289,16658.400390625,26.739999771118164,1886.5,91.58999633789062,96.62000274658203
2022-02-28,75.06800079345703,16793.900390625,28.56999969482422,1899.4000244140625,95.72000122070312,96.70999908447266
2022-03-01,75.28479766845703,,,1942.4000244140625,103.41000366210938,97.41000366210938
2022-03-02,75.80120086669922,16605.94921875,29.229999542236328,1920.9000244140625,110.5999984741211,97.38999938964844
2022-03-03,75.63099670410156,16498.05078125,28.15999984741211,1934.4000244140625,107.66999816894531,97.79000091552734
2022-03-04,75.8917007446289,16245.349609375,27.959999084472656,1965.0999755859375,115.68000030517578,98.6500015258789
2022-03-07,76.41799926757812,15863.150390625,29.329999923706055,1993.9000244140625,119.4000015258789,99.29000091552734
2022-03-08,77.08080291748047,16013.4501953125,28.59000015258789,2040.0999755859375,123.69999694824219,99.05999755859375
2022-03-09,76.91449737548828,16345.349609375,27.469999313354492,1985.9000244140625,108.69999694824219,97.97000122070312
2022-03-10,76.13490295410156,16594.900390625,25.579999923706055,1998.0999755859375,106.0199966430664,98.51000213623047
2022-03-11,76.310302734375,16630.44921875,25.350000381469727,1982.699951171875,109.33000183105469,99.12000274658203
2022-03-14,76.75370025634766,16871.30078125,25.68000030517578,1959.5999755859375,103.01000213623047,99.05999755859375
2022-03-15,76.49009704589844,16663.0,26.729999542236328,1928.5,96.44000244140625,99.06999969482422
2022-03-16,76.26589965820312,16975.349609375,24.1200008392334,1908.0,95.04000091552734,98.37999725341797
2022-03-17,76.02420043945312,17287.05078125,22.610000610351562,1942.0999755859375,102.9800033569336,98.01000213623047
2022-03-18,75.98159790039062,,,1928.199951171875,104.69999694824219,98.2300033569336
2022-03-21,75.94640350341797,17117.599609375,24.6200008392334,1928.5999755859375,112.12000274658203,98.5
2022-03-22,76.30709838867188,17315.5,24.06999969482422,1920.699951171875,111.76000213623047,98.48999786376953
2022-03-23,76.10189819335938,17245.650390625,24.75,1936.5999755859375,114.93000030517578,98.62000274658203
2022-03-24,76.55239868164062,17222.75,23.93000030517578,1961.5999755859375,112.33999633789062,98.79000091552734
2022-03-25,76.32350158691406,17153.0,23.43000030517578,1953.800048828125,113.9000015258789,98.80999755859375
2022-03-28,76.27850341796875,17222.0,22.610000610351562,1939.5999755859375,105.95999908447266,99.08999633789062
2022-03-29,76.03410339355469,17325.30078125,21.299999237060547,1912.0,104.23999786376953,98.4000015258789
2022-03-30,75.66670227050781,17498.25,20.610000610351562,1933.5,107.81999969482422,97.79000091552734
2022-03-31,75.82779693603516,17464.75,20.559999465942383,1949.199951171875,100.27999877929688,98.30999755859375
2022-04-01,75.9092025756836,17670.44921875,18.43000030517578,1919.0999755859375,99.2699966430664,98.62999725341797
2022-04-04,75.99479675292969,18053.400390625,17.90999984741211,1929.199951171875,103.27999877929688,98.98999786376953
2022-04-05,75.47799682617188,17957.400390625,18.489999771118164,1922.9000244140625,101.95999908447266,99.47000122070312
2022-04-06,75.45069885253906,17807.650390625,19.020000457763672,1918.4000244140625,96.2300033569336,99.5999984741211
2022-04-07,75.94509887695312,17639.55078125,19.0,1933.800048828125,96.02999877929688,99.75
2022-04-08,75.91320037841797,17784.349609375,17.690000534057617,1941.5999755859375,98.26000213623047,99.80000305175781
2022-04-11,75.91729736328125,17674.94921875,18.270000457763672,1944.300048828125,94.29000091552734,99.93000030517578
2022-04-12,75.83699798583984,17530.30078125,18.15999984741211,1972.0999755859375,100.5999984741211,100.29000091552734
2022-04-13,76.1498031616211,17475.650390625,17.790000915527344,1981.0,104.25,99.87999725341797
2022-04-14,76.12169647216797,,,1970.9000244140625,106.94999694824219,100.31999969482422
2022-04-15,76.30879974365234,,,,,
2022-04-18,76.3313980102539,17173.650390625,19.34000015258789,1982.9000244140625,108.20999908447266,100.77999877929688
2022-04-19,76.28019714355469,16958.650390625,19.770000457763672,1955.699951171875,102.55999755859375,100.95999908447266
2022-04-20,76.44539642333984,17136.55078125,18.670000076293945,1952.300048828125,102.75,100.38999938964844
2022-04-21,76.27619934082031,17392.599609375,17.850000381469727,1944.9000244140625,103.79000091552734,100.58000183105469
2022-04-22,76.28520202636719,17171.94921875,18.350000381469727,1931.0,102.06999969482422,101.22000122070312
2022-04-25,76.4635009765625,16953.94921875,21.260000228881836,1893.199951171875,98.54000091552734,101.75
2022-04-26,76.52780151367188,17200.80078125,19.190000534057617,1901.4000244140625,101.69999694824219,102.30000305175781
2022-04-27,76.79409790039062,17038.400390625,20.610000610351562,1885.9000244140625,102.0199966430664,102.94999694824219
2022-04-28,76.47219848632812,17245.05078125,19.3799991607666,1888.699951171875,105.36000061035156,103.62000274658203
2022-04-29,76.58899688720703,17102.55078125,19.420000076293945,1909.300048828125,104.69000244140625,102.95999908447266
2022-05-02,76.52310180664062,17069.099609375,20.280000686645508,1861.800048828125,105.16999816894531,103.73999786376953
2022-05-03,76.52410125732422,,,1868.800048828125,102.41000366210938,103.47000122070312
2022-05-04,76.46730041503906,16677.599609375,21.8799991607666,1867.0,107.80999755859375,102.58999633789062
2022-05-05,76.00160217285156,16682.650390625,20.290000915527344,1874.0,108.26000213623047,103.75
2022-05-06,76.54180145263672,16411.25,21.25,1881.199951171875,109.7699966430664,103.66000366210938
2022-05-09,76.9574966430664,16301.849609375,22.030000686645508,1857.0999755859375,103.08999633789062,103.6500015258789
2022-05-10,77.3655014038086,16240.0498046875,22.299999237060547,1839.9000244140625,99.76000213623047,103.91999816894531
2022-05-11,77.27140045166016,16167.099609375,22.799999237060547,1852.5999755859375,105.70999908447266,103.8499984741211
2022-05-12,77.41840362548828,15808.0,24.270000457763672,1823.800048828125,106.12999725341797,104.8499984741211
2022-05-13,77.44380187988281,15782.150390625,23.489999771118164,1807.4000244140625,110.48999786376953,104.55999755859375
2022-05-16,77.48629760742188,15842.2998046875,24.530000686645508,1813.5,114.19999694824219,104.19000244140625
2022-05-17,77.8053970336914,16259.2998046875,22.739999771118164,1818.199951171875,112.4000015258789,103.36000061035156
2022-05-18,77.37239837646484,16240.2998046875,22.299999237060547,1815.9000244140625,109.58999633789062,103.80999755859375
2022-05-19,77.81999969482422,15809.400390625,24.559999465942383,1841.199951171875,112.20999908447266,102.72000122070312
2022-05-20,77.42109680175781,16266.150390625,23.100000381469727,1841.800048828125,113.2300033569336,103.1500015258789
2022-05-23,77.81839752197266,16214.7001953125,23.399999618530273,1847.800048828125,110.29000091552734,102.08000183105469
2022-05-24,77.52680206298828,16125.150390625,25.639999389648438,1865.0999755859375,109.7699966430664,101.86000061035156
2022-05-25,77.47879791259766,16025.7998046875,25.280000686645508,1846.199951171875,110.33000183105469,102.05999755859375
2022-05-26,77.49729919433594,16170.150390625,22.719999313354492,1847.4000244140625,114.08999633789062,101.83000183105469
2022-05-27,77.63020324707031,16352.4501953125,21.479999542236328,1851.300048828125,115.06999969482422,101.66999816894531
2022-05-30,77.69200134277344,16661.400390625,19.979999542236328,,,
2022-05-31,77.5208969116211,16584.55078125,20.479999542236328,1842.699951171875,114.66999816894531,101.75
2022-06-01,77.5989990234375,16522.75,20.850000381469727,1843.300048828125,115.26000213623047,102.55000305175781
2022-06-02,77.58409881591797,16628.0,20.31999969482422,1866.5,116.87000274658203,101.7699966430664
2022-06-03,77.3604965209961,16584.30078125,19.979999542236328,1845.4000244140625,118.87000274658203,102.13999938964844
2022-06-06,77.69419860839844,16569.55078125,20.200000762939453,1839.199951171875,118.5,102.44000244140625
2022-06-07,77.82099914550781,16416.349609375,20.43000030517578,1847.5,119.41000366210938,102.31999969482422
2022-06-08,77.67060089111328,16356.25,19.84000015258789,1851.9000244140625,122.11000061035156,102.54000091552734
2022-06-09,77.72429656982422,16478.099609375,19.139999389648438,1848.800048828125,121.51000213623047,103.22000122070312
2022-06-10,77.8187026977539,16201.7998046875,19.579999923706055,1871.5,120.66999816894531,104.1500015258789
2022-06-13,78.17759704589844,15774.400390625,22.3700008392334,1828.0,120.93000030517578,105.08000183105469
2022-06-14,78.16059875488281,15732.099609375,21.889999389648438,1809.5,118.93000030517578,105.5199966430664
2022-06-15,77.9854965209961,15692.150390625,22.149999618530273,1815.300048828125,115.30999755859375,105.16000366210938
2022-06-16,77.90019989013672,15360.599609375,22.8700008392334,1845.699951171875,117.58999633789062,103.62999725341797
2022-06-17,77.97769927978516,15293.5,22.760000228881836,1835.5999755859375,109.55999755859375,104.69999694824219
2022-06-20,77.9614028930664,15350.150390625,22.40999984741211,,,
2022-06-21,77.93399810791016,15638.7998046875,21.139999389648438,1834.5999755859375,110.6500015258789,104.44000244140625
2022-06-22,78.13490295410156,15413.2998046875,21.299999237060547,1834.300048828125,106.19000244140625,104.19999694824219
2022-06-23,78.19309997558594,15556.650390625,20.8799991607666,1825.699951171875,104.2699966430664,104.43000030517578
2022-06-24,78.14240264892578,15699.25,20.549999237060547,1826.5,107.62000274658203,104.19000244140625
2022-06-27,78.2522964477539,15832.0498046875,21.010000228881836,1820.9000244140625,109.56999969482422,103.94000244140625
2022-06-28,78.44110107421875,15850.2001953125,21.450000762939453,1817.5,111.76000213623047,104.51000213623047
2022-06-29,79.07319641113281,15799.099609375,21.899999618530273,1813.699951171875,109.77999877929688,105.11000061035156
2022-06-30,78.89830017089844,15780.25,21.84000015258789,1804.0999755859375,105.76000213623047,104.69000244140625
2022-07-01,78.96299743652344,15752.0498046875,21.25,1798.9000244140625,108.43000030517578,105.13999938964844
2022-07-04,78.95069885253906,15835.349609375,20.969999313354492,,,
2022-07-05,78.93949890136719,15810.849609375,20.790000915527344,1761.800048828125,99.5,106.5
2022-07-06,79.36840057373047,15989.7998046875,20.270000457763672,1734.9000244140625,98.52999877929688,107.0999984741211
2022-07-07,79.04389953613281,16132.900390625,19.200000762939453,1737.9000244140625,102.7300033569336,107.12999725341797
2022-07-08,79.22160339355469,16220.599609375,18.399999618530273,1740.5999755859375,104.79000091552734,107.01000213623047
2022-07-11,79.3313980102539,16216.0,18.3700008392334,1730.0,104.08999633789062,108.0199966430664
2022-07-12,79.47779846191406,16058.2998046875,18.549999237060547,1723.300048828125,95.83999633789062,108.06999969482422
2022-07-13,79.47640228271484,15966.650390625,18.520000457763672,1734.199951171875,96.30000305175781,107.95999908447266
2022-07-14,79.80750274658203,15938.650390625,18.34000015258789,1704.5,95.77999877929688,108.54000091552734
2022-07-15,79.87830352783203,16049.2001953125,17.600000381469727,1702.4000244140625,97.58999633789062,108.05999755859375
2022-07-18,79.72049713134766,16278.5,17.15999984741211,1709.199951171875,102.5999984741211,107.37000274658203
2022-07-19,80.0302963256836,16340.5498046875,17.200000762939453,1710.0,104.22000122070312,106.68000030517578
2022-07-20,79.85590362548828,16520.849609375,16.81999969482422,1699.5,102.26000213623047,107.08000183105469
2022-07-21,80.00340270996094,16605.25,16.860000610351562,1712.699951171875,96.3499984741211,106.91000366210938
2022-07-22,79.7759017944336,16719.44921875,16.649999618530273,1727.0999755859375,94.69999694824219,106.7300033569336
2022-07-25,79.87680053710938,16631.0,17.68000030517578,1719.0,96.69999694824219,106.4800033569336
2022-07-26,79.72250366210938,16483.849609375,18.170000076293945,1717.699951171875,94.9800033569336,107.19000244140625
2022-07-27,79.84120178222656,16641.80078125,18.1299991607666,1719.0999755859375,97.26000213623047,106.44999694824219
2022-07-28,79.84739685058594,16929.599609375,17.010000228881836,1750.300048828125,96.41999816894531,106.3499984741211
2022-07-29,79.57150268554688,17158.25,16.549999237060547,1762.9000244140625,98.62000274658203,105.9000015258789
2022-08-01,79.1948013305664,17340.05078125,17.489999771118164,1769.0,93.88999938964844,105.44999694824219
2022-08-02,78.95570373535156,17345.44921875,18.530000686645508,1771.0999755859375,94.41999816894531,106.23999786376953
2022-08-03,78.60449981689453,17388.150390625,18.450000762939453,1758.0,90.66000366210938,106.51000213623047
2022-08-04,79.11830139160156,17382.0,19.260000228881836,1788.5,88.54000091552734,105.69000244140625
2022-08-05,79.15489959716797,17397.5,18.920000076293945,1772.9000244140625,89.01000213623047,106.62000274658203
2022-08-08,79.41059875488281,17525.099609375,19.299999237060547,1786.800048828125,90.76000213623047,106.44000244140625
2022-08-09,79.60189819335938,,,1794.0,90.5,106.37000274658203
2022-08-10,79.57839965820312,17534.75,19.59000015258789,1795.5999755859375,91.93000030517578,105.19999694824219
2022-08-11,79.0978012084961,17659.0,18.360000610351562,1789.699951171875,94.33999633789062,105.08999633789062
2022-08-12,79.61399841308594,17698.150390625,17.610000610351562,1798.5999755859375,92.08999633789062,105.62999725341797
2022-08-15,79.62760162353516,,,1781.4000244140625,89.41000366210938,106.55000305175781
2022-08-16,79.55290222167969,17825.25,17.68000030517578,1773.199951171875,86.52999877929688,106.5
2022-08-17,79.14600372314453,17944.25,17.68000030517578,1760.300048828125,88.11000061035156,106.56999969482422
2022-08-18,79.35970306396484,17956.5,17.350000381469727,1755.300048828125,90.5,107.4800033569336
2022-08-19,79.7667007446289,17758.44921875,18.290000915527344,1747.5999755859375,90.7699966430664,108.16999816894531
2022-08-22,79.91790008544922,17490.69921875,19.040000915527344,1734.0,90.2300033569336,109.05000305175781
2022-08-23,79.88379669189453,17577.5,19.049999237060547,1746.800048828125,93.73999786376953,108.62000274658203
2022-08-24,79.85449981689453,17604.94921875,18.43000030517578,1747.800048828125,94.88999938964844,108.68000030517578
2022-08-25,79.79679870605469,17522.44921875,19.56999969482422,1757.699951171875,92.5199966430664,108.47000122070312
2022-08-26,79.88289642333984,17558.900390625,18.219999313354492,1736.0999755859375,93.05999755859375,108.80000305175781
2022-08-29,79.95909881591797,17312.900390625,19.81999969482422,1736.5999755859375,97.01000213623047,108.83999633789062
2022-08-30,79.96790313720703,17759.30078125,18.700000762939453,1723.199951171875,91.63999938964844,108.7699966430664
2022-08-31,79.68229675292969,,,1712.800048828125,89.55000305175781,108.69999694824219
2022-09-01,79.54879760742188,17542.80078125,19.8700008392334,1696.5999755859375,86.61000061035156,109.69000244140625
2022-09-02,79.716796875,17539.44921875,19.549999237060547,1709.800048828125,86.87000274658203,109.52999877929688
2022-09-05,79.72450256347656,17665.80078125,19.65999984741211,,,
2022-09-06,79.78299713134766,17655.599609375,19.520000457763672,1700.4000244140625,86.87999725341797,110.20999908447266
2022-09-07,79.89510345458984,17624.400390625,19.3700008392334,1715.300048828125,81.94000244140625,109.83999633789062
2022-09-08,79.6498031616211,17798.75,18.309999465942383,1708.0,83.54000091552734,109.70999908447266
2022-09-09,79.706298828125,17833.349609375,17.719999313354492,1716.199951171875,86.79000091552734,109.0
2022-09-12,79.65579986572266,17936.349609375,17.940000534057617,1728.0999755859375,87.77999877929688,108.33000183105469
2022-09-13,79.35530090332031,18070.05078125,17.469999313354492,1705.0,87.30999755859375,109.81999969482422
2022-09-14,79.60240173339844,18003.75,18.280000686645508,1696.5,88.4800033569336,109.66000366210938
2022-09-15,79.45369720458984,17877.400390625,18.389999389648438,1665.4000244140625,85.0999984741211,109.73999786376953
2022-09-16,79.8490982055664,17530.849609375,19.81999969482422,1671.699951171875,85.11000061035156,109.76000213623047
2022-09-19,79.68949890136719,17622.25,19.940000534057617,1666.199951171875,85.7300033569336,109.73999786376953
2022-09-20,79.7074966430664,17816.25,18.799999237060547,1659.699951171875,84.44999694824219,110.22000122070312
2022-09-21,79.76270294189453,17718.349609375,19.329999923706055,1664.5999755859375,82.94000244140625,110.63999938964844
2022-09-22,80.05069732666016,17629.80078125,18.81999969482422,1670.800048828125,83.48999786376953,111.3499984741211
2022-09-23,81.06220245361328,17327.349609375,20.59000015258789,1645.300048828125,78.73999786376953,113.19000244140625
2022-09-26,81.25479888916016,17016.30078125,21.889999389648438,1623.300048828125,76.70999908447266,114.0999984741211
2022-09-27,81.61579895019531,17007.400390625,21.56999969482422,1626.699951171875,78.5,114.11000061035156
2022-09-28,81.72460174560547,16858.599609375,22.100000381469727,1660.4000244140625,82.1500015258789,112.5999984741211
2022-09-29,81.42870330810547,16818.099609375,21.299999237060547,1658.5,81.2300033569336,112.25
2022-09-30,81.48059844970703,17094.349609375,19.969999313354492,1662.4000244140625,79.48999786376953,112.12000274658203
2022-10-03,81.52130126953125,16887.349609375,21.3700008392334,1692.9000244140625,83.62999725341797,111.75
2022-10-04,81.49500274658203,17274.30078125,19.56999969482422,1721.0999755859375,86.5199966430664,110.06999969482422
2022-10-05,81.46549987792969,,,1711.4000244140625,87.76000213623047,111.06999969482422
2022-10-06,81.6488037109375,17331.80078125,19.31999969482422,1711.699951171875,88.44999694824219,112.26000213623047
2022-10-07,82.3489990234375,17314.650390625,18.809999465942383,1700.5,92.63999938964844,112.80000305175781
2022-10-10,82.8322982788086,17241.0,19.6200008392334,1667.300048828125,91.12999725341797,113.13999938964844
2022-10-11,82.42070007324219,16983.55078125,20.489999771118164,1678.699951171875,89.3499984741211,113.22000122070312
2022-10-12,82.2739028930664,17123.599609375,20.18000030517578,1670.300048828125,87.2699966430664,113.31999969482422
2022-10-13,82.19999694824219,17014.349609375,20.290000915527344,1670.0,89.11000061035156,112.36000061035156
2022-10-14,82.19210052490234,17185.69921875,18.260000228881836,1641.699951171875,85.61000061035156,113.30999755859375
2022-10-17,82.41280364990234,17311.80078125,18.420000076293945,1657.0,85.45999908447266,112.04000091552734
2022-10-18,82.1947021484375,17486.94921875,17.450000762939453,1649.0,82.81999969482422,112.12999725341797
2022-10-19,82.2863998413086,17512.25,17.489999771118164,1627.5,85.55000305175781,112.9800033569336
2022-10-20,82.99700164794922,17563.94921875,17.229999542236328,1630.800048828125,85.9800033569336,112.87999725341797
2022-10-21,82.82569885253906,17576.30078125,17.280000686645508,1651.0,85.05000305175781,112.01000213623047
2022-10-24,82.54129791259766,17730.75,17.420000076293945,1648.699951171875,84.58000183105469,111.98999786376953
2022-10-25,82.7614974975586,17656.349609375,16.8799991607666,1652.800048828125,85.31999969482422,110.94999694824219
2022-10-26,82.44529724121094,,,1664.0,87.91000366210938,109.69999694824219
2022-10-27,82.04959869384766,17736.94921875,16.600000381469727,1660.699951171875,89.08000183105469,110.58999633789062
2022-10-28,82.44249725341797,17786.80078125,15.920000076293945,1639.5999755859375,87.9000015258789,110.66999816894531
2022-10-31,82.23919677734375,18012.19921875,15.800000190734863,1635.9000244140625,86.52999877929688,111.52999877929688
2022-11-01,82.72899627685547,18145.400390625,16.1299991607666,1645.0,88.37000274658203,111.4800033569336
2022-11-02,82.68450164794922,18082.849609375,16.65999984741211,1645.699951171875,90.0,111.3499984741211
2022-11-03,82.88839721679688,18052.69921875,15.9399995803833,1627.300048828125,88.16999816894531,112.93000030517578
2022-11-04,82.68180084228516,18117.150390625,15.65999984741211,1672.5,92.61000061035156,110.87999725341797
2022-11-07,81.9749984741211,18202.80078125,15.59000015258789,1676.5,91.79000091552734,110.12000274658203
2022-11-08,81.82599639892578,,,1712.0999755859375,88.91000366210938,109.62000274658203
2022-11-09,81.40519714355469,18157.0,15.920000076293945,1710.0999755859375,85.83000183105469,110.55000305175781
2022-11-10,81.34380340576172,18028.19921875,15.569999694824219,1750.300048828125,86.47000122070312,108.20999908447266
2022-11-11,80.48290252685547,18349.69921875,14.40999984741211,1766.0,88.95999908447266,106.29000091552734
2022-11-14,80.49700164794922,18329.150390625,14.90999984741211,1773.5999755859375,85.87000274658203,106.66000366210938
2022-11-15,80.99199676513672,18403.400390625,14.640000343322754,1773.800048828125,86.91999816894531,106.4000015258789
2022-11-16,81.07140350341797,18409.650390625,15.100000381469727,1773.0,85.58999633789062,106.27999877929688
2022-11-17,81.49530029296875,18343.900390625,14.880000114440918,1760.800048828125,81.63999938964844,106.69000244140625
2022-11-18,81.52490234375,18307.650390625,14.390000343322754,1751.9000244140625,80.08000183105469,106.93000030517578
2022-11-21,81.5198974609375,18159.94921875,14.800000190734863,1737.4000244140625,79.7300033569336,107.83999633789062
2022-11-22,81.72769927978516,18244.19921875,13.84000015258789,1738.300048828125,80.94999694824219,107.22000122070312
2022-11-23,81.71499633789062,18267.25,14.039999961853027,1744.9000244140625,77.94000244140625,106.08000183105469
2022-11-24,81.63289642333984,18484.099609375,13.479999542236328,,,
2022-11-25,81.65540313720703,18512.75,13.329999923706055,1753.300048828125,76.27999877929688,105.95999908447266
2022-11-28,81.6697006225586,18562.75,13.569999694824219,1740.0999755859375,77.23999786376953,106.68000030517578
2022-11-29,81.65029907226562,18618.05078125,13.619999885559082,1748.4000244140625,78.19999694824219,106.81999969482422
2022-11-30,81.63089752197266,18758.349609375,13.8100004196167,1746.0,80.55000305175781,105.94999694824219
2022-12-01,81.3052978515625,18812.5,13.359999656677246,1801.0999755859375,81.22000122070312,104.7300033569336
2022-12-02,81.16220092773438,18696.099609375,13.449999809265137,1795.9000244140625,79.9800033569336,104.55000305175781
2022-12-05,81.42250061035156,18701.05078125,13.729999542236328,1767.4000244140625,76.93000030517578,105.29000091552734
2022-12-06,81.89900207519531,18642.75,14.039999961853027,1769.300048828125,74.25,105.58000183105469
2022-12-07,82.37220001220703,18560.5,14.079999923706055,1785.5,72.01000213623047,105.0999984741211
2022-12-08,82.25350189208984,18609.349609375,13.399999618530273,1788.699951171875,71.45999908447266,104.7699966430664
2022-12-09,82.2791976928711,18496.599609375,13.479999542236328,1798.0999755859375,71.0199966430664,104.80999755859375
2022-12-12,82.41300201416016,18497.150390625,13.319999694824219,1780.5,73.16999816894531,105.12999725341797
2022-12-13,82.64469909667969,18608.0,12.880000114440918,1813.9000244140625,75.38999938964844,103.9800033569336
2022-12-14,82.40249633789062,18660.30078125,12.890000343322754,1807.5,77.27999877929688,103.7699966430664
2022-12-15,82.50800323486328,18414.900390625,13.729999542236328,1777.199951171875,76.11000061035156,104.55999755859375
2022-12-16,82.85790252685547,18269.0,14.069999694824219,1790.0,74.29000091552734,104.69999694824219
2022-12-19,82.72599792480469,18420.44921875,13.550000190734863,1787.699951171875,75.19000244140625,104.72000122070312
2022-12-20,82.58190155029297,18385.30078125,13.779999732971191,1815.9000244140625,76.08999633789062,103.97000122070312
2022-12-21,82.63690185546875,18199.099609375,15.5600004196167,1815.9000244140625,78.29000091552734,104.16000366210938
2022-12-22,82.87860107421875,18127.349609375,15.1899995803833,1787.0,77.48999786376953,104.43000030517578
2022-12-23,82.8749008178711,17806.80078125,16.15999984741211,1795.9000244140625,79.55999755859375,104.30999755859375
2022-12-26,82.6041030883789,18014.599609375,,,,
2022-12-27,82.90290069580078,18132.30078125,15.289999961853027,1814.800048828125,79.52999877929688,104.18000030517578
2022-12-28,82.7761001586914,18122.5,15.399999618530273,1807.9000244140625,78.95999908447266,104.45999908447266
2022-12-29,82.85199737548828,18191.0,14.8100004196167,1819.5,78.4000015258789,103.83999633789062
2022-12-30,82.83509826660156,18105.30078125,14.869999885559082,1819.699951171875,80.26000213623047,103.5199966430664
2023-01-02,82.74980163574219,18197.44921875,14.6899995803833,,,
2023-01-03,82.70600128173828,18232.55078125,14.390000343322754,1839.699951171875,76.93000030517578,104.5199966430664
2023-01-04,82.78569793701172,18042.94921875,15.199999809265137,1852.800048828125,72.83999633789062,104.25
2023-01-05,82.66649627685547,17992.150390625,14.979999542236328,1834.800048828125,73.66999816894531,105.04000091552734
2023-01-06,82.64520263671875,17859.44921875,15.029999732971191,1864.199951171875,73.7699966430664,103.87999725341797
2023-01-09,82.27339935302734,18101.19921875,14.649999618530273,1872.699951171875,74.62999725341797,103.0
2023-01-10,82.18009948730469,17914.150390625,15.510000228881836,1871.5999755859375,75.12000274658203,103.23999786376953
2023-01-11,81.63739776611328,17895.69921875,15.4399995803833,1874.5999755859375,77.41000366210938,103.19000244140625
2023-01-12,81.63179779052734,17858.19921875,15.279999732971191,1895.5,78.38999938964844,102.25
2023-01-13,81.1156005859375,17956.599609375,14.460000038146973,1918.4000244140625,79.86000061035156,102.19999694824219
2023-01-16,81.27799987792969,17894.849609375,15.020000457763672,,,
2023-01-17,81.65260314941406,18053.30078125,14.59000015258789,1907.199951171875,80.18000030517578,102.38999938964844
2023-01-18,81.52549743652344,18165.349609375,14.369999885559082,1904.4000244140625,79.4800033569336,102.36000061035156
2023-01-19,81.43599700927734,18107.849609375,13.960000038146973,1922.0999755859375,80.33000183105469,102.05999755859375
2023-01-20,81.23979949951172,18027.650390625,13.789999961853027,1926.4000244140625,81.30999755859375,102.01000213623047
2023-01-23,80.97599792480469,18118.55078125,13.619999885559082,1927.0999755859375,81.62000274658203,102.13999938964844
2023-01-24,81.48799896240234,18118.30078125,13.65999984741211,1933.9000244140625,80.12999725341797,101.91999816894531
2023-01-25,81.60189819335938,17891.94921875,14.65999984741211,1941.199951171875,80.1500015258789,101.63999938964844
2023-01-26,81.50270080566406,,,1929.0999755859375,81.01000213623047,101.83999633789062
2023-01-27,81.44509887695312,17604.349609375,17.31999969482422,1928.5999755859375,79.68000030517578,101.93000030517578
2023-01-30,81.50800323486328,17648.94921875,17.709999084472656,1922.9000244140625,77.9000015258789,102.27999877929688
2023-01-31,81.57990264892578,17662.150390625,16.8799991607666,1929.5,78.87000274658203,102.0999984741211
2023-02-01,81.76840209960938,17616.30078125,16.780000686645508,1927.800048828125,76.41000366210938,101.22000122070312
2023-02-02,81.71029663085938,17610.400390625,15.729999542236328,1916.300048828125,75.87999725341797,101.75
2023-02-03,82.0458984375,17854.05078125,14.399999618530273,1862.9000244140625,73.38999938964844,102.91999816894531
2023-02-06,82.22599792480469,17764.599609375,14.6899995803833,1866.199951171875,74.11000061035156,103.62000274658203
2023-02-07,82.75499725341797,17721.5,14.130000114440918,1871.699951171875,77.13999938964844,103.43000030517578
2023-02-08,82.74189758300781,17871.69921875,13.600000381469727,1877.4000244140625,78.47000122070312,103.41000366210938
2023-02-09,82.65950012207031,17893.44921875,13.039999961853027,1866.199951171875,78.05999755859375,103.22000122070312
2023-02-10,82.533203125,17856.5,12.75,1862.800048828125,79.72000122070312,103.62999725341797
2023-02-13,82.51300048828125,17770.900390625,13.680000305175781,1851.9000244140625,80.13999938964844,103.3499984741211
2023-02-14,82.59739685058594,17929.849609375,13.449999809265137,1854.0,79.05999755859375,103.2300033569336
2023-02-15,82.86759948730469,18015.849609375,12.859999656677246,1834.199951171875,78.58999633789062,103.91999816894531
2023-02-16,82.73770141601562,18035.849609375,12.890000343322754,1842.0,78.48999786376953,103.86000061035156
2023-02-17,82.69529724121094,17944.19921875,13.09000015258789,1840.4000244140625,76.33999633789062,103.86000061035156
2023-02-20,82.75800323486328,17844.599609375,13.380000114440918,,,
2023-02-21,82.69750213623047,17826.69921875,14.010000228881836,1833.0,76.16000366210938,104.18000030517578
2023-02-22,82.86119842529297,17554.30078125,15.59000015258789,1832.0,73.94999694824219,104.58999633789062
2023-02-23,82.83529663085938,17511.25,15.079999923706055,1818.0,75.38999938964844,104.5999984741211
2023-02-24,82.6178970336914,17465.80078125,14.1899995803833,1808.800048828125,76.31999969482422,105.20999908447266
2023-02-27,82.91799926757812,17392.69921875,13.880000114440918,1817.0,75.68000030517578,104.66999816894531
2023-02-28,82.6520004272461,17303.94921875,14.020000457763672,1828.9000244140625,77.05000305175781,104.87000274658203
2023-03-01,82.6353988647461,17450.900390625,13.0,1837.699951171875,77.69000244140625,104.4800033569336
2023-03-02,82.4198989868164,17321.900390625,12.970000267028809,1833.5,78.16000366210938,105.02999877929688
2023-03-03,82.35569763183594,17594.349609375,12.180000305175781,1847.699951171875,79.68000030517578,104.5199966430664
2023-03-06,81.7125015258789,17711.44921875,12.270000457763672,1847.9000244140625,80.45999908447266,104.3499984741211
2023-03-07,81.85440063476562,,,1813.9000244140625,77.58000183105469,105.62000274658203
2023-03-08,82.07460021972656,17754.400390625,12.449999809265137,1812.699951171875,76.66000366210938,105.66000366210938
2023-03-09,81.9645004272461,17589.599609375,12.729999542236328,1829.300048828125,75.72000122070312,105.30999755859375
2023-03-10,82.01840209960938,17412.900390625,13.40999984741211,1862.0,76.68000030517578,104.58000183105469
2023-03-13,81.95800018310547,17154.30078125,16.219999313354492,1911.699951171875,74.80000305175781,103.5999984741211
2023-03-14,82.41739654541016,17043.30078125,16.219999313354492,1906.199951171875,71.33000183105469,103.5999984741211
2023-03-15,82.30490112304688,16972.150390625,16.299999237060547,1926.5999755859375,67.61000061035156,104.6500015258789
2023-03-16,82.7156982421875,16985.599609375,16.219999313354492,1919.0,68.3499984741211,104.41999816894531
2023-03-17,82.622802734375,17100.05078125,14.770000457763672,1969.800048828125,66.73999786376953,103.70999908447266
2023-03-20,82.53299713134766,16988.400390625,16.010000228881836,1979.199951171875,67.63999938964844,103.27999877929688
2023-03-21,82.52909851074219,17107.5,15.079999923706055,1938.0,69.33000183105469,103.26000213623047
2023-03-22,82.677001953125,17151.900390625,14.8100004196167,1946.800048828125,70.9000015258789,102.3499984741211
2023-03-23,82.52580261230469,17076.900390625,14.489999771118164,1993.800048828125,69.95999908447266,102.52999877929688
2023-03-24,82.26529693603516,16945.05078125,15.239999771118164,1982.0999755859375,69.26000213623047,103.12000274658203
2023-03-27,82.33879852294922,16985.69921875,15.449999809265137,1952.4000244140625,72.80999755859375,102.86000061035156
2023-03-28,82.21489715576172,16951.69921875,15.100000381469727,1972.4000244140625,73.19999694824219,102.43000030517578
2023-03-29,82.16429901123047,17080.69921875,13.630000114440918,1966.0999755859375,72.97000122070312,102.63999938964844
2023-03-30,82.25540161132812,,,1980.300048828125,74.37000274658203,102.13999938964844
2023-03-31,82.10050201416016,17359.75,12.9399995803833,1969.0,75.66999816894531,102.51000213623047
2023-04-03,82.18479919433594,17398.05078125,12.59000015258789,1983.9000244140625,80.41999816894531,102.08999633789062
2023-04-04,82.14089965820312,,,2022.199951171875,80.70999908447266,101.58999633789062
2023-04-05,82.11479949951172,17557.05078125,12.40999984741211,2020.9000244140625,80.61000061035156,101.8499984741211
2023-04-06,81.94999694824219,17599.150390625,11.800000190734863,2011.9000244140625,80.69999694824219,101.81999969482422
2023-04-07,81.831298828125,,,,,
2023-04-10,81.88480377197266,17624.05078125,12.270000457763672,1989.0999755859375,79.73999786376953,102.58000183105469
2023-04-11,81.98390197753906,17722.30078125,11.979999542236328,2004.800048828125,81.52999877929688,102.19999694824219
2023-04-12,82.07009887695312,17812.400390625,12.270000457763672,2010.9000244140625,83.26000213623047,101.5
2023-04-13,81.96060180664062,17828.0,11.90999984741211,2041.300048828125,82.16000366210938,101.01000213623047
2023-04-14,81.68070220947266,,,2002.199951171875,82.5199966430664,101.55000305175781
2023-04-17,81.84480285644531,17706.849609375,12.270000457763672,1994.199951171875,80.83000183105469,102.0999984741211
2023-04-18,82.00370025634766,17660.150390625,12.079999923706055,2007.4000244140625,80.86000061035156,101.75
2023-04-19,82.10790252685547,17618.75,12.149999618530273,1995.199951171875,79.16000366210938,101.97000122070312
2023-04-20,82.34010314941406,17624.44921875,11.9399995803833,2007.5999755859375,77.29000091552734,101.83999633789062
2023-04-21,82.14089965820312,17624.05078125,11.630000114440918,1979.5,77.87000274658203,101.81999969482422
2023-04-24,82.05480194091797,17743.400390625,11.670000076293945,1989.0999755859375,78.76000213623047,101.3499984741211
2023-04-25,81.85230255126953,17769.25,11.520000457763672,1994.0,77.06999969482422,101.86000061035156
2023-04-26,81.9916000366211,17813.599609375,11.649999618530273,1985.699951171875,74.30000305175781,101.47000122070312
2023-04-27,81.76689910888672,17915.05078125,11.430000305175781,1989.9000244140625,74.76000213623047,101.5
2023-04-28,81.76509857177734,18065.0,10.949999809265137,1990.0999755859375,76.77999877929688,101.66999816894531
2023-05-01,81.74479675292969,,,1983.4000244140625,75.66000366210938,102.1500015258789
2023-05-02,81.77469635009766,18147.650390625,11.899999618530273,2014.300048828125,71.66000366210938,101.95999908447266
2023-05-03,81.77870178222656,18089.849609375,11.84000015258789,2028.5999755859375,68.5999984741211,101.33999633789062
2023-05-04,81.77999877929688,18255.80078125,11.729999542236328,2048.0,68.55999755859375,101.4000015258789
2023-05-05,81.71610260009766,18069.0,12.300000190734863,2017.4000244140625,71.33999633789062,101.20999908447266
2023-05-08,81.72979736328125,18264.400390625,12.640000343322754,2026.300048828125,73.16000366210938,101.37000274658203
2023-05-09,81.78710174560547,18265.94921875,12.680000305175781,2036.199951171875,73.70999908447266,101.63999938964844
2023-05-10,82.1050033569336,18315.099609375,13.079999923706055,2030.5,72.55999755859375,101.4800033569336
2023-05-11,81.9198989868164,18297.0,13.220000267028809,2014.699951171875,70.87000274658203,102.05999755859375
2023-05-12,82.10030364990234,18314.80078125,12.850000381469727,2014.5,70.04000091552734,102.68000030517578
2023-05-15,82.20030212402344,18398.849609375,13.170000076293945,2018.0,71.11000061035156,102.43000030517578
2023-05-16,82.2667007446289,18286.5,13.289999961853027,1988.4000244140625,70.86000061035156,102.55999755859375
2023-05-17,82.2959976196289,18181.75,13.109999656677246,1980.699951171875,72.83000183105469,102.87999725341797
2023-05-18,82.45030212402344,18129.94921875,12.800000190734863,1956.5,71.86000061035156,103.58000183105469
2023-05-19,82.72509765625,18203.400390625,12.300000190734863,1978.699951171875,71.55000305175781,103.19999694824219
2023-05-22,82.90480041503906,18314.400390625,12.569999694824219,1974.800048828125,71.98999786376953,103.19999694824219
2023-05-23,82.82499694824219,18348.0,12.609999656677246,1972.4000244140625,72.91000366210938,103.48999786376953
2023-05-24,82.8906021118164,18285.400390625,13.109999656677246,1962.800048828125,74.33999633789062,103.88999938964844
2023-05-25,82.71369934082031,18321.150390625,12.520000457763672,1943.0999755859375,71.83000183105469,104.20999908447266
2023-05-26,82.74210357666016,18499.349609375,11.899999618530273,1944.0999755859375,72.66999816894531,104.20999908447266
2023-05-29,82.57479858398438,18598.650390625,12.300000190734863,,,
2023-05-30,82.57969665527344,18633.849609375,12.010000228881836,1958.0,69.45999908447266,104.16999816894531
2023-05-31,82.68389892578125,18534.400390625,11.970000267028809,1963.9000244140625,68.08999633789062,104.31999969482422
2023-06-01,82.66680145263672,18487.75,11.600000381469727,1978.0,70.0999984741211,103.55999755859375
2023-06-02,82.27670288085938,18534.099609375,11.130000114440918,1952.4000244140625,71.73999786376953,104.0199966430664
2023-06-05,82.40979766845703,18593.849609375,11.140000343322754,1958.0,72.1500015258789,104.0
2023-06-06,82.51119995117188,18599.0,11.380000114440918,1965.5,71.73999786376953,104.12999725341797
2023-06-07,82.51719665527344,18726.400390625,11.4399995803833,1942.699951171875,72.52999877929688,104.0999984741211
2023-06-08,82.61810302734375,18634.55078125,11.260000228881836,1963.5999755859375,71.29000091552734,103.33999633789062
2023-06-09,82.48829650878906,18563.400390625,11.119999885559082,1962.199951171875,70.16999816894531,103.55999755859375
2023-06-12,82.4448013305664,18601.5,11.25,1955.300048828125,67.12000274658203,103.62999725341797
2023-06-13,82.33719635009766,18716.150390625,11.109999656677246,1944.5999755859375,69.41999816894531,103.33999633789062
2023-06-14,82.29039764404297,18755.900390625,11.15999984741211,1955.300048828125,68.2699966430664,103.01000213623047
2023-06-15,82.04499816894531,18688.099609375,11.079999923706055,1957.800048828125,70.62000274658203,102.12000274658203
2023-06-16,81.9126968383789,18826.0,10.84000015258789,1958.4000244140625,71.77999877929688,102.30000305175781
2023-06-19,81.91480255126953,18755.44921875,11.229999542236328,,,
2023-06-20,81.98139953613281,18816.69921875,11.130000114440918,1935.5,70.5,102.54000091552734
2023-06-21,81.9917984008789,18856.849609375,11.289999961853027,1933.300048828125,72.52999877929688,102.06999969482422
2023-06-22,81.94149780273438,18771.25,11.550000190734863,1912.699951171875,69.51000213623047,102.38999938964844
2023-06-23,81.91929626464844,18665.5,11.239999771118164,1919.0999755859375,69.16000366210938,102.9000015258789
2023-06-26,81.98480224609375,18691.19921875,11.399999618530273,1923.699951171875,69.37000274658203,102.69000244140625
2023-06-27,82.00650024414062,18817.400390625,10.779999732971191,1914.0,67.69999694824219,102.48999786376953
2023-06-28,81.99839782714844,18972.099609375,10.890000343322754,1912.300048828125,69.55999755859375,102.91000366210938
2023-06-29,82.02649688720703,,,1909.199951171875,69.86000061035156,103.33999633789062
2023-06-30,82.07540130615234,19189.05078125,10.800000190734863,1921.0999755859375,70.63999938964844,102.91000366210938
2023-07-03,82.09629821777344,19322.55078125,11.539999961853027,1921.699951171875,69.79000091552734,102.98999786376953
2023-07-04,81.95010375976562,19389.0,11.699999809265137,,,
2023-07-05,82.0071029663086,19398.5,11.880000114440918,1919.5999755859375,71.79000091552734,103.37000274658203
2023-07-06,82.39409637451172,19497.30078125,11.84000015258789,1908.699951171875,71.80000305175781,103.16999816894531
2023-07-07,82.76840209960938,19331.80078125,11.529999732971191,1926.199951171875,73.86000061035156,102.2699966430664
2023-07-10,82.61530303955078,19355.900390625,11.460000038146973,1925.0,72.98999786376953,101.97000122070312
2023-07-11,82.52529907226562,19439.400390625,11.010000228881836,1931.300048828125,74.83000183105469,101.7300033569336
2023-07-12,82.39990234375,19384.30078125,10.9399995803833,1956.199951171875,75.75,100.5199966430664
2023-07-13,82.00180053710938,19413.75,10.9399995803833,1959.199951171875,76.88999938964844,99.7699966430664
2023-07-14,82.03079986572266,19564.5,10.680000305175781,1960.0999755859375,75.41999816894531,99.91000366210938
2023-07-17,82.07679748535156,19711.44921875,11.319999694824219,1952.4000244140625,74.1500015258789,99.83999633789062
2023-07-18,82.06159973144531,19749.25,11.710000038146973,1977.199951171875,75.75,99.94000244140625
2023-07-19,82.07540130615234,19833.150390625,11.600000381469727,1977.5,75.3499984741211,100.27999877929688
2023-07-20,82.06169891357422,19979.150390625,11.789999961853027,1968.300048828125,75.62999725341797,100.87999725341797
2023-07-21,82.0823974609375,19745.0,11.489999771118164,1964.300048828125,77.06999969482422,101.06999969482422
2023-07-24,81.99030303955078,19672.349609375,11.649999618530273,1960.300048828125,78.73999786376953,101.3499984741211
2023-07-25,81.81420135498047,19680.599609375,10.239999771118164,1962.0999755859375,79.62999725341797,101.3499984741211
2023-07-26,81.95010375976562,19778.30078125,10.460000038146973,1968.9000244140625,78.77999877929688,100.88999938964844
2023-07-27,81.97550201416016,19659.900390625,10.510000228881836,1945.4000244140625,80.08999633789062,101.7699966430664
2023-07-28,82.3749008178711,19646.05078125,10.140000343322754,1960.4000244140625,80.58000183105469,101.62000274658203
2023-07-31,82.25279998779297,19753.80078125,10.40999984741211,1970.5,81.80000305175781,101.86000061035156
2023-08-01,82.2332992553711,19733.55078125,10.279999732971191,1940.699951171875,81.37000274658203,102.30000305175781
2023-08-02,82.30729675292969,19526.55078125,11.279999732971191,1937.4000244140625,79.48999786376953,102.58999633789062
2023-08-03,82.7332992553711,19381.650390625,11.1899995803833,1932.0,81.55000305175781,102.54000091552734
2023-08-04,82.7843017578125,19517.0,10.569999694824219,1939.5999755859375,82.81999969482422,102.0199966430664
2023-08-07,82.69529724121094,19597.30078125,11.100000381469727,1933.5,81.94000244140625,102.05000305175781
2023-08-08,82.74829864501953,19570.849609375,11.329999923706055,1924.0999755859375,82.91999816894531,102.52999877929688
2023-08-09,82.84500122070312,19632.55078125,11.140000343322754,1915.4000244140625,84.4000015258789,102.48999786376953
2023-08-10,82.86630249023438,19543.099609375,11.399999618530273,1914.4000244140625,82.81999969482422,102.5199966430664
2023-08-11,82.79989624023438,19428.30078125,11.520000457763672,1912.9000244140625,83.19000244140625,102.83999633789062
2023-08-14,82.89730072021484,19434.55078125,12.0,1910.5999755859375,82.51000213623047,103.19000244140625
2023-08-15,83.2333984375,,,1902.5,80.98999786376953,103.20999908447266
2023-08-16,83.19419860839844,19465.0,12.130000114440918,1896.0999755859375,79.37999725341797,103.41999816894531
2023-08-17,83.23699951171875,19365.25,12.239999771118164,1884.0999755859375,80.38999938964844,103.44000244140625
2023-08-18,83.09829711914062,19310.150390625,12.140000343322754,1886.0999755859375,81.25,103.37999725341797
2023-08-21,83.16729736328125,19393.599609375,11.960000038146973,1893.300048828125,80.72000122070312,103.33000183105469
2023-08-22,83.1135025024414,19396.44921875,11.75,1896.4000244140625,80.3499984741211,103.55999755859375
2023-08-23,83.07330322265625,19444.0,11.729999542236328,1918.5,78.88999938964844,103.36000061035156
2023-08-24,82.5447006225586,19386.69921875,11.699999809265137,1918.199951171875,79.05000305175781,103.9800033569336
2023-08-25,82.64140319824219,19265.80078125,12.079999923706055,1911.0999755859375,79.83000183105469,104.08000183105469
2023-08-28,82.66429901123047,19306.05078125,12.399999618530273,1917.9000244140625,80.0999984741211,104.05999755859375
2023-08-29,82.69149780273438,19342.650390625,12.229999542236328,1936.5,81.16000366210938,103.55000305175781
2023-08-30,82.49469757080078,19347.44921875,11.800000190734863,1944.300048828125,81.62999725341797,103.16000366210938
2023-08-31,82.70040130615234,19253.80078125,12.0600004196167,1938.199951171875,83.62999725341797,103.62000274658203
2023-09-01,82.68240356445312,19435.30078125,11.369999885559082,1939.800048828125,85.55000305175781,104.23999786376953
2023-09-04,82.6969985961914,19528.80078125,10.960000038146973,,,
2023-09-05,82.7345962524414,19574.900390625,10.819999694824219,1926.199951171875,86.69000244140625,104.80999755859375
2023-09-06,83.08609771728516,19611.05078125,10.680000305175781,1918.0999755859375,87.54000091552734,104.86000061035156
2023-09-07,83.25740051269531,19727.05078125,10.869999885559082,1917.5,86.87000274658203,105.05999755859375
2023-09-08,83.24150085449219,19819.94921875,10.779999732971191,1918.4000244140625,87.51000213623047,105.08999633789062
2023-09-11,83.03130340576172,19996.349609375,11.350000381469727,1923.300048828125,87.29000091552734,104.56999969482422
2023-09-12,82.94329833984375,19993.19921875,11.6899995803833,1911.300048828125,88.83999633789062,104.70999908447266
2023-09-13,82.84300231933594,20070.0,11.829999923706055,1909.0999755859375,88.5199966430664,104.7699966430664
2023-09-14,82.93679809570312,20103.099609375,11.319999694824219,1910.0,90.16000366210938,105.41000366210938
2023-09-15,83.0282974243164,20192.349609375,10.899999618530273,1923.699951171875,90.7699966430664,105.31999969482422
2023-09-18,83.08580017089844,20133.30078125,10.84000015258789,1931.5,91.4800033569336,105.19999694824219
2023-09-19,83.25489807128906,,,1932.0,91.19999694824219,105.19999694824219
2023-09-20,83.19499969482422,19901.400390625,11.130000114440918,1945.5999755859375,90.27999877929688,105.16000366210938
2023-09-21,83.08699798583984,19742.349609375,10.819999694824219,1919.199951171875,89.62999725341797,105.36000061035156
2023-09-22,82.89129638671875,19674.25,10.65999984741211,1925.4000244140625,90.02999877929688,105.58000183105469
2023-09-25,82.97480010986328,19674.55078125,10.899999618530273,1916.5999755859375,89.68000030517578,106.0
2023-09-26,83.0282974243164,19664.69921875,11.1899995803833,1900.4000244140625,90.38999938964844,106.2300033569336
2023-09-27,83.29869842529297,19716.44921875,11.59000015258789,1871.5999755859375,93.68000030517578,106.66999816894531
2023-09-28,83.22270202636719,19523.55078125,12.819999694824219,1860.4000244140625,91.70999908447266,106.22000122070312
2023-09-29,83.19300079345703,19638.30078125,11.449999809265137,1848.0999755859375,90.79000091552734,106.16999816894531
2023-10-02,83.03479766845703,,,1830.0,88.81999969482422,106.9000015258789
2023-10-03,83.3593978881836,19528.75,11.789999961853027,1824.5999755859375,89.2300033569336,107.0
2023-10-04,83.22979736328125,19436.099609375,11.65999984741211,1818.5,84.22000122070312,106.80000305175781
2023-10-05,83.44979858398438,19545.75,10.9399995803833,1816.5999755859375,82.30999755859375,106.33000183105469
2023-10-06,83.22489929199219,19653.5,10.300000190734863,1830.199951171875,82.79000091552734,106.04000091552734
2023-10-09,83.12460327148438,19512.349609375,11.399999618530273,1849.5,86.37999725341797,106.08000183105469
2023-10-10,83.27030181884766,19689.849609375,11.270000457763672,1861.0,85.97000122070312,105.83000183105469
2023-10-11,83.25029754638672,19811.349609375,10.989999771118164,1872.800048828125,83.48999786376953,105.81999969482422
2023-10-12,83.21800231933594,19794.0,10.619999885559082,1869.300048828125,82.91000366210938,106.56999969482422
2023-10-13,83.26239776611328,19751.05078125,10.619999885559082,1927.4000244140625,87.69000244140625,106.6500015258789
2023-10-16,83.28230285644531,19731.75,11.069999694824219,1921.0999755859375,86.66000366210938,106.23999786376953
2023-10-17,83.19950103759766,19811.5,10.699999809265137,1922.699951171875,86.66000366210938,106.25
2023-10-18,83.26429748535156,19671.099609375,10.970000267028809,1955.300048828125,88.31999969482422,106.56999969482422
2023-10-19,83.26860046386719,19624.69921875,10.899999618530273,1968.4000244140625,89.37000274658203,106.25
2023-10-20,83.12229919433594,19542.650390625,10.819999694824219,1982.5,88.75,106.16000366210938
2023-10-23,83.15979766845703,19281.75,10.90999984741211,1976.300048828125,85.48999786376953,105.54000091552734
2023-10-24,83.02940368652344,,,1975.0,83.73999786376953,106.2699966430664
2023-10-25,82.98780059814453,19122.150390625,11.3100004196167,1984.0999755859375,85.38999938964844,106.52999877929688
2023-10-26,83.1709976196289,18857.25,11.729999542236328,1987.199951171875,83.20999908447266,106.5999984741211
2023-10-27,83.28250122070312,19047.25,10.90999984741211,1988.5999755859375,85.54000091552734,106.55999755859375
2023-10-30,83.41339874267578,19140.900390625,11.489999771118164,1996.199951171875,82.30999755859375,106.12000274658203
2023-10-31,83.29650115966797,19079.599609375,11.829999923706055,1985.199951171875,81.0199966430664,106.66000366210938
2023-11-01,83.2771987915039,18989.150390625,12.050000190734863,1978.800048828125,80.44000244140625,106.87999725341797
2023-11-02,85.19400024414062,19133.25,11.079999923706055,1985.5999755859375,82.45999908447266,106.12000274658203
2023-11-03,83.24729919433594,19230.599609375,10.880000114440918,1991.5,80.51000213623047,105.0199966430664
2023-11-06,83.15850067138672,19411.75,11.109999656677246,1981.5999755859375,80.81999969482422,105.22000122070312
2023-11-07,83.2228012084961,19406.69921875,11.1899995803833,1966.800048828125,77.37000274658203,105.54000091552734
2023-11-08,83.23269653320312,19443.5,11.039999961853027,1951.5,75.33000183105469,105.58999633789062
2023-11-09,83.21769714355469,19395.30078125,10.979999542236328,1964.199951171875,75.73999786376953,105.91000366210938
2023-11-10,83.31939697265625,19425.349609375,11.109999656677246,1932.5999755859375,77.16999816894531,105.86000061035156
2023-11-13,83.29889678955078,19443.55078125,11.1899995803833,1945.5,78.26000213623047,105.66000366210938
2023-11-14,83.19760131835938,,,1961.800048828125,78.26000213623047,104.11000061035156
2023-11-15,82.98159790039062,19675.44921875,11.140000343322754,1960.0999755859375,76.66000366210938,104.38999938964844
2023-11-16,83.18620300292969,19765.19921875,11.649999618530273,1983.9000244140625,72.9000015258789,104.37000274658203
2023-11-17,83.12030029296875,19731.80078125,11.829999923706055,1981.5999755859375,75.88999938964844,103.81999969482422
2023-11-20,83.29149627685547,19694.0,12.149999618530273,1977.699951171875,77.5999984741211,103.47000122070312
2023-11-21,83.32219696044922,19783.400390625,12.229999542236328,1999.300048828125,77.7699966430664,103.58999633789062
2023-11-22,83.345703125,19811.849609375,11.869999885559082,1991.4000244140625,77.0999984741211,103.91999816894531
2023-11-23,83.54830169677734,19802.0,11.319999694824219,,,
2023-11-24,83.34400177001953,19794.69921875,11.329999923706055,2002.199951171875,75.54000091552734,103.4000015258789
2023-11-27,83.31449890136719,,,2011.800048828125,74.86000061035156,103.19999694824219
2023-11-28,83.364501953125,19889.69921875,12.180000305175781,2039.699951171875,76.41000366210938,102.75
2023-11-29,83.41809844970703,20096.599609375,12.710000038146973,2047.0999755859375,77.86000061035156,102.7699966430664
2023-11-30,83.3302993774414,20133.150390625,12.6899995803833,2038.0999755859375,75.95999908447266,103.5
2023-12-01,83.35269927978516,20267.900390625,12.380000114440918,2071.0,74.06999969482422,103.2699966430664
2023-12-04,83.21859741210938,20686.80078125,12.989999771118164,2024.0999755859375,73.04000091552734,103.63999938964844
2023-12-05,83.41709899902344,20855.099609375,13.460000038146973,2018.5,72.31999969482422,104.05000305175781
2023-12-06,83.31590270996094,20937.69921875,13.739999771118164,2030.5,69.37999725341797,104.1500015258789
2023-12-07,83.28959655761719,20901.150390625,12.670000076293945,2029.9000244140625,69.33999633789062,103.54000091552734
2023-12-08,83.35489654541016,20969.400390625,12.470000267028809,1998.300048828125,71.2300033569336,104.01000213623047
2023-12-11,83.43009948730469,20997.099609375,12.760000228881836,1978.0,71.31999969482422,104.0999984741211
2023-12-12,83.34349822998047,20906.400390625,12.710000038146973,1977.800048828125,68.61000061035156,103.87000274658203
2023-12-13,83.39600372314453,20926.349609375,12.069999694824219,1982.300048828125,69.47000122070312,102.87000274658203
2023-12-14,83.2853012084961,21182.69921875,12.319999694824219,2030.199951171875,71.58000183105469,101.95999908447266
2023-12-15,83.29660034179688,21456.650390625,13.130000114440918,2021.0999755859375,71.43000030517578,102.55000305175781
2023-12-18,83.04170227050781,21418.650390625,13.899999618530273,2026.300048828125,72.47000122070312,102.51000213623047
2023-12-19,83.11119842529297,21453.099609375,13.869999885559082,2038.4000244140625,73.44000244140625,102.16999816894531
2023-12-20,83.09159851074219,21150.150390625,14.449999809265137,2034.5,74.22000122070312,102.41000366210938
2023-12-21,83.26719665527344,21255.05078125,13.760000228881836,2039.0999755859375,73.88999938964844,101.83999633789062
2023-12-22,83.13159942626953,21349.400390625,13.710000038146973,2057.10009765625,73.55999755859375,101.69999694824219
2023-12-25,83.16500091552734,,,,,
2023-12-26,83.17230224609375,21441.349609375,14.680000305175781,2058.199951171875,75.56999969482422,101.47000122070312
2023-12-27,83.18280029296875,21654.75,15.5600004196167,2081.89990234375,74.11000061035156,100.98999786376953
2023-12-28,83.26719665527344,21778.69921875,15.140000343322754,2073.89990234375,71.7699966430664,101.2300033569336
2023-12-29,82.302001953125,21731.400390625,14.5,2062.39990234375,71.6500015258789,101.33000183105469
2024-01-01,83.24859619140625,21741.900390625,,,,
2024-01-02,83.20259857177734,21665.80078125,14.579999923706055,2064.39990234375,70.37999725341797,102.19999694824219
2024-01-03,83.25700378417969,21517.349609375,14.100000381469727,2034.199951171875,72.69999694824219,102.45999908447266
2024-01-04,83.31809997558594,21658.599609375,13.329999923706055,2042.300048828125,72.19000244140625,102.41999816894531
2024-01-05,83.2406005859375,21710.80078125,12.630000114440918,2042.4000244140625,73.80999755859375,102.41000366210938
2024-01-08,83.19110107421875,21513.0,13.460000038146973,2026.5999755859375,70.7699966430664,102.20999908447266
2024-01-09,83.05069732666016,21544.849609375,13.260000228881836,2026.4000244140625,72.23999786376953,102.56999969482422
2024-01-10,83.131103515625,21618.69921875,12.970000267028809,2021.699951171875,71.37000274658203,102.36000061035156
2024-01-11,83.02559661865234,21647.19921875,12.770000457763672,2014.300048828125,72.0199966430664,102.29000091552734
2024-01-12,83.07610321044922,21894.55078125,13.100000381469727,2046.699951171875,72.68000030517578,102.4000015258789
2024-01-15,82.87210083007812,22097.44921875,13.789999961853027,,,
2024-01-16,82.8593978881836,22032.30078125,13.569999694824219,2026.0,72.4000015258789,103.36000061035156
2024-01-17,83.08899688720703,21571.94921875,15.079999923706055,2002.5999755859375,72.55999755859375,103.44999694824219
2024-01-18,83.17759704589844,21462.25,14.069999694824219,2018.5999755859375,74.08000183105469,103.54000091552734
2024-01-19,83.16059875488281,21622.400390625,13.880000114440918,2026.5,73.41000366210938,103.29000091552734
2024-01-22,83.12470245361328,,,2019.800048828125,75.19000244140625,103.33000183105469
2024-01-23,83.09510040283203,21238.80078125,14.850000381469727,2023.699951171875,74.37000274658203,103.62000274658203
2024-01-24,83.22139739990234,21453.94921875,14.380000114440918,2013.9000244140625,75.08999633789062,103.23999786376953
2024-01-25,83.09760284423828,21352.599609375,13.869999885559082,2016.9000244140625,77.36000061035156,103.56999969482422
2024-01-26,83.14610290527344,,,2016.800048828125,78.01000213623047,103.47000122070312
2024-01-29,83.12129974365234,21737.599609375,15.680000305175781,2025.199951171875,76.77999877929688,103.61000061035156
2024-01-30,83.1530990600586,21522.099609375,16.100000381469727,2031.5,77.81999969482422,103.4000015258789
2024-01-31,83.10970306396484,21725.69921875,16.049999237060547,2048.39990234375,75.8499984741211,103.2699966430664
2024-02-01,83.05359649658203,21697.44921875,14.460000038146973,2053.0,73.81999969482422,103.05000305175781
2024-02-02,82.92759704589844,21853.80078125,14.699999809265137,2036.0999755859375,72.27999877929688,103.91999816894531
2024-02-05,82.99929809570312,21771.69921875,15.619999885559082,2025.699951171875,72.77999877929688,104.44999694824219
2024-02-06,83.10369873046875,21929.400390625,15.789999961853027,2034.5,73.30999755859375,104.18000030517578
2024-02-07,83.07060241699219,21930.5,15.510000228881836,2035.199951171875,73.86000061035156,104.04000091552734
2024-02-08,83.01260375976562,21717.94921875,15.829999923706055,2032.199951171875,76.22000122070312,104.1500015258789
2024-02-09,82.98529815673828,21782.5,15.449999809265137,2023.300048828125,76.83999633789062,104.08000183105469
2024-02-12,83.0145034790039,21616.05078125,16.059999465942383,2018.199951171875,76.91999816894531,104.16999816894531
2024-02-13,82.99019622802734,21743.25,15.8100004196167,1992.9000244140625,77.87000274658203,104.95999908447266
2024-02-14,83.07460021972656,21840.05078125,15.4399995803833,1990.300048828125,76.63999938964844,104.72000122070312
2024-02-15,83.04309844970703,21910.75,15.229999542236328,2002.0999755859375,78.02999877929688,104.30000305175781
2024-02-16,83.00959777832031,22040.69921875,15.220000267028809,2011.5,79.19000244140625,104.27999877929688
2024-02-19,83.01599884033203,22122.25,,,,
2024-02-20,83.02100372314453,22196.94921875,16.06999969482422,2027.5,78.18000030517578,104.08000183105469
2024-02-21,82.8291015625,22055.05078125,15.930000305175781,2022.300048828125,77.91000366210938,104.01000213623047
2024-02-22,82.93840026855469,22217.44921875,15.199999809265137,2019.699951171875,78.61000061035156,103.95999908447266
2024-02-23,82.87229919433594,22212.69921875,14.970000267028809,2038.5999755859375,76.48999786376953,103.94000244140625
2024-02-26,82.88179779052734,22122.05078125,15.600000381469727,2028.5,77.58000183105469,103.83000183105469
2024-02-27,82.85199737548828,22198.349609375,15.729999542236328,2034.0,78.87000274658203,103.83000183105469
2024-02-28,82.94819641113281,21951.150390625,16.329999923706055,2033.0,78.54000091552734,103.9800033569336
2024-02-29,82.91190338134766,21982.80078125,15.569999694824219,2045.699951171875,78.26000213623047,104.16000366210938
2024-03-01,82.910400390625,22338.75,15.239999771118164,2086.89990234375,79.97000122070312,103.86000061035156
2024-03-04,82.84609985351562,22405.599609375,14.920000076293945,2117.699951171875,78.73999786376953,103.83000183105469
2024-03-05,82.9104995727539,22356.30078125,14.380000114440918,2133.5,78.1500015258789,103.80000305175781
2024-03-06,82.88480377197266,22474.05078125,14.300000190734863,2150.300048828125,79.12999725341797,103.37000274658203
2024-03-07,82.81909942626953,22493.55078125,13.609999656677246,2158.0,78.93000030517578,102.81999969482422
2024-03-08,82.7522964477539,,,2178.60009765625,78.01000213623047,102.73999786376953
2024-03-11,82.7520980834961,22332.650390625,14.0,2182.5,77.93000030517578,102.87000274658203
2024-03-12,82.7782974243164,22335.69921875,13.640000343322754,2160.39990234375,77.55999755859375,102.95999908447266
2024-03-13,82.83509826660156,21997.69921875,14.430000305175781,2175.39990234375,79.72000122070312,102.79000091552734
2024-03-14,82.83110046386719,22146.650390625,13.619999885559082,2163.0,81.26000213623047,103.36000061035156
2024-03-15,82.9655990600586,22023.349609375,13.6899995803833,2157.300048828125,81.04000091552734,103.43000030517578
2024-03-18,82.88890075683594,22055.69921875,13.899999618530273,2160.699951171875,82.72000122070312,103.58000183105469
2024-03-19,82.86360168457031,21817.44921875,14.109999656677246,2156.300048828125,83.47000122070312,103.80999755859375
2024-03-20,83.04239654541016,21839.099609375,13.470000267028809,2157.89990234375,81.68000030517578,103.41000366210938
2024-03-21,83.05460357666016,22011.94921875,12.510000228881836,2182.39990234375,81.06999969482422,104.0
2024-03-22,83.22660064697266,22096.75,12.220000267028809,2158.10009765625,80.62999725341797,104.43000030517578
2024-03-25,83.59359741210938,,,2174.800048828125,81.94999694824219,104.2300033569336
2024-03-26,83.41739654541016,22004.69921875,12.819999694824219,2175.60009765625,81.62000274658203,104.29000091552734
2024-03-27,83.34549713134766,22123.650390625,12.699999809265137,2190.60009765625,81.3499984741211,104.3499984741211
2024-03-28,83.36499786376953,22326.900390625,12.829999923706055,2217.39990234375,83.16999816894531,104.55000305175781
2024-03-29,83.39299774169922,,,,,
2024-04-01,83.36479949951172,22462.0,12.079999923706055,2236.5,83.70999908447266,105.0199966430664
2024-04-02,83.40969848632812,22453.30078125,11.649999618530273,2261.0,85.1500015258789,104.81999969482422
2024-04-03,83.35030364990234,22434.650390625,11.369999885559082,2294.39990234375,85.43000030517578,104.25
2024-04-04,83.37329864501953,22514.650390625,11.220000267028809,2288.800048828125,86.58999633789062,104.12000274658203
2024-04-05,83.47779846191406,22513.69921875,11.34000015258789,2325.699951171875,86.91000366210938,104.30000305175781
2024-04-08,83.29679870605469,22666.30078125,11.609999656677246,2331.699951171875,86.43000030517578,104.13999938964844
2024-04-09,83.26959991455078,22642.75,11.359999656677246,2343.5,85.2300033569336,104.1500015258789
2024-04-10,83.22429656982422,22753.80078125,11.109999656677246,2329.60009765625,86.20999908447266,105.25
2024-04-11,83.4126968383789,,,2354.800048828125,85.0199966430664,105.27999877929688
2024-04-12,83.34929656982422,22519.400390625,11.529999732971191,2356.199951171875,85.66000366210938,106.04000091552734
2024-04-15,83.61109924316406,22272.5,12.470000267028809,2365.800048828125,85.41000366210938,106.20999908447266
2024-04-16,83.50599670410156,22147.900390625,12.619999885559082,2390.800048828125,85.36000061035156,106.26000213623047
2024-04-17,83.6675033569336,,,2371.699951171875,82.69000244140625,105.94999694824219
2024-04-18,83.5958023071289,21995.849609375,13.039999961853027,2382.300048828125,82.7300033569336,106.1500015258789
2024-04-19,83.54499816894531,22147.0,13.460000038146973,2398.39990234375,83.13999938964844,106.1500015258789
2024-04-22,83.38529968261719,22336.400390625,12.699999809265137,2332.199951171875,82.8499984741211,106.08000183105469
2024-04-23,83.38619995117188,22368.0,10.199999809265137,2327.699951171875,83.36000061035156,105.69000244140625
2024-04-24,83.2833023071289,22402.400390625,10.279999732971191,2324.5,82.80999755859375,105.86000061035156
2024-04-25,83.3405990600586,22570.349609375,10.729999542236328,2329.800048828125,83.56999969482422,105.5999984741211
2024-04-26,83.30180358886719,22419.94921875,10.930000305175781,2334.800048828125,83.8499984741211,105.94000244140625
2024-04-29,83.40229797363281,22643.400390625,12.239999771118164,2345.39990234375,82.62999725341797,105.58000183105469
2024-04-30,83.45110321044922,22604.849609375,12.869999885559082,2291.39990234375,81.93000030517578,106.22000122070312
2024-05-01,83.49839782714844,,,2299.89990234375,79.0,105.76000213623047
2024-05-02,83.40640258789062,22648.19921875,13.449999809265137,2299.199951171875,78.94999694824219,105.30000305175781
2024-05-03,83.40630340576172,22475.849609375,14.619999885559082,2299.0,78.11000061035156,105.02999877929688
2024-05-06,83.37999725341797,22442.69921875,16.600000381469727,2321.60009765625,78.4800033569336,105.05000305175781
2024-05-07,83.4728012084961,22302.5,17.010000228881836,2315.199951171875,78.37999725341797,105.41000366210938
2024-05-08,83.46990203857422,22302.5,17.079999923706055,2313.60009765625,78.98999786376953,105.55000305175781
2024-05-09,83.46430206298828,21957.5,18.200000762939453,2332.10009765625,79.26000213623047,105.2300033569336
2024-05-10,83.45939636230469,22055.19921875,18.469999313354492,2367.300048828125,78.26000213623047,105.30999755859375
2024-05-13,83.5248031616211,22104.05078125,20.600000381469727,2336.10009765625,79.12000274658203,105.22000122070312
2024-05-14,83.50550079345703,22217.849609375,20.200000762939453,2353.39990234375,78.0199966430664,105.01000213623047
2024-05-15,83.52420043945312,22200.55078125,20.270000457763672,2388.699951171875,78.62999725341797,104.3499984741211
2024-05-16,83.40509796142578,22403.849609375,20.0,2380.0,79.2300033569336,104.45999908447266
2024-05-17,83.47010040283203,22466.099609375,19.799999237060547,2412.199951171875,80.05999755859375,104.44999694824219
2024-05-20,83.30039978027344,,,2433.89990234375,79.80000305175781,104.56999969482422
2024-05-21,83.31500244140625,22529.05078125,21.809999465942383,2421.699951171875,79.26000213623047,104.66000366210938
2024-05-22,83.31680297851562,22597.80078125,21.469999313354492,2389.199951171875,77.56999969482422,104.94000244140625
2024-05-23,83.26709747314453,22967.650390625,21.3799991607666,2335.0,76.87000274658203,105.11000061035156
2024-05-24,83.2863998413086,22957.099609375,21.709999084472656,2332.5,77.72000122070312,104.72000122070312
2024-05-27,83.05220031738281,22932.44921875,23.190000534057617,,,
2024-05-28,83.14569854736328,22888.150390625,24.200000762939453,2355.199951171875,79.83000183105469,104.61000061035156
2024-05-29,83.20649719238281,22704.69921875,24.18000030517578,2340.300048828125,79.2300033569336,105.0999984741211
2024-05-30,83.3656005859375,22488.650390625,24.18000030517578,2342.89990234375,77.91000366210938,104.72000122070312
2024-05-31,83.3208999633789,22530.69921875,24.600000381469727,2322.89990234375,76.98999786376953,104.66999816894531
2024-06-03,83.45079803466797,23263.900390625,20.940000534057617,2346.60009765625,74.22000122070312,104.13999938964844
2024-06-04,83.09339904785156,21884.5,26.75,2325.5,73.25,104.11000061035156
2024-06-05,83.62940216064453,22620.349609375,18.889999389648438,2354.10009765625,74.06999969482422,104.2699966430664
2024-06-06,83.38079833984375,22821.400390625,16.799999237060547,2370.300048828125,75.55000305175781,104.0999984741211
2024-06-07,83.47309875488281,23290.150390625,16.8799991607666,2305.199951171875,75.52999877929688,104.88999938964844
2024-06-10,83.52760314941406,23259.19921875,16.399999618530273,2307.699951171875,77.73999786376953,105.1500015258789
2024-06-11,83.52980041503906,23264.849609375,14.770000457763672,2307.5,77.9000015258789,105.2300033569336
2024-06-12,83.5968017578125,23322.94921875,14.390000343322754,2336.0,78.5,104.6500015258789
2024-06-13,83.5343017578125,23398.900390625,13.489999771118164,2300.199951171875,78.62000274658203,105.19999694824219
2024-06-14,83.52210235595703,23465.599609375,12.819999694824219,2331.39990234375,78.44999694824219,105.55000305175781
2024-06-17,83.55180358886719,,,2312.39990234375,80.33000183105469,105.31999969482422
2024-06-18,83.51010131835938,23557.900390625,12.970000267028809,2330.39990234375,81.56999969482422,105.26000213623047
2024-06-19,83.37409973144531,23516.0,13.710000038146973,,,
2024-06-20,83.41950225830078,23567.0,13.350000381469727,2353.800048828125,82.16999816894531,105.58999633789062
2024-06-21,83.60160064697266,23501.099609375,13.180000305175781,2316.39990234375,80.7300033569336,105.80000305175781
2024-06-24,83.5625,23537.849609375,14.0600004196167,2330.0,81.62999725341797,105.47000122070312
2024-06-25,83.46040344238281,23721.30078125,14.3100004196167,2316.60009765625,80.83000183105469,105.61000061035156
2024-06-26,83.41459655761719,23868.80078125,14.050000190734863,2299.199951171875,80.9000015258789,106.05000305175781
2024-06-27,83.58039855957031,24044.5,14.149999618530273,2324.5,81.73999786376953,105.91000366210938
2024-06-28,83.45089721679688,24010.599609375,13.800000190734863,2327.699951171875,81.54000091552734,105.87000274658203
2024-07-01,83.36750030517578,24141.94921875,13.829999923706055,2327.60009765625,83.37999725341797,105.9000015258789
2024-07-02,83.44129943847656,24123.849609375,13.640000343322754,2323.0,82.80999755859375,105.72000122070312
2024-07-03,83.4791030883789,24286.5,13.210000038146973,2359.800048828125,83.87999725341797,105.4000015258789
2024-07-04,83.49120330810547,24302.150390625,12.859999656677246,,,
2024-07-05,83.49340057373047,24323.849609375,12.699999809265137,2388.5,83.16000366210938,104.87999725341797
2024-07-08,83.47209930419922,24320.55078125,13.600000381469727,2355.199951171875,82.33000183105469,105.01000213623047
2024-07-09,83.45760345458984,24433.19921875,14.279999732971191,2360.10009765625,81.41000366210938,105.12000274658203
2024-07-10,83.49299621582031,24324.44921875,14.430000305175781,2372.199951171875,82.0999984741211,105.05000305175781
2024-07-11,83.49590301513672,24315.94921875,14.0,2415.0,82.62000274658203,104.44000244140625
2024-07-12,83.51850128173828,24502.150390625,13.729999542236328,2414.0,82.20999908447266,104.08999633789062
2024-07-15,83.52030181884766,24586.69921875,14.1899995803833,2422.89990234375,81.91000366210938,104.19000244140625
2024-07-16,83.58760070800781,24613.0,14.220000267028809,2462.39990234375,80.76000213623047,104.2699966430664
2024-07-17,83.52960205078125,,,2454.800048828125,82.8499984741211,103.75
2024-07-18,83.57209777832031,24800.849609375,14.510000228881836,2451.800048828125,82.81999969482422,104.16999816894531
2024-07-19,83.67430114746094,24530.900390625,14.829999923706055,2395.5,80.12999725341797,104.4000015258789
2024-07-22,83.73030090332031,24509.25,15.4399995803833,2392.0,79.77999877929688,104.30999755859375
2024-07-23,83.67130279541016,24479.05078125,12.75,2404.60009765625,76.95999908447266,104.44999694824219
2024-07-24,83.70680236816406,24413.5,11.760000228881836,2413.300048828125,77.58999633789062,104.38999938964844
2024-07-25,83.74299621582031,24406.099609375,12.619999885559082,2351.89990234375,78.27999877929688,104.36000061035156
2024-07-26,83.73760223388672,24834.849609375,12.25,2380.0,77.16000366210938,104.31999969482422
2024-07-29,83.72779846191406,24836.099609375,12.949999809265137,2377.300048828125,75.80999755859375,104.55999755859375
2024-07-30,83.75050354003906,24857.30078125,12.880000114440918,2405.0,74.7300033569336,104.55000305175781
2024-07-31,83.73899841308594,24951.150390625,13.25,2426.5,77.91000366210938,104.0999984741211
2024-08-01,83.7177963256836,25010.900390625,12.930000305175781,2435.0,76.30999755859375,104.41999816894531
2024-08-02,83.743896484375,24717.69921875,14.319999694824219,2425.699951171875,73.5199966430664,103.20999908447266
2024-08-05,83.73529815673828,24055.599609375,20.3700008392334,2401.699951171875,72.94000244140625,102.69000244140625
2024-08-06,84.00260162353516,23992.55078125,18.739999771118164,2389.10009765625,73.19999694824219,102.97000122070312
2024-08-07,83.93489837646484,24297.5,16.170000076293945,2390.5,75.2300033569336,103.19999694824219
2024-08-08,83.94239807128906,24117.0,16.600000381469727,2422.199951171875,76.19000244140625,103.20999908447266
2024-08-09,83.98899841308594,24367.5,15.34000015258789,2432.10009765625,76.83999633789062,103.13999938964844
2024-08-12,83.94979858398438,24347.0,15.869999885559082,2462.39990234375,80.05999755859375,103.13999938964844
2024-08-13,83.88999938964844,24139.0,16.170000076293945,2466.699951171875,78.3499984741211,102.55999755859375
2024-08-14,83.88200378417969,24143.75,15.4399995803833,2439.39990234375,76.9800033569336,102.56999969482422
2024-08-15,83.97149658203125,,,2453.10009765625,78.16000366210938,102.9800033569336
2024-08-16,83.94830322265625,24541.150390625,14.399999618530273,2498.60009765625,76.6500015258789,102.45999908447266
2024-08-19,83.88980102539062,24572.650390625,14.319999694824219,2501.800048828125,74.37000274658203,101.88999938964844
2024-08-20,83.87860107421875,24698.849609375,13.819999694824219,2511.300048828125,74.04000091552734,101.44000244140625
2024-08-21,83.77940368652344,24770.19921875,13.329999923706055,2508.39990234375,71.93000030517578,101.04000091552734
2024-08-22,83.88860321044922,24811.5,13.0,2478.89990234375,73.01000213623047,101.51000213623047
2024-08-23,83.94059753417969,24823.150390625,13.550000190734863,2508.39990234375,74.83000183105469,100.72000122070312
2024-08-26,83.81379699707031,25010.599609375,13.800000190734863,2517.699951171875,77.41999816894531,100.8499984741211
2024-08-27,83.88369750976562,25017.75,13.630000114440918,2516.0,75.52999877929688,100.55000305175781
2024-08-28,83.92160034179688,25052.349609375,13.949999809265137,2501.0,74.5199966430664,101.08999633789062
2024-08-29,83.94149780273438,25151.94921875,13.789999961853027,2525.699951171875,75.91000366210938,101.33999633789062
2024-08-30,83.89510345458984,25235.900390625,13.390000343322754,2493.800048828125,73.55000305175781,101.69999694824219
2024-09-02,83.86380004882812,25278.69921875,14.0600004196167,,,
2024-09-03,83.92729949951172,25279.849609375,13.84000015258789,2489.89990234375,70.33999633789062,101.83000183105469
2024-09-04,83.95030212402344,25198.69921875,14.380000114440918,2493.39990234375,69.19999694824219,101.36000061035156
2024-09-05,83.98249816894531,25145.099609375,14.210000038146973,2511.39990234375,69.1500015258789,101.11000061035156
2024-09-06,83.98359680175781,24852.150390625,15.220000267028809,2493.5,67.66999816894531,101.18000030517578
2024-09-09,83.98259735107422,24936.400390625,14.239999771118164,2501.800048828125,68.70999908447266,101.55000305175781
2024-09-10,83.98090362548828,25041.099609375,13.359999656677246,2512.300048828125,65.75,101.62999725341797
2024-09-11,83.98200225830078,24918.44921875,13.630000114440918,2512.10009765625,67.30999755859375,101.68000030517578
2024-09-12,83.99259948730469,25388.900390625,13.180000305175781,2551.199951171875,68.97000122070312,101.37000274658203
2024-09-13,83.93479919433594,25356.5,12.550000190734863,2581.300048828125,68.6500015258789,101.11000061035156
2024-09-16,83.88480377197266,25383.75,12.460000038146973,2580.39990234375,70.08999633789062,100.76000213623047
2024-09-17,83.88400268554688,25418.55078125,12.59000015258789,2564.300048828125,71.19000244140625,100.88999938964844
2024-09-18,83.77059936523438,25377.55078125,13.369999885559082,2570.699951171875,70.91000366210938,100.5999984741211
2024-09-19,83.69170379638672,25415.80078125,12.470000267028809,2588.0,71.94999694824219,100.61000061035156
2024-09-20,83.61470031738281,25790.94921875,12.789999961853027,2619.89990234375,71.91999816894531,100.72000122070312
2024-09-23,83.48709869384766,25939.05078125,13.789999961853027,2626.5,70.37000274658203,100.91999816894531
2024-09-24,83.55960083007812,25940.400390625,13.390000343322754,2651.199951171875,71.55999755859375,100.37000274658203
2024-09-25,83.56759643554688,26004.150390625,12.739999771118164,2659.199951171875,69.69000244140625,100.91999816894531
2024-09-26,83.62409973144531,26216.05078125,12.0,2669.89990234375,67.66999816894531,100.55999755859375
2024-09-27,83.61710357666016,26178.94921875,11.960000038146973,2644.300048828125,68.18000030517578,100.41999816894531
2024-09-30,83.71640014648438,25810.849609375,12.789999961853027,2636.10009765625,68.16999816894531,100.77999877929688
2024-10-01,83.82730102539062,25796.900390625,11.989999771118164,2667.300048828125,69.83000183105469,101.19000244140625
2024-10-02,83.87210083007812,,,2647.10009765625,70.0999984741211,101.68000030517578
2024-10-03,83.91960144042969,25250.099609375,13.170000076293945,2657.10009765625,73.70999908447266,101.98999786376953
2024-10-04,84.0093994140625,25014.599609375,14.130000114440918,2645.800048828125,74.37999725341797,102.5199966430664
2024-10-07,84.02780151367188,24795.75,15.079999923706055,2644.800048828125,77.13999938964844,102.54000091552734
2024-10-08,83.96410369873047,25013.150390625,14.59000015258789,2615.0,73.56999969482422,102.55000305175781
2024-10-09,83.91459655761719,24981.94921875,14.119999885559082,2606.0,73.23999786376953,102.93000030517578
2024-10-10,83.94219970703125,24998.44921875,13.5,2620.60009765625,75.8499984741211,102.98999786376953
2024-10-11,83.94599914550781,24964.25,13.220000267028809,2657.60009765625,75.55999755859375,102.88999938964844
2024-10-14,84.16829681396484,25127.94921875,13.0,2647.800048828125,73.83000183105469,103.30000305175781
2024-10-15,84.04850006103516,25057.349609375,13.0,2661.39990234375,70.58000183105469,103.26000213623047
2024-10-16,84.05619812011719,24971.30078125,13.050000190734863,2674.0,70.38999938964844,103.58999633789062
2024-10-17,84.03929901123047,24749.849609375,13.390000343322754,2691.0,70.66999816894531,103.83000183105469
2024-10-18,84.05380249023438,24854.05078125,13.039999961853027,2713.699951171875,69.22000122070312,103.48999786376953
2024-10-21,84.0687026977539,24781.099609375,13.760000228881836,2723.10009765625,70.55999755859375,104.01000213623047
2024-10-22,84.07350158691406,24472.099609375,14.399999618530273,2744.199951171875,72.08999633789062,104.08000183105469
2024-10-23,84.08399963378906,24435.5,14.619999885559082,2714.39990234375,70.7699966430664,104.43000030517578
2024-10-24,84.06759643554688,24399.400390625,13.970000267028809,2734.89990234375,70.19000244140625,104.05999755859375
2024-10-25,84.08180236816406,24180.80078125,14.630000114440918,2740.89990234375,71.77999877929688,104.26000213623047
2024-10-28,84.10199737548828,24339.150390625,14.289999961853027,2742.89990234375,67.37999725341797,104.31999969482422
2024-10-29,84.10279846191406,24466.849609375,14.520000457763672,2768.39990234375,67.20999908447266,104.27999877929688
2024-10-30,84.08930206298828,24340.849609375,15.510000228881836,2788.5,68.61000061035156,103.98999786376953
2024-10-31,84.08910369873047,24205.349609375,15.550000190734863,2738.300048828125,69.26000213623047,103.9800033569336
2024-11-01,84.09149932861328,24304.349609375,15.899999618530273,2738.60009765625,69.48999786376953,104.27999877929688
2024-11-04,84.13359832763672,23995.349609375,16.690000534057617,2736.10009765625,71.47000122070312,103.88999938964844
2024-11-05,84.15249633789062,24213.30078125,16.1200008392334,2740.300048828125,71.98999786376953,103.41999816894531
2024-11-06,84.11630249023438,24484.05078125,14.869999885559082,2667.60009765625,71.69000244140625,105.08999633789062
2024-11-07,84.2511978149414,24199.349609375,14.9399995803833,2698.39990234375,72.36000061035156,104.51000213623047
2024-11-08,84.306396484375,24148.19921875,14.470000267028809,2687.5,70.37999725341797,105.0
2024-11-11,84.38289642333984,24141.30078125,14.270000457763672,2611.199951171875,68.04000091552734,105.54000091552734
2024-11-12,84.39649963378906,23883.44921875,14.59000015258789,2600.0,68.12000274658203,106.0199966430664
2024-11-13,84.39530181884766,23559.05078125,15.4399995803833,2580.800048828125,68.43000030517578,106.4800033569336
2024-11-14,84.4229965209961,23532.69921875,14.779999732971191,2568.199951171875,68.69999694824219,106.66999816894531
2024-11-15,84.47380065917969,,,2565.699951171875,67.0199966430664,106.69000244140625
2024-11-18,84.47750091552734,23453.80078125,15.170000076293945,2610.60009765625,69.16000366210938,106.27999877929688
2024-11-19,84.39849853515625,23518.5,15.65999984741211,2627.10009765625,69.38999938964844,106.20999908447266
2024-11-20,84.39759826660156,,,2648.199951171875,68.87000274658203,106.68000030517578
2024-11-21,84.38310241699219,23349.900390625,15.989999771118164,2672.10009765625,70.0999984741211,106.97000122070312
2024-11-22,84.48829650878906,23907.25,16.100000381469727,2709.89990234375,71.23999786376953,107.48999786376953
2024-11-25,84.43599700927734,24221.900390625,15.300000190734863,2616.800048828125,68.94000244140625,106.81999969482422
2024-11-26,84.37750244140625,24194.5,15.3100004196167,2620.300048828125,68.7699966430664,107.01000213623047
2024-11-27,84.33910369873047,24274.900390625,14.630000114440918,2639.89990234375,68.72000122070312,106.08000183105469
2024-11-28,84.42030334472656,23914.150390625,15.210000038146973,,,
2024-11-29,84.47160339355469,24131.099609375,14.430000305175781,2657.0,68.0,105.73999786376953
2024-12-02,84.55699920654297,24276.05078125,14.699999809265137,2634.89990234375,68.0999984741211,106.44999694824219
2024-12-03,84.73709869384766,24457.150390625,14.369999885559082,2644.699951171875,69.94000244140625,106.37000274658203
2024-12-04,84.68309783935547,24467.44921875,14.449999809265137,2653.800048828125,68.54000091552734,106.33999633789062
2024-12-05,84.70700073242188,24708.400390625,14.529999732971191,2626.60009765625,68.30000305175781,105.70999908447266
2024-12-06,84.68379974365234,24677.80078125,14.140000343322754,2638.60009765625,67.19999694824219,105.97000122070312
2024-12-09,84.66600036621094,24619.0,14.109999656677246,2664.89990234375,68.37000274658203,106.1500015258789
2024-12-10,84.84729766845703,24610.05078125,13.779999732971191,2697.60009765625,68.58999633789062,106.4000015258789
2024-12-11,84.8740005493164,24641.80078125,13.270000457763672,2733.800048828125,70.29000091552734,106.70999908447266
2024-12-12,84.85710144042969,24548.69921875,13.1899995803833,2687.5,70.0199966430664,106.95999908447266
2024-12-13,84.83920288085938,24768.30078125,13.050000190734863,2656.0,71.29000091552734,107.0
2024-12-16,84.802001953125,24668.25,14.020000457763672,2651.39990234375,70.70999908447266,106.86000061035156
2024-12-17,84.91729736328125,24336.0,14.489999771118164,2644.39990234375,70.08000183105469,106.95999908447266
2024-12-18,84.91539764404297,24198.849609375,14.369999885559082,2636.5,70.58000183105469,108.02999877929688
2024-12-19,85.16549682617188,23951.69921875,14.510000228881836,2592.199951171875,69.91000366210938,108.41000366210938
2024-12-20,85.27940368652344,23587.5,15.069999694824219,2628.699951171875,69.45999908447266,107.62000274658203
2024-12-23,84.94499969482422,23753.44921875,13.520000457763672,2612.300048828125,69.23999786376953,108.04000091552734
2024-12-24,85.0988998413086,23727.650390625,13.180000305175781,2620.0,70.0999984741211,108.26000213623047
2024-12-25,85.18150329589844,,,,,
2024-12-26,85.41339874267578,23750.19921875,14.039999961853027,2638.800048828125,69.62000274658203,108.12999725341797
2024-12-27,85.26090240478516,23813.400390625,13.239999771118164,2617.199951171875,70.5999984741211,108.0
2024-12-30,85.38600158691406,23644.900390625,13.970000267028809,2606.10009765625,70.98999786376953,108.12999725341797
2024-12-31,85.7865982055664,23644.80078125,14.449999809265137,2629.199951171875,71.72000122070312,108.48999786376953
2025-01-01,,23742.900390625,,,,
2025-01-02,85.78569793701172,24188.650390625,13.739999771118164,2658.89990234375,73.12999725341797,109.38999938964844
2025-01-03,85.80400085449219,24004.75,13.539999961853027,2645.0,73.95999908447266,108.94999694824219
2025-01-06,85.75900268554688,23616.05078125,15.649999618530273,2638.39990234375,73.55999755859375,108.26000213623047
2025-01-07,85.68070220947266,23707.900390625,14.65999984741211,2656.699951171875,74.25,108.54000091552734
2025-01-08,85.80650329589844,23688.94921875,14.470000267028809,2664.5,73.31999969482422,109.08999633789062
2025-01-09,85.90750122070312,23526.5,14.65999984741211,2683.800048828125,73.91999816894531,109.18000030517578
2025-01-10,85.91999816894531,23431.5,14.920000076293945,2708.5,76.56999969482422,109.6500015258789
2025-01-13,86.18800354003906,23085.94921875,16.0,2673.5,78.81999969482422,109.95999908447266
2025-01-14,86.65059661865234,23176.05078125,15.470000267028809,2677.5,77.5,109.2699966430664
2025-01-15,86.535400390625,23213.19921875,15.260000228881836,2712.5,80.04000091552734,109.08999633789062
2025-01-16,86.43099975585938,23311.80078125,15.470000267028809,2746.39990234375,78.68000030517578,108.95999908447266
2025-01-17,86.6061019897461,23203.19921875,15.75,2744.300048828125,77.87999725341797,109.3499984741211
2025-01-20,86.56900024414062,23344.75,16.420000076293945,,,
2025-01-21,86.21109771728516,23024.650390625,17.059999465942383,2755.0,75.88999938964844,108.05999755859375
2025-01-22,86.45189666748047,23155.349609375,16.770000457763672,2767.60009765625,75.44000244140625,108.16999816894531
2025-01-23,86.47270202636719,23205.349609375,16.700000762939453,2763.10009765625,74.62000274658203,108.05000305175781
2025-01-24,86.44020080566406,23092.19921875,16.75,2777.300048828125,74.66000366210938,107.44000244140625
2025-01-27,86.2030029296875,22829.150390625,18.1299991607666,2737.5,73.16999816894531,107.33999633789062
2025-01-28,86.46839904785156,22957.25,18.200000762939453,2766.800048828125,73.7699966430664,107.87000274658203
2025-01-29,86.58460235595703,23163.099609375,18.639999389648438,2769.10009765625,72.62000274658203,108.0
2025-01-30,86.6406021118164,23249.5,17.389999389648438,2823.0,72.7300033569336,107.80000305175781
2025-01-31,86.64700317382812,23508.400390625,16.25,2812.5,72.52999877929688,108.37000274658203
2025-02-01,,23482.150390625,,,,
2025-02-03,86.55400085449219,23361.05078125,14.350000381469727,2833.89990234375,73.16000366210938,108.98999786376953
2025-02-04,86.94339752197266,23739.25,14.020000457763672,2853.300048828125,72.69999694824219,107.95999908447266
2025-02-05,87.13009643554688,23696.30078125,14.079999923706055,2871.60009765625,71.02999877929688,107.58000183105469
2025-02-06,87.33409881591797,23603.349609375,14.180000305175781,2856.0,70.61000061035156,107.69000244140625
2025-02-07,87.58830261230469,23559.94921875,13.6899995803833,2867.300048828125,71.0,108.04000091552734
2025-02-10,87.51309967041016,23381.599609375,14.449999809265137,2914.300048828125,72.31999969482422,108.31999969482422
2025-02-11,87.49009704589844,23071.80078125,14.869999885559082,2912.5,73.31999969482422,107.95999908447266
2025-02-12,86.81120300292969,23045.25,14.899999618530273,2909.0,71.37000274658203,107.94000244140625
2025-02-13,86.8740005493164,23031.400390625,14.960000038146973,2925.89990234375,71.29000091552734,107.30999755859375
2025-02-14,86.75409698486328,22929.25,15.020000457763672,2883.60009765625,70.73999786376953,106.56999969482422
2025-02-17,86.43460083007812,22959.5,15.720000267028809,,,
2025-02-18,86.85479736328125,22945.30078125,15.670000076293945,2931.60009765625,71.8499984741211,107.05000305175781
2025-02-19,86.88719940185547,22932.900390625,15.420000076293945,2919.39990234375,72.25,107.16999816894531
2025-02-20,86.872802734375,22913.150390625,14.680000305175781,2940.0,72.56999969482422,106.33999633789062
2025-02-21,86.45120239257812,22795.900390625,14.529999732971191,2937.60009765625,70.4000015258789,106.61000061035156
2025-02-24,86.52940368652344,22553.349609375,14.4399995803833,2947.89990234375,70.69999694824219,106.5999984741211
2025-02-25,86.69010162353516,22547.55078125,13.720000267028809,2904.5,68.93000030517578,106.30999755859375
2025-02-26,87.0811996459961,,,2916.800048828125,68.62000274658203,106.41999816894531
2025-02-27,87.16220092773438,22545.05078125,13.3100004196167,2883.199951171875,70.3499984741211,107.23999786376953
2025-02-28,87.3270034790039,22124.69921875,13.90999984741211,2836.800048828125,69.76000213623047,107.61000061035156
2025-03-03,87.46399688720703,22119.30078125,13.760000228881836,2890.199951171875,68.37000274658203,106.75
2025-03-04,87.32959747314453,22082.650390625,13.829999923706055,2909.60009765625,68.26000213623047,105.73999786376953
2025-03-05,87.21700286865234,22337.30078125,13.670000076293945,2915.300048828125,66.30999755859375,105.73999786376953
2025-03-06,86.88929748535156,22544.69921875,13.729999542236328,2916.60009765625,66.36000061035156,104.05999755859375
2025-03-07,87.12879943847656,22552.5,13.470000267028809,2904.699951171875,67.04000091552734,103.83999633789062
2025-03-10,87.07379913330078,22460.30078125,13.989999771118164,2891.0,66.02999877929688,103.91000366210938
2025-03-11,87.3551025390625,22497.900390625,14.069999694824219,2912.89990234375,66.25,103.44000244140625
2025-03-12,87.20010375976562,22470.5,13.6899995803833,2939.10009765625,67.68000030517578,103.61000061035156
2025-03-13,87.3405990600586,22397.19921875,13.279999732971191,2984.300048828125,66.55000305175781,103.83000183105469
2025-03-14,86.9220962524414,,,2994.5,67.18000030517578,103.72000122070312
2025-03-17,86.93900299072266,22508.75,13.420000076293945,3000.0,67.58000183105469,103.37000274658203
2025-03-18,86.91639709472656,22834.30078125,13.210000038146973,3035.10009765625,66.9000015258789,103.23999786376953
2025-03-19,86.57610321044922,22907.599609375,13.300000190734863,3035.89990234375,67.16000366210938,103.43000030517578
2025-03-20,86.33709716796875,23190.650390625,12.600000381469727,3040.0,68.26000213623047,103.8499984741211
2025-03-21,86.33609771728516,23350.400390625,12.579999923706055,3018.199951171875,68.27999877929688,104.08999633789062
2025-03-24,85.98699951171875,23658.349609375,13.699999809265137,3013.10009765625,69.11000061035156,104.26000213623047
2025-03-25,85.53209686279297,23668.650390625,13.640000343322754,3023.699951171875,69.0,104.18000030517578
2025-03-26,85.59040069580078,23486.849609375,13.470000267028809,3020.89990234375,69.6500015258789,104.55000305175781
2025-03-27,86.09539794921875,23591.94921875,13.300000190734863,3060.199951171875,69.91999816894531,104.06999969482422
2025-03-28,85.69490051269531,23519.349609375,12.720000267028809,3086.5,69.36000061035156,104.04000091552734
2025-03-31,85.53880310058594,,,3122.800048828125,71.4800033569336,104.20999908447266
2025-04-01,85.46810150146484,23165.69921875,13.779999732971191,3118.89990234375,71.19999694824219,104.26000213623047
2025-04-02,85.61009979248047,23332.349609375,13.720000267028809,3139.89990234375,71.70999908447266,103.80999755859375
2025-04-03,85.65119934082031,23250.099609375,13.600000381469727,3097.0,66.94999694824219,102.06999969482422
2025-04-04,85.28289794921875,22904.44921875,13.760000228881836,3012.0,61.9900016784668,103.0199966430664
2025-04-07,85.529296875,22161.599609375,22.790000915527344,2951.300048828125,60.70000076293945,103.26000213623047
2025-04-08,86.0270004272461,22535.849609375,20.440000534057617,2968.39990234375,59.58000183105469,102.95999908447266
2025-04-09,86.435302734375,22399.150390625,21.43000030517578,3056.5,62.349998474121094,102.9000015258789
2025-04-10,86.20929718017578,,,3155.199951171875,60.06999969482422,100.87000274658203
2025-04-11,86.2603988647461,22828.55078125,20.110000610351562,3222.199951171875,61.5,99.77999877929688
2025-04-14,86.19300079345703,,,3204.800048828125,61.529998779296875,99.63999938964844
2025-04-15,86.0447998046875,23328.55078125,16.1299991607666,3218.699951171875,61.33000183105469,100.22000122070312
2025-04-16,85.72669982910156,23437.19921875,15.869999885559082,3326.60009765625,62.470001220703125,99.37999725341797
2025-04-17,85.62049865722656,23851.650390625,15.470000267028809,3308.699951171875,64.68000030517578,99.37999725341797
2025-04-21,,24125.55078125,15.520000457763672,3406.199951171875,63.08000183105469,98.27999877929688
2025-04-22,85.15889739990234,24167.25,15.229999542236328,3400.800048828125,64.30999755859375,98.91999816894531
2025-04-23,85.2323989868164,24328.94921875,15.960000038146973,3276.300048828125,62.27000045776367,99.83999633789062
2025-04-24,85.4999008178711,24246.69921875,16.25,3332.0,62.790000915527344,99.29000091552734
2025-04-25,85.2573013305664,24039.349609375,17.15999984741211,3282.39990234375,63.02000045776367,99.47000122070312
2025-04-28,85.38490295410156,24328.5,16.940000534057617,3332.5,62.04999923706055,99.01000213623047
2025-04-29,85.1603012084961,24335.94921875,17.3700008392334,3318.800048828125,60.41999816894531,99.23999786376953
2025-04-30,85.1707992553711,24334.19921875,18.219999313354492,3305.0,58.209999084472656,99.47000122070312
2025-05-01,84.53119659423828,,,3210.0,59.2400016784668,100.25
2025-05-02,84.69670104980469,24346.69921875,18.260000228881836,3231.89990234375,58.290000915527344,100.0
2025-05-05,84.52629852294922,24461.150390625,18.34000015258789,3311.300048828125,57.130001068115234,99.83000183105469
2025-05-06,84.2208023071289,24379.599609375,19.0,3411.39990234375,59.09000015258789,99.23999786376953
2025-05-07,84.79319763183594,24414.400390625,19.059999465942383,3381.39990234375,58.06999969482422,99.61000061035156
2025-05-08,84.81719970703125,24273.80078125,21.010000228881836,3296.60009765625,59.90999984741211,100.63999938964844
2025-05-09,86.08219909667969,24008.0,21.6299991607666,3335.39990234375,61.02000045776367,100.33999633789062
2025-05-12,85.4083023071289,24924.69921875,18.389999389648438,3220.0,61.95000076293945,101.79000091552734
2025-05-13,84.9656982421875,24578.349609375,18.200000762939453,3240.300048828125,63.66999816894531,101.0
2025-05-14,85.060302734375,24666.900390625,17.229999542236328,3181.39990234375,63.150001525878906,101.04000091552734
2025-05-15,85.48760223388672,25062.099609375,16.889999389648438,3220.699951171875,61.619998931884766,100.87999725341797
2025-05-16,85.44490051269531,25019.80078125,16.549999237060547,3182.0,62.4900016784668,101.08999633789062
2025-05-19,85.50029754638672,24945.44921875,17.360000610351562,3228.89990234375,62.689998626708984,100.43000030517578
2025-05-20,85.37210083007812,24683.900390625,17.389999389648438,3280.300048828125,62.560001373291016,100.12000274658203
2025-05-21,85.53610229492188,24813.44921875,17.549999237060547,3309.300048828125,61.56999969482422,99.55999755859375
2025-05-22,85.60030364990234,24609.69921875,17.260000228881836,3292.300048828125,61.20000076293945,99.95999908447266
2025-05-23,85.97489929199219,24853.150390625,17.280000686645508,3363.60009765625,61.529998779296875,99.11000061035156
2025-05-26,85.19930267333984,25001.150390625,18.020000457763672,,,98.93000030517578
2025-05-27,85.158203125,24826.19921875,18.540000915527344,3299.10009765625,60.88999938964844,99.5199966430664
2025-05-28,85.3604965209961,24752.44921875,18.020000457763672,3293.60009765625,61.84000015258789,99.87999725341797
2025-05-29,85.38590240478516,24833.599609375,16.420000076293945,3317.10009765625,60.939998626708984,99.27999877929688
2025-05-30,85.36129760742188,24750.69921875,16.079999923706055,3288.89990234375,60.790000915527344,99.33000183105469
2025-06-02,85.52429962158203,24716.599609375,17.15999984741211,3370.60009765625,62.52000045776367,98.69999694824219
2025-06-03,85.36370086669922,24542.5,16.559999465942383,3350.199951171875,63.40999984741211,99.25
2025-06-04,85.70880126953125,24620.19921875,15.75,3373.5,62.849998474121094,98.79000091552734
2025-06-05,85.9041976928711,24750.900390625,15.079999923706055,3350.699951171875,63.369998931884766,98.73999786376953
2025-06-06,85.87750244140625,25003.05078125,14.630000114440918,3322.699951171875,64.58000183105469,99.19000244140625
2025-06-09,85.7853012084961,25103.19921875,14.6899995803833,3332.10009765625,65.29000091552734,98.94000244140625
2025-06-10,85.75599670410156,25104.25,14.020000457763672,3320.89990234375,64.9800033569336,99.05000305175781
2025-06-11,85.65280151367188,25141.400390625,13.670000076293945,3321.300048828125,68.1500015258789,98.62999725341797
2025-06-12,85.46980285644531,24888.19921875,14.020000457763672,3380.89990234375,68.04000091552734,97.91999816894531
2025-06-13,85.68840026855469,24718.599609375,15.079999923706055,3431.199951171875,72.9800033569336,98.18000030517578
2025-06-16,86.24919891357422,24946.5,14.84000015258789,3396.39990234375,71.7699966430664,98.0
2025-06-17,86.10420227050781,24853.400390625,14.399999618530273,3386.60009765625,74.83999633789062,98.81999969482422
2025-06-18,86.36270141601562,24812.05078125,14.279999732971191,3389.800048828125,75.13999938964844,98.91000366210938
2025-06-19,86.61360168457031,24793.25,14.260000228881836,,,
2025-06-20,86.58380126953125,25112.400390625,13.670000076293945,3368.10009765625,74.93000030517578,98.70999908447266
2025-06-23,86.5802993774414,24971.900390625,14.050000190734863,3377.699951171875,68.51000213623047,98.41999816894531
2025-06-24,86.23300170898438,25044.349609375,13.640000343322754,3317.39990234375,64.37000274658203,97.86000061035156
2025-06-25,85.90480041503906,25244.75,12.960000038146973,3327.10009765625,64.91999816894531,97.68000030517578
2025-06-26,86.006103515625,25549.0,12.59000015258789,3333.5,65.23999786376953,97.1500015258789
2025-06-27,85.66639709472656,25637.80078125,12.390000343322754,3273.699951171875,65.5199966430664,97.4000015258789
2025-06-30,85.4552993774414,25517.05078125,12.789999961853027,3294.39990234375,65.11000061035156,96.87999725341797
2025-07-01,85.71399688720703,25541.80078125,12.529999732971191,3336.699951171875,65.44999694824219,96.81999969482422
2025-07-02,85.6427993774414,25453.400390625,12.449999809265137,3348.0,67.44999694824219,96.77999877929688
2025-07-03,85.69409942626953,25405.30078125,12.390000343322754,3331.60009765625,67.0,97.18000030517578
2025-07-04,85.31909942626953,25461.0,12.319999694824219,3332.5,66.5,
2025-07-07,85.49629974365234,25461.30078125,12.5600004196167,3332.199951171875,67.93000030517578,97.4800033569336
2025-07-08,85.89199829101562,25522.5,12.199999809265137,3307.0,68.33000183105469,97.51000213623047
2025-07-09,85.7073974609375,25476.099609375,11.9399995803833,3311.60009765625,68.37999725341797,97.47000122070312
2025-07-10,85.70850372314453,25355.25,11.670000076293945,3317.39990234375,66.56999969482422,97.6500015258789
2025-07-11,85.73480224609375,25149.849609375,11.819999694824219,3356.0,68.44999694824219,97.8499984741211
2025-07-14,85.82129669189453,25082.30078125,11.979999542236328,3351.5,66.9800033569336,98.08000183105469
2025-07-15,85.96839904785156,25195.80078125,11.479999542236328,3329.800048828125,66.5199966430664,98.62000274658203
2025-07-16,85.99310302734375,25212.05078125,11.239999771118164,3352.5,66.37999725341797,98.38999938964844
2025-07-17,85.88520050048828,25111.44921875,11.239999771118164,3340.10009765625,67.54000091552734,98.7300033569336
2025-07-18,86.04650115966797,24968.400390625,11.390000343322754,3353.0,67.33999633789062,98.4800033569336
2025-07-21,86.14859771728516,25090.69921875,11.199999809265137,3401.89990234375,67.19999694824219,97.8499984741211
2025-07-22,86.19529724121094,25060.900390625,10.75,3439.199951171875,66.20999908447266,97.38999938964844
2025-07-23,86.3427963256836,25219.900390625,10.520000457763672,3394.10009765625,65.25,97.20999908447266
2025-07-24,86.39869689941406,25062.099609375,10.720000267028809,3371.0,66.02999877929688,97.37999725341797
2025-07-25,86.4302978515625,24837.0,11.279999732971191,3334.0,65.16000366210938,97.6500015258789
2025-07-28,86.506103515625,24680.900390625,12.0600004196167,3309.10009765625,66.70999908447266,98.66000366210938
2025-07-29,86.77760314941406,24821.099609375,11.529999732971191,3323.39990234375,69.20999908447266,98.91000366210938
2025-07-30,87.06320190429688,24855.05078125,11.210000038146973,3295.800048828125,70.0,99.94000244140625
2025-07-31,87.714599609375,24768.349609375,11.539999961853027,3293.199951171875,69.26000213623047,100.02999877929688
2025-08-01,87.4894027709961,24565.349609375,11.979999542236328,3347.699951171875,67.33000183105469,98.69000244140625
2025-08-04,87.24530029296875,24722.75,11.970000267028809,3374.39990234375,66.29000091552734,98.77999877929688
2025-08-05,87.89330291748047,24649.55078125,11.710000038146973,3381.89990234375,65.16000366210938,98.77999877929688
2025-08-06,87.72309875488281,24574.19921875,11.960000038146973,3380.0,64.3499984741211,98.18000030517578
2025-08-07,87.76249694824219,24596.150390625,11.6899995803833,3400.300048828125,63.880001068115234,98.4000015258789
2025-08-08,87.43319702148438,24363.30078125,12.029999732971191,3439.10009765625,63.880001068115234,98.18000030517578
2025-08-11,87.48829650878906,24585.05078125,12.220000267028809,3353.10009765625,63.959999084472656,98.5199966430664
2025-08-12,87.66449737548828,24487.400390625,12.229999542236328,3348.89990234375,63.16999816894531,98.0999984741211
2025-08-13,87.59559631347656,24619.349609375,12.140000343322754,3358.699951171875,62.650001525878906,97.83999633789062
2025-08-14,87.44999694824219,24631.30078125,12.359999656677246,3335.199951171875,63.959999084472656,98.25
2025-08-15,87.69180297851562,,,3336.0,62.79999923706055,97.8499984741211
2025-08-18,87.51280212402344,24876.94921875,12.34000015258789,3331.699951171875,63.41999816894531,98.16999816894531
2025-08-19,87.29509735107422,24980.650390625,11.789999961853027,3313.39990234375,62.349998474121094,98.2699966430664
2025-08-20,87.0791015625,25050.55078125,11.789999961853027,3343.39990234375,63.209999084472656,98.22000122070312
2025-08-21,87.01820373535156,25083.75,11.369999885559082,3336.89990234375,63.52000045776367,98.62000274658203
2025-08-22,87.29340362548828,24870.099609375,11.729999542236328,3374.39990234375,63.65999984741211,97.72000122070312
2025-08-25,87.3301010131836,24967.75,11.760000228881836,3373.800048828125,64.80000305175781,98.43000030517578
2025-08-26,87.60859680175781,24712.05078125,12.1899995803833,3388.60009765625,63.25,98.2300033569336
2025-08-27,87.60070037841797,,,3404.60009765625,64.1500015258789,98.2300033569336
2025-08-28,87.65910339355469,24500.900390625,12.180000305175781,3431.800048828125,64.5999984741211,97.80999755859375
2025-08-29,87.5916976928711,24426.849609375,11.75,3473.699951171875,64.01000213623047,97.7699966430664
2025-09-01,88.17430114746094,24625.05078125,11.289999961853027,,,
2025-09-02,88.00140380859375,24579.599609375,11.399999618530273,3549.39990234375,65.58999633789062,98.4000015258789
2025-09-03,87.99829864501953,24715.05078125,10.930000305175781,3593.199951171875,63.970001220703125,98.13999938964844
2025-09-04,88.072998046875,24734.30078125,10.850000381469727,3565.800048828125,63.47999954223633,98.3499984741211
2025-09-05,88.19290161132812,24741.0,10.779999732971191,3613.199951171875,61.869998931884766,97.7699966430664
2025-09-08,88.1863021850586,24773.150390625,10.84000015258789,3638.10009765625,62.2599983215332,97.44999694824219
2025-09-09,87.98049926757812,24868.599609375,10.6899995803833,3643.300048828125,62.630001068115234,97.79000091552734
2025-09-10,88.21829986572266,24973.099609375,10.539999961853027,3643.60009765625,63.66999816894531,97.77999877929688
2025-09-11,88.05339813232422,25005.5,10.359999656677246,3636.89990234375,62.369998931884766,97.54000091552734
2025-09-12,88.2676010131836,25114.0,10.119999885559082,3649.39990234375,62.689998626708984,97.55000305175781
2025-09-15,88.27729797363281,25069.19921875,10.399999618530273,3682.199951171875,63.29999923706055,97.30000305175781
2025-09-16,88.12349700927734,25239.099609375,10.270000457763672,3688.89990234375,64.5199966430664,96.62999725341797
2025-09-17,87.88459777832031,25330.25,10.25,3681.800048828125,64.05000305175781,96.87000274658203
2025-09-18,87.91069793701172,25423.599609375,9.890000343322754,3643.699951171875,63.56999969482422,97.3499984741211
2025-09-19,88.20690155029297,25327.05078125,9.970000267028809,3671.5,62.68000030517578,97.63999938964844
2025-09-22,88.09919738769531,25202.349609375,10.5600004196167,3740.699951171875,62.63999938964844,97.33000183105469
2025-09-23,88.30439758300781,25169.5,10.630000114440918,3780.60009765625,63.40999984741211,97.26000213623047
2025-09-24,88.80799865722656,25056.900390625,10.520000457763672,3732.10009765625,64.98999786376953,97.87000274658203
2025-09-25,88.77860260009766,24890.849609375,10.779999732971191,3736.89990234375,64.9800033569336,98.55000305175781
2025-09-26,88.77310180664062,24654.69921875,11.430000305175781,3775.300048828125,65.72000122070312,98.1500015258789
2025-09-29,88.67680358886719,24634.900390625,11.369999885559082,3820.89990234375,63.45000076293945,97.91000366210938
2025-09-30,88.70449829101562,24611.099609375,11.069999694824219,3840.800048828125,62.369998931884766,97.7699966430664
2025-10-01,88.8406982421875,24836.30078125,10.289999961853027,3867.5,61.779998779296875,97.70999908447266
2025-10-02,88.68299865722656,,,3839.699951171875,60.47999954223633,97.8499984741211
2025-10-03,88.72019958496094,24894.25,10.0600004196167,3880.800048828125,60.880001068115234,97.72000122070312
2025-10-06,88.73509979248047,25077.650390625,10.1899995803833,3948.5,61.689998626708984,98.11000061035156
2025-10-07,88.72109985351562,25108.30078125,10.050000190734863,3976.60009765625,61.72999954223633,98.58000183105469
2025-10-08,88.74259948730469,25046.150390625,10.3100004196167,4043.300048828125,62.54999923706055,98.8499984741211
2025-10-09,88.7771987915039,25181.80078125,10.119999885559082,3946.300048828125,61.5099983215332,99.54000091552734
2025-10-10,88.86540222167969,25285.349609375,10.100000381469727,3975.89990234375,58.900001525878906,98.9800033569336
2025-10-13,88.7573013305664,25227.349609375,11.010000228881836,4108.60009765625,59.4900016784668,99.2699966430664
2025-10-14,88.66510009765625,25145.5,11.15999984741211,4138.7001953125,58.70000076293945,99.05000305175781
2025-10-15,88.78250122070312,25323.55078125,10.529999732971191,4176.89990234375,58.27000045776367,98.79000091552734
2025-10-16,87.80950164794922,25585.30078125,10.869999885559082,4280.2001953125,57.459999084472656,98.38999938964844
2025-10-17,87.9906997680664,25709.849609375,11.630000114440918,4189.89990234375,57.540000915527344,98.43000030517578
2025-10-20,88.0022964477539,25843.150390625,11.359999656677246,4336.39990234375,57.52000045776367,98.58999633789062
2025-10-21,87.87999725341797,25868.599609375,11.300000190734863,4087.699951171875,57.81999969482422,98.93000030517578
2025-10-22,88.00160217285156,,,4044.39990234375,58.5,98.9000015258789
2025-10-23,87.74030303955078,25891.400390625,11.729999542236328,4125.5,61.790000915527344,98.94000244140625
2025-10-24,87.77899932861328,25795.150390625,11.59000015258789,4118.39990234375,61.5,98.94999694824219
2025-10-27,87.8290023803711,25966.05078125,11.859999656677246,4001.89990234375,61.310001373291016,98.77999877929688
2025-10-28,88.22209930419922,25936.19921875,11.949999809265137,3966.199951171875,60.150001525878906,98.69000244140625
2025-10-29,88.22550201416016,26053.900390625,11.970000267028809,3983.699951171875,60.47999954223633,99.22000122070312
2025-10-30,88.34559631347656,25877.849609375,12.069999694824219,4001.300048828125,60.56999969482422,99.52999877929688
2025-10-31,88.6344985961914,25722.099609375,12.149999618530273,3982.199951171875,60.97999954223633,99.80000305175781
2025-11-03,88.77539825439453,25763.349609375,12.670000076293945,4000.300048828125,61.04999923706055,99.87000274658203
2025-11-04,88.72339630126953,25597.650390625,12.649999618530273,3947.699951171875,60.560001373291016,100.22000122070312
2025-11-05,88.73200225830078,,,3980.300048828125,59.599998474121094,100.19999694824219
2025-11-06,88.55690002441406,25509.69921875,12.40999984741211,3979.89990234375,59.43000030517578,99.7300033569336
2025-11-07,88.6729965209961,25492.30078125,12.5600004196167,3999.39990234375,59.75,99.5999984741211
2025-11-10,88.65799713134766,25574.349609375,12.300000190734863,4111.7998046875,60.130001068115234,99.62000274658203
2025-11-11,88.70709991455078,25694.94921875,12.489999771118164,4106.7998046875,61.040000915527344,99.45999908447266
2025-11-12,88.46649932861328,25875.80078125,12.109999656677246,4204.39990234375,58.4900016784668,99.4800033569336
2025-11-13,88.59400177001953,25879.150390625,12.15999984741211,4186.89990234375,58.689998626708984,99.18000030517578
2025-11-14,88.81610107421875,25910.05078125,11.9399995803833,4087.60009765625,60.09000015258789,99.2699966430664
2025-11-17,88.68199920654297,26013.44921875,11.789999961853027,4068.300048828125,59.90999984741211,99.58999633789062
2025-11-18,88.63590240478516,25910.05078125,12.100000381469727,4061.300048828125,60.7400016784668,99.55000305175781
2025-11-19,88.55680084228516,26052.650390625,11.970000267028809,4077.699951171875,59.439998626708984,100.2300033569336
2025-11-20,88.48719787597656,26192.150390625,12.140000343322754,4056.5,59.13999938964844,100.16000366210938
2025-11-21,88.69219970703125,26068.150390625,13.630000114440918,4076.699951171875,58.060001373291016,100.18000030517578
2025-11-24,89.63400268554688,25959.5,13.239999771118164,4091.89990234375,58.84000015258789,100.13999938964844
2025-11-25,89.14779663085938,25884.80078125,12.239999771118164,4139.2001953125,57.95000076293945,99.66000366210938
2025-11-26,89.15059661865234,26205.30078125,11.970000267028809,4165.2001953125,58.650001525878906,99.5999984741211
2025-11-27,89.16300201416016,26215.55078125,11.789999961853027,,,
2025-11-28,89.36479949951172,26202.94921875,11.619999885559082,4218.2998046875,58.54999923706055,99.45999908447266
2025-12-01,89.3499984741211,26175.75,11.630000114440918,4239.2998046875,59.31999969482422,99.41000366210938
2025-12-02,89.61270141601562,26032.19921875,11.229999542236328,4186.60009765625,58.63999938964844,99.36000061035156
2025-12-03,89.91719818115234,25986.0,11.210000038146973,4199.2998046875,58.95000076293945,98.8499984741211
2025-12-04,90.17050170898438,26033.75,10.819999694824219,4211.7998046875,59.66999816894531,98.98999786376953
2025-12-05,89.8364028930664,26186.44921875,10.319999694824219,4212.89990234375,60.08000183105469,98.98999786376953
2025-12-08,89.93800354003906,25960.55078125,11.130000114440918,4187.2001953125,58.880001068115234,99.08999633789062
2025-12-09,90.12999725341797,25839.650390625,10.949999809265137,4206.7001953125,58.25,99.22000122070312
2025-12-10,89.91690063476562,25758.0,10.90999984741211,4196.39990234375,58.459999084472656,98.79000091552734
2025-12-11,89.79299926757812,25898.55078125,10.399999618530273,4285.5,57.599998474121094,98.3499984741211
2025-12-12,90.25299835205078,26046.94921875,10.109999656677246,4300.10009765625,57.439998626708984,98.4000015258789
2025-12-15,90.5770034790039,26027.30078125,10.25,4306.7001953125,56.81999969482422,98.1500015258789
2025-12-16,90.77690124511719,25860.099609375,10.0600004196167,4304.5,55.27000045776367,98.1500015258789
2025-12-17,90.94889831542969,25818.55078125,9.84000015258789,4347.5,55.939998626708984,98.37000274658203
2025-12-18,90.4136962890625,25815.55078125,9.710000038146973,4339.5,56.150001525878906,98.43000030517578
2025-12-19,90.25579833984375,25966.400390625,9.520000457763672,4361.39990234375,56.65999984741211,98.5999984741211
2025-12-22,89.56999969482422,26172.400390625,9.680000305175781,4444.60009765625,58.0099983215332,98.29000091552734
2025-12-23,89.60389709472656,26177.150390625,9.380000114440918,4482.7998046875,58.380001068115234,97.94000244140625
2025-12-24,89.50789642333984,26142.099609375,9.1899995803833,4480.60009765625,58.349998474121094,97.9800033569336
2025-12-26,90.10590362548828,26042.30078125,9.149999618530273,4529.10009765625,56.7400016784668,98.0199966430664
2025-12-29,89.82929992675781,25942.099609375,9.720000267028809,4325.10009765625,58.08000183105469,98.04000091552734
2025-12-30,89.9000015258789,25938.849609375,9.680000305175781,4370.10009765625,57.95000076293945,98.23999786376953
2025-12-31,89.76940155029297,26129.599609375,9.479999542236328,4325.60009765625,57.41999816894531,98.27999877929688
2026-01-01,,26146.55078125,,,,
2026-01-02,89.96189880371094,26328.55078125,9.449999809265137,4314.39990234375,57.31999969482422,98.41999816894531
2026-01-05,90.00700378417969,26250.30078125,10.020000457763672,4436.89990234375,58.31999969482422,98.2699966430664
2026-01-06,90.23300170898438,26178.69921875,10.020000457763672,4482.2001953125,57.130001068115234,98.58000183105469
2026-01-07,90.16609954833984,26140.75,9.949999809265137,4449.2998046875,55.9900016784668,98.68000030517578
2026-01-08,89.8644027709961,25876.849609375,10.600000381469727,4449.7001953125,57.7599983215332,98.93000030517578
2026-01-09,89.90540313720703,25683.30078125,10.930000305175781,4490.2998046875,59.119998931884766,99.12999725341797
2026-01-12,90.23600006103516,25790.25,11.369999885559082,4604.2998046875,59.5,98.86000061035156
2026-01-13,90.13269805908203,25732.30078125,11.199999809265137,4589.2001953125,61.150001525878906,99.12999725341797
2026-01-14,90.27300262451172,25665.599609375,11.319999694824219,4626.2998046875,62.02000045776367,99.12999725341797
2026-01-15,90.18319702148438,,,4616.2998046875,59.189998626708984,99.31999969482422
2026-01-16,90.36160278320312,25694.349609375,11.369999885559082,4588.39990234375,59.439998626708984,99.38999938964844
2026-01-19,90.7020034790039,25585.5,11.829999923706055,,,
2026-01-20,90.90450286865234,25232.5,12.729999542236328,4759.60009765625,60.34000015258789,98.63999938964844
2026-01-21,91.11840057373047,25157.5,13.779999732971191,4831.7998046875,60.619998931884766,98.76000213623047
2026-01-22,91.53690338134766,25289.900390625,13.350000381469727,4908.7998046875,59.36000061035156,98.36000061035156
2026-01-23,91.55829620361328,25048.650390625,14.1899995803833,4976.2001953125,61.06999969482422,97.5999984741211
2026-01-26,91.5009994506836,,,5079.7001953125,60.630001068115234,97.04000091552734
2026-01-27,91.71309661865234,25175.400390625,14.449999809265137,5079.89990234375,62.38999938964844,96.22000122070312
2026-01-28,91.5343017578125,25342.75,13.529999732971191,5301.60009765625,63.209999084472656,96.44999694824219
2026-01-29,92.04080200195312,25418.900390625,13.369999885559082,5318.39990234375,65.41999816894531,96.27999877929688
2026-01-30,91.78189849853516,25320.650390625,13.630000114440918,4713.89990234375,65.20999908447266,96.98999786376953
2026-02-02,91.68699645996094,25088.400390625,13.869999885559082,4622.5,62.13999938964844,97.61000061035156
2026-02-03,90.24559783935547,25727.55078125,12.899999618530273,4903.7001953125,63.209999084472656,97.44000244140625
2026-02-04,90.42289733886719,25776.0,12.25,4920.39990234375,65.13999938964844,97.62000274658203
2026-02-05,90.125,25642.80078125,12.170000076293945,4861.39990234375,63.290000915527344,97.81999969482422
2026-02-06,90.3147964477539,25693.69921875,11.9399995803833,4951.2001953125,63.54999923706055,97.62999725341797
2026-02-09,90.58799743652344,25867.30078125,12.1899995803833,5050.89990234375,64.36000061035156,96.81999969482422
2026-02-10,90.82279968261719,25935.150390625,11.670000076293945,5003.7998046875,63.959999084472656,96.80000305175781
2026-02-11,90.58789825439453,25953.849609375,11.550000190734863,5071.60009765625,64.62999725341797,96.83000183105469
2026-02-12,90.73570251464844,25807.19921875,11.729999542236328,4923.7001953125,62.84000015258789,96.93000030517578
2026-02-13,90.56410217285156,25471.099609375,13.289999961853027,5022.0,62.88999938964844,96.87999725341797
2026-02-16,90.57119750976562,25682.75,13.329999923706055,,,
2026-02-17,90.78299713134766,25725.400390625,12.670000076293945,4882.89990234375,62.33000183105469,97.16000366210938
2026-02-18,90.6261978149414,25819.349609375,12.220000267028809,4986.5,65.19000244140625,97.69999694824219
2026-02-19,90.79350280761719,25454.349609375,13.460000038146973,4975.89990234375,66.43000030517578,97.93000030517578
2026-02-20,91.04109954833984,25571.25,14.359999656677246,5059.2998046875,66.38999938964844,97.80000305175781
2026-02-23,90.72660064697266,25713.0,14.170000076293945,5204.7001953125,66.30999755859375,97.69999694824219
2026-02-24,91.02010345458984,25424.650390625,14.149999618530273,5155.7998046875,65.62999725341797,97.87999725341797
2026-02-25,90.91799926757812,25482.5,13.489999771118164,5206.39990234375,65.41999816894531,97.69999694824219
2026-02-26,90.95099639892578,25496.55078125,13.0600004196167,5176.5,65.20999908447266,97.79000091552734
2026-02-27,91.00740051269531,25178.650390625,13.699999809265137,5230.5,67.0199966430664,97.61000061035156
2026-03-02,91.07959747314453,24865.69921875,17.1299991607666,5294.39990234375,71.2300033569336,98.37999725341797
2026-03-03,91.56340026855469,,,5107.39990234375,74.55999755859375,99.05000305175781
2026-03-04,92.00859832763672,24480.5,21.139999389648438,5120.2001953125,74.66000366210938,98.7699966430664
2026-03-05,92.12300109863281,24765.900390625,17.860000610351562,5065.2998046875,81.01000213623047,99.31999969482422
2026-03-06,91.78690338134766,24450.44921875,19.8799991607666,5146.10009765625,90.9000015258789,98.98999786376953
2026-03-09,91.93620300292969,24028.05078125,23.360000610351562,5091.5,94.7699966430664,99.18000030517578
2026-03-10,91.220703125,24261.599609375,18.90999984741211,5229.7001953125,83.44999694824219,98.83000183105469
2026-03-11,92.16510009765625,23866.849609375,21.059999465942383,5167.39990234375,87.25,99.2300033569336
2026-03-12,92.22879791259766,23639.150390625,21.520000457763672,5115.7998046875,95.7300033569336,99.73999786376953
2026-03-13,92.38990020751953,23151.099609375,22.649999618530273,5052.5,98.70999908447266,100.36000061035156
2026-03-16,92.5635986328125,23408.80078125,21.600000381469727,4994.0,93.5,99.70999908447266
2026-03-17,92.28269958496094,23581.150390625,19.790000915527344,5001.0,96.20999908447266,99.58000183105469
2026-03-18,92.39129638671875,23777.80078125,18.719999313354492,4889.89990234375,96.31999969482422,100.08999633789062
2026-03-19,93.24659729003906,23002.150390625,22.799999237060547,4600.7001953125,96.13999938964844,99.2300033569336
2026-03-20,93.0822982788086,23114.5,22.809999465942383,4570.39990234375,98.31999969482422,99.6500015258789
2026-03-23,93.89530181884766,22512.650390625,26.729999542236328,4404.10009765625,88.12999725341797,98.94999694824219
2026-03-24,93.24369812011719,22912.400390625,24.739999771118164,4399.2998046875,92.3499984741211,99.43000030517578
2026-03-25,94.29969787597656,23306.44921875,24.639999389648438,4549.7998046875,90.31999969482422,99.5999984741211
2026-03-26,94.6937026977539,,,4375.5,94.4800033569336,99.9000015258789
2026-03-27,94.30950164794922,22819.599609375,26.799999237060547,4492.0,99.63999938964844,100.1500015258789
2026-03-30,94.78179931640625,22331.400390625,27.889999389648438,4526.0,102.87999725341797,100.51000213623047
2026-03-31,94.35590362548828,,,4647.60009765625,101.37999725341797,99.95999908447266
2026-04-01,93.48429870605469,22679.400390625,25.010000228881836,4783.2001953125,100.12000274658203,99.6500015258789
2026-04-02,92.6426010131836,22713.099609375,25.520000457763672,4651.5,111.54000091552734,100.02999877929688
2026-04-03,92.97360229492188,,,,,
2026-04-06,92.97100067138672,22968.25,25.469999313354492,4656.7998046875,112.41000366210938,99.9800033569336
2026-04-07,92.81659698486328,23123.650390625,24.700000762939453,4657.10009765625,112.94999694824219,99.63999938964844
2026-04-08,92.86019897460938,23997.349609375,19.700000762939453,4749.5,94.41000366210938,99.12999725341797
2026-04-09,92.2748031616211,23775.099609375,20.43000030517578,4792.2001953125,97.87000274658203,98.81999969482422
2026-04-10,92.46980285644531,24050.599609375,18.850000381469727,4761.89990234375,96.56999969482422,98.6500015258789
2026-04-13,94.50879669189453,23842.650390625,20.5,4742.39990234375,99.08000183105469,98.37000274658203
2026-04-14,94.9468002319336,,,4825.0,91.27999877929688,98.12000274658203
2026-04-15,93.16539764404297,24231.30078125,18.670000076293945,4800.0,91.29000091552734,98.05999755859375
2026-04-16,93.38680267333984,24196.75,18.09000015258789,4785.39990234375,94.69000244140625,98.22000122070312
2026-04-17,93.04789733886719,24353.55078125,17.209999084472656,4857.60009765625,83.8499984741211,98.0999984741211
2026-04-20,92.60330200195312,24364.849609375,18.790000915527344,4806.60009765625,89.61000061035156,98.05000305175781
2026-04-21,93.12359619140625,24576.599609375,17.530000686645508,4698.39990234375,92.12999725341797,98.41000366210938
2026-04-22,93.622802734375,24378.099609375,18.299999237060547,4732.5,92.95999908447266,98.58999633789062
2026-04-23,93.80049896240234,24173.05078125,18.59000015258789,4705.10009765625,95.8499984741211,98.80000305175781
2026-04-24,94.11289978027344,23897.94921875,19.709999084472656,4722.2998046875,94.4000015258789,98.51000213623047
2026-04-27,94.25029754638672,24092.69921875,18.3799991607666,4675.39990234375,96.37000274658203,98.4800033569336
2026-04-28,94.25849914550781,23995.69921875,18.049999237060547,4591.5,99.93000030517578,98.62000274658203
2026-04-29,94.64550018310547,24177.650390625,17.440000534057617,4545.2001953125,106.87999725341797,98.91999816894531
2026-04-30,94.9166030883789,23997.55078125,18.459999084472656,4614.7001953125,105.06999969482422,98.08000183105469
2026-05-01,94.75910186767578,,,4629.89990234375,101.94000244140625,98.20999908447266
2026-05-04,94.90299987792969,24119.30078125,18.299999237060547,4519.5,106.41999816894531,98.47000122070312
2026-05-05,95.2593994140625,24032.80078125,17.90999984741211,4555.7998046875,102.2699966430664,98.4800033569336
2026-05-06,95.18299865722656,24330.94921875,16.68000030517578,4681.89990234375,95.08000183105469,98.0199966430664
2026-05-07,94.60800170898438,24326.650390625,16.6200008392334,4699.7998046875,94.80999755859375,98.25
2026-05-08,94.25299835205078,24176.150390625,16.84000015258789,4720.39990234375,95.41999816894531,97.83999633789062
2026-05-11,94.42530059814453,23815.849609375,18.549999237060547,4718.7001953125,98.06999969482422,97.94000244140625
2026-05-12,95.39140319824219,23379.55078125,19.280000686645508,4677.60009765625,102.18000030517578,98.29000091552734
2026-05-13,95.63300323486328,23412.599609375,19.43000030517578,4697.7001953125,101.0199966430664,98.4800033569336
2026-05-14,95.69580078125,23689.599609375,18.610000610351562,4678.10009765625,101.16999816894531,98.87999725341797
2026-05-15,95.70989990234375,23643.5,18.790000915527344,4555.7998046875,105.41999816894531,99.2699966430664
2026-05-18,95.97029876708984,23649.94921875,19.6299991607666,4552.5,108.66000366210938,98.97000122070312
2026-05-19,96.27020263671875,23618.0,18.68000030517578,4506.2998046875,107.7699966430664,99.30000305175781
2026-05-20,96.56580352783203,23659.0,18.440000534057617,4531.2998046875,98.26000213623047,99.11000061035156
2026-05-21,96.5282974243164,23654.69921875,17.81999969482422,4539.7998046875,96.3499984741211,99.19000244140625
2026-05-22,96.17389678955078,23719.30078125,17.90999984741211,4521.0,96.5999984741211,99.31999969482422
2026-05-25,95.71949768066406,24031.69921875,16.700000762939453,,,
2026-05-26,95.25279998779297,23913.69921875,16.1299991607666,4500.39990234375,93.88999938964844,99.16999816894531
2026-05-27,95.90499877929688,23907.150390625,14.979999542236328,4447.5,88.68000030517578,99.20999908447266
2026-05-28,96.04889678955078,,,4499.2998046875,88.9000015258789,99.0199966430664
2026-05-29,96.04820251464844,23547.75,16.190000534057617,4560.5,87.36000061035156,98.91000366210938
2026-06-01,95.00299835205078,23382.599609375,16.540000915527344,4475.2001953125,92.16000366210938,99.19999694824219
2026-06-02,95.55139923095703,23483.55078125,15.359999656677246,4489.10009765625,93.76000213623047,99.22000122070312
2026-06-03,95.26300048828125,23405.599609375,16.280000686645508,4436.7001953125,96.0199966430664,99.52999877929688
2026-06-04,96.16449737548828,23416.55078125,15.890000343322754,4475.7998046875,93.04000091552734,99.41000366210938
2026-06-05,95.79029846191406,23366.69921875,15.789999961853027,4365.2998046875,90.54000091552734,100.06999969482422
